RGID,RGSM,RGLB,Lane,Read1File,Read2File
TAAGGCGA.ATAGAGAG.1,GLC_25GOWN_BACT-56-GW1119_20251021,UnknownLibrary,1,/usr/local/illumina/runs/260120_VH01775_191_AAJ22HCM5/AnalysisTemp/260120_VH01775_191_AAJ22HCM5/fastq/GLC_25GOWN_BACT-56-GW1119_20251021_S1_R1_001.fastq.gz,/usr/local/illumina/runs/260120_VH01775_191_AAJ22HCM5/AnalysisTemp/260120_VH01775_191_AAJ22HCM5/fastq/GLC_25GOWN_BACT-56-GW1119_20251021_S1_R2_001.fastq.gz
CGTACTAG.ATAGAGAG.1,GLC_25GOWN_BACT-57-GW3099_20251021,UnknownLibrary,1,/usr/local/illumina/runs/260120_VH01775_191_AAJ22HCM5/AnalysisTemp/260120_VH01775_191_AAJ22HCM5/fastq/GLC_25GOWN_BACT-57-GW3099_20251021_S2_R1_001.fastq.gz,/usr/local/illumina/runs/260120_VH01775_191_AAJ22HCM5/AnalysisTemp/260120_VH01775_191_AAJ22HCM5/fastq/GLC_25GOWN_BACT-57-GW3099_20251021_S2_R2_001.fastq.gz
AGGCAGAA.ATAGAGAG.1,GLC_25GOWN_BACT-58-GW234_20251021,UnknownLibrary,1,/usr/local/illumina/runs/260120_VH01775_191_AAJ22HCM5/AnalysisTemp/260120_VH01775_191_AAJ22HCM5/fastq/GLC_25GOWN_BACT-58-GW234_20251021_S3_R1_001.fastq.gz,/usr/local/illumina/runs/260120_VH01775_191_AAJ22HCM5/AnalysisTemp/260120_VH01775_191_AAJ22HCM5/fastq/GLC_25GOWN_BACT-58-GW234_20251021_S3_R2_001.fastq.gz
TCCTGAGC.ATAGAGAG.1,GLC_25GOWN_BACT-59-GW3073_20251021,UnknownLibrary,1,/usr/local/illumina/runs/260120_VH01775_191_AAJ22HCM5/AnalysisTemp/260120_VH01775_191_AAJ22HCM5/fastq/GLC_25GOWN_BACT-59-GW3073_20251021_S4_R1_001.fastq.gz,/usr/local/illumina/runs/260120_VH01775_191_AAJ22HCM5/AnalysisTemp/260120_VH01775_191_AAJ22HCM5/fastq/GLC_25GOWN_BACT-59-GW3073_20251021_S4_R2_001.fastq.gz
GGACTCCT.ATAGAGAG.1,GLC_25GOWN_BACT-60-GW235_20251021,UnknownLibrary,1,/usr/local/illumina/runs/260120_VH01775_191_AAJ22HCM5/AnalysisTemp/260120_VH01775_191_AAJ22HCM5/fastq/GLC_25GOWN_BACT-60-GW235_20251021_S5_R1_001.fastq.gz,/usr/local/illumina/runs/260120_VH01775_191_AAJ22HCM5/AnalysisTemp/260120_VH01775_191_AAJ22HCM5/fastq/GLC_25GOWN_BACT-60-GW235_20251021_S5_R2_001.fastq.gz
TAGGCATG.ATAGAGAG.1,GLC_25GOWN_BACT-61-GW333_20251021,UnknownLibrary,1,/usr/local/illumina/runs/260120_VH01775_191_AAJ22HCM5/AnalysisTemp/260120_VH01775_191_AAJ22HCM5/fastq/GLC_25GOWN_BACT-61-GW333_20251021_S6_R1_001.fastq.gz,/usr/local/illumina/runs/260120_VH01775_191_AAJ22HCM5/AnalysisTemp/260120_VH01775_191_AAJ22HCM5/fastq/GLC_25GOWN_BACT-61-GW333_20251021_S6_R2_001.fastq.gz
CTCTCTAC.ATAGAGAG.1,GLC_25GOWN_BACT-62-GW1145_20251021,UnknownLibrary,1,/usr/local/illumina/runs/260120_VH01775_191_AAJ22HCM5/AnalysisTemp/260120_VH01775_191_AAJ22HCM5/fastq/GLC_25GOWN_BACT-62-GW1145_20251021_S7_R1_001.fastq.gz,/usr/local/illumina/runs/260120_VH01775_191_AAJ22HCM5/AnalysisTemp/260120_VH01775_191_AAJ22HCM5/fastq/GLC_25GOWN_BACT-62-GW1145_20251021_S7_R2_001.fastq.gz
CGAGGCTG.ATAGAGAG.1,GLC_25GOWN_BACT-63-GW311_20251021,UnknownLibrary,1,/usr/local/illumina/runs/260120_VH01775_191_AAJ22HCM5/AnalysisTemp/260120_VH01775_191_AAJ22HCM5/fastq/GLC_25GOWN_BACT-63-GW311_20251021_S8_R1_001.fastq.gz,/usr/local/illumina/runs/260120_VH01775_191_AAJ22HCM5/AnalysisTemp/260120_VH01775_191_AAJ22HCM5/fastq/GLC_25GOWN_BACT-63-GW311_20251021_S8_R2_001.fastq.gz
AAGAGGCA.ATAGAGAG.1,GLC_25GOWN_BACT-64-GW148_20251021,UnknownLibrary,1,/usr/local/illumina/runs/260120_VH01775_191_AAJ22HCM5/AnalysisTemp/260120_VH01775_191_AAJ22HCM5/fastq/GLC_25GOWN_BACT-64-GW148_20251021_S9_R1_001.fastq.gz,/usr/local/illumina/runs/260120_VH01775_191_AAJ22HCM5/AnalysisTemp/260120_VH01775_191_AAJ22HCM5/fastq/GLC_25GOWN_BACT-64-GW148_20251021_S9_R2_001.fastq.gz
GTAGAGGA.ATAGAGAG.1,GLC_25GOWN_ARCH-56-GW1119_20251021,UnknownLibrary,1,/usr/local/illumina/runs/260120_VH01775_191_AAJ22HCM5/AnalysisTemp/260120_VH01775_191_AAJ22HCM5/fastq/GLC_25GOWN_ARCH-56-GW1119_20251021_S10_R1_001.fastq.gz,/usr/local/illumina/runs/260120_VH01775_191_AAJ22HCM5/AnalysisTemp/260120_VH01775_191_AAJ22HCM5/fastq/GLC_25GOWN_ARCH-56-GW1119_20251021_S10_R2_001.fastq.gz
GCTCATGA.ATAGAGAG.1,GLC_25GOWN_ARCH-57-GW3099_20251021,UnknownLibrary,1,/usr/local/illumina/runs/260120_VH01775_191_AAJ22HCM5/AnalysisTemp/260120_VH01775_191_AAJ22HCM5/fastq/GLC_25GOWN_ARCH-57-GW3099_20251021_S11_R1_001.fastq.gz,/usr/local/illumina/runs/260120_VH01775_191_AAJ22HCM5/AnalysisTemp/260120_VH01775_191_AAJ22HCM5/fastq/GLC_25GOWN_ARCH-57-GW3099_20251021_S11_R2_001.fastq.gz
ATCTCAGG.ATAGAGAG.1,GLC_25GOWN_ARCH-58-GW234_20251021,UnknownLibrary,1,/usr/local/illumina/runs/260120_VH01775_191_AAJ22HCM5/AnalysisTemp/260120_VH01775_191_AAJ22HCM5/fastq/GLC_25GOWN_ARCH-58-GW234_20251021_S12_R1_001.fastq.gz,/usr/local/illumina/runs/260120_VH01775_191_AAJ22HCM5/AnalysisTemp/260120_VH01775_191_AAJ22HCM5/fastq/GLC_25GOWN_ARCH-58-GW234_20251021_S12_R2_001.fastq.gz
TAAGGCGA.AGAGGATA.1,GLC_25GOWN_ARCH-59-GW3073_20251021,UnknownLibrary,1,/usr/local/illumina/runs/260120_VH01775_191_AAJ22HCM5/AnalysisTemp/260120_VH01775_191_AAJ22HCM5/fastq/GLC_25GOWN_ARCH-59-GW3073_20251021_S13_R1_001.fastq.gz,/usr/local/illumina/runs/260120_VH01775_191_AAJ22HCM5/AnalysisTemp/260120_VH01775_191_AAJ22HCM5/fastq/GLC_25GOWN_ARCH-59-GW3073_20251021_S13_R2_001.fastq.gz
CGTACTAG.AGAGGATA.1,GLC_25GOWN_ARCH-60-GW235_20251021,UnknownLibrary,1,/usr/local/illumina/runs/260120_VH01775_191_AAJ22HCM5/AnalysisTemp/260120_VH01775_191_AAJ22HCM5/fastq/GLC_25GOWN_ARCH-60-GW235_20251021_S14_R1_001.fastq.gz,/usr/local/illumina/runs/260120_VH01775_191_AAJ22HCM5/AnalysisTemp/260120_VH01775_191_AAJ22HCM5/fastq/GLC_25GOWN_ARCH-60-GW235_20251021_S14_R2_001.fastq.gz
AGGCAGAA.AGAGGATA.1,GLC_25GOWN_ARCH-61-GW333_20251021,UnknownLibrary,1,/usr/local/illumina/runs/260120_VH01775_191_AAJ22HCM5/AnalysisTemp/260120_VH01775_191_AAJ22HCM5/fastq/GLC_25GOWN_ARCH-61-GW333_20251021_S15_R1_001.fastq.gz,/usr/local/illumina/runs/260120_VH01775_191_AAJ22HCM5/AnalysisTemp/260120_VH01775_191_AAJ22HCM5/fastq/GLC_25GOWN_ARCH-61-GW333_20251021_S15_R2_001.fastq.gz
TCCTGAGC.AGAGGATA.1,GLC_25GOWN_ARCH-62-GW1145_20251021,UnknownLibrary,1,/usr/local/illumina/runs/260120_VH01775_191_AAJ22HCM5/AnalysisTemp/260120_VH01775_191_AAJ22HCM5/fastq/GLC_25GOWN_ARCH-62-GW1145_20251021_S16_R1_001.fastq.gz,/usr/local/illumina/runs/260120_VH01775_191_AAJ22HCM5/AnalysisTemp/260120_VH01775_191_AAJ22HCM5/fastq/GLC_25GOWN_ARCH-62-GW1145_20251021_S16_R2_001.fastq.gz
GGACTCCT.AGAGGATA.1,GLC_25GOWN_ARCH-63-GW311_20251021,UnknownLibrary,1,/usr/local/illumina/runs/260120_VH01775_191_AAJ22HCM5/AnalysisTemp/260120_VH01775_191_AAJ22HCM5/fastq/GLC_25GOWN_ARCH-63-GW311_20251021_S17_R1_001.fastq.gz,/usr/local/illumina/runs/260120_VH01775_191_AAJ22HCM5/AnalysisTemp/260120_VH01775_191_AAJ22HCM5/fastq/GLC_25GOWN_ARCH-63-GW311_20251021_S17_R2_001.fastq.gz
TAGGCATG.AGAGGATA.1,GLC_25GOWN_ARCH-64-GW148_20251021,UnknownLibrary,1,/usr/local/illumina/runs/260120_VH01775_191_AAJ22HCM5/AnalysisTemp/260120_VH01775_191_AAJ22HCM5/fastq/GLC_25GOWN_ARCH-64-GW148_20251021_S18_R1_001.fastq.gz,/usr/local/illumina/runs/260120_VH01775_191_AAJ22HCM5/AnalysisTemp/260120_VH01775_191_AAJ22HCM5/fastq/GLC_25GOWN_ARCH-64-GW148_20251021_S18_R2_001.fastq.gz
ACTCGCTA.ATAGAGAG.1,MLA_24MESO_BACT-M20E-D128-GP1_20251031,UnknownLibrary,1,/usr/local/illumina/runs/260120_VH01775_191_AAJ22HCM5/AnalysisTemp/260120_VH01775_191_AAJ22HCM5/fastq/MLA_24MESO_BACT-M20E-D128-GP1_20251031_S19_R1_001.fastq.gz,/usr/local/illumina/runs/260120_VH01775_191_AAJ22HCM5/AnalysisTemp/260120_VH01775_191_AAJ22HCM5/fastq/MLA_24MESO_BACT-M20E-D128-GP1_20251031_S19_R2_001.fastq.gz
GGAGCTAC.ATAGAGAG.1,MLA_24MESO_BACT-M21E-D128-GP2_20251031,UnknownLibrary,1,/usr/local/illumina/runs/260120_VH01775_191_AAJ22HCM5/AnalysisTemp/260120_VH01775_191_AAJ22HCM5/fastq/MLA_24MESO_BACT-M21E-D128-GP2_20251031_S20_R1_001.fastq.gz,/usr/local/illumina/runs/260120_VH01775_191_AAJ22HCM5/AnalysisTemp/260120_VH01775_191_AAJ22HCM5/fastq/MLA_24MESO_BACT-M21E-D128-GP2_20251031_S20_R2_001.fastq.gz
GCGTAGTA.ATAGAGAG.1,MLA_24MESO_BACT-M22E-D128-GP3_20251031,UnknownLibrary,1,/usr/local/illumina/runs/260120_VH01775_191_AAJ22HCM5/AnalysisTemp/260120_VH01775_191_AAJ22HCM5/fastq/MLA_24MESO_BACT-M22E-D128-GP3_20251031_S21_R1_001.fastq.gz,/usr/local/illumina/runs/260120_VH01775_191_AAJ22HCM5/AnalysisTemp/260120_VH01775_191_AAJ22HCM5/fastq/MLA_24MESO_BACT-M22E-D128-GP3_20251031_S21_R2_001.fastq.gz
CGGAGCCT.ATAGAGAG.1,MLA_24MESO_BACT-M23E-D128-YP1_20251031,UnknownLibrary,1,/usr/local/illumina/runs/260120_VH01775_191_AAJ22HCM5/AnalysisTemp/260120_VH01775_191_AAJ22HCM5/fastq/MLA_24MESO_BACT-M23E-D128-YP1_20251031_S22_R1_001.fastq.gz,/usr/local/illumina/runs/260120_VH01775_191_AAJ22HCM5/AnalysisTemp/260120_VH01775_191_AAJ22HCM5/fastq/MLA_24MESO_BACT-M23E-D128-YP1_20251031_S22_R2_001.fastq.gz
TACGCTGC.ATAGAGAG.1,MLA_24MESO_BACT-M24E-D128-YP2_20251031,UnknownLibrary,1,/usr/local/illumina/runs/260120_VH01775_191_AAJ22HCM5/AnalysisTemp/260120_VH01775_191_AAJ22HCM5/fastq/MLA_24MESO_BACT-M24E-D128-YP2_20251031_S23_R1_001.fastq.gz,/usr/local/illumina/runs/260120_VH01775_191_AAJ22HCM5/AnalysisTemp/260120_VH01775_191_AAJ22HCM5/fastq/MLA_24MESO_BACT-M24E-D128-YP2_20251031_S23_R2_001.fastq.gz
ATGCGCAG.ATAGAGAG.1,MLA_24MESO_BACT-M25E-D128-YP3_20251031,UnknownLibrary,1,/usr/local/illumina/runs/260120_VH01775_191_AAJ22HCM5/AnalysisTemp/260120_VH01775_191_AAJ22HCM5/fastq/MLA_24MESO_BACT-M25E-D128-YP3_20251031_S24_R1_001.fastq.gz,/usr/local/illumina/runs/260120_VH01775_191_AAJ22HCM5/AnalysisTemp/260120_VH01775_191_AAJ22HCM5/fastq/MLA_24MESO_BACT-M25E-D128-YP3_20251031_S24_R2_001.fastq.gz
TAGCGCTC.ATAGAGAG.1,MLA_24MESO_BACT-M26E-D128-OP1_20251031,UnknownLibrary,1,/usr/local/illumina/runs/260120_VH01775_191_AAJ22HCM5/AnalysisTemp/260120_VH01775_191_AAJ22HCM5/fastq/MLA_24MESO_BACT-M26E-D128-OP1_20251031_S25_R1_001.fastq.gz,/usr/local/illumina/runs/260120_VH01775_191_AAJ22HCM5/AnalysisTemp/260120_VH01775_191_AAJ22HCM5/fastq/MLA_24MESO_BACT-M26E-D128-OP1_20251031_S25_R2_001.fastq.gz
ACTGAGCG.ATAGAGAG.1,MLA_24MESO_BACT-M27E-D128-OP2_20251031,UnknownLibrary,1,/usr/local/illumina/runs/260120_VH01775_191_AAJ22HCM5/AnalysisTemp/260120_VH01775_191_AAJ22HCM5/fastq/MLA_24MESO_BACT-M27E-D128-OP2_20251031_S26_R1_001.fastq.gz,/usr/local/illumina/runs/260120_VH01775_191_AAJ22HCM5/AnalysisTemp/260120_VH01775_191_AAJ22HCM5/fastq/MLA_24MESO_BACT-M27E-D128-OP2_20251031_S26_R2_001.fastq.gz
CCTAAGAC.ATAGAGAG.1,MLA_24MESO_BACT-M28E-D128-OP3_20251031,UnknownLibrary,1,/usr/local/illumina/runs/260120_VH01775_191_AAJ22HCM5/AnalysisTemp/260120_VH01775_191_AAJ22HCM5/fastq/MLA_24MESO_BACT-M28E-D128-OP3_20251031_S27_R1_001.fastq.gz,/usr/local/illumina/runs/260120_VH01775_191_AAJ22HCM5/AnalysisTemp/260120_VH01775_191_AAJ22HCM5/fastq/MLA_24MESO_BACT-M28E-D128-OP3_20251031_S27_R2_001.fastq.gz
CGATCAGT.ATAGAGAG.1,MLA_24MESO_BACT-M29E-D128-BP1_20251031,UnknownLibrary,1,/usr/local/illumina/runs/260120_VH01775_191_AAJ22HCM5/AnalysisTemp/260120_VH01775_191_AAJ22HCM5/fastq/MLA_24MESO_BACT-M29E-D128-BP1_20251031_S28_R1_001.fastq.gz,/usr/local/illumina/runs/260120_VH01775_191_AAJ22HCM5/AnalysisTemp/260120_VH01775_191_AAJ22HCM5/fastq/MLA_24MESO_BACT-M29E-D128-BP1_20251031_S28_R2_001.fastq.gz
TGCAGCTA.ATAGAGAG.1,MLA_24MESO_BACT-M30E-D128-BP2_20251031,UnknownLibrary,1,/usr/local/illumina/runs/260120_VH01775_191_AAJ22HCM5/AnalysisTemp/260120_VH01775_191_AAJ22HCM5/fastq/MLA_24MESO_BACT-M30E-D128-BP2_20251031_S29_R1_001.fastq.gz,/usr/local/illumina/runs/260120_VH01775_191_AAJ22HCM5/AnalysisTemp/260120_VH01775_191_AAJ22HCM5/fastq/MLA_24MESO_BACT-M30E-D128-BP2_20251031_S29_R2_001.fastq.gz
TCGACGTC.ATAGAGAG.1,MLA_24MESO_BACT-M31E-D128-BP3_20251031,UnknownLibrary,1,/usr/local/illumina/runs/260120_VH01775_191_AAJ22HCM5/AnalysisTemp/260120_VH01775_191_AAJ22HCM5/fastq/MLA_24MESO_BACT-M31E-D128-BP3_20251031_S30_R1_001.fastq.gz,/usr/local/illumina/runs/260120_VH01775_191_AAJ22HCM5/AnalysisTemp/260120_VH01775_191_AAJ22HCM5/fastq/MLA_24MESO_BACT-M31E-D128-BP3_20251031_S30_R2_001.fastq.gz
ACTCGCTA.AGAGGATA.1,MLA_24MESO_BACT-M32E-D128-NC_20251031,UnknownLibrary,1,/usr/local/illumina/runs/260120_VH01775_191_AAJ22HCM5/AnalysisTemp/260120_VH01775_191_AAJ22HCM5/fastq/MLA_24MESO_BACT-M32E-D128-NC_20251031_S31_R1_001.fastq.gz,/usr/local/illumina/runs/260120_VH01775_191_AAJ22HCM5/AnalysisTemp/260120_VH01775_191_AAJ22HCM5/fastq/MLA_24MESO_BACT-M32E-D128-NC_20251031_S31_R2_001.fastq.gz
GGAGCTAC.AGAGGATA.1,MLA_24MESO_BACT-M34E-D128-NC_20251031,UnknownLibrary,1,/usr/local/illumina/runs/260120_VH01775_191_AAJ22HCM5/AnalysisTemp/260120_VH01775_191_AAJ22HCM5/fastq/MLA_24MESO_BACT-M34E-D128-NC_20251031_S32_R1_001.fastq.gz,/usr/local/illumina/runs/260120_VH01775_191_AAJ22HCM5/AnalysisTemp/260120_VH01775_191_AAJ22HCM5/fastq/MLA_24MESO_BACT-M34E-D128-NC_20251031_S32_R2_001.fastq.gz
GCGTAGTA.AGAGGATA.1,MLA_25MESO_BACT-M1E-D0-SA1_20251031,UnknownLibrary,1,/usr/local/illumina/runs/260120_VH01775_191_AAJ22HCM5/AnalysisTemp/260120_VH01775_191_AAJ22HCM5/fastq/MLA_25MESO_BACT-M1E-D0-SA1_20251031_S33_R1_001.fastq.gz,/usr/local/illumina/runs/260120_VH01775_191_AAJ22HCM5/AnalysisTemp/260120_VH01775_191_AAJ22HCM5/fastq/MLA_25MESO_BACT-M1E-D0-SA1_20251031_S33_R2_001.fastq.gz
CGGAGCCT.AGAGGATA.1,MLA_25MESO_BACT-M2E-D0-SA2_20251031,UnknownLibrary,1,/usr/local/illumina/runs/260120_VH01775_191_AAJ22HCM5/AnalysisTemp/260120_VH01775_191_AAJ22HCM5/fastq/MLA_25MESO_BACT-M2E-D0-SA2_20251031_S34_R1_001.fastq.gz,/usr/local/illumina/runs/260120_VH01775_191_AAJ22HCM5/AnalysisTemp/260120_VH01775_191_AAJ22HCM5/fastq/MLA_25MESO_BACT-M2E-D0-SA2_20251031_S34_R2_001.fastq.gz
TACGCTGC.AGAGGATA.1,MLA_25MESO_BACT-M3E-D0-SA3_20251031,UnknownLibrary,1,/usr/local/illumina/runs/260120_VH01775_191_AAJ22HCM5/AnalysisTemp/260120_VH01775_191_AAJ22HCM5/fastq/MLA_25MESO_BACT-M3E-D0-SA3_20251031_S35_R1_001.fastq.gz,/usr/local/illumina/runs/260120_VH01775_191_AAJ22HCM5/AnalysisTemp/260120_VH01775_191_AAJ22HCM5/fastq/MLA_25MESO_BACT-M3E-D0-SA3_20251031_S35_R2_001.fastq.gz
ATGCGCAG.AGAGGATA.1,MLA_25MESO_BACT-M4E-D0-SH1_20251031,UnknownLibrary,1,/usr/local/illumina/runs/260120_VH01775_191_AAJ22HCM5/AnalysisTemp/260120_VH01775_191_AAJ22HCM5/fastq/MLA_25MESO_BACT-M4E-D0-SH1_20251031_S36_R1_001.fastq.gz,/usr/local/illumina/runs/260120_VH01775_191_AAJ22HCM5/AnalysisTemp/260120_VH01775_191_AAJ22HCM5/fastq/MLA_25MESO_BACT-M4E-D0-SH1_20251031_S36_R2_001.fastq.gz
TAGCGCTC.AGAGGATA.1,MLA_25MESO_BACT-M5E-D0-SH2_20251031,UnknownLibrary,1,/usr/local/illumina/runs/260120_VH01775_191_AAJ22HCM5/AnalysisTemp/260120_VH01775_191_AAJ22HCM5/fastq/MLA_25MESO_BACT-M5E-D0-SH2_20251031_S37_R1_001.fastq.gz,/usr/local/illumina/runs/260120_VH01775_191_AAJ22HCM5/AnalysisTemp/260120_VH01775_191_AAJ22HCM5/fastq/MLA_25MESO_BACT-M5E-D0-SH2_20251031_S37_R2_001.fastq.gz
ACTGAGCG.AGAGGATA.1,MLA_25MESO_BACT-M6E-D0-SH3_20251031,UnknownLibrary,1,/usr/local/illumina/runs/260120_VH01775_191_AAJ22HCM5/AnalysisTemp/260120_VH01775_191_AAJ22HCM5/fastq/MLA_25MESO_BACT-M6E-D0-SH3_20251031_S38_R1_001.fastq.gz,/usr/local/illumina/runs/260120_VH01775_191_AAJ22HCM5/AnalysisTemp/260120_VH01775_191_AAJ22HCM5/fastq/MLA_25MESO_BACT-M6E-D0-SH3_20251031_S38_R2_001.fastq.gz
CCTAAGAC.AGAGGATA.1,MLA_25MESO_BACT-M7E-D0-SS1_20251031,UnknownLibrary,1,/usr/local/illumina/runs/260120_VH01775_191_AAJ22HCM5/AnalysisTemp/260120_VH01775_191_AAJ22HCM5/fastq/MLA_25MESO_BACT-M7E-D0-SS1_20251031_S39_R1_001.fastq.gz,/usr/local/illumina/runs/260120_VH01775_191_AAJ22HCM5/AnalysisTemp/260120_VH01775_191_AAJ22HCM5/fastq/MLA_25MESO_BACT-M7E-D0-SS1_20251031_S39_R2_001.fastq.gz
CGATCAGT.AGAGGATA.1,MLA_25MESO_BACT-M8E-D0-SS2_20251031,UnknownLibrary,1,/usr/local/illumina/runs/260120_VH01775_191_AAJ22HCM5/AnalysisTemp/260120_VH01775_191_AAJ22HCM5/fastq/MLA_25MESO_BACT-M8E-D0-SS2_20251031_S40_R1_001.fastq.gz,/usr/local/illumina/runs/260120_VH01775_191_AAJ22HCM5/AnalysisTemp/260120_VH01775_191_AAJ22HCM5/fastq/MLA_25MESO_BACT-M8E-D0-SS2_20251031_S40_R2_001.fastq.gz
TGCAGCTA.AGAGGATA.1,MLA_25MESO_BACT-M9E-D0-SS3_20251031,UnknownLibrary,1,/usr/local/illumina/runs/260120_VH01775_191_AAJ22HCM5/AnalysisTemp/260120_VH01775_191_AAJ22HCM5/fastq/MLA_25MESO_BACT-M9E-D0-SS3_20251031_S41_R1_001.fastq.gz,/usr/local/illumina/runs/260120_VH01775_191_AAJ22HCM5/AnalysisTemp/260120_VH01775_191_AAJ22HCM5/fastq/MLA_25MESO_BACT-M9E-D0-SS3_20251031_S41_R2_001.fastq.gz
TCGACGTC.AGAGGATA.1,MLA_25MESO_BACT-M10E-D0-CO1_20251031,UnknownLibrary,1,/usr/local/illumina/runs/260120_VH01775_191_AAJ22HCM5/AnalysisTemp/260120_VH01775_191_AAJ22HCM5/fastq/MLA_25MESO_BACT-M10E-D0-CO1_20251031_S42_R1_001.fastq.gz,/usr/local/illumina/runs/260120_VH01775_191_AAJ22HCM5/AnalysisTemp/260120_VH01775_191_AAJ22HCM5/fastq/MLA_25MESO_BACT-M10E-D0-CO1_20251031_S42_R2_001.fastq.gz
ACTCGCTA.CTCCTTAC.1,MLA_25MESO_BACT-M11E-D0-CO2_20251031,UnknownLibrary,1,/usr/local/illumina/runs/260120_VH01775_191_AAJ22HCM5/AnalysisTemp/260120_VH01775_191_AAJ22HCM5/fastq/MLA_25MESO_BACT-M11E-D0-CO2_20251031_S43_R1_001.fastq.gz,/usr/local/illumina/runs/260120_VH01775_191_AAJ22HCM5/AnalysisTemp/260120_VH01775_191_AAJ22HCM5/fastq/MLA_25MESO_BACT-M11E-D0-CO2_20251031_S43_R2_001.fastq.gz
GGAGCTAC.CTCCTTAC.1,MLA_25MESO_BACT-M12E-D0-CO3_20251031,UnknownLibrary,1,/usr/local/illumina/runs/260120_VH01775_191_AAJ22HCM5/AnalysisTemp/260120_VH01775_191_AAJ22HCM5/fastq/MLA_25MESO_BACT-M12E-D0-CO3_20251031_S44_R1_001.fastq.gz,/usr/local/illumina/runs/260120_VH01775_191_AAJ22HCM5/AnalysisTemp/260120_VH01775_191_AAJ22HCM5/fastq/MLA_25MESO_BACT-M12E-D0-CO3_20251031_S44_R2_001.fastq.gz
GCGTAGTA.CTCCTTAC.1,MLA_25MESO_BACT-M13E-D0-CL1_20251031,UnknownLibrary,1,/usr/local/illumina/runs/260120_VH01775_191_AAJ22HCM5/AnalysisTemp/260120_VH01775_191_AAJ22HCM5/fastq/MLA_25MESO_BACT-M13E-D0-CL1_20251031_S45_R1_001.fastq.gz,/usr/local/illumina/runs/260120_VH01775_191_AAJ22HCM5/AnalysisTemp/260120_VH01775_191_AAJ22HCM5/fastq/MLA_25MESO_BACT-M13E-D0-CL1_20251031_S45_R2_001.fastq.gz
CGGAGCCT.CTCCTTAC.1,MLA_25MESO_BACT-M14E-D0-CL2_20251031,UnknownLibrary,1,/usr/local/illumina/runs/260120_VH01775_191_AAJ22HCM5/AnalysisTemp/260120_VH01775_191_AAJ22HCM5/fastq/MLA_25MESO_BACT-M14E-D0-CL2_20251031_S46_R1_001.fastq.gz,/usr/local/illumina/runs/260120_VH01775_191_AAJ22HCM5/AnalysisTemp/260120_VH01775_191_AAJ22HCM5/fastq/MLA_25MESO_BACT-M14E-D0-CL2_20251031_S46_R2_001.fastq.gz
TACGCTGC.CTCCTTAC.1,MLA_25MESO_BACT-M15E-D0-CL3_20251031,UnknownLibrary,1,/usr/local/illumina/runs/260120_VH01775_191_AAJ22HCM5/AnalysisTemp/260120_VH01775_191_AAJ22HCM5/fastq/MLA_25MESO_BACT-M15E-D0-CL3_20251031_S47_R1_001.fastq.gz,/usr/local/illumina/runs/260120_VH01775_191_AAJ22HCM5/AnalysisTemp/260120_VH01775_191_AAJ22HCM5/fastq/MLA_25MESO_BACT-M15E-D0-CL3_20251031_S47_R2_001.fastq.gz
ATGCGCAG.CTCCTTAC.1,MLA_25MESO_BACT-M16E-D0-GW1_20251031,UnknownLibrary,1,/usr/local/illumina/runs/260120_VH01775_191_AAJ22HCM5/AnalysisTemp/260120_VH01775_191_AAJ22HCM5/fastq/MLA_25MESO_BACT-M16E-D0-GW1_20251031_S48_R1_001.fastq.gz,/usr/local/illumina/runs/260120_VH01775_191_AAJ22HCM5/AnalysisTemp/260120_VH01775_191_AAJ22HCM5/fastq/MLA_25MESO_BACT-M16E-D0-GW1_20251031_S48_R2_001.fastq.gz
TAGCGCTC.CTCCTTAC.1,MLA_25MESO_BACT-M17E-D0-GW2_20251031,UnknownLibrary,1,/usr/local/illumina/runs/260120_VH01775_191_AAJ22HCM5/AnalysisTemp/260120_VH01775_191_AAJ22HCM5/fastq/MLA_25MESO_BACT-M17E-D0-GW2_20251031_S49_R1_001.fastq.gz,/usr/local/illumina/runs/260120_VH01775_191_AAJ22HCM5/AnalysisTemp/260120_VH01775_191_AAJ22HCM5/fastq/MLA_25MESO_BACT-M17E-D0-GW2_20251031_S49_R2_001.fastq.gz
ACTGAGCG.CTCCTTAC.1,MLA_25MESO_BACT-M18E-D0-GW3_20251031,UnknownLibrary,1,/usr/local/illumina/runs/260120_VH01775_191_AAJ22HCM5/AnalysisTemp/260120_VH01775_191_AAJ22HCM5/fastq/MLA_25MESO_BACT-M18E-D0-GW3_20251031_S50_R1_001.fastq.gz,/usr/local/illumina/runs/260120_VH01775_191_AAJ22HCM5/AnalysisTemp/260120_VH01775_191_AAJ22HCM5/fastq/MLA_25MESO_BACT-M18E-D0-GW3_20251031_S50_R2_001.fastq.gz
CCTAAGAC.CTCCTTAC.1,MLA_25MESO_BACT-M19E-D0-NC_20251031,UnknownLibrary,1,/usr/local/illumina/runs/260120_VH01775_191_AAJ22HCM5/AnalysisTemp/260120_VH01775_191_AAJ22HCM5/fastq/MLA_25MESO_BACT-M19E-D0-NC_20251031_S51_R1_001.fastq.gz,/usr/local/illumina/runs/260120_VH01775_191_AAJ22HCM5/AnalysisTemp/260120_VH01775_191_AAJ22HCM5/fastq/MLA_25MESO_BACT-M19E-D0-NC_20251031_S51_R2_001.fastq.gz
CGATCAGT.CTCCTTAC.1,MLA_25MESO_BACT-M16-D36-SA1_20251031,UnknownLibrary,1,/usr/local/illumina/runs/260120_VH01775_191_AAJ22HCM5/AnalysisTemp/260120_VH01775_191_AAJ22HCM5/fastq/MLA_25MESO_BACT-M16-D36-SA1_20251031_S52_R1_001.fastq.gz,/usr/local/illumina/runs/260120_VH01775_191_AAJ22HCM5/AnalysisTemp/260120_VH01775_191_AAJ22HCM5/fastq/MLA_25MESO_BACT-M16-D36-SA1_20251031_S52_R2_001.fastq.gz
TGCAGCTA.CTCCTTAC.1,MLA_25MESO_BACT-M17-D36-SA2_20251031,UnknownLibrary,1,/usr/local/illumina/runs/260120_VH01775_191_AAJ22HCM5/AnalysisTemp/260120_VH01775_191_AAJ22HCM5/fastq/MLA_25MESO_BACT-M17-D36-SA2_20251031_S53_R1_001.fastq.gz,/usr/local/illumina/runs/260120_VH01775_191_AAJ22HCM5/AnalysisTemp/260120_VH01775_191_AAJ22HCM5/fastq/MLA_25MESO_BACT-M17-D36-SA2_20251031_S53_R2_001.fastq.gz
TCGACGTC.CTCCTTAC.1,MLA_25MESO_BACT-M18-D36-SA3_20251031,UnknownLibrary,1,/usr/local/illumina/runs/260120_VH01775_191_AAJ22HCM5/AnalysisTemp/260120_VH01775_191_AAJ22HCM5/fastq/MLA_25MESO_BACT-M18-D36-SA3_20251031_S54_R1_001.fastq.gz,/usr/local/illumina/runs/260120_VH01775_191_AAJ22HCM5/AnalysisTemp/260120_VH01775_191_AAJ22HCM5/fastq/MLA_25MESO_BACT-M18-D36-SA3_20251031_S54_R2_001.fastq.gz
ACTCGCTA.TATGCAGT.1,MLA_25MESO_BACT-M19-D36-SH1_20251031,UnknownLibrary,1,/usr/local/illumina/runs/260120_VH01775_191_AAJ22HCM5/AnalysisTemp/260120_VH01775_191_AAJ22HCM5/fastq/MLA_25MESO_BACT-M19-D36-SH1_20251031_S55_R1_001.fastq.gz,/usr/local/illumina/runs/260120_VH01775_191_AAJ22HCM5/AnalysisTemp/260120_VH01775_191_AAJ22HCM5/fastq/MLA_25MESO_BACT-M19-D36-SH1_20251031_S55_R2_001.fastq.gz
GGAGCTAC.TATGCAGT.1,MLA_25MESO_BACT-M20-D36-SH2_20251031,UnknownLibrary,1,/usr/local/illumina/runs/260120_VH01775_191_AAJ22HCM5/AnalysisTemp/260120_VH01775_191_AAJ22HCM5/fastq/MLA_25MESO_BACT-M20-D36-SH2_20251031_S56_R1_001.fastq.gz,/usr/local/illumina/runs/260120_VH01775_191_AAJ22HCM5/AnalysisTemp/260120_VH01775_191_AAJ22HCM5/fastq/MLA_25MESO_BACT-M20-D36-SH2_20251031_S56_R2_001.fastq.gz
GCGTAGTA.TATGCAGT.1,MLA_25MESO_BACT-M21-D36-SH3_20251031,UnknownLibrary,1,/usr/local/illumina/runs/260120_VH01775_191_AAJ22HCM5/AnalysisTemp/260120_VH01775_191_AAJ22HCM5/fastq/MLA_25MESO_BACT-M21-D36-SH3_20251031_S57_R1_001.fastq.gz,/usr/local/illumina/runs/260120_VH01775_191_AAJ22HCM5/AnalysisTemp/260120_VH01775_191_AAJ22HCM5/fastq/MLA_25MESO_BACT-M21-D36-SH3_20251031_S57_R2_001.fastq.gz
CGGAGCCT.TATGCAGT.1,MLA_25MESO_BACT-M22-D36-SS1_20251031,UnknownLibrary,1,/usr/local/illumina/runs/260120_VH01775_191_AAJ22HCM5/AnalysisTemp/260120_VH01775_191_AAJ22HCM5/fastq/MLA_25MESO_BACT-M22-D36-SS1_20251031_S58_R1_001.fastq.gz,/usr/local/illumina/runs/260120_VH01775_191_AAJ22HCM5/AnalysisTemp/260120_VH01775_191_AAJ22HCM5/fastq/MLA_25MESO_BACT-M22-D36-SS1_20251031_S58_R2_001.fastq.gz
TACGCTGC.TATGCAGT.1,MLA_25MESO_BACT-M23-D36-SS2_20251031,UnknownLibrary,1,/usr/local/illumina/runs/260120_VH01775_191_AAJ22HCM5/AnalysisTemp/260120_VH01775_191_AAJ22HCM5/fastq/MLA_25MESO_BACT-M23-D36-SS2_20251031_S59_R1_001.fastq.gz,/usr/local/illumina/runs/260120_VH01775_191_AAJ22HCM5/AnalysisTemp/260120_VH01775_191_AAJ22HCM5/fastq/MLA_25MESO_BACT-M23-D36-SS2_20251031_S59_R2_001.fastq.gz
ATGCGCAG.TATGCAGT.1,MLA_25MESO_BACT-M24-D36-SS3_20251031,UnknownLibrary,1,/usr/local/illumina/runs/260120_VH01775_191_AAJ22HCM5/AnalysisTemp/260120_VH01775_191_AAJ22HCM5/fastq/MLA_25MESO_BACT-M24-D36-SS3_20251031_S60_R1_001.fastq.gz,/usr/local/illumina/runs/260120_VH01775_191_AAJ22HCM5/AnalysisTemp/260120_VH01775_191_AAJ22HCM5/fastq/MLA_25MESO_BACT-M24-D36-SS3_20251031_S60_R2_001.fastq.gz
TAGCGCTC.TATGCAGT.1,MLA_25MESO_BACT-M25-D36-CO1_20251031,UnknownLibrary,1,/usr/local/illumina/runs/260120_VH01775_191_AAJ22HCM5/AnalysisTemp/260120_VH01775_191_AAJ22HCM5/fastq/MLA_25MESO_BACT-M25-D36-CO1_20251031_S61_R1_001.fastq.gz,/usr/local/illumina/runs/260120_VH01775_191_AAJ22HCM5/AnalysisTemp/260120_VH01775_191_AAJ22HCM5/fastq/MLA_25MESO_BACT-M25-D36-CO1_20251031_S61_R2_001.fastq.gz
ACTGAGCG.TATGCAGT.1,MLA_25MESO_BACT-M26-D36-CO2_20251031,UnknownLibrary,1,/usr/local/illumina/runs/260120_VH01775_191_AAJ22HCM5/AnalysisTemp/260120_VH01775_191_AAJ22HCM5/fastq/MLA_25MESO_BACT-M26-D36-CO2_20251031_S62_R1_001.fastq.gz,/usr/local/illumina/runs/260120_VH01775_191_AAJ22HCM5/AnalysisTemp/260120_VH01775_191_AAJ22HCM5/fastq/MLA_25MESO_BACT-M26-D36-CO2_20251031_S62_R2_001.fastq.gz
CCTAAGAC.TATGCAGT.1,MLA_25MESO_BACT-M27-D36-CO3_20251031,UnknownLibrary,1,/usr/local/illumina/runs/260120_VH01775_191_AAJ22HCM5/AnalysisTemp/260120_VH01775_191_AAJ22HCM5/fastq/MLA_25MESO_BACT-M27-D36-CO3_20251031_S63_R1_001.fastq.gz,/usr/local/illumina/runs/260120_VH01775_191_AAJ22HCM5/AnalysisTemp/260120_VH01775_191_AAJ22HCM5/fastq/MLA_25MESO_BACT-M27-D36-CO3_20251031_S63_R2_001.fastq.gz
CGATCAGT.TATGCAGT.1,MLA_25MESO_BACT-M28-D36-CL1_20251031,UnknownLibrary,1,/usr/local/illumina/runs/260120_VH01775_191_AAJ22HCM5/AnalysisTemp/260120_VH01775_191_AAJ22HCM5/fastq/MLA_25MESO_BACT-M28-D36-CL1_20251031_S64_R1_001.fastq.gz,/usr/local/illumina/runs/260120_VH01775_191_AAJ22HCM5/AnalysisTemp/260120_VH01775_191_AAJ22HCM5/fastq/MLA_25MESO_BACT-M28-D36-CL1_20251031_S64_R2_001.fastq.gz
TGCAGCTA.TATGCAGT.1,MLA_25MESO_BACT-M29-D36-CL2_20251031,UnknownLibrary,1,/usr/local/illumina/runs/260120_VH01775_191_AAJ22HCM5/AnalysisTemp/260120_VH01775_191_AAJ22HCM5/fastq/MLA_25MESO_BACT-M29-D36-CL2_20251031_S65_R1_001.fastq.gz,/usr/local/illumina/runs/260120_VH01775_191_AAJ22HCM5/AnalysisTemp/260120_VH01775_191_AAJ22HCM5/fastq/MLA_25MESO_BACT-M29-D36-CL2_20251031_S65_R2_001.fastq.gz
TCGACGTC.TATGCAGT.1,MLA_25MESO_BACT-M30-D36-CL3_20251031,UnknownLibrary,1,/usr/local/illumina/runs/260120_VH01775_191_AAJ22HCM5/AnalysisTemp/260120_VH01775_191_AAJ22HCM5/fastq/MLA_25MESO_BACT-M30-D36-CL3_20251031_S66_R1_001.fastq.gz,/usr/local/illumina/runs/260120_VH01775_191_AAJ22HCM5/AnalysisTemp/260120_VH01775_191_AAJ22HCM5/fastq/MLA_25MESO_BACT-M30-D36-CL3_20251031_S66_R2_001.fastq.gz
ACTCGCTA.TACTCCTT.1,MLA_25MESO_BACT-M47-D36-NC_20251031,UnknownLibrary,1,/usr/local/illumina/runs/260120_VH01775_191_AAJ22HCM5/AnalysisTemp/260120_VH01775_191_AAJ22HCM5/fastq/MLA_25MESO_BACT-M47-D36-NC_20251031_S67_R1_001.fastq.gz,/usr/local/illumina/runs/260120_VH01775_191_AAJ22HCM5/AnalysisTemp/260120_VH01775_191_AAJ22HCM5/fastq/MLA_25MESO_BACT-M47-D36-NC_20251031_S67_R2_001.fastq.gz
GGAGCTAC.TACTCCTT.1,MLA_25MESO_BACT-M31-D56-SA1_20251031,UnknownLibrary,1,/usr/local/illumina/runs/260120_VH01775_191_AAJ22HCM5/AnalysisTemp/260120_VH01775_191_AAJ22HCM5/fastq/MLA_25MESO_BACT-M31-D56-SA1_20251031_S68_R1_001.fastq.gz,/usr/local/illumina/runs/260120_VH01775_191_AAJ22HCM5/AnalysisTemp/260120_VH01775_191_AAJ22HCM5/fastq/MLA_25MESO_BACT-M31-D56-SA1_20251031_S68_R2_001.fastq.gz
GCGTAGTA.TACTCCTT.1,MLA_25MESO_BACT-M32-D56-SA2_20251031,UnknownLibrary,1,/usr/local/illumina/runs/260120_VH01775_191_AAJ22HCM5/AnalysisTemp/260120_VH01775_191_AAJ22HCM5/fastq/MLA_25MESO_BACT-M32-D56-SA2_20251031_S69_R1_001.fastq.gz,/usr/local/illumina/runs/260120_VH01775_191_AAJ22HCM5/AnalysisTemp/260120_VH01775_191_AAJ22HCM5/fastq/MLA_25MESO_BACT-M32-D56-SA2_20251031_S69_R2_001.fastq.gz
CGGAGCCT.TACTCCTT.1,MLA_25MESO_BACT-M33-D56-SA3_20251031,UnknownLibrary,1,/usr/local/illumina/runs/260120_VH01775_191_AAJ22HCM5/AnalysisTemp/260120_VH01775_191_AAJ22HCM5/fastq/MLA_25MESO_BACT-M33-D56-SA3_20251031_S70_R1_001.fastq.gz,/usr/local/illumina/runs/260120_VH01775_191_AAJ22HCM5/AnalysisTemp/260120_VH01775_191_AAJ22HCM5/fastq/MLA_25MESO_BACT-M33-D56-SA3_20251031_S70_R2_001.fastq.gz
TACGCTGC.TACTCCTT.1,MLA_25MESO_BACT-M34-D56-SH1_20251031,UnknownLibrary,1,/usr/local/illumina/runs/260120_VH01775_191_AAJ22HCM5/AnalysisTemp/260120_VH01775_191_AAJ22HCM5/fastq/MLA_25MESO_BACT-M34-D56-SH1_20251031_S71_R1_001.fastq.gz,/usr/local/illumina/runs/260120_VH01775_191_AAJ22HCM5/AnalysisTemp/260120_VH01775_191_AAJ22HCM5/fastq/MLA_25MESO_BACT-M34-D56-SH1_20251031_S71_R2_001.fastq.gz
ATGCGCAG.TACTCCTT.1,MLA_25MESO_BACT-M35-D56-SH2_20251031,UnknownLibrary,1,/usr/local/illumina/runs/260120_VH01775_191_AAJ22HCM5/AnalysisTemp/260120_VH01775_191_AAJ22HCM5/fastq/MLA_25MESO_BACT-M35-D56-SH2_20251031_S72_R1_001.fastq.gz,/usr/local/illumina/runs/260120_VH01775_191_AAJ22HCM5/AnalysisTemp/260120_VH01775_191_AAJ22HCM5/fastq/MLA_25MESO_BACT-M35-D56-SH2_20251031_S72_R2_001.fastq.gz
TAGCGCTC.TACTCCTT.1,MLA_25MESO_BACT-M36-D56-SH3_20251031,UnknownLibrary,1,/usr/local/illumina/runs/260120_VH01775_191_AAJ22HCM5/AnalysisTemp/260120_VH01775_191_AAJ22HCM5/fastq/MLA_25MESO_BACT-M36-D56-SH3_20251031_S73_R1_001.fastq.gz,/usr/local/illumina/runs/260120_VH01775_191_AAJ22HCM5/AnalysisTemp/260120_VH01775_191_AAJ22HCM5/fastq/MLA_25MESO_BACT-M36-D56-SH3_20251031_S73_R2_001.fastq.gz
ACTGAGCG.TACTCCTT.1,MLA_25MESO_BACT-M37-D56-SS1_20251031,UnknownLibrary,1,/usr/local/illumina/runs/260120_VH01775_191_AAJ22HCM5/AnalysisTemp/260120_VH01775_191_AAJ22HCM5/fastq/MLA_25MESO_BACT-M37-D56-SS1_20251031_S74_R1_001.fastq.gz,/usr/local/illumina/runs/260120_VH01775_191_AAJ22HCM5/AnalysisTemp/260120_VH01775_191_AAJ22HCM5/fastq/MLA_25MESO_BACT-M37-D56-SS1_20251031_S74_R2_001.fastq.gz
CCTAAGAC.TACTCCTT.1,MLA_25MESO_BACT-M38-D56-SS2_20251031,UnknownLibrary,1,/usr/local/illumina/runs/260120_VH01775_191_AAJ22HCM5/AnalysisTemp/260120_VH01775_191_AAJ22HCM5/fastq/MLA_25MESO_BACT-M38-D56-SS2_20251031_S75_R1_001.fastq.gz,/usr/local/illumina/runs/260120_VH01775_191_AAJ22HCM5/AnalysisTemp/260120_VH01775_191_AAJ22HCM5/fastq/MLA_25MESO_BACT-M38-D56-SS2_20251031_S75_R2_001.fastq.gz
CGATCAGT.TACTCCTT.1,MLA_25MESO_BACT-M39-D56-SS3_20251031,UnknownLibrary,1,/usr/local/illumina/runs/260120_VH01775_191_AAJ22HCM5/AnalysisTemp/260120_VH01775_191_AAJ22HCM5/fastq/MLA_25MESO_BACT-M39-D56-SS3_20251031_S76_R1_001.fastq.gz,/usr/local/illumina/runs/260120_VH01775_191_AAJ22HCM5/AnalysisTemp/260120_VH01775_191_AAJ22HCM5/fastq/MLA_25MESO_BACT-M39-D56-SS3_20251031_S76_R2_001.fastq.gz
TGCAGCTA.TACTCCTT.1,MLA_25MESO_BACT-M40-D56-CO1_20251031,UnknownLibrary,1,/usr/local/illumina/runs/260120_VH01775_191_AAJ22HCM5/AnalysisTemp/260120_VH01775_191_AAJ22HCM5/fastq/MLA_25MESO_BACT-M40-D56-CO1_20251031_S77_R1_001.fastq.gz,/usr/local/illumina/runs/260120_VH01775_191_AAJ22HCM5/AnalysisTemp/260120_VH01775_191_AAJ22HCM5/fastq/MLA_25MESO_BACT-M40-D56-CO1_20251031_S77_R2_001.fastq.gz
TCGACGTC.TACTCCTT.1,MLA_25MESO_BACT-M41-D56-CO2_20251031,UnknownLibrary,1,/usr/local/illumina/runs/260120_VH01775_191_AAJ22HCM5/AnalysisTemp/260120_VH01775_191_AAJ22HCM5/fastq/MLA_25MESO_BACT-M41-D56-CO2_20251031_S78_R1_001.fastq.gz,/usr/local/illumina/runs/260120_VH01775_191_AAJ22HCM5/AnalysisTemp/260120_VH01775_191_AAJ22HCM5/fastq/MLA_25MESO_BACT-M41-D56-CO2_20251031_S78_R2_001.fastq.gz
ACTCGCTA.AGGCTTAG.1,MLA_25MESO_BACT-M42-D56-CO3_20251031,UnknownLibrary,1,/usr/local/illumina/runs/260120_VH01775_191_AAJ22HCM5/AnalysisTemp/260120_VH01775_191_AAJ22HCM5/fastq/MLA_25MESO_BACT-M42-D56-CO3_20251031_S79_R1_001.fastq.gz,/usr/local/illumina/runs/260120_VH01775_191_AAJ22HCM5/AnalysisTemp/260120_VH01775_191_AAJ22HCM5/fastq/MLA_25MESO_BACT-M42-D56-CO3_20251031_S79_R2_001.fastq.gz
GGAGCTAC.AGGCTTAG.1,MLA_25MESO_BACT-M43-D56-CL1_20251031,UnknownLibrary,1,/usr/local/illumina/runs/260120_VH01775_191_AAJ22HCM5/AnalysisTemp/260120_VH01775_191_AAJ22HCM5/fastq/MLA_25MESO_BACT-M43-D56-CL1_20251031_S80_R1_001.fastq.gz,/usr/local/illumina/runs/260120_VH01775_191_AAJ22HCM5/AnalysisTemp/260120_VH01775_191_AAJ22HCM5/fastq/MLA_25MESO_BACT-M43-D56-CL1_20251031_S80_R2_001.fastq.gz
GCGTAGTA.AGGCTTAG.1,MLA_25MESO_BACT-M44-D56-CL2_20251031,UnknownLibrary,1,/usr/local/illumina/runs/260120_VH01775_191_AAJ22HCM5/AnalysisTemp/260120_VH01775_191_AAJ22HCM5/fastq/MLA_25MESO_BACT-M44-D56-CL2_20251031_S81_R1_001.fastq.gz,/usr/local/illumina/runs/260120_VH01775_191_AAJ22HCM5/AnalysisTemp/260120_VH01775_191_AAJ22HCM5/fastq/MLA_25MESO_BACT-M44-D56-CL2_20251031_S81_R2_001.fastq.gz
CGGAGCCT.AGGCTTAG.1,MLA_25MESO_BACT-M45-D56-CL3_20251031,UnknownLibrary,1,/usr/local/illumina/runs/260120_VH01775_191_AAJ22HCM5/AnalysisTemp/260120_VH01775_191_AAJ22HCM5/fastq/MLA_25MESO_BACT-M45-D56-CL3_20251031_S82_R1_001.fastq.gz,/usr/local/illumina/runs/260120_VH01775_191_AAJ22HCM5/AnalysisTemp/260120_VH01775_191_AAJ22HCM5/fastq/MLA_25MESO_BACT-M45-D56-CL3_20251031_S82_R2_001.fastq.gz
TACGCTGC.AGGCTTAG.1,MLA_25MESO_BACT-M66-D56-NC_20251031,UnknownLibrary,1,/usr/local/illumina/runs/260120_VH01775_191_AAJ22HCM5/AnalysisTemp/260120_VH01775_191_AAJ22HCM5/fastq/MLA_25MESO_BACT-M66-D56-NC_20251031_S83_R1_001.fastq.gz,/usr/local/illumina/runs/260120_VH01775_191_AAJ22HCM5/AnalysisTemp/260120_VH01775_191_AAJ22HCM5/fastq/MLA_25MESO_BACT-M66-D56-NC_20251031_S83_R2_001.fastq.gz
ATGCGCAG.AGGCTTAG.1,MLA_25MESO_PROK-M67-D88-SA1-SED_20251031,UnknownLibrary,1,/usr/local/illumina/runs/260120_VH01775_191_AAJ22HCM5/AnalysisTemp/260120_VH01775_191_AAJ22HCM5/fastq/MLA_25MESO_PROK-M67-D88-SA1-SED_20251031_S84_R1_001.fastq.gz,/usr/local/illumina/runs/260120_VH01775_191_AAJ22HCM5/AnalysisTemp/260120_VH01775_191_AAJ22HCM5/fastq/MLA_25MESO_PROK-M67-D88-SA1-SED_20251031_S84_R2_001.fastq.gz
TAGCGCTC.AGGCTTAG.1,MLA_25MESO_PROK-M68-D88-SA2-SED_20251031,UnknownLibrary,1,/usr/local/illumina/runs/260120_VH01775_191_AAJ22HCM5/AnalysisTemp/260120_VH01775_191_AAJ22HCM5/fastq/MLA_25MESO_PROK-M68-D88-SA2-SED_20251031_S85_R1_001.fastq.gz,/usr/local/illumina/runs/260120_VH01775_191_AAJ22HCM5/AnalysisTemp/260120_VH01775_191_AAJ22HCM5/fastq/MLA_25MESO_PROK-M68-D88-SA2-SED_20251031_S85_R2_001.fastq.gz
ACTGAGCG.AGGCTTAG.1,MLA_25MESO_PROK-M69-D88-SA3-SED_20251031,UnknownLibrary,1,/usr/local/illumina/runs/260120_VH01775_191_AAJ22HCM5/AnalysisTemp/260120_VH01775_191_AAJ22HCM5/fastq/MLA_25MESO_PROK-M69-D88-SA3-SED_20251031_S86_R1_001.fastq.gz,/usr/local/illumina/runs/260120_VH01775_191_AAJ22HCM5/AnalysisTemp/260120_VH01775_191_AAJ22HCM5/fastq/MLA_25MESO_PROK-M69-D88-SA3-SED_20251031_S86_R2_001.fastq.gz
CCTAAGAC.AGGCTTAG.1,MLA_25MESO_PROK-M70-D88-SH1-SED_20251031,UnknownLibrary,1,/usr/local/illumina/runs/260120_VH01775_191_AAJ22HCM5/AnalysisTemp/260120_VH01775_191_AAJ22HCM5/fastq/MLA_25MESO_PROK-M70-D88-SH1-SED_20251031_S87_R1_001.fastq.gz,/usr/local/illumina/runs/260120_VH01775_191_AAJ22HCM5/AnalysisTemp/260120_VH01775_191_AAJ22HCM5/fastq/MLA_25MESO_PROK-M70-D88-SH1-SED_20251031_S87_R2_001.fastq.gz
CGATCAGT.AGGCTTAG.1,MLA_25MESO_PROK-M71-D88-SH2-SED_20251031,UnknownLibrary,1,/usr/local/illumina/runs/260120_VH01775_191_AAJ22HCM5/AnalysisTemp/260120_VH01775_191_AAJ22HCM5/fastq/MLA_25MESO_PROK-M71-D88-SH2-SED_20251031_S88_R1_001.fastq.gz,/usr/local/illumina/runs/260120_VH01775_191_AAJ22HCM5/AnalysisTemp/260120_VH01775_191_AAJ22HCM5/fastq/MLA_25MESO_PROK-M71-D88-SH2-SED_20251031_S88_R2_001.fastq.gz
TGCAGCTA.AGGCTTAG.1,MLA_25MESO_PROK-M72-D88-SH3-SED_20251031,UnknownLibrary,1,/usr/local/illumina/runs/260120_VH01775_191_AAJ22HCM5/AnalysisTemp/260120_VH01775_191_AAJ22HCM5/fastq/MLA_25MESO_PROK-M72-D88-SH3-SED_20251031_S89_R1_001.fastq.gz,/usr/local/illumina/runs/260120_VH01775_191_AAJ22HCM5/AnalysisTemp/260120_VH01775_191_AAJ22HCM5/fastq/MLA_25MESO_PROK-M72-D88-SH3-SED_20251031_S89_R2_001.fastq.gz
TCGACGTC.AGGCTTAG.1,MLA_25MESO_PROK-M73-D88-SS1-SED_20251031,UnknownLibrary,1,/usr/local/illumina/runs/260120_VH01775_191_AAJ22HCM5/AnalysisTemp/260120_VH01775_191_AAJ22HCM5/fastq/MLA_25MESO_PROK-M73-D88-SS1-SED_20251031_S90_R1_001.fastq.gz,/usr/local/illumina/runs/260120_VH01775_191_AAJ22HCM5/AnalysisTemp/260120_VH01775_191_AAJ22HCM5/fastq/MLA_25MESO_PROK-M73-D88-SS1-SED_20251031_S90_R2_001.fastq.gz
ACTCGCTA.ATTAGACG.1,MLA_25MESO_PROK-M74-D88-SS2-SED_20251031,UnknownLibrary,1,/usr/local/illumina/runs/260120_VH01775_191_AAJ22HCM5/AnalysisTemp/260120_VH01775_191_AAJ22HCM5/fastq/MLA_25MESO_PROK-M74-D88-SS2-SED_20251031_S91_R1_001.fastq.gz,/usr/local/illumina/runs/260120_VH01775_191_AAJ22HCM5/AnalysisTemp/260120_VH01775_191_AAJ22HCM5/fastq/MLA_25MESO_PROK-M74-D88-SS2-SED_20251031_S91_R2_001.fastq.gz
GGAGCTAC.ATTAGACG.1,MLA_25MESO_PROK-M75-D88-SS3-SED_20251031,UnknownLibrary,1,/usr/local/illumina/runs/260120_VH01775_191_AAJ22HCM5/AnalysisTemp/260120_VH01775_191_AAJ22HCM5/fastq/MLA_25MESO_PROK-M75-D88-SS3-SED_20251031_S92_R1_001.fastq.gz,/usr/local/illumina/runs/260120_VH01775_191_AAJ22HCM5/AnalysisTemp/260120_VH01775_191_AAJ22HCM5/fastq/MLA_25MESO_PROK-M75-D88-SS3-SED_20251031_S92_R2_001.fastq.gz
GCGTAGTA.ATTAGACG.1,MLA_25MESO_PROK-M76-D88-CO1-SED_20251031,UnknownLibrary,1,/usr/local/illumina/runs/260120_VH01775_191_AAJ22HCM5/AnalysisTemp/260120_VH01775_191_AAJ22HCM5/fastq/MLA_25MESO_PROK-M76-D88-CO1-SED_20251031_S93_R1_001.fastq.gz,/usr/local/illumina/runs/260120_VH01775_191_AAJ22HCM5/AnalysisTemp/260120_VH01775_191_AAJ22HCM5/fastq/MLA_25MESO_PROK-M76-D88-CO1-SED_20251031_S93_R2_001.fastq.gz
CGGAGCCT.ATTAGACG.1,MLA_25MESO_PROK-M77-D88-CO2-SED_20251031,UnknownLibrary,1,/usr/local/illumina/runs/260120_VH01775_191_AAJ22HCM5/AnalysisTemp/260120_VH01775_191_AAJ22HCM5/fastq/MLA_25MESO_PROK-M77-D88-CO2-SED_20251031_S94_R1_001.fastq.gz,/usr/local/illumina/runs/260120_VH01775_191_AAJ22HCM5/AnalysisTemp/260120_VH01775_191_AAJ22HCM5/fastq/MLA_25MESO_PROK-M77-D88-CO2-SED_20251031_S94_R2_001.fastq.gz
TACGCTGC.ATTAGACG.1,MLA_25MESO_PROK-M78-D88-CO3-SED_20251031,UnknownLibrary,1,/usr/local/illumina/runs/260120_VH01775_191_AAJ22HCM5/AnalysisTemp/260120_VH01775_191_AAJ22HCM5/fastq/MLA_25MESO_PROK-M78-D88-CO3-SED_20251031_S95_R1_001.fastq.gz,/usr/local/illumina/runs/260120_VH01775_191_AAJ22HCM5/AnalysisTemp/260120_VH01775_191_AAJ22HCM5/fastq/MLA_25MESO_PROK-M78-D88-CO3-SED_20251031_S95_R2_001.fastq.gz
ATGCGCAG.ATTAGACG.1,MLA_25MESO_PROK-M79-D88-NC-SED_20251031,UnknownLibrary,1,/usr/local/illumina/runs/260120_VH01775_191_AAJ22HCM5/AnalysisTemp/260120_VH01775_191_AAJ22HCM5/fastq/MLA_25MESO_PROK-M79-D88-NC-SED_20251031_S96_R1_001.fastq.gz,/usr/local/illumina/runs/260120_VH01775_191_AAJ22HCM5/AnalysisTemp/260120_VH01775_191_AAJ22HCM5/fastq/MLA_25MESO_PROK-M79-D88-NC-SED_20251031_S96_R2_001.fastq.gz
TAGCGCTC.ATTAGACG.1,GLC_25GOWN_BACT-1-GW222_20251021,UnknownLibrary,1,/usr/local/illumina/runs/260120_VH01775_191_AAJ22HCM5/AnalysisTemp/260120_VH01775_191_AAJ22HCM5/fastq/GLC_25GOWN_BACT-1-GW222_20251021_S97_R1_001.fastq.gz,/usr/local/illumina/runs/260120_VH01775_191_AAJ22HCM5/AnalysisTemp/260120_VH01775_191_AAJ22HCM5/fastq/GLC_25GOWN_BACT-1-GW222_20251021_S97_R2_001.fastq.gz
ACTGAGCG.ATTAGACG.1,GLC_25GOWN_BACT-2-GW250_20251021,UnknownLibrary,1,/usr/local/illumina/runs/260120_VH01775_191_AAJ22HCM5/AnalysisTemp/260120_VH01775_191_AAJ22HCM5/fastq/GLC_25GOWN_BACT-2-GW250_20251021_S98_R1_001.fastq.gz,/usr/local/illumina/runs/260120_VH01775_191_AAJ22HCM5/AnalysisTemp/260120_VH01775_191_AAJ22HCM5/fastq/GLC_25GOWN_BACT-2-GW250_20251021_S98_R2_001.fastq.gz
CCTAAGAC.ATTAGACG.1,GLC_25GOWN_BACT-3-GW112_20251021,UnknownLibrary,1,/usr/local/illumina/runs/260120_VH01775_191_AAJ22HCM5/AnalysisTemp/260120_VH01775_191_AAJ22HCM5/fastq/GLC_25GOWN_BACT-3-GW112_20251021_S99_R1_001.fastq.gz,/usr/local/illumina/runs/260120_VH01775_191_AAJ22HCM5/AnalysisTemp/260120_VH01775_191_AAJ22HCM5/fastq/GLC_25GOWN_BACT-3-GW112_20251021_S99_R2_001.fastq.gz
CGATCAGT.ATTAGACG.1,GLC_25GOWN_BACT-4-GW192_20251021,UnknownLibrary,1,/usr/local/illumina/runs/260120_VH01775_191_AAJ22HCM5/AnalysisTemp/260120_VH01775_191_AAJ22HCM5/fastq/GLC_25GOWN_BACT-4-GW192_20251021_S100_R1_001.fastq.gz,/usr/local/illumina/runs/260120_VH01775_191_AAJ22HCM5/AnalysisTemp/260120_VH01775_191_AAJ22HCM5/fastq/GLC_25GOWN_BACT-4-GW192_20251021_S100_R2_001.fastq.gz
TGCAGCTA.ATTAGACG.1,GLC_25GOWN_BACT-5-GW972_20251021,UnknownLibrary,1,/usr/local/illumina/runs/260120_VH01775_191_AAJ22HCM5/AnalysisTemp/260120_VH01775_191_AAJ22HCM5/fastq/GLC_25GOWN_BACT-5-GW972_20251021_S101_R1_001.fastq.gz,/usr/local/illumina/runs/260120_VH01775_191_AAJ22HCM5/AnalysisTemp/260120_VH01775_191_AAJ22HCM5/fastq/GLC_25GOWN_BACT-5-GW972_20251021_S101_R2_001.fastq.gz
TCGACGTC.ATTAGACG.1,GLC_25GOWN_BACT-6-GW3026_20251021,UnknownLibrary,1,/usr/local/illumina/runs/260120_VH01775_191_AAJ22HCM5/AnalysisTemp/260120_VH01775_191_AAJ22HCM5/fastq/GLC_25GOWN_BACT-6-GW3026_20251021_S102_R1_001.fastq.gz,/usr/local/illumina/runs/260120_VH01775_191_AAJ22HCM5/AnalysisTemp/260120_VH01775_191_AAJ22HCM5/fastq/GLC_25GOWN_BACT-6-GW3026_20251021_S102_R2_001.fastq.gz
ACTCGCTA.CGGAGAGA.1,GLC_25GOWN_BACT-7-GW3016_20251021,UnknownLibrary,1,/usr/local/illumina/runs/260120_VH01775_191_AAJ22HCM5/AnalysisTemp/260120_VH01775_191_AAJ22HCM5/fastq/GLC_25GOWN_BACT-7-GW3016_20251021_S103_R1_001.fastq.gz,/usr/local/illumina/runs/260120_VH01775_191_AAJ22HCM5/AnalysisTemp/260120_VH01775_191_AAJ22HCM5/fastq/GLC_25GOWN_BACT-7-GW3016_20251021_S103_R2_001.fastq.gz
GGAGCTAC.CGGAGAGA.1,GLC_25GOWN_BACT-8-GW193_20251021,UnknownLibrary,1,/usr/local/illumina/runs/260120_VH01775_191_AAJ22HCM5/AnalysisTemp/260120_VH01775_191_AAJ22HCM5/fastq/GLC_25GOWN_BACT-8-GW193_20251021_S104_R1_001.fastq.gz,/usr/local/illumina/runs/260120_VH01775_191_AAJ22HCM5/AnalysisTemp/260120_VH01775_191_AAJ22HCM5/fastq/GLC_25GOWN_BACT-8-GW193_20251021_S104_R2_001.fastq.gz
GCGTAGTA.CGGAGAGA.1,GLC_25GOWN_BACT-10-GW150_20251021,UnknownLibrary,1,/usr/local/illumina/runs/260120_VH01775_191_AAJ22HCM5/AnalysisTemp/260120_VH01775_191_AAJ22HCM5/fastq/GLC_25GOWN_BACT-10-GW150_20251021_S105_R1_001.fastq.gz,/usr/local/illumina/runs/260120_VH01775_191_AAJ22HCM5/AnalysisTemp/260120_VH01775_191_AAJ22HCM5/fastq/GLC_25GOWN_BACT-10-GW150_20251021_S105_R2_001.fastq.gz
CGGAGCCT.CGGAGAGA.1,GLC_25GOWN_ARCH-1-GW222_20251021,UnknownLibrary,1,/usr/local/illumina/runs/260120_VH01775_191_AAJ22HCM5/AnalysisTemp/260120_VH01775_191_AAJ22HCM5/fastq/GLC_25GOWN_ARCH-1-GW222_20251021_S106_R1_001.fastq.gz,/usr/local/illumina/runs/260120_VH01775_191_AAJ22HCM5/AnalysisTemp/260120_VH01775_191_AAJ22HCM5/fastq/GLC_25GOWN_ARCH-1-GW222_20251021_S106_R2_001.fastq.gz
TACGCTGC.CGGAGAGA.1,GLC_25GOWN_ARCH-2-GW250_20251021,UnknownLibrary,1,/usr/local/illumina/runs/260120_VH01775_191_AAJ22HCM5/AnalysisTemp/260120_VH01775_191_AAJ22HCM5/fastq/GLC_25GOWN_ARCH-2-GW250_20251021_S107_R1_001.fastq.gz,/usr/local/illumina/runs/260120_VH01775_191_AAJ22HCM5/AnalysisTemp/260120_VH01775_191_AAJ22HCM5/fastq/GLC_25GOWN_ARCH-2-GW250_20251021_S107_R2_001.fastq.gz
ATGCGCAG.CGGAGAGA.1,GLC_25GOWN_ARCH-3-GW112_20251021,UnknownLibrary,1,/usr/local/illumina/runs/260120_VH01775_191_AAJ22HCM5/AnalysisTemp/260120_VH01775_191_AAJ22HCM5/fastq/GLC_25GOWN_ARCH-3-GW112_20251021_S108_R1_001.fastq.gz,/usr/local/illumina/runs/260120_VH01775_191_AAJ22HCM5/AnalysisTemp/260120_VH01775_191_AAJ22HCM5/fastq/GLC_25GOWN_ARCH-3-GW112_20251021_S108_R2_001.fastq.gz
TAGCGCTC.CGGAGAGA.1,GLC_25GOWN_ARCH-4-GW192_20251021,UnknownLibrary,1,/usr/local/illumina/runs/260120_VH01775_191_AAJ22HCM5/AnalysisTemp/260120_VH01775_191_AAJ22HCM5/fastq/GLC_25GOWN_ARCH-4-GW192_20251021_S109_R1_001.fastq.gz,/usr/local/illumina/runs/260120_VH01775_191_AAJ22HCM5/AnalysisTemp/260120_VH01775_191_AAJ22HCM5/fastq/GLC_25GOWN_ARCH-4-GW192_20251021_S109_R2_001.fastq.gz
ACTGAGCG.CGGAGAGA.1,GLC_25GOWN_ARCH-5-GW972_20251021,UnknownLibrary,1,/usr/local/illumina/runs/260120_VH01775_191_AAJ22HCM5/AnalysisTemp/260120_VH01775_191_AAJ22HCM5/fastq/GLC_25GOWN_ARCH-5-GW972_20251021_S110_R1_001.fastq.gz,/usr/local/illumina/runs/260120_VH01775_191_AAJ22HCM5/AnalysisTemp/260120_VH01775_191_AAJ22HCM5/fastq/GLC_25GOWN_ARCH-5-GW972_20251021_S110_R2_001.fastq.gz
CCTAAGAC.CGGAGAGA.1,GLC_25GOWN_ARCH-6-GW3026_20251021,UnknownLibrary,1,/usr/local/illumina/runs/260120_VH01775_191_AAJ22HCM5/AnalysisTemp/260120_VH01775_191_AAJ22HCM5/fastq/GLC_25GOWN_ARCH-6-GW3026_20251021_S111_R1_001.fastq.gz,/usr/local/illumina/runs/260120_VH01775_191_AAJ22HCM5/AnalysisTemp/260120_VH01775_191_AAJ22HCM5/fastq/GLC_25GOWN_ARCH-6-GW3026_20251021_S111_R2_001.fastq.gz
CGATCAGT.CGGAGAGA.1,GLC_25GOWN_ARCH-7-GW3016_20251021,UnknownLibrary,1,/usr/local/illumina/runs/260120_VH01775_191_AAJ22HCM5/AnalysisTemp/260120_VH01775_191_AAJ22HCM5/fastq/GLC_25GOWN_ARCH-7-GW3016_20251021_S112_R1_001.fastq.gz,/usr/local/illumina/runs/260120_VH01775_191_AAJ22HCM5/AnalysisTemp/260120_VH01775_191_AAJ22HCM5/fastq/GLC_25GOWN_ARCH-7-GW3016_20251021_S112_R2_001.fastq.gz
TGCAGCTA.CGGAGAGA.1,GLC_25GOWN_ARCH-8-GW193_20251021,UnknownLibrary,1,/usr/local/illumina/runs/260120_VH01775_191_AAJ22HCM5/AnalysisTemp/260120_VH01775_191_AAJ22HCM5/fastq/GLC_25GOWN_ARCH-8-GW193_20251021_S113_R1_001.fastq.gz,/usr/local/illumina/runs/260120_VH01775_191_AAJ22HCM5/AnalysisTemp/260120_VH01775_191_AAJ22HCM5/fastq/GLC_25GOWN_ARCH-8-GW193_20251021_S113_R2_001.fastq.gz
TCGACGTC.CGGAGAGA.1,GLC_25GOWN_ARCH-10-GW150_20251021,UnknownLibrary,1,/usr/local/illumina/runs/260120_VH01775_191_AAJ22HCM5/AnalysisTemp/260120_VH01775_191_AAJ22HCM5/fastq/GLC_25GOWN_ARCH-10-GW150_20251021_S114_R1_001.fastq.gz,/usr/local/illumina/runs/260120_VH01775_191_AAJ22HCM5/AnalysisTemp/260120_VH01775_191_AAJ22HCM5/fastq/GLC_25GOWN_ARCH-10-GW150_20251021_S114_R2_001.fastq.gz
TAAGGCGA.CTAGTCGA.1,GLC_25GOWN_ARCH-G1-GW265_20251031,UnknownLibrary,1,/usr/local/illumina/runs/260120_VH01775_191_AAJ22HCM5/AnalysisTemp/260120_VH01775_191_AAJ22HCM5/fastq/GLC_25GOWN_ARCH-G1-GW265_20251031_S115_R1_001.fastq.gz,/usr/local/illumina/runs/260120_VH01775_191_AAJ22HCM5/AnalysisTemp/260120_VH01775_191_AAJ22HCM5/fastq/GLC_25GOWN_ARCH-G1-GW265_20251031_S115_R2_001.fastq.gz
CGTACTAG.CTAGTCGA.1,GLC_25GOWN_ARCH-G2-GW146_20251031,UnknownLibrary,1,/usr/local/illumina/runs/260120_VH01775_191_AAJ22HCM5/AnalysisTemp/260120_VH01775_191_AAJ22HCM5/fastq/GLC_25GOWN_ARCH-G2-GW146_20251031_S116_R1_001.fastq.gz,/usr/local/illumina/runs/260120_VH01775_191_AAJ22HCM5/AnalysisTemp/260120_VH01775_191_AAJ22HCM5/fastq/GLC_25GOWN_ARCH-G2-GW146_20251031_S116_R2_001.fastq.gz
AGGCAGAA.CTAGTCGA.1,GLC_25GOWN_ARCH-G3-GW112_20251031,UnknownLibrary,1,/usr/local/illumina/runs/260120_VH01775_191_AAJ22HCM5/AnalysisTemp/260120_VH01775_191_AAJ22HCM5/fastq/GLC_25GOWN_ARCH-G3-GW112_20251031_S117_R1_001.fastq.gz,/usr/local/illumina/runs/260120_VH01775_191_AAJ22HCM5/AnalysisTemp/260120_VH01775_191_AAJ22HCM5/fastq/GLC_25GOWN_ARCH-G3-GW112_20251031_S117_R2_001.fastq.gz
TCCTGAGC.CTAGTCGA.1,GLC_25GOWN_ARCH-G4-GW109_20251031,UnknownLibrary,1,/usr/local/illumina/runs/260120_VH01775_191_AAJ22HCM5/AnalysisTemp/260120_VH01775_191_AAJ22HCM5/fastq/GLC_25GOWN_ARCH-G4-GW109_20251031_S118_R1_001.fastq.gz,/usr/local/illumina/runs/260120_VH01775_191_AAJ22HCM5/AnalysisTemp/260120_VH01775_191_AAJ22HCM5/fastq/GLC_25GOWN_ARCH-G4-GW109_20251031_S118_R2_001.fastq.gz
GGACTCCT.CTAGTCGA.1,GLC_25GOWN_ARCH-G5-GW101_20251031,UnknownLibrary,1,/usr/local/illumina/runs/260120_VH01775_191_AAJ22HCM5/AnalysisTemp/260120_VH01775_191_AAJ22HCM5/fastq/GLC_25GOWN_ARCH-G5-GW101_20251031_S119_R1_001.fastq.gz,/usr/local/illumina/runs/260120_VH01775_191_AAJ22HCM5/AnalysisTemp/260120_VH01775_191_AAJ22HCM5/fastq/GLC_25GOWN_ARCH-G5-GW101_20251031_S119_R2_001.fastq.gz
TAGGCATG.CTAGTCGA.1,GLC_25GOWN_ARCH-G6-GW332_20251031,UnknownLibrary,1,/usr/local/illumina/runs/260120_VH01775_191_AAJ22HCM5/AnalysisTemp/260120_VH01775_191_AAJ22HCM5/fastq/GLC_25GOWN_ARCH-G6-GW332_20251031_S120_R1_001.fastq.gz,/usr/local/illumina/runs/260120_VH01775_191_AAJ22HCM5/AnalysisTemp/260120_VH01775_191_AAJ22HCM5/fastq/GLC_25GOWN_ARCH-G6-GW332_20251031_S120_R2_001.fastq.gz
CTCTCTAC.CTAGTCGA.1,GLC_25GOWN_ARCH-G7-GW277_20251031,UnknownLibrary,1,/usr/local/illumina/runs/260120_VH01775_191_AAJ22HCM5/AnalysisTemp/260120_VH01775_191_AAJ22HCM5/fastq/GLC_25GOWN_ARCH-G7-GW277_20251031_S121_R1_001.fastq.gz,/usr/local/illumina/runs/260120_VH01775_191_AAJ22HCM5/AnalysisTemp/260120_VH01775_191_AAJ22HCM5/fastq/GLC_25GOWN_ARCH-G7-GW277_20251031_S121_R2_001.fastq.gz
CGAGGCTG.CTAGTCGA.1,GLC_25GOWN_ARCH-G8-GW281_20251031,UnknownLibrary,1,/usr/local/illumina/runs/260120_VH01775_191_AAJ22HCM5/AnalysisTemp/260120_VH01775_191_AAJ22HCM5/fastq/GLC_25GOWN_ARCH-G8-GW281_20251031_S122_R1_001.fastq.gz,/usr/local/illumina/runs/260120_VH01775_191_AAJ22HCM5/AnalysisTemp/260120_VH01775_191_AAJ22HCM5/fastq/GLC_25GOWN_ARCH-G8-GW281_20251031_S122_R2_001.fastq.gz
AAGAGGCA.CTAGTCGA.1,GLC_25GOWN_ARCH-G9-GW275_20251031,UnknownLibrary,1,/usr/local/illumina/runs/260120_VH01775_191_AAJ22HCM5/AnalysisTemp/260120_VH01775_191_AAJ22HCM5/fastq/GLC_25GOWN_ARCH-G9-GW275_20251031_S123_R1_001.fastq.gz,/usr/local/illumina/runs/260120_VH01775_191_AAJ22HCM5/AnalysisTemp/260120_VH01775_191_AAJ22HCM5/fastq/GLC_25GOWN_ARCH-G9-GW275_20251031_S123_R2_001.fastq.gz
GTAGAGGA.CTAGTCGA.1,GLC_25GOWN_ARCH-G10-GW222_20251031,UnknownLibrary,1,/usr/local/illumina/runs/260120_VH01775_191_AAJ22HCM5/AnalysisTemp/260120_VH01775_191_AAJ22HCM5/fastq/GLC_25GOWN_ARCH-G10-GW222_20251031_S124_R1_001.fastq.gz,/usr/local/illumina/runs/260120_VH01775_191_AAJ22HCM5/AnalysisTemp/260120_VH01775_191_AAJ22HCM5/fastq/GLC_25GOWN_ARCH-G10-GW222_20251031_S124_R2_001.fastq.gz
GCTCATGA.CTAGTCGA.1,GLC_25GOWN_ARCH-G11-GW3050_20251031,UnknownLibrary,1,/usr/local/illumina/runs/260120_VH01775_191_AAJ22HCM5/AnalysisTemp/260120_VH01775_191_AAJ22HCM5/fastq/GLC_25GOWN_ARCH-G11-GW3050_20251031_S125_R1_001.fastq.gz,/usr/local/illumina/runs/260120_VH01775_191_AAJ22HCM5/AnalysisTemp/260120_VH01775_191_AAJ22HCM5/fastq/GLC_25GOWN_ARCH-G11-GW3050_20251031_S125_R2_001.fastq.gz
ATCTCAGG.CTAGTCGA.1,GLC_25GOWN_ARCH-G12-GW114_20251031,UnknownLibrary,1,/usr/local/illumina/runs/260120_VH01775_191_AAJ22HCM5/AnalysisTemp/260120_VH01775_191_AAJ22HCM5/fastq/GLC_25GOWN_ARCH-G12-GW114_20251031_S126_R1_001.fastq.gz,/usr/local/illumina/runs/260120_VH01775_191_AAJ22HCM5/AnalysisTemp/260120_VH01775_191_AAJ22HCM5/fastq/GLC_25GOWN_ARCH-G12-GW114_20251031_S126_R2_001.fastq.gz
TAAGGCGA.AGCTAGAA.1,GLC_25GOWN_ARCH-G13-GW126_20251031,UnknownLibrary,1,/usr/local/illumina/runs/260120_VH01775_191_AAJ22HCM5/AnalysisTemp/260120_VH01775_191_AAJ22HCM5/fastq/GLC_25GOWN_ARCH-G13-GW126_20251031_S127_R1_001.fastq.gz,/usr/local/illumina/runs/260120_VH01775_191_AAJ22HCM5/AnalysisTemp/260120_VH01775_191_AAJ22HCM5/fastq/GLC_25GOWN_ARCH-G13-GW126_20251031_S127_R2_001.fastq.gz
CGTACTAG.AGCTAGAA.1,GLC_25GOWN_ARCH-G14-GW328_20251031,UnknownLibrary,1,/usr/local/illumina/runs/260120_VH01775_191_AAJ22HCM5/AnalysisTemp/260120_VH01775_191_AAJ22HCM5/fastq/GLC_25GOWN_ARCH-G14-GW328_20251031_S128_R1_001.fastq.gz,/usr/local/illumina/runs/260120_VH01775_191_AAJ22HCM5/AnalysisTemp/260120_VH01775_191_AAJ22HCM5/fastq/GLC_25GOWN_ARCH-G14-GW328_20251031_S128_R2_001.fastq.gz
AGGCAGAA.AGCTAGAA.1,GLC_25GOWN_ARCH-G15-GW3089_20251031,UnknownLibrary,1,/usr/local/illumina/runs/260120_VH01775_191_AAJ22HCM5/AnalysisTemp/260120_VH01775_191_AAJ22HCM5/fastq/GLC_25GOWN_ARCH-G15-GW3089_20251031_S129_R1_001.fastq.gz,/usr/local/illumina/runs/260120_VH01775_191_AAJ22HCM5/AnalysisTemp/260120_VH01775_191_AAJ22HCM5/fastq/GLC_25GOWN_ARCH-G15-GW3089_20251031_S129_R2_001.fastq.gz
TCCTGAGC.AGCTAGAA.1,GLC_25GOWN_ARCH-G16-GW340_20251031,UnknownLibrary,1,/usr/local/illumina/runs/260120_VH01775_191_AAJ22HCM5/AnalysisTemp/260120_VH01775_191_AAJ22HCM5/fastq/GLC_25GOWN_ARCH-G16-GW340_20251031_S130_R1_001.fastq.gz,/usr/local/illumina/runs/260120_VH01775_191_AAJ22HCM5/AnalysisTemp/260120_VH01775_191_AAJ22HCM5/fastq/GLC_25GOWN_ARCH-G16-GW340_20251031_S130_R2_001.fastq.gz
GGACTCCT.AGCTAGAA.1,GLC_25GOWN_ARCH-G17-GW628_20251031,UnknownLibrary,1,/usr/local/illumina/runs/260120_VH01775_191_AAJ22HCM5/AnalysisTemp/260120_VH01775_191_AAJ22HCM5/fastq/GLC_25GOWN_ARCH-G17-GW628_20251031_S131_R1_001.fastq.gz,/usr/local/illumina/runs/260120_VH01775_191_AAJ22HCM5/AnalysisTemp/260120_VH01775_191_AAJ22HCM5/fastq/GLC_25GOWN_ARCH-G17-GW628_20251031_S131_R2_001.fastq.gz
TAGGCATG.AGCTAGAA.1,GLC_25GOWN_ARCH-G18-GW626_20251031,UnknownLibrary,1,/usr/local/illumina/runs/260120_VH01775_191_AAJ22HCM5/AnalysisTemp/260120_VH01775_191_AAJ22HCM5/fastq/GLC_25GOWN_ARCH-G18-GW626_20251031_S132_R1_001.fastq.gz,/usr/local/illumina/runs/260120_VH01775_191_AAJ22HCM5/AnalysisTemp/260120_VH01775_191_AAJ22HCM5/fastq/GLC_25GOWN_ARCH-G18-GW626_20251031_S132_R2_001.fastq.gz
CTCTCTAC.AGCTAGAA.1,GLC_25GOWN_ARCH-G19-GW175_20251031,UnknownLibrary,1,/usr/local/illumina/runs/260120_VH01775_191_AAJ22HCM5/AnalysisTemp/260120_VH01775_191_AAJ22HCM5/fastq/GLC_25GOWN_ARCH-G19-GW175_20251031_S133_R1_001.fastq.gz,/usr/local/illumina/runs/260120_VH01775_191_AAJ22HCM5/AnalysisTemp/260120_VH01775_191_AAJ22HCM5/fastq/GLC_25GOWN_ARCH-G19-GW175_20251031_S133_R2_001.fastq.gz
CGAGGCTG.AGCTAGAA.1,GLC_25GOWN_ARCH-G20-GW3103_20251031,UnknownLibrary,1,/usr/local/illumina/runs/260120_VH01775_191_AAJ22HCM5/AnalysisTemp/260120_VH01775_191_AAJ22HCM5/fastq/GLC_25GOWN_ARCH-G20-GW3103_20251031_S134_R1_001.fastq.gz,/usr/local/illumina/runs/260120_VH01775_191_AAJ22HCM5/AnalysisTemp/260120_VH01775_191_AAJ22HCM5/fastq/GLC_25GOWN_ARCH-G20-GW3103_20251031_S134_R2_001.fastq.gz
AAGAGGCA.AGCTAGAA.1,GLC_25GOWN_ARCH-G21-GW292_20251031,UnknownLibrary,1,/usr/local/illumina/runs/260120_VH01775_191_AAJ22HCM5/AnalysisTemp/260120_VH01775_191_AAJ22HCM5/fastq/GLC_25GOWN_ARCH-G21-GW292_20251031_S135_R1_001.fastq.gz,/usr/local/illumina/runs/260120_VH01775_191_AAJ22HCM5/AnalysisTemp/260120_VH01775_191_AAJ22HCM5/fastq/GLC_25GOWN_ARCH-G21-GW292_20251031_S135_R2_001.fastq.gz
GTAGAGGA.AGCTAGAA.1,GLC_25GOWN_ARCH-G22-GW429_20251031,UnknownLibrary,1,/usr/local/illumina/runs/260120_VH01775_191_AAJ22HCM5/AnalysisTemp/260120_VH01775_191_AAJ22HCM5/fastq/GLC_25GOWN_ARCH-G22-GW429_20251031_S136_R1_001.fastq.gz,/usr/local/illumina/runs/260120_VH01775_191_AAJ22HCM5/AnalysisTemp/260120_VH01775_191_AAJ22HCM5/fastq/GLC_25GOWN_ARCH-G22-GW429_20251031_S136_R2_001.fastq.gz
GCTCATGA.AGCTAGAA.1,GLC_25GOWN_ARCH-G23-GW374_20251031,UnknownLibrary,1,/usr/local/illumina/runs/260120_VH01775_191_AAJ22HCM5/AnalysisTemp/260120_VH01775_191_AAJ22HCM5/fastq/GLC_25GOWN_ARCH-G23-GW374_20251031_S137_R1_001.fastq.gz,/usr/local/illumina/runs/260120_VH01775_191_AAJ22HCM5/AnalysisTemp/260120_VH01775_191_AAJ22HCM5/fastq/GLC_25GOWN_ARCH-G23-GW374_20251031_S137_R2_001.fastq.gz
ATCTCAGG.AGCTAGAA.1,GLC_25GOWN_ARCH-G24-GW373_20251031,UnknownLibrary,1,/usr/local/illumina/runs/260120_VH01775_191_AAJ22HCM5/AnalysisTemp/260120_VH01775_191_AAJ22HCM5/fastq/GLC_25GOWN_ARCH-G24-GW373_20251031_S138_R1_001.fastq.gz,/usr/local/illumina/runs/260120_VH01775_191_AAJ22HCM5/AnalysisTemp/260120_VH01775_191_AAJ22HCM5/fastq/GLC_25GOWN_ARCH-G24-GW373_20251031_S138_R2_001.fastq.gz
TAAGGCGA.ACTCTAGG.1,GLC_25GOWN_ARCH-G25-GW364_20251031,UnknownLibrary,1,/usr/local/illumina/runs/260120_VH01775_191_AAJ22HCM5/AnalysisTemp/260120_VH01775_191_AAJ22HCM5/fastq/GLC_25GOWN_ARCH-G25-GW364_20251031_S139_R1_001.fastq.gz,/usr/local/illumina/runs/260120_VH01775_191_AAJ22HCM5/AnalysisTemp/260120_VH01775_191_AAJ22HCM5/fastq/GLC_25GOWN_ARCH-G25-GW364_20251031_S139_R2_001.fastq.gz
CGTACTAG.ACTCTAGG.1,GLC_25GOWN_ARCH-G26-GW449_20251031,UnknownLibrary,1,/usr/local/illumina/runs/260120_VH01775_191_AAJ22HCM5/AnalysisTemp/260120_VH01775_191_AAJ22HCM5/fastq/GLC_25GOWN_ARCH-G26-GW449_20251031_S140_R1_001.fastq.gz,/usr/local/illumina/runs/260120_VH01775_191_AAJ22HCM5/AnalysisTemp/260120_VH01775_191_AAJ22HCM5/fastq/GLC_25GOWN_ARCH-G26-GW449_20251031_S140_R2_001.fastq.gz
AGGCAGAA.ACTCTAGG.1,GLC_25GOWN_ARCH-G27-GW143_20251031,UnknownLibrary,1,/usr/local/illumina/runs/260120_VH01775_191_AAJ22HCM5/AnalysisTemp/260120_VH01775_191_AAJ22HCM5/fastq/GLC_25GOWN_ARCH-G27-GW143_20251031_S141_R1_001.fastq.gz,/usr/local/illumina/runs/260120_VH01775_191_AAJ22HCM5/AnalysisTemp/260120_VH01775_191_AAJ22HCM5/fastq/GLC_25GOWN_ARCH-G27-GW143_20251031_S141_R2_001.fastq.gz
TCCTGAGC.ACTCTAGG.1,GLC_25GOWN_ARCH-G28-GW178_20251031,UnknownLibrary,1,/usr/local/illumina/runs/260120_VH01775_191_AAJ22HCM5/AnalysisTemp/260120_VH01775_191_AAJ22HCM5/fastq/GLC_25GOWN_ARCH-G28-GW178_20251031_S142_R1_001.fastq.gz,/usr/local/illumina/runs/260120_VH01775_191_AAJ22HCM5/AnalysisTemp/260120_VH01775_191_AAJ22HCM5/fastq/GLC_25GOWN_ARCH-G28-GW178_20251031_S142_R2_001.fastq.gz
GGACTCCT.ACTCTAGG.1,GLC_25GOWN_ARCH-G29-GW176_20251031,UnknownLibrary,1,/usr/local/illumina/runs/260120_VH01775_191_AAJ22HCM5/AnalysisTemp/260120_VH01775_191_AAJ22HCM5/fastq/GLC_25GOWN_ARCH-G29-GW176_20251031_S143_R1_001.fastq.gz,/usr/local/illumina/runs/260120_VH01775_191_AAJ22HCM5/AnalysisTemp/260120_VH01775_191_AAJ22HCM5/fastq/GLC_25GOWN_ARCH-G29-GW176_20251031_S143_R2_001.fastq.gz
TAGGCATG.ACTCTAGG.1,GLC_25GOWN_ARCH-G30-GW148_20251031,UnknownLibrary,1,/usr/local/illumina/runs/260120_VH01775_191_AAJ22HCM5/AnalysisTemp/260120_VH01775_191_AAJ22HCM5/fastq/GLC_25GOWN_ARCH-G30-GW148_20251031_S144_R1_001.fastq.gz,/usr/local/illumina/runs/260120_VH01775_191_AAJ22HCM5/AnalysisTemp/260120_VH01775_191_AAJ22HCM5/fastq/GLC_25GOWN_ARCH-G30-GW148_20251031_S144_R2_001.fastq.gz
CTCTCTAC.ACTCTAGG.1,GLC_25GOWN_ARCH-G31-GW339_20251031,UnknownLibrary,1,/usr/local/illumina/runs/260120_VH01775_191_AAJ22HCM5/AnalysisTemp/260120_VH01775_191_AAJ22HCM5/fastq/GLC_25GOWN_ARCH-G31-GW339_20251031_S145_R1_001.fastq.gz,/usr/local/illumina/runs/260120_VH01775_191_AAJ22HCM5/AnalysisTemp/260120_VH01775_191_AAJ22HCM5/fastq/GLC_25GOWN_ARCH-G31-GW339_20251031_S145_R2_001.fastq.gz
CGAGGCTG.ACTCTAGG.1,GLC_25GOWN_ARCH-G32-GW376_20251031,UnknownLibrary,1,/usr/local/illumina/runs/260120_VH01775_191_AAJ22HCM5/AnalysisTemp/260120_VH01775_191_AAJ22HCM5/fastq/GLC_25GOWN_ARCH-G32-GW376_20251031_S146_R1_001.fastq.gz,/usr/local/illumina/runs/260120_VH01775_191_AAJ22HCM5/AnalysisTemp/260120_VH01775_191_AAJ22HCM5/fastq/GLC_25GOWN_ARCH-G32-GW376_20251031_S146_R2_001.fastq.gz
AAGAGGCA.ACTCTAGG.1,GLC_25GOWN_ARCH-G33-GW237_20251031,UnknownLibrary,1,/usr/local/illumina/runs/260120_VH01775_191_AAJ22HCM5/AnalysisTemp/260120_VH01775_191_AAJ22HCM5/fastq/GLC_25GOWN_ARCH-G33-GW237_20251031_S147_R1_001.fastq.gz,/usr/local/illumina/runs/260120_VH01775_191_AAJ22HCM5/AnalysisTemp/260120_VH01775_191_AAJ22HCM5/fastq/GLC_25GOWN_ARCH-G33-GW237_20251031_S147_R2_001.fastq.gz
GTAGAGGA.ACTCTAGG.1,GLC_25GOWN_ARCH-G34-GW267_20251031,UnknownLibrary,1,/usr/local/illumina/runs/260120_VH01775_191_AAJ22HCM5/AnalysisTemp/260120_VH01775_191_AAJ22HCM5/fastq/GLC_25GOWN_ARCH-G34-GW267_20251031_S148_R1_001.fastq.gz,/usr/local/illumina/runs/260120_VH01775_191_AAJ22HCM5/AnalysisTemp/260120_VH01775_191_AAJ22HCM5/fastq/GLC_25GOWN_ARCH-G34-GW267_20251031_S148_R2_001.fastq.gz
GCTCATGA.ACTCTAGG.1,GLC_25GOWN_ARCH-G35-GW294_20251031,UnknownLibrary,1,/usr/local/illumina/runs/260120_VH01775_191_AAJ22HCM5/AnalysisTemp/260120_VH01775_191_AAJ22HCM5/fastq/GLC_25GOWN_ARCH-G35-GW294_20251031_S149_R1_001.fastq.gz,/usr/local/illumina/runs/260120_VH01775_191_AAJ22HCM5/AnalysisTemp/260120_VH01775_191_AAJ22HCM5/fastq/GLC_25GOWN_ARCH-G35-GW294_20251031_S149_R2_001.fastq.gz
ATCTCAGG.ACTCTAGG.1,GLC_25GOWN_ARCH-G36-GW3021_20251031,UnknownLibrary,1,/usr/local/illumina/runs/260120_VH01775_191_AAJ22HCM5/AnalysisTemp/260120_VH01775_191_AAJ22HCM5/fastq/GLC_25GOWN_ARCH-G36-GW3021_20251031_S150_R1_001.fastq.gz,/usr/local/illumina/runs/260120_VH01775_191_AAJ22HCM5/AnalysisTemp/260120_VH01775_191_AAJ22HCM5/fastq/GLC_25GOWN_ARCH-G36-GW3021_20251031_S150_R2_001.fastq.gz
TAAGGCGA.TCTTACGC.1,GLC_25GOWN_ARCH-G37-GW4016_20251031,UnknownLibrary,1,/usr/local/illumina/runs/260120_VH01775_191_AAJ22HCM5/AnalysisTemp/260120_VH01775_191_AAJ22HCM5/fastq/GLC_25GOWN_ARCH-G37-GW4016_20251031_S151_R1_001.fastq.gz,/usr/local/illumina/runs/260120_VH01775_191_AAJ22HCM5/AnalysisTemp/260120_VH01775_191_AAJ22HCM5/fastq/GLC_25GOWN_ARCH-G37-GW4016_20251031_S151_R2_001.fastq.gz
CGTACTAG.TCTTACGC.1,GLC_25GOWN_ARCH-G38-GW481_20251031,UnknownLibrary,1,/usr/local/illumina/runs/260120_VH01775_191_AAJ22HCM5/AnalysisTemp/260120_VH01775_191_AAJ22HCM5/fastq/GLC_25GOWN_ARCH-G38-GW481_20251031_S152_R1_001.fastq.gz,/usr/local/illumina/runs/260120_VH01775_191_AAJ22HCM5/AnalysisTemp/260120_VH01775_191_AAJ22HCM5/fastq/GLC_25GOWN_ARCH-G38-GW481_20251031_S152_R2_001.fastq.gz
AGGCAGAA.TCTTACGC.1,GLC_25GOWN_ARCH-G39-GW931_20251031,UnknownLibrary,1,/usr/local/illumina/runs/260120_VH01775_191_AAJ22HCM5/AnalysisTemp/260120_VH01775_191_AAJ22HCM5/fastq/GLC_25GOWN_ARCH-G39-GW931_20251031_S153_R1_001.fastq.gz,/usr/local/illumina/runs/260120_VH01775_191_AAJ22HCM5/AnalysisTemp/260120_VH01775_191_AAJ22HCM5/fastq/GLC_25GOWN_ARCH-G39-GW931_20251031_S153_R2_001.fastq.gz
TCCTGAGC.TCTTACGC.1,GLC_25GOWN_ARCH-G40-GW456_20251031,UnknownLibrary,1,/usr/local/illumina/runs/260120_VH01775_191_AAJ22HCM5/AnalysisTemp/260120_VH01775_191_AAJ22HCM5/fastq/GLC_25GOWN_ARCH-G40-GW456_20251031_S154_R1_001.fastq.gz,/usr/local/illumina/runs/260120_VH01775_191_AAJ22HCM5/AnalysisTemp/260120_VH01775_191_AAJ22HCM5/fastq/GLC_25GOWN_ARCH-G40-GW456_20251031_S154_R2_001.fastq.gz
GGACTCCT.TCTTACGC.1,GLC_25GOWN_ARCH-G41-GW162_20251031,UnknownLibrary,1,/usr/local/illumina/runs/260120_VH01775_191_AAJ22HCM5/AnalysisTemp/260120_VH01775_191_AAJ22HCM5/fastq/GLC_25GOWN_ARCH-G41-GW162_20251031_S155_R1_001.fastq.gz,/usr/local/illumina/runs/260120_VH01775_191_AAJ22HCM5/AnalysisTemp/260120_VH01775_191_AAJ22HCM5/fastq/GLC_25GOWN_ARCH-G41-GW162_20251031_S155_R2_001.fastq.gz
TAGGCATG.TCTTACGC.1,GLC_25GOWN_ARCH-G42-GW274_20251031,UnknownLibrary,1,/usr/local/illumina/runs/260120_VH01775_191_AAJ22HCM5/AnalysisTemp/260120_VH01775_191_AAJ22HCM5/fastq/GLC_25GOWN_ARCH-G42-GW274_20251031_S156_R1_001.fastq.gz,/usr/local/illumina/runs/260120_VH01775_191_AAJ22HCM5/AnalysisTemp/260120_VH01775_191_AAJ22HCM5/fastq/GLC_25GOWN_ARCH-G42-GW274_20251031_S156_R2_001.fastq.gz
CTCTCTAC.TCTTACGC.1,GLC_25GOWN_ARCH-G43-GW295_20251031,UnknownLibrary,1,/usr/local/illumina/runs/260120_VH01775_191_AAJ22HCM5/AnalysisTemp/260120_VH01775_191_AAJ22HCM5/fastq/GLC_25GOWN_ARCH-G43-GW295_20251031_S157_R1_001.fastq.gz,/usr/local/illumina/runs/260120_VH01775_191_AAJ22HCM5/AnalysisTemp/260120_VH01775_191_AAJ22HCM5/fastq/GLC_25GOWN_ARCH-G43-GW295_20251031_S157_R2_001.fastq.gz
CGAGGCTG.TCTTACGC.1,GLC_25GOWN_ARCH-G44-NC_20251031,UnknownLibrary,1,/usr/local/illumina/runs/260120_VH01775_191_AAJ22HCM5/AnalysisTemp/260120_VH01775_191_AAJ22HCM5/fastq/GLC_25GOWN_ARCH-G44-NC_20251031_S158_R1_001.fastq.gz,/usr/local/illumina/runs/260120_VH01775_191_AAJ22HCM5/AnalysisTemp/260120_VH01775_191_AAJ22HCM5/fastq/GLC_25GOWN_ARCH-G44-NC_20251031_S158_R2_001.fastq.gz
AAGAGGCA.TCTTACGC.1,GLC_25GOWN_ARCH-G45-NC_20251031,UnknownLibrary,1,/usr/local/illumina/runs/260120_VH01775_191_AAJ22HCM5/AnalysisTemp/260120_VH01775_191_AAJ22HCM5/fastq/GLC_25GOWN_ARCH-G45-NC_20251031_S159_R1_001.fastq.gz,/usr/local/illumina/runs/260120_VH01775_191_AAJ22HCM5/AnalysisTemp/260120_VH01775_191_AAJ22HCM5/fastq/GLC_25GOWN_ARCH-G45-NC_20251031_S159_R2_001.fastq.gz
GTAGAGGA.TCTTACGC.1,GLC_25GOWN_ARCH-G46-GW760_20251031,UnknownLibrary,1,/usr/local/illumina/runs/260120_VH01775_191_AAJ22HCM5/AnalysisTemp/260120_VH01775_191_AAJ22HCM5/fastq/GLC_25GOWN_ARCH-G46-GW760_20251031_S160_R1_001.fastq.gz,/usr/local/illumina/runs/260120_VH01775_191_AAJ22HCM5/AnalysisTemp/260120_VH01775_191_AAJ22HCM5/fastq/GLC_25GOWN_ARCH-G46-GW760_20251031_S160_R2_001.fastq.gz
GCTCATGA.TCTTACGC.1,GLC_25GOWN_ARCH-G47-GW218_20251031,UnknownLibrary,1,/usr/local/illumina/runs/260120_VH01775_191_AAJ22HCM5/AnalysisTemp/260120_VH01775_191_AAJ22HCM5/fastq/GLC_25GOWN_ARCH-G47-GW218_20251031_S161_R1_001.fastq.gz,/usr/local/illumina/runs/260120_VH01775_191_AAJ22HCM5/AnalysisTemp/260120_VH01775_191_AAJ22HCM5/fastq/GLC_25GOWN_ARCH-G47-GW218_20251031_S161_R2_001.fastq.gz
ATCTCAGG.TCTTACGC.1,GLC_25GOWN_ARCH-G48-GW217_20251031,UnknownLibrary,1,/usr/local/illumina/runs/260120_VH01775_191_AAJ22HCM5/AnalysisTemp/260120_VH01775_191_AAJ22HCM5/fastq/GLC_25GOWN_ARCH-G48-GW217_20251031_S162_R1_001.fastq.gz,/usr/local/illumina/runs/260120_VH01775_191_AAJ22HCM5/AnalysisTemp/260120_VH01775_191_AAJ22HCM5/fastq/GLC_25GOWN_ARCH-G48-GW217_20251031_S162_R2_001.fastq.gz
TAAGGCGA.CTTAATAG.1,GLC_25GOWN_BACT-G1-GW265_20251031,UnknownLibrary,1,/usr/local/illumina/runs/260120_VH01775_191_AAJ22HCM5/AnalysisTemp/260120_VH01775_191_AAJ22HCM5/fastq/GLC_25GOWN_BACT-G1-GW265_20251031_S163_R1_001.fastq.gz,/usr/local/illumina/runs/260120_VH01775_191_AAJ22HCM5/AnalysisTemp/260120_VH01775_191_AAJ22HCM5/fastq/GLC_25GOWN_BACT-G1-GW265_20251031_S163_R2_001.fastq.gz
CGTACTAG.CTTAATAG.1,GLC_25GOWN_BACT-G2-GW146_20251031,UnknownLibrary,1,/usr/local/illumina/runs/260120_VH01775_191_AAJ22HCM5/AnalysisTemp/260120_VH01775_191_AAJ22HCM5/fastq/GLC_25GOWN_BACT-G2-GW146_20251031_S164_R1_001.fastq.gz,/usr/local/illumina/runs/260120_VH01775_191_AAJ22HCM5/AnalysisTemp/260120_VH01775_191_AAJ22HCM5/fastq/GLC_25GOWN_BACT-G2-GW146_20251031_S164_R2_001.fastq.gz
AGGCAGAA.CTTAATAG.1,GLC_25GOWN_BACT-G3-GW112_20251031,UnknownLibrary,1,/usr/local/illumina/runs/260120_VH01775_191_AAJ22HCM5/AnalysisTemp/260120_VH01775_191_AAJ22HCM5/fastq/GLC_25GOWN_BACT-G3-GW112_20251031_S165_R1_001.fastq.gz,/usr/local/illumina/runs/260120_VH01775_191_AAJ22HCM5/AnalysisTemp/260120_VH01775_191_AAJ22HCM5/fastq/GLC_25GOWN_BACT-G3-GW112_20251031_S165_R2_001.fastq.gz
TCCTGAGC.CTTAATAG.1,GLC_25GOWN_BACT-G4-GW109_20251031,UnknownLibrary,1,/usr/local/illumina/runs/260120_VH01775_191_AAJ22HCM5/AnalysisTemp/260120_VH01775_191_AAJ22HCM5/fastq/GLC_25GOWN_BACT-G4-GW109_20251031_S166_R1_001.fastq.gz,/usr/local/illumina/runs/260120_VH01775_191_AAJ22HCM5/AnalysisTemp/260120_VH01775_191_AAJ22HCM5/fastq/GLC_25GOWN_BACT-G4-GW109_20251031_S166_R2_001.fastq.gz
GGACTCCT.CTTAATAG.1,GLC_25GOWN_BACT-G5-GW101_20251031,UnknownLibrary,1,/usr/local/illumina/runs/260120_VH01775_191_AAJ22HCM5/AnalysisTemp/260120_VH01775_191_AAJ22HCM5/fastq/GLC_25GOWN_BACT-G5-GW101_20251031_S167_R1_001.fastq.gz,/usr/local/illumina/runs/260120_VH01775_191_AAJ22HCM5/AnalysisTemp/260120_VH01775_191_AAJ22HCM5/fastq/GLC_25GOWN_BACT-G5-GW101_20251031_S167_R2_001.fastq.gz
TAGGCATG.CTTAATAG.1,GLC_25GOWN_BACT-G6-GW332_20251031,UnknownLibrary,1,/usr/local/illumina/runs/260120_VH01775_191_AAJ22HCM5/AnalysisTemp/260120_VH01775_191_AAJ22HCM5/fastq/GLC_25GOWN_BACT-G6-GW332_20251031_S168_R1_001.fastq.gz,/usr/local/illumina/runs/260120_VH01775_191_AAJ22HCM5/AnalysisTemp/260120_VH01775_191_AAJ22HCM5/fastq/GLC_25GOWN_BACT-G6-GW332_20251031_S168_R2_001.fastq.gz
CTCTCTAC.CTTAATAG.1,GLC_25GOWN_BACT-G7-GW277_20251031,UnknownLibrary,1,/usr/local/illumina/runs/260120_VH01775_191_AAJ22HCM5/AnalysisTemp/260120_VH01775_191_AAJ22HCM5/fastq/GLC_25GOWN_BACT-G7-GW277_20251031_S169_R1_001.fastq.gz,/usr/local/illumina/runs/260120_VH01775_191_AAJ22HCM5/AnalysisTemp/260120_VH01775_191_AAJ22HCM5/fastq/GLC_25GOWN_BACT-G7-GW277_20251031_S169_R2_001.fastq.gz
CGAGGCTG.CTTAATAG.1,GLC_25GOWN_BACT-G8-GW281_20251031,UnknownLibrary,1,/usr/local/illumina/runs/260120_VH01775_191_AAJ22HCM5/AnalysisTemp/260120_VH01775_191_AAJ22HCM5/fastq/GLC_25GOWN_BACT-G8-GW281_20251031_S170_R1_001.fastq.gz,/usr/local/illumina/runs/260120_VH01775_191_AAJ22HCM5/AnalysisTemp/260120_VH01775_191_AAJ22HCM5/fastq/GLC_25GOWN_BACT-G8-GW281_20251031_S170_R2_001.fastq.gz
AAGAGGCA.CTTAATAG.1,GLC_25GOWN_BACT-G9-GW275_20251031,UnknownLibrary,1,/usr/local/illumina/runs/260120_VH01775_191_AAJ22HCM5/AnalysisTemp/260120_VH01775_191_AAJ22HCM5/fastq/GLC_25GOWN_BACT-G9-GW275_20251031_S171_R1_001.fastq.gz,/usr/local/illumina/runs/260120_VH01775_191_AAJ22HCM5/AnalysisTemp/260120_VH01775_191_AAJ22HCM5/fastq/GLC_25GOWN_BACT-G9-GW275_20251031_S171_R2_001.fastq.gz
GTAGAGGA.CTTAATAG.1,GLC_25GOWN_BACT-G10-GW222_20251031,UnknownLibrary,1,/usr/local/illumina/runs/260120_VH01775_191_AAJ22HCM5/AnalysisTemp/260120_VH01775_191_AAJ22HCM5/fastq/GLC_25GOWN_BACT-G10-GW222_20251031_S172_R1_001.fastq.gz,/usr/local/illumina/runs/260120_VH01775_191_AAJ22HCM5/AnalysisTemp/260120_VH01775_191_AAJ22HCM5/fastq/GLC_25GOWN_BACT-G10-GW222_20251031_S172_R2_001.fastq.gz
GCTCATGA.CTTAATAG.1,GLC_25GOWN_BACT-G11-GW3050_20251031,UnknownLibrary,1,/usr/local/illumina/runs/260120_VH01775_191_AAJ22HCM5/AnalysisTemp/260120_VH01775_191_AAJ22HCM5/fastq/GLC_25GOWN_BACT-G11-GW3050_20251031_S173_R1_001.fastq.gz,/usr/local/illumina/runs/260120_VH01775_191_AAJ22HCM5/AnalysisTemp/260120_VH01775_191_AAJ22HCM5/fastq/GLC_25GOWN_BACT-G11-GW3050_20251031_S173_R2_001.fastq.gz
ATCTCAGG.CTTAATAG.1,GLC_25GOWN_BACT-G12-GW114_20251031,UnknownLibrary,1,/usr/local/illumina/runs/260120_VH01775_191_AAJ22HCM5/AnalysisTemp/260120_VH01775_191_AAJ22HCM5/fastq/GLC_25GOWN_BACT-G12-GW114_20251031_S174_R1_001.fastq.gz,/usr/local/illumina/runs/260120_VH01775_191_AAJ22HCM5/AnalysisTemp/260120_VH01775_191_AAJ22HCM5/fastq/GLC_25GOWN_BACT-G12-GW114_20251031_S174_R2_001.fastq.gz
TAAGGCGA.ATAGCCTT.1,GLC_25GOWN_BACT-G13-GW126_20251031,UnknownLibrary,1,/usr/local/illumina/runs/260120_VH01775_191_AAJ22HCM5/AnalysisTemp/260120_VH01775_191_AAJ22HCM5/fastq/GLC_25GOWN_BACT-G13-GW126_20251031_S175_R1_001.fastq.gz,/usr/local/illumina/runs/260120_VH01775_191_AAJ22HCM5/AnalysisTemp/260120_VH01775_191_AAJ22HCM5/fastq/GLC_25GOWN_BACT-G13-GW126_20251031_S175_R2_001.fastq.gz
CGTACTAG.ATAGCCTT.1,GLC_25GOWN_BACT-G14-GW328_20251031,UnknownLibrary,1,/usr/local/illumina/runs/260120_VH01775_191_AAJ22HCM5/AnalysisTemp/260120_VH01775_191_AAJ22HCM5/fastq/GLC_25GOWN_BACT-G14-GW328_20251031_S176_R1_001.fastq.gz,/usr/local/illumina/runs/260120_VH01775_191_AAJ22HCM5/AnalysisTemp/260120_VH01775_191_AAJ22HCM5/fastq/GLC_25GOWN_BACT-G14-GW328_20251031_S176_R2_001.fastq.gz
AGGCAGAA.ATAGCCTT.1,GLC_25GOWN_BACT-G15-GW3089_20251031,UnknownLibrary,1,/usr/local/illumina/runs/260120_VH01775_191_AAJ22HCM5/AnalysisTemp/260120_VH01775_191_AAJ22HCM5/fastq/GLC_25GOWN_BACT-G15-GW3089_20251031_S177_R1_001.fastq.gz,/usr/local/illumina/runs/260120_VH01775_191_AAJ22HCM5/AnalysisTemp/260120_VH01775_191_AAJ22HCM5/fastq/GLC_25GOWN_BACT-G15-GW3089_20251031_S177_R2_001.fastq.gz
TCCTGAGC.ATAGCCTT.1,GLC_25GOWN_BACT-G16-GW340_20251031,UnknownLibrary,1,/usr/local/illumina/runs/260120_VH01775_191_AAJ22HCM5/AnalysisTemp/260120_VH01775_191_AAJ22HCM5/fastq/GLC_25GOWN_BACT-G16-GW340_20251031_S178_R1_001.fastq.gz,/usr/local/illumina/runs/260120_VH01775_191_AAJ22HCM5/AnalysisTemp/260120_VH01775_191_AAJ22HCM5/fastq/GLC_25GOWN_BACT-G16-GW340_20251031_S178_R2_001.fastq.gz
GGACTCCT.ATAGCCTT.1,GLC_25GOWN_BACT-G17-GW628_20251031,UnknownLibrary,1,/usr/local/illumina/runs/260120_VH01775_191_AAJ22HCM5/AnalysisTemp/260120_VH01775_191_AAJ22HCM5/fastq/GLC_25GOWN_BACT-G17-GW628_20251031_S179_R1_001.fastq.gz,/usr/local/illumina/runs/260120_VH01775_191_AAJ22HCM5/AnalysisTemp/260120_VH01775_191_AAJ22HCM5/fastq/GLC_25GOWN_BACT-G17-GW628_20251031_S179_R2_001.fastq.gz
TAGGCATG.ATAGCCTT.1,GLC_25GOWN_BACT-G18-GW626_20251031,UnknownLibrary,1,/usr/local/illumina/runs/260120_VH01775_191_AAJ22HCM5/AnalysisTemp/260120_VH01775_191_AAJ22HCM5/fastq/GLC_25GOWN_BACT-G18-GW626_20251031_S180_R1_001.fastq.gz,/usr/local/illumina/runs/260120_VH01775_191_AAJ22HCM5/AnalysisTemp/260120_VH01775_191_AAJ22HCM5/fastq/GLC_25GOWN_BACT-G18-GW626_20251031_S180_R2_001.fastq.gz
CTCTCTAC.ATAGCCTT.1,GLC_25GOWN_BACT-G19-GW175_20251031,UnknownLibrary,1,/usr/local/illumina/runs/260120_VH01775_191_AAJ22HCM5/AnalysisTemp/260120_VH01775_191_AAJ22HCM5/fastq/GLC_25GOWN_BACT-G19-GW175_20251031_S181_R1_001.fastq.gz,/usr/local/illumina/runs/260120_VH01775_191_AAJ22HCM5/AnalysisTemp/260120_VH01775_191_AAJ22HCM5/fastq/GLC_25GOWN_BACT-G19-GW175_20251031_S181_R2_001.fastq.gz
CGAGGCTG.ATAGCCTT.1,GLC_25GOWN_BACT-G20-GW3103_20251031,UnknownLibrary,1,/usr/local/illumina/runs/260120_VH01775_191_AAJ22HCM5/AnalysisTemp/260120_VH01775_191_AAJ22HCM5/fastq/GLC_25GOWN_BACT-G20-GW3103_20251031_S182_R1_001.fastq.gz,/usr/local/illumina/runs/260120_VH01775_191_AAJ22HCM5/AnalysisTemp/260120_VH01775_191_AAJ22HCM5/fastq/GLC_25GOWN_BACT-G20-GW3103_20251031_S182_R2_001.fastq.gz
AAGAGGCA.ATAGCCTT.1,GLC_25GOWN_BACT-G21-GW292_20251031,UnknownLibrary,1,/usr/local/illumina/runs/260120_VH01775_191_AAJ22HCM5/AnalysisTemp/260120_VH01775_191_AAJ22HCM5/fastq/GLC_25GOWN_BACT-G21-GW292_20251031_S183_R1_001.fastq.gz,/usr/local/illumina/runs/260120_VH01775_191_AAJ22HCM5/AnalysisTemp/260120_VH01775_191_AAJ22HCM5/fastq/GLC_25GOWN_BACT-G21-GW292_20251031_S183_R2_001.fastq.gz
GTAGAGGA.ATAGCCTT.1,GLC_25GOWN_BACT-G22-GW429_20251031,UnknownLibrary,1,/usr/local/illumina/runs/260120_VH01775_191_AAJ22HCM5/AnalysisTemp/260120_VH01775_191_AAJ22HCM5/fastq/GLC_25GOWN_BACT-G22-GW429_20251031_S184_R1_001.fastq.gz,/usr/local/illumina/runs/260120_VH01775_191_AAJ22HCM5/AnalysisTemp/260120_VH01775_191_AAJ22HCM5/fastq/GLC_25GOWN_BACT-G22-GW429_20251031_S184_R2_001.fastq.gz
GCTCATGA.ATAGCCTT.1,GLC_25GOWN_BACT-G23-GW374_20251031,UnknownLibrary,1,/usr/local/illumina/runs/260120_VH01775_191_AAJ22HCM5/AnalysisTemp/260120_VH01775_191_AAJ22HCM5/fastq/GLC_25GOWN_BACT-G23-GW374_20251031_S185_R1_001.fastq.gz,/usr/local/illumina/runs/260120_VH01775_191_AAJ22HCM5/AnalysisTemp/260120_VH01775_191_AAJ22HCM5/fastq/GLC_25GOWN_BACT-G23-GW374_20251031_S185_R2_001.fastq.gz
ATCTCAGG.ATAGCCTT.1,GLC_25GOWN_BACT-G24-GW373_20251031,UnknownLibrary,1,/usr/local/illumina/runs/260120_VH01775_191_AAJ22HCM5/AnalysisTemp/260120_VH01775_191_AAJ22HCM5/fastq/GLC_25GOWN_BACT-G24-GW373_20251031_S186_R1_001.fastq.gz,/usr/local/illumina/runs/260120_VH01775_191_AAJ22HCM5/AnalysisTemp/260120_VH01775_191_AAJ22HCM5/fastq/GLC_25GOWN_BACT-G24-GW373_20251031_S186_R2_001.fastq.gz
TAAGGCGA.TAAGGCTC.1,GLC_25GOWN_BACT-G25-GW364_20251031,UnknownLibrary,1,/usr/local/illumina/runs/260120_VH01775_191_AAJ22HCM5/AnalysisTemp/260120_VH01775_191_AAJ22HCM5/fastq/GLC_25GOWN_BACT-G25-GW364_20251031_S187_R1_001.fastq.gz,/usr/local/illumina/runs/260120_VH01775_191_AAJ22HCM5/AnalysisTemp/260120_VH01775_191_AAJ22HCM5/fastq/GLC_25GOWN_BACT-G25-GW364_20251031_S187_R2_001.fastq.gz
CGTACTAG.TAAGGCTC.1,GLC_25GOWN_BACT-G26-GW449_20251031,UnknownLibrary,1,/usr/local/illumina/runs/260120_VH01775_191_AAJ22HCM5/AnalysisTemp/260120_VH01775_191_AAJ22HCM5/fastq/GLC_25GOWN_BACT-G26-GW449_20251031_S188_R1_001.fastq.gz,/usr/local/illumina/runs/260120_VH01775_191_AAJ22HCM5/AnalysisTemp/260120_VH01775_191_AAJ22HCM5/fastq/GLC_25GOWN_BACT-G26-GW449_20251031_S188_R2_001.fastq.gz
AGGCAGAA.TAAGGCTC.1,GLC_25GOWN_BACT-G27-GW143_20251031,UnknownLibrary,1,/usr/local/illumina/runs/260120_VH01775_191_AAJ22HCM5/AnalysisTemp/260120_VH01775_191_AAJ22HCM5/fastq/GLC_25GOWN_BACT-G27-GW143_20251031_S189_R1_001.fastq.gz,/usr/local/illumina/runs/260120_VH01775_191_AAJ22HCM5/AnalysisTemp/260120_VH01775_191_AAJ22HCM5/fastq/GLC_25GOWN_BACT-G27-GW143_20251031_S189_R2_001.fastq.gz
TCCTGAGC.TAAGGCTC.1,GLC_25GOWN_BACT-G28-GW178_20251031,UnknownLibrary,1,/usr/local/illumina/runs/260120_VH01775_191_AAJ22HCM5/AnalysisTemp/260120_VH01775_191_AAJ22HCM5/fastq/GLC_25GOWN_BACT-G28-GW178_20251031_S190_R1_001.fastq.gz,/usr/local/illumina/runs/260120_VH01775_191_AAJ22HCM5/AnalysisTemp/260120_VH01775_191_AAJ22HCM5/fastq/GLC_25GOWN_BACT-G28-GW178_20251031_S190_R2_001.fastq.gz
GGACTCCT.TAAGGCTC.1,GLC_25GOWN_BACT-G29-GW176_20251031,UnknownLibrary,1,/usr/local/illumina/runs/260120_VH01775_191_AAJ22HCM5/AnalysisTemp/260120_VH01775_191_AAJ22HCM5/fastq/GLC_25GOWN_BACT-G29-GW176_20251031_S191_R1_001.fastq.gz,/usr/local/illumina/runs/260120_VH01775_191_AAJ22HCM5/AnalysisTemp/260120_VH01775_191_AAJ22HCM5/fastq/GLC_25GOWN_BACT-G29-GW176_20251031_S191_R2_001.fastq.gz
TAGGCATG.TAAGGCTC.1,GLC_25GOWN_BACT-G30-GW148_20251031,UnknownLibrary,1,/usr/local/illumina/runs/260120_VH01775_191_AAJ22HCM5/AnalysisTemp/260120_VH01775_191_AAJ22HCM5/fastq/GLC_25GOWN_BACT-G30-GW148_20251031_S192_R1_001.fastq.gz,/usr/local/illumina/runs/260120_VH01775_191_AAJ22HCM5/AnalysisTemp/260120_VH01775_191_AAJ22HCM5/fastq/GLC_25GOWN_BACT-G30-GW148_20251031_S192_R2_001.fastq.gz
CTCTCTAC.TAAGGCTC.1,GLC_25GOWN_BACT-G31-GW339_20251031,UnknownLibrary,1,/usr/local/illumina/runs/260120_VH01775_191_AAJ22HCM5/AnalysisTemp/260120_VH01775_191_AAJ22HCM5/fastq/GLC_25GOWN_BACT-G31-GW339_20251031_S193_R1_001.fastq.gz,/usr/local/illumina/runs/260120_VH01775_191_AAJ22HCM5/AnalysisTemp/260120_VH01775_191_AAJ22HCM5/fastq/GLC_25GOWN_BACT-G31-GW339_20251031_S193_R2_001.fastq.gz
CGAGGCTG.TAAGGCTC.1,GLC_25GOWN_BACT-G32-GW376_20251031,UnknownLibrary,1,/usr/local/illumina/runs/260120_VH01775_191_AAJ22HCM5/AnalysisTemp/260120_VH01775_191_AAJ22HCM5/fastq/GLC_25GOWN_BACT-G32-GW376_20251031_S194_R1_001.fastq.gz,/usr/local/illumina/runs/260120_VH01775_191_AAJ22HCM5/AnalysisTemp/260120_VH01775_191_AAJ22HCM5/fastq/GLC_25GOWN_BACT-G32-GW376_20251031_S194_R2_001.fastq.gz
AAGAGGCA.TAAGGCTC.1,GLC_25GOWN_BACT-G33-GW237_20251031,UnknownLibrary,1,/usr/local/illumina/runs/260120_VH01775_191_AAJ22HCM5/AnalysisTemp/260120_VH01775_191_AAJ22HCM5/fastq/GLC_25GOWN_BACT-G33-GW237_20251031_S195_R1_001.fastq.gz,/usr/local/illumina/runs/260120_VH01775_191_AAJ22HCM5/AnalysisTemp/260120_VH01775_191_AAJ22HCM5/fastq/GLC_25GOWN_BACT-G33-GW237_20251031_S195_R2_001.fastq.gz
GTAGAGGA.TAAGGCTC.1,GLC_25GOWN_BACT-G34-GW267_20251031,UnknownLibrary,1,/usr/local/illumina/runs/260120_VH01775_191_AAJ22HCM5/AnalysisTemp/260120_VH01775_191_AAJ22HCM5/fastq/GLC_25GOWN_BACT-G34-GW267_20251031_S196_R1_001.fastq.gz,/usr/local/illumina/runs/260120_VH01775_191_AAJ22HCM5/AnalysisTemp/260120_VH01775_191_AAJ22HCM5/fastq/GLC_25GOWN_BACT-G34-GW267_20251031_S196_R2_001.fastq.gz
GCTCATGA.TAAGGCTC.1,GLC_25GOWN_BACT-G35-GW294_20251031,UnknownLibrary,1,/usr/local/illumina/runs/260120_VH01775_191_AAJ22HCM5/AnalysisTemp/260120_VH01775_191_AAJ22HCM5/fastq/GLC_25GOWN_BACT-G35-GW294_20251031_S197_R1_001.fastq.gz,/usr/local/illumina/runs/260120_VH01775_191_AAJ22HCM5/AnalysisTemp/260120_VH01775_191_AAJ22HCM5/fastq/GLC_25GOWN_BACT-G35-GW294_20251031_S197_R2_001.fastq.gz
ATCTCAGG.TAAGGCTC.1,GLC_25GOWN_BACT-G36-GW3021_20251031,UnknownLibrary,1,/usr/local/illumina/runs/260120_VH01775_191_AAJ22HCM5/AnalysisTemp/260120_VH01775_191_AAJ22HCM5/fastq/GLC_25GOWN_BACT-G36-GW3021_20251031_S198_R1_001.fastq.gz,/usr/local/illumina/runs/260120_VH01775_191_AAJ22HCM5/AnalysisTemp/260120_VH01775_191_AAJ22HCM5/fastq/GLC_25GOWN_BACT-G36-GW3021_20251031_S198_R2_001.fastq.gz
TAAGGCGA.TCGCATAA.1,GLC_25GOWN_BACT-G37-GW4016_20251031,UnknownLibrary,1,/usr/local/illumina/runs/260120_VH01775_191_AAJ22HCM5/AnalysisTemp/260120_VH01775_191_AAJ22HCM5/fastq/GLC_25GOWN_BACT-G37-GW4016_20251031_S199_R1_001.fastq.gz,/usr/local/illumina/runs/260120_VH01775_191_AAJ22HCM5/AnalysisTemp/260120_VH01775_191_AAJ22HCM5/fastq/GLC_25GOWN_BACT-G37-GW4016_20251031_S199_R2_001.fastq.gz
CGTACTAG.TCGCATAA.1,GLC_25GOWN_BACT-G38-GW481_20251031,UnknownLibrary,1,/usr/local/illumina/runs/260120_VH01775_191_AAJ22HCM5/AnalysisTemp/260120_VH01775_191_AAJ22HCM5/fastq/GLC_25GOWN_BACT-G38-GW481_20251031_S200_R1_001.fastq.gz,/usr/local/illumina/runs/260120_VH01775_191_AAJ22HCM5/AnalysisTemp/260120_VH01775_191_AAJ22HCM5/fastq/GLC_25GOWN_BACT-G38-GW481_20251031_S200_R2_001.fastq.gz
AGGCAGAA.TCGCATAA.1,GLC_25GOWN_BACT-G39-GW931_20251031,UnknownLibrary,1,/usr/local/illumina/runs/260120_VH01775_191_AAJ22HCM5/AnalysisTemp/260120_VH01775_191_AAJ22HCM5/fastq/GLC_25GOWN_BACT-G39-GW931_20251031_S201_R1_001.fastq.gz,/usr/local/illumina/runs/260120_VH01775_191_AAJ22HCM5/AnalysisTemp/260120_VH01775_191_AAJ22HCM5/fastq/GLC_25GOWN_BACT-G39-GW931_20251031_S201_R2_001.fastq.gz
TCCTGAGC.TCGCATAA.1,GLC_25GOWN_BACT-G40-GW456_20251031,UnknownLibrary,1,/usr/local/illumina/runs/260120_VH01775_191_AAJ22HCM5/AnalysisTemp/260120_VH01775_191_AAJ22HCM5/fastq/GLC_25GOWN_BACT-G40-GW456_20251031_S202_R1_001.fastq.gz,/usr/local/illumina/runs/260120_VH01775_191_AAJ22HCM5/AnalysisTemp/260120_VH01775_191_AAJ22HCM5/fastq/GLC_25GOWN_BACT-G40-GW456_20251031_S202_R2_001.fastq.gz
GGACTCCT.TCGCATAA.1,GLC_25GOWN_BACT-G41-GW162_20251031,UnknownLibrary,1,/usr/local/illumina/runs/260120_VH01775_191_AAJ22HCM5/AnalysisTemp/260120_VH01775_191_AAJ22HCM5/fastq/GLC_25GOWN_BACT-G41-GW162_20251031_S203_R1_001.fastq.gz,/usr/local/illumina/runs/260120_VH01775_191_AAJ22HCM5/AnalysisTemp/260120_VH01775_191_AAJ22HCM5/fastq/GLC_25GOWN_BACT-G41-GW162_20251031_S203_R2_001.fastq.gz
TAGGCATG.TCGCATAA.1,GLC_25GOWN_BACT-G42-GW274_20251031,UnknownLibrary,1,/usr/local/illumina/runs/260120_VH01775_191_AAJ22HCM5/AnalysisTemp/260120_VH01775_191_AAJ22HCM5/fastq/GLC_25GOWN_BACT-G42-GW274_20251031_S204_R1_001.fastq.gz,/usr/local/illumina/runs/260120_VH01775_191_AAJ22HCM5/AnalysisTemp/260120_VH01775_191_AAJ22HCM5/fastq/GLC_25GOWN_BACT-G42-GW274_20251031_S204_R2_001.fastq.gz
CTCTCTAC.TCGCATAA.1,GLC_25GOWN_BACT-G43-GW295_20251031,UnknownLibrary,1,/usr/local/illumina/runs/260120_VH01775_191_AAJ22HCM5/AnalysisTemp/260120_VH01775_191_AAJ22HCM5/fastq/GLC_25GOWN_BACT-G43-GW295_20251031_S205_R1_001.fastq.gz,/usr/local/illumina/runs/260120_VH01775_191_AAJ22HCM5/AnalysisTemp/260120_VH01775_191_AAJ22HCM5/fastq/GLC_25GOWN_BACT-G43-GW295_20251031_S205_R2_001.fastq.gz
CGAGGCTG.TCGCATAA.1,GLC_25GOWN_BACT-G44-NC_20251031,UnknownLibrary,1,/usr/local/illumina/runs/260120_VH01775_191_AAJ22HCM5/AnalysisTemp/260120_VH01775_191_AAJ22HCM5/fastq/GLC_25GOWN_BACT-G44-NC_20251031_S206_R1_001.fastq.gz,/usr/local/illumina/runs/260120_VH01775_191_AAJ22HCM5/AnalysisTemp/260120_VH01775_191_AAJ22HCM5/fastq/GLC_25GOWN_BACT-G44-NC_20251031_S206_R2_001.fastq.gz
AAGAGGCA.TCGCATAA.1,GLC_25GOWN_BACT-G45-NC_20251031,UnknownLibrary,1,/usr/local/illumina/runs/260120_VH01775_191_AAJ22HCM5/AnalysisTemp/260120_VH01775_191_AAJ22HCM5/fastq/GLC_25GOWN_BACT-G45-NC_20251031_S207_R1_001.fastq.gz,/usr/local/illumina/runs/260120_VH01775_191_AAJ22HCM5/AnalysisTemp/260120_VH01775_191_AAJ22HCM5/fastq/GLC_25GOWN_BACT-G45-NC_20251031_S207_R2_001.fastq.gz
GTAGAGGA.TCGCATAA.1,GLC_25GOWN_BACT-G46-GW760_20251031,UnknownLibrary,1,/usr/local/illumina/runs/260120_VH01775_191_AAJ22HCM5/AnalysisTemp/260120_VH01775_191_AAJ22HCM5/fastq/GLC_25GOWN_BACT-G46-GW760_20251031_S208_R1_001.fastq.gz,/usr/local/illumina/runs/260120_VH01775_191_AAJ22HCM5/AnalysisTemp/260120_VH01775_191_AAJ22HCM5/fastq/GLC_25GOWN_BACT-G46-GW760_20251031_S208_R2_001.fastq.gz
GCTCATGA.TCGCATAA.1,GLC_25GOWN_BACT-G47-GW218_20251031,UnknownLibrary,1,/usr/local/illumina/runs/260120_VH01775_191_AAJ22HCM5/AnalysisTemp/260120_VH01775_191_AAJ22HCM5/fastq/GLC_25GOWN_BACT-G47-GW218_20251031_S209_R1_001.fastq.gz,/usr/local/illumina/runs/260120_VH01775_191_AAJ22HCM5/AnalysisTemp/260120_VH01775_191_AAJ22HCM5/fastq/GLC_25GOWN_BACT-G47-GW218_20251031_S209_R2_001.fastq.gz
ATCTCAGG.TCGCATAA.1,GLC_25GOWN_BACT-G48-GW217_20251031,UnknownLibrary,1,/usr/local/illumina/runs/260120_VH01775_191_AAJ22HCM5/AnalysisTemp/260120_VH01775_191_AAJ22HCM5/fastq/GLC_25GOWN_BACT-G48-GW217_20251031_S210_R1_001.fastq.gz,/usr/local/illumina/runs/260120_VH01775_191_AAJ22HCM5/AnalysisTemp/260120_VH01775_191_AAJ22HCM5/fastq/GLC_25GOWN_BACT-G48-GW217_20251031_S210_R2_001.fastq.gz
ACTCGCTA.CTAGTCGA.1,GLC_25GOWN_ARCH-09-GW110_20251021,UnknownLibrary,1,/usr/local/illumina/runs/260120_VH01775_191_AAJ22HCM5/AnalysisTemp/260120_VH01775_191_AAJ22HCM5/fastq/GLC_25GOWN_ARCH-09-GW110_20251021_S211_R1_001.fastq.gz,/usr/local/illumina/runs/260120_VH01775_191_AAJ22HCM5/AnalysisTemp/260120_VH01775_191_AAJ22HCM5/fastq/GLC_25GOWN_ARCH-09-GW110_20251021_S211_R2_001.fastq.gz
GGAGCTAC.CTAGTCGA.1,GLC_25GOWN_ARCH-11-GW3103_20251021,UnknownLibrary,1,/usr/local/illumina/runs/260120_VH01775_191_AAJ22HCM5/AnalysisTemp/260120_VH01775_191_AAJ22HCM5/fastq/GLC_25GOWN_ARCH-11-GW3103_20251021_S212_R1_001.fastq.gz,/usr/local/illumina/runs/260120_VH01775_191_AAJ22HCM5/AnalysisTemp/260120_VH01775_191_AAJ22HCM5/fastq/GLC_25GOWN_ARCH-11-GW3103_20251021_S212_R2_001.fastq.gz
GCGTAGTA.CTAGTCGA.1,GLC_25GOWN_ARCH-12-GW339_20251021,UnknownLibrary,1,/usr/local/illumina/runs/260120_VH01775_191_AAJ22HCM5/AnalysisTemp/260120_VH01775_191_AAJ22HCM5/fastq/GLC_25GOWN_ARCH-12-GW339_20251021_S213_R1_001.fastq.gz,/usr/local/illumina/runs/260120_VH01775_191_AAJ22HCM5/AnalysisTemp/260120_VH01775_191_AAJ22HCM5/fastq/GLC_25GOWN_ARCH-12-GW339_20251021_S213_R2_001.fastq.gz
CGGAGCCT.CTAGTCGA.1,GLC_25GOWN_ARCH-13-GW980_20251021,UnknownLibrary,1,/usr/local/illumina/runs/260120_VH01775_191_AAJ22HCM5/AnalysisTemp/260120_VH01775_191_AAJ22HCM5/fastq/GLC_25GOWN_ARCH-13-GW980_20251021_S214_R1_001.fastq.gz,/usr/local/illumina/runs/260120_VH01775_191_AAJ22HCM5/AnalysisTemp/260120_VH01775_191_AAJ22HCM5/fastq/GLC_25GOWN_ARCH-13-GW980_20251021_S214_R2_001.fastq.gz
TACGCTGC.CTAGTCGA.1,GLC_25GOWN_ARCH-14-GW117_20251021,UnknownLibrary,1,/usr/local/illumina/runs/260120_VH01775_191_AAJ22HCM5/AnalysisTemp/260120_VH01775_191_AAJ22HCM5/fastq/GLC_25GOWN_ARCH-14-GW117_20251021_S215_R1_001.fastq.gz,/usr/local/illumina/runs/260120_VH01775_191_AAJ22HCM5/AnalysisTemp/260120_VH01775_191_AAJ22HCM5/fastq/GLC_25GOWN_ARCH-14-GW117_20251021_S215_R2_001.fastq.gz
ATGCGCAG.CTAGTCGA.1,GLC_25GOWN_ARCH-15-GW160_20251021,UnknownLibrary,1,/usr/local/illumina/runs/260120_VH01775_191_AAJ22HCM5/AnalysisTemp/260120_VH01775_191_AAJ22HCM5/fastq/GLC_25GOWN_ARCH-15-GW160_20251021_S216_R1_001.fastq.gz,/usr/local/illumina/runs/260120_VH01775_191_AAJ22HCM5/AnalysisTemp/260120_VH01775_191_AAJ22HCM5/fastq/GLC_25GOWN_ARCH-15-GW160_20251021_S216_R2_001.fastq.gz
TAGCGCTC.CTAGTCGA.1,GLC_25GOWN_ARCH-16-GW984_20251021,UnknownLibrary,1,/usr/local/illumina/runs/260120_VH01775_191_AAJ22HCM5/AnalysisTemp/260120_VH01775_191_AAJ22HCM5/fastq/GLC_25GOWN_ARCH-16-GW984_20251021_S217_R1_001.fastq.gz,/usr/local/illumina/runs/260120_VH01775_191_AAJ22HCM5/AnalysisTemp/260120_VH01775_191_AAJ22HCM5/fastq/GLC_25GOWN_ARCH-16-GW984_20251021_S217_R2_001.fastq.gz
ACTGAGCG.CTAGTCGA.1,GLC_25GOWN_ARCH-17-GW3022_20251021,UnknownLibrary,1,/usr/local/illumina/runs/260120_VH01775_191_AAJ22HCM5/AnalysisTemp/260120_VH01775_191_AAJ22HCM5/fastq/GLC_25GOWN_ARCH-17-GW3022_20251021_S218_R1_001.fastq.gz,/usr/local/illumina/runs/260120_VH01775_191_AAJ22HCM5/AnalysisTemp/260120_VH01775_191_AAJ22HCM5/fastq/GLC_25GOWN_ARCH-17-GW3022_20251021_S218_R2_001.fastq.gz
CCTAAGAC.CTAGTCGA.1,GLC_25GOWN_ARCH-18-GW982_20251021,UnknownLibrary,1,/usr/local/illumina/runs/260120_VH01775_191_AAJ22HCM5/AnalysisTemp/260120_VH01775_191_AAJ22HCM5/fastq/GLC_25GOWN_ARCH-18-GW982_20251021_S219_R1_001.fastq.gz,/usr/local/illumina/runs/260120_VH01775_191_AAJ22HCM5/AnalysisTemp/260120_VH01775_191_AAJ22HCM5/fastq/GLC_25GOWN_ARCH-18-GW982_20251021_S219_R2_001.fastq.gz
CGATCAGT.CTAGTCGA.1,GLC_25GOWN_ARCH-19-GW989_20251021,UnknownLibrary,1,/usr/local/illumina/runs/260120_VH01775_191_AAJ22HCM5/AnalysisTemp/260120_VH01775_191_AAJ22HCM5/fastq/GLC_25GOWN_ARCH-19-GW989_20251021_S220_R1_001.fastq.gz,/usr/local/illumina/runs/260120_VH01775_191_AAJ22HCM5/AnalysisTemp/260120_VH01775_191_AAJ22HCM5/fastq/GLC_25GOWN_ARCH-19-GW989_20251021_S220_R2_001.fastq.gz
TGCAGCTA.CTAGTCGA.1,GLC_25GOWN_ARCH-20-GW162_20251021,UnknownLibrary,1,/usr/local/illumina/runs/260120_VH01775_191_AAJ22HCM5/AnalysisTemp/260120_VH01775_191_AAJ22HCM5/fastq/GLC_25GOWN_ARCH-20-GW162_20251021_S221_R1_001.fastq.gz,/usr/local/illumina/runs/260120_VH01775_191_AAJ22HCM5/AnalysisTemp/260120_VH01775_191_AAJ22HCM5/fastq/GLC_25GOWN_ARCH-20-GW162_20251021_S221_R2_001.fastq.gz
TCGACGTC.CTAGTCGA.1,GLC_25GOWN_ARCH-21-GW983_20251021,UnknownLibrary,1,/usr/local/illumina/runs/260120_VH01775_191_AAJ22HCM5/AnalysisTemp/260120_VH01775_191_AAJ22HCM5/fastq/GLC_25GOWN_ARCH-21-GW983_20251021_S222_R1_001.fastq.gz,/usr/local/illumina/runs/260120_VH01775_191_AAJ22HCM5/AnalysisTemp/260120_VH01775_191_AAJ22HCM5/fastq/GLC_25GOWN_ARCH-21-GW983_20251021_S222_R2_001.fastq.gz
ACTCGCTA.AGCTAGAA.1,GLC_25GOWN_ARCH-22-GW200_20251021,UnknownLibrary,1,/usr/local/illumina/runs/260120_VH01775_191_AAJ22HCM5/AnalysisTemp/260120_VH01775_191_AAJ22HCM5/fastq/GLC_25GOWN_ARCH-22-GW200_20251021_S223_R1_001.fastq.gz,/usr/local/illumina/runs/260120_VH01775_191_AAJ22HCM5/AnalysisTemp/260120_VH01775_191_AAJ22HCM5/fastq/GLC_25GOWN_ARCH-22-GW200_20251021_S223_R2_001.fastq.gz
GGAGCTAC.AGCTAGAA.1,GLC_25GOWN_ARCH-23-GW949_20251021,UnknownLibrary,1,/usr/local/illumina/runs/260120_VH01775_191_AAJ22HCM5/AnalysisTemp/260120_VH01775_191_AAJ22HCM5/fastq/GLC_25GOWN_ARCH-23-GW949_20251021_S224_R1_001.fastq.gz,/usr/local/illumina/runs/260120_VH01775_191_AAJ22HCM5/AnalysisTemp/260120_VH01775_191_AAJ22HCM5/fastq/GLC_25GOWN_ARCH-23-GW949_20251021_S224_R2_001.fastq.gz
GCGTAGTA.AGCTAGAA.1,GLC_25GOWN_ARCH-24-GW247_20251021,UnknownLibrary,1,/usr/local/illumina/runs/260120_VH01775_191_AAJ22HCM5/AnalysisTemp/260120_VH01775_191_AAJ22HCM5/fastq/GLC_25GOWN_ARCH-24-GW247_20251021_S225_R1_001.fastq.gz,/usr/local/illumina/runs/260120_VH01775_191_AAJ22HCM5/AnalysisTemp/260120_VH01775_191_AAJ22HCM5/fastq/GLC_25GOWN_ARCH-24-GW247_20251021_S225_R2_001.fastq.gz
CGGAGCCT.AGCTAGAA.1,GLC_25GOWN_ARCH-25-GW242_20251021,UnknownLibrary,1,/usr/local/illumina/runs/260120_VH01775_191_AAJ22HCM5/AnalysisTemp/260120_VH01775_191_AAJ22HCM5/fastq/GLC_25GOWN_ARCH-25-GW242_20251021_S226_R1_001.fastq.gz,/usr/local/illumina/runs/260120_VH01775_191_AAJ22HCM5/AnalysisTemp/260120_VH01775_191_AAJ22HCM5/fastq/GLC_25GOWN_ARCH-25-GW242_20251021_S226_R2_001.fastq.gz
TACGCTGC.AGCTAGAA.1,GLC_25GOWN_ARCH-26-GW992_20251021,UnknownLibrary,1,/usr/local/illumina/runs/260120_VH01775_191_AAJ22HCM5/AnalysisTemp/260120_VH01775_191_AAJ22HCM5/fastq/GLC_25GOWN_ARCH-26-GW992_20251021_S227_R1_001.fastq.gz,/usr/local/illumina/runs/260120_VH01775_191_AAJ22HCM5/AnalysisTemp/260120_VH01775_191_AAJ22HCM5/fastq/GLC_25GOWN_ARCH-26-GW992_20251021_S227_R2_001.fastq.gz
ATGCGCAG.AGCTAGAA.1,GLC_25GOWN_ARCH-27-GW1153_20251021,UnknownLibrary,1,/usr/local/illumina/runs/260120_VH01775_191_AAJ22HCM5/AnalysisTemp/260120_VH01775_191_AAJ22HCM5/fastq/GLC_25GOWN_ARCH-27-GW1153_20251021_S228_R1_001.fastq.gz,/usr/local/illumina/runs/260120_VH01775_191_AAJ22HCM5/AnalysisTemp/260120_VH01775_191_AAJ22HCM5/fastq/GLC_25GOWN_ARCH-27-GW1153_20251021_S228_R2_001.fastq.gz
TAGCGCTC.AGCTAGAA.1,GLC_25GOWN_ARCH-28-GW1143_20251021,UnknownLibrary,1,/usr/local/illumina/runs/260120_VH01775_191_AAJ22HCM5/AnalysisTemp/260120_VH01775_191_AAJ22HCM5/fastq/GLC_25GOWN_ARCH-28-GW1143_20251021_S229_R1_001.fastq.gz,/usr/local/illumina/runs/260120_VH01775_191_AAJ22HCM5/AnalysisTemp/260120_VH01775_191_AAJ22HCM5/fastq/GLC_25GOWN_ARCH-28-GW1143_20251021_S229_R2_001.fastq.gz
ACTGAGCG.AGCTAGAA.1,GLC_25GOWN_ARCH-29-GW243_20251021,UnknownLibrary,1,/usr/local/illumina/runs/260120_VH01775_191_AAJ22HCM5/AnalysisTemp/260120_VH01775_191_AAJ22HCM5/fastq/GLC_25GOWN_ARCH-29-GW243_20251021_S230_R1_001.fastq.gz,/usr/local/illumina/runs/260120_VH01775_191_AAJ22HCM5/AnalysisTemp/260120_VH01775_191_AAJ22HCM5/fastq/GLC_25GOWN_ARCH-29-GW243_20251021_S230_R2_001.fastq.gz
CCTAAGAC.AGCTAGAA.1,GLC_25GOWN_ARCH-30-GW945_20251021,UnknownLibrary,1,/usr/local/illumina/runs/260120_VH01775_191_AAJ22HCM5/AnalysisTemp/260120_VH01775_191_AAJ22HCM5/fastq/GLC_25GOWN_ARCH-30-GW945_20251021_S231_R1_001.fastq.gz,/usr/local/illumina/runs/260120_VH01775_191_AAJ22HCM5/AnalysisTemp/260120_VH01775_191_AAJ22HCM5/fastq/GLC_25GOWN_ARCH-30-GW945_20251021_S231_R2_001.fastq.gz
CGATCAGT.AGCTAGAA.1,GLC_25GOWN_ARCH-31-GW244_20251021,UnknownLibrary,1,/usr/local/illumina/runs/260120_VH01775_191_AAJ22HCM5/AnalysisTemp/260120_VH01775_191_AAJ22HCM5/fastq/GLC_25GOWN_ARCH-31-GW244_20251021_S232_R1_001.fastq.gz,/usr/local/illumina/runs/260120_VH01775_191_AAJ22HCM5/AnalysisTemp/260120_VH01775_191_AAJ22HCM5/fastq/GLC_25GOWN_ARCH-31-GW244_20251021_S232_R2_001.fastq.gz
TGCAGCTA.AGCTAGAA.1,GLC_25GOWN_ARCH-32-GW1144_20251021,UnknownLibrary,1,/usr/local/illumina/runs/260120_VH01775_191_AAJ22HCM5/AnalysisTemp/260120_VH01775_191_AAJ22HCM5/fastq/GLC_25GOWN_ARCH-32-GW1144_20251021_S233_R1_001.fastq.gz,/usr/local/illumina/runs/260120_VH01775_191_AAJ22HCM5/AnalysisTemp/260120_VH01775_191_AAJ22HCM5/fastq/GLC_25GOWN_ARCH-32-GW1144_20251021_S233_R2_001.fastq.gz
TCGACGTC.AGCTAGAA.1,GLC_25GOWN_ARCH-33-GW246_20251021,UnknownLibrary,1,/usr/local/illumina/runs/260120_VH01775_191_AAJ22HCM5/AnalysisTemp/260120_VH01775_191_AAJ22HCM5/fastq/GLC_25GOWN_ARCH-33-GW246_20251021_S234_R1_001.fastq.gz,/usr/local/illumina/runs/260120_VH01775_191_AAJ22HCM5/AnalysisTemp/260120_VH01775_191_AAJ22HCM5/fastq/GLC_25GOWN_ARCH-33-GW246_20251021_S234_R2_001.fastq.gz
ACTCGCTA.ACTCTAGG.1,GLC_25GOWN_ARCH-34-GW950_20251021,UnknownLibrary,1,/usr/local/illumina/runs/260120_VH01775_191_AAJ22HCM5/AnalysisTemp/260120_VH01775_191_AAJ22HCM5/fastq/GLC_25GOWN_ARCH-34-GW950_20251021_S235_R1_001.fastq.gz,/usr/local/illumina/runs/260120_VH01775_191_AAJ22HCM5/AnalysisTemp/260120_VH01775_191_AAJ22HCM5/fastq/GLC_25GOWN_ARCH-34-GW950_20251021_S235_R2_001.fastq.gz
GGAGCTAC.ACTCTAGG.1,GLC_25GOWN_ARCH-35-GW991_20251021,UnknownLibrary,1,/usr/local/illumina/runs/260120_VH01775_191_AAJ22HCM5/AnalysisTemp/260120_VH01775_191_AAJ22HCM5/fastq/GLC_25GOWN_ARCH-35-GW991_20251021_S236_R1_001.fastq.gz,/usr/local/illumina/runs/260120_VH01775_191_AAJ22HCM5/AnalysisTemp/260120_VH01775_191_AAJ22HCM5/fastq/GLC_25GOWN_ARCH-35-GW991_20251021_S236_R2_001.fastq.gz
GCGTAGTA.ACTCTAGG.1,GLC_25GOWN_ARCH-36-GW1151_20251021,UnknownLibrary,1,/usr/local/illumina/runs/260120_VH01775_191_AAJ22HCM5/AnalysisTemp/260120_VH01775_191_AAJ22HCM5/fastq/GLC_25GOWN_ARCH-36-GW1151_20251021_S237_R1_001.fastq.gz,/usr/local/illumina/runs/260120_VH01775_191_AAJ22HCM5/AnalysisTemp/260120_VH01775_191_AAJ22HCM5/fastq/GLC_25GOWN_ARCH-36-GW1151_20251021_S237_R2_001.fastq.gz
CGGAGCCT.ACTCTAGG.1,GLC_25GOWN_ARCH-37-GW313_20251021,UnknownLibrary,1,/usr/local/illumina/runs/260120_VH01775_191_AAJ22HCM5/AnalysisTemp/260120_VH01775_191_AAJ22HCM5/fastq/GLC_25GOWN_ARCH-37-GW313_20251021_S238_R1_001.fastq.gz,/usr/local/illumina/runs/260120_VH01775_191_AAJ22HCM5/AnalysisTemp/260120_VH01775_191_AAJ22HCM5/fastq/GLC_25GOWN_ARCH-37-GW313_20251021_S238_R2_001.fastq.gz
TACGCTGC.ACTCTAGG.1,GLC_25GOWN_ARCH-38-GW3010_20251021,UnknownLibrary,1,/usr/local/illumina/runs/260120_VH01775_191_AAJ22HCM5/AnalysisTemp/260120_VH01775_191_AAJ22HCM5/fastq/GLC_25GOWN_ARCH-38-GW3010_20251021_S239_R1_001.fastq.gz,/usr/local/illumina/runs/260120_VH01775_191_AAJ22HCM5/AnalysisTemp/260120_VH01775_191_AAJ22HCM5/fastq/GLC_25GOWN_ARCH-38-GW3010_20251021_S239_R2_001.fastq.gz
ATGCGCAG.ACTCTAGG.1,GLC_25GOWN_ARCH-39-GW1150_20251021,UnknownLibrary,1,/usr/local/illumina/runs/260120_VH01775_191_AAJ22HCM5/AnalysisTemp/260120_VH01775_191_AAJ22HCM5/fastq/GLC_25GOWN_ARCH-39-GW1150_20251021_S240_R1_001.fastq.gz,/usr/local/illumina/runs/260120_VH01775_191_AAJ22HCM5/AnalysisTemp/260120_VH01775_191_AAJ22HCM5/fastq/GLC_25GOWN_ARCH-39-GW1150_20251021_S240_R2_001.fastq.gz
TAGCGCTC.ACTCTAGG.1,GLC_25GOWN_ARCH-40-GW312_20251021,UnknownLibrary,1,/usr/local/illumina/runs/260120_VH01775_191_AAJ22HCM5/AnalysisTemp/260120_VH01775_191_AAJ22HCM5/fastq/GLC_25GOWN_ARCH-40-GW312_20251021_S241_R1_001.fastq.gz,/usr/local/illumina/runs/260120_VH01775_191_AAJ22HCM5/AnalysisTemp/260120_VH01775_191_AAJ22HCM5/fastq/GLC_25GOWN_ARCH-40-GW312_20251021_S241_R2_001.fastq.gz
ACTGAGCG.ACTCTAGG.1,GLC_25GOWN_ARCH-41-GW248_20251021,UnknownLibrary,1,/usr/local/illumina/runs/260120_VH01775_191_AAJ22HCM5/AnalysisTemp/260120_VH01775_191_AAJ22HCM5/fastq/GLC_25GOWN_ARCH-41-GW248_20251021_S242_R1_001.fastq.gz,/usr/local/illumina/runs/260120_VH01775_191_AAJ22HCM5/AnalysisTemp/260120_VH01775_191_AAJ22HCM5/fastq/GLC_25GOWN_ARCH-41-GW248_20251021_S242_R2_001.fastq.gz
CCTAAGAC.ACTCTAGG.1,GLC_25GOWN_ARCH-42a-GW50_20251021,UnknownLibrary,1,/usr/local/illumina/runs/260120_VH01775_191_AAJ22HCM5/AnalysisTemp/260120_VH01775_191_AAJ22HCM5/fastq/GLC_25GOWN_ARCH-42a-GW50_20251021_S243_R1_001.fastq.gz,/usr/local/illumina/runs/260120_VH01775_191_AAJ22HCM5/AnalysisTemp/260120_VH01775_191_AAJ22HCM5/fastq/GLC_25GOWN_ARCH-42a-GW50_20251021_S243_R2_001.fastq.gz
CGATCAGT.ACTCTAGG.1,GLC_25GOWN_ARCH-42b-GW50_20251021,UnknownLibrary,1,/usr/local/illumina/runs/260120_VH01775_191_AAJ22HCM5/AnalysisTemp/260120_VH01775_191_AAJ22HCM5/fastq/GLC_25GOWN_ARCH-42b-GW50_20251021_S244_R1_001.fastq.gz,/usr/local/illumina/runs/260120_VH01775_191_AAJ22HCM5/AnalysisTemp/260120_VH01775_191_AAJ22HCM5/fastq/GLC_25GOWN_ARCH-42b-GW50_20251021_S244_R2_001.fastq.gz
TGCAGCTA.ACTCTAGG.1,GLC_25GOWN_ARCH-42c-GW50_20251021,UnknownLibrary,1,/usr/local/illumina/runs/260120_VH01775_191_AAJ22HCM5/AnalysisTemp/260120_VH01775_191_AAJ22HCM5/fastq/GLC_25GOWN_ARCH-42c-GW50_20251021_S245_R1_001.fastq.gz,/usr/local/illumina/runs/260120_VH01775_191_AAJ22HCM5/AnalysisTemp/260120_VH01775_191_AAJ22HCM5/fastq/GLC_25GOWN_ARCH-42c-GW50_20251021_S245_R2_001.fastq.gz
TCGACGTC.ACTCTAGG.1,GLC_25GOWN_ARCH-43-GW44_20251021,UnknownLibrary,1,/usr/local/illumina/runs/260120_VH01775_191_AAJ22HCM5/AnalysisTemp/260120_VH01775_191_AAJ22HCM5/fastq/GLC_25GOWN_ARCH-43-GW44_20251021_S246_R1_001.fastq.gz,/usr/local/illumina/runs/260120_VH01775_191_AAJ22HCM5/AnalysisTemp/260120_VH01775_191_AAJ22HCM5/fastq/GLC_25GOWN_ARCH-43-GW44_20251021_S246_R2_001.fastq.gz
ACTCGCTA.TCTTACGC.1,GLC_25GOWN_ARCH-44-GW387_20251021,UnknownLibrary,1,/usr/local/illumina/runs/260120_VH01775_191_AAJ22HCM5/AnalysisTemp/260120_VH01775_191_AAJ22HCM5/fastq/GLC_25GOWN_ARCH-44-GW387_20251021_S247_R1_001.fastq.gz,/usr/local/illumina/runs/260120_VH01775_191_AAJ22HCM5/AnalysisTemp/260120_VH01775_191_AAJ22HCM5/fastq/GLC_25GOWN_ARCH-44-GW387_20251021_S247_R2_001.fastq.gz
GGAGCTAC.TCTTACGC.1,GLC_25GOWN_ARCH-45-GW3098_20251021,UnknownLibrary,1,/usr/local/illumina/runs/260120_VH01775_191_AAJ22HCM5/AnalysisTemp/260120_VH01775_191_AAJ22HCM5/fastq/GLC_25GOWN_ARCH-45-GW3098_20251021_S248_R1_001.fastq.gz,/usr/local/illumina/runs/260120_VH01775_191_AAJ22HCM5/AnalysisTemp/260120_VH01775_191_AAJ22HCM5/fastq/GLC_25GOWN_ARCH-45-GW3098_20251021_S248_R2_001.fastq.gz
GCGTAGTA.TCTTACGC.1,GLC_25GOWN_ARCH-46-GW281_20251021,UnknownLibrary,1,/usr/local/illumina/runs/260120_VH01775_191_AAJ22HCM5/AnalysisTemp/260120_VH01775_191_AAJ22HCM5/fastq/GLC_25GOWN_ARCH-46-GW281_20251021_S249_R1_001.fastq.gz,/usr/local/illumina/runs/260120_VH01775_191_AAJ22HCM5/AnalysisTemp/260120_VH01775_191_AAJ22HCM5/fastq/GLC_25GOWN_ARCH-46-GW281_20251021_S249_R2_001.fastq.gz
CGGAGCCT.TCTTACGC.1,GLC_25GOWN_ARCH-47-GW369_20251021,UnknownLibrary,1,/usr/local/illumina/runs/260120_VH01775_191_AAJ22HCM5/AnalysisTemp/260120_VH01775_191_AAJ22HCM5/fastq/GLC_25GOWN_ARCH-47-GW369_20251021_S250_R1_001.fastq.gz,/usr/local/illumina/runs/260120_VH01775_191_AAJ22HCM5/AnalysisTemp/260120_VH01775_191_AAJ22HCM5/fastq/GLC_25GOWN_ARCH-47-GW369_20251021_S250_R2_001.fastq.gz
TACGCTGC.TCTTACGC.1,GLC_25GOWN_ARCH-48-GW275_20251021,UnknownLibrary,1,/usr/local/illumina/runs/260120_VH01775_191_AAJ22HCM5/AnalysisTemp/260120_VH01775_191_AAJ22HCM5/fastq/GLC_25GOWN_ARCH-48-GW275_20251021_S251_R1_001.fastq.gz,/usr/local/illumina/runs/260120_VH01775_191_AAJ22HCM5/AnalysisTemp/260120_VH01775_191_AAJ22HCM5/fastq/GLC_25GOWN_ARCH-48-GW275_20251021_S251_R2_001.fastq.gz
ATGCGCAG.TCTTACGC.1,GLC_25GOWN_ARCH-49-GW239_20251021,UnknownLibrary,1,/usr/local/illumina/runs/260120_VH01775_191_AAJ22HCM5/AnalysisTemp/260120_VH01775_191_AAJ22HCM5/fastq/GLC_25GOWN_ARCH-49-GW239_20251021_S252_R1_001.fastq.gz,/usr/local/illumina/runs/260120_VH01775_191_AAJ22HCM5/AnalysisTemp/260120_VH01775_191_AAJ22HCM5/fastq/GLC_25GOWN_ARCH-49-GW239_20251021_S252_R2_001.fastq.gz
TAGCGCTC.TCTTACGC.1,GLC_25GOWN_ARCH-50-GW381_20251021,UnknownLibrary,1,/usr/local/illumina/runs/260120_VH01775_191_AAJ22HCM5/AnalysisTemp/260120_VH01775_191_AAJ22HCM5/fastq/GLC_25GOWN_ARCH-50-GW381_20251021_S253_R1_001.fastq.gz,/usr/local/illumina/runs/260120_VH01775_191_AAJ22HCM5/AnalysisTemp/260120_VH01775_191_AAJ22HCM5/fastq/GLC_25GOWN_ARCH-50-GW381_20251021_S253_R2_001.fastq.gz
ACTGAGCG.TCTTACGC.1,GLC_25GOWN_ARCH-51-GW277_20251021,UnknownLibrary,1,/usr/local/illumina/runs/260120_VH01775_191_AAJ22HCM5/AnalysisTemp/260120_VH01775_191_AAJ22HCM5/fastq/GLC_25GOWN_ARCH-51-GW277_20251021_S254_R1_001.fastq.gz,/usr/local/illumina/runs/260120_VH01775_191_AAJ22HCM5/AnalysisTemp/260120_VH01775_191_AAJ22HCM5/fastq/GLC_25GOWN_ARCH-51-GW277_20251021_S254_R2_001.fastq.gz
CCTAAGAC.TCTTACGC.1,GLC_25GOWN_ARCH-52-GW379_20251021,UnknownLibrary,1,/usr/local/illumina/runs/260120_VH01775_191_AAJ22HCM5/AnalysisTemp/260120_VH01775_191_AAJ22HCM5/fastq/GLC_25GOWN_ARCH-52-GW379_20251021_S255_R1_001.fastq.gz,/usr/local/illumina/runs/260120_VH01775_191_AAJ22HCM5/AnalysisTemp/260120_VH01775_191_AAJ22HCM5/fastq/GLC_25GOWN_ARCH-52-GW379_20251021_S255_R2_001.fastq.gz
CGATCAGT.TCTTACGC.1,GLC_25GOWN_ARCH-53-GW389_20251021,UnknownLibrary,1,/usr/local/illumina/runs/260120_VH01775_191_AAJ22HCM5/AnalysisTemp/260120_VH01775_191_AAJ22HCM5/fastq/GLC_25GOWN_ARCH-53-GW389_20251021_S256_R1_001.fastq.gz,/usr/local/illumina/runs/260120_VH01775_191_AAJ22HCM5/AnalysisTemp/260120_VH01775_191_AAJ22HCM5/fastq/GLC_25GOWN_ARCH-53-GW389_20251021_S256_R2_001.fastq.gz
TGCAGCTA.TCTTACGC.1,GLC_25GOWN_ARCH-54-GW273_20251021,UnknownLibrary,1,/usr/local/illumina/runs/260120_VH01775_191_AAJ22HCM5/AnalysisTemp/260120_VH01775_191_AAJ22HCM5/fastq/GLC_25GOWN_ARCH-54-GW273_20251021_S257_R1_001.fastq.gz,/usr/local/illumina/runs/260120_VH01775_191_AAJ22HCM5/AnalysisTemp/260120_VH01775_191_AAJ22HCM5/fastq/GLC_25GOWN_ARCH-54-GW273_20251021_S257_R2_001.fastq.gz
TCGACGTC.TCTTACGC.1,GLC_25GOWN_ARCH-55-GW238_20251021,UnknownLibrary,1,/usr/local/illumina/runs/260120_VH01775_191_AAJ22HCM5/AnalysisTemp/260120_VH01775_191_AAJ22HCM5/fastq/GLC_25GOWN_ARCH-55-GW238_20251021_S258_R1_001.fastq.gz,/usr/local/illumina/runs/260120_VH01775_191_AAJ22HCM5/AnalysisTemp/260120_VH01775_191_AAJ22HCM5/fastq/GLC_25GOWN_ARCH-55-GW238_20251021_S258_R2_001.fastq.gz
ACTCGCTA.CTTAATAG.1,GLC_25GOWN_BACT-09-GW110_20251021,UnknownLibrary,1,/usr/local/illumina/runs/260120_VH01775_191_AAJ22HCM5/AnalysisTemp/260120_VH01775_191_AAJ22HCM5/fastq/GLC_25GOWN_BACT-09-GW110_20251021_S259_R1_001.fastq.gz,/usr/local/illumina/runs/260120_VH01775_191_AAJ22HCM5/AnalysisTemp/260120_VH01775_191_AAJ22HCM5/fastq/GLC_25GOWN_BACT-09-GW110_20251021_S259_R2_001.fastq.gz
GGAGCTAC.CTTAATAG.1,GLC_25GOWN_BACT-11-GW3103_20251021,UnknownLibrary,1,/usr/local/illumina/runs/260120_VH01775_191_AAJ22HCM5/AnalysisTemp/260120_VH01775_191_AAJ22HCM5/fastq/GLC_25GOWN_BACT-11-GW3103_20251021_S260_R1_001.fastq.gz,/usr/local/illumina/runs/260120_VH01775_191_AAJ22HCM5/AnalysisTemp/260120_VH01775_191_AAJ22HCM5/fastq/GLC_25GOWN_BACT-11-GW3103_20251021_S260_R2_001.fastq.gz
GCGTAGTA.CTTAATAG.1,GLC_25GOWN_BACT-12-GW339_20251021,UnknownLibrary,1,/usr/local/illumina/runs/260120_VH01775_191_AAJ22HCM5/AnalysisTemp/260120_VH01775_191_AAJ22HCM5/fastq/GLC_25GOWN_BACT-12-GW339_20251021_S261_R1_001.fastq.gz,/usr/local/illumina/runs/260120_VH01775_191_AAJ22HCM5/AnalysisTemp/260120_VH01775_191_AAJ22HCM5/fastq/GLC_25GOWN_BACT-12-GW339_20251021_S261_R2_001.fastq.gz
CGGAGCCT.CTTAATAG.1,GLC_25GOWN_BACT-13-GW980_20251021,UnknownLibrary,1,/usr/local/illumina/runs/260120_VH01775_191_AAJ22HCM5/AnalysisTemp/260120_VH01775_191_AAJ22HCM5/fastq/GLC_25GOWN_BACT-13-GW980_20251021_S262_R1_001.fastq.gz,/usr/local/illumina/runs/260120_VH01775_191_AAJ22HCM5/AnalysisTemp/260120_VH01775_191_AAJ22HCM5/fastq/GLC_25GOWN_BACT-13-GW980_20251021_S262_R2_001.fastq.gz
TACGCTGC.CTTAATAG.1,GLC_25GOWN_BACT-14-GW117_20251021,UnknownLibrary,1,/usr/local/illumina/runs/260120_VH01775_191_AAJ22HCM5/AnalysisTemp/260120_VH01775_191_AAJ22HCM5/fastq/GLC_25GOWN_BACT-14-GW117_20251021_S263_R1_001.fastq.gz,/usr/local/illumina/runs/260120_VH01775_191_AAJ22HCM5/AnalysisTemp/260120_VH01775_191_AAJ22HCM5/fastq/GLC_25GOWN_BACT-14-GW117_20251021_S263_R2_001.fastq.gz
ATGCGCAG.CTTAATAG.1,GLC_25GOWN_BACT-15-GW160_20251021,UnknownLibrary,1,/usr/local/illumina/runs/260120_VH01775_191_AAJ22HCM5/AnalysisTemp/260120_VH01775_191_AAJ22HCM5/fastq/GLC_25GOWN_BACT-15-GW160_20251021_S264_R1_001.fastq.gz,/usr/local/illumina/runs/260120_VH01775_191_AAJ22HCM5/AnalysisTemp/260120_VH01775_191_AAJ22HCM5/fastq/GLC_25GOWN_BACT-15-GW160_20251021_S264_R2_001.fastq.gz
TAGCGCTC.CTTAATAG.1,GLC_25GOWN_BACT-16-GW984_20251021,UnknownLibrary,1,/usr/local/illumina/runs/260120_VH01775_191_AAJ22HCM5/AnalysisTemp/260120_VH01775_191_AAJ22HCM5/fastq/GLC_25GOWN_BACT-16-GW984_20251021_S265_R1_001.fastq.gz,/usr/local/illumina/runs/260120_VH01775_191_AAJ22HCM5/AnalysisTemp/260120_VH01775_191_AAJ22HCM5/fastq/GLC_25GOWN_BACT-16-GW984_20251021_S265_R2_001.fastq.gz
ACTGAGCG.CTTAATAG.1,GLC_25GOWN_BACT-17-GW3022_20251021,UnknownLibrary,1,/usr/local/illumina/runs/260120_VH01775_191_AAJ22HCM5/AnalysisTemp/260120_VH01775_191_AAJ22HCM5/fastq/GLC_25GOWN_BACT-17-GW3022_20251021_S266_R1_001.fastq.gz,/usr/local/illumina/runs/260120_VH01775_191_AAJ22HCM5/AnalysisTemp/260120_VH01775_191_AAJ22HCM5/fastq/GLC_25GOWN_BACT-17-GW3022_20251021_S266_R2_001.fastq.gz
CCTAAGAC.CTTAATAG.1,GLC_25GOWN_BACT-18-GW982_20251021,UnknownLibrary,1,/usr/local/illumina/runs/260120_VH01775_191_AAJ22HCM5/AnalysisTemp/260120_VH01775_191_AAJ22HCM5/fastq/GLC_25GOWN_BACT-18-GW982_20251021_S267_R1_001.fastq.gz,/usr/local/illumina/runs/260120_VH01775_191_AAJ22HCM5/AnalysisTemp/260120_VH01775_191_AAJ22HCM5/fastq/GLC_25GOWN_BACT-18-GW982_20251021_S267_R2_001.fastq.gz
CGATCAGT.CTTAATAG.1,GLC_25GOWN_BACT-19-GW989_20251021,UnknownLibrary,1,/usr/local/illumina/runs/260120_VH01775_191_AAJ22HCM5/AnalysisTemp/260120_VH01775_191_AAJ22HCM5/fastq/GLC_25GOWN_BACT-19-GW989_20251021_S268_R1_001.fastq.gz,/usr/local/illumina/runs/260120_VH01775_191_AAJ22HCM5/AnalysisTemp/260120_VH01775_191_AAJ22HCM5/fastq/GLC_25GOWN_BACT-19-GW989_20251021_S268_R2_001.fastq.gz
TGCAGCTA.CTTAATAG.1,GLC_25GOWN_BACT-20-GW162_20251021,UnknownLibrary,1,/usr/local/illumina/runs/260120_VH01775_191_AAJ22HCM5/AnalysisTemp/260120_VH01775_191_AAJ22HCM5/fastq/GLC_25GOWN_BACT-20-GW162_20251021_S269_R1_001.fastq.gz,/usr/local/illumina/runs/260120_VH01775_191_AAJ22HCM5/AnalysisTemp/260120_VH01775_191_AAJ22HCM5/fastq/GLC_25GOWN_BACT-20-GW162_20251021_S269_R2_001.fastq.gz
TCGACGTC.CTTAATAG.1,GLC_25GOWN_BACT-21-GW983_20251021,UnknownLibrary,1,/usr/local/illumina/runs/260120_VH01775_191_AAJ22HCM5/AnalysisTemp/260120_VH01775_191_AAJ22HCM5/fastq/GLC_25GOWN_BACT-21-GW983_20251021_S270_R1_001.fastq.gz,/usr/local/illumina/runs/260120_VH01775_191_AAJ22HCM5/AnalysisTemp/260120_VH01775_191_AAJ22HCM5/fastq/GLC_25GOWN_BACT-21-GW983_20251021_S270_R2_001.fastq.gz
ACTCGCTA.ATAGCCTT.1,GLC_25GOWN_BACT-22-GW200_20251021,UnknownLibrary,1,/usr/local/illumina/runs/260120_VH01775_191_AAJ22HCM5/AnalysisTemp/260120_VH01775_191_AAJ22HCM5/fastq/GLC_25GOWN_BACT-22-GW200_20251021_S271_R1_001.fastq.gz,/usr/local/illumina/runs/260120_VH01775_191_AAJ22HCM5/AnalysisTemp/260120_VH01775_191_AAJ22HCM5/fastq/GLC_25GOWN_BACT-22-GW200_20251021_S271_R2_001.fastq.gz
GGAGCTAC.ATAGCCTT.1,GLC_25GOWN_BACT-23-GW949_20251021,UnknownLibrary,1,/usr/local/illumina/runs/260120_VH01775_191_AAJ22HCM5/AnalysisTemp/260120_VH01775_191_AAJ22HCM5/fastq/GLC_25GOWN_BACT-23-GW949_20251021_S272_R1_001.fastq.gz,/usr/local/illumina/runs/260120_VH01775_191_AAJ22HCM5/AnalysisTemp/260120_VH01775_191_AAJ22HCM5/fastq/GLC_25GOWN_BACT-23-GW949_20251021_S272_R2_001.fastq.gz
GCGTAGTA.ATAGCCTT.1,GLC_25GOWN_BACT-24-GW247_20251021,UnknownLibrary,1,/usr/local/illumina/runs/260120_VH01775_191_AAJ22HCM5/AnalysisTemp/260120_VH01775_191_AAJ22HCM5/fastq/GLC_25GOWN_BACT-24-GW247_20251021_S273_R1_001.fastq.gz,/usr/local/illumina/runs/260120_VH01775_191_AAJ22HCM5/AnalysisTemp/260120_VH01775_191_AAJ22HCM5/fastq/GLC_25GOWN_BACT-24-GW247_20251021_S273_R2_001.fastq.gz
CGGAGCCT.ATAGCCTT.1,GLC_25GOWN_BACT-25-GW242_20251021,UnknownLibrary,1,/usr/local/illumina/runs/260120_VH01775_191_AAJ22HCM5/AnalysisTemp/260120_VH01775_191_AAJ22HCM5/fastq/GLC_25GOWN_BACT-25-GW242_20251021_S274_R1_001.fastq.gz,/usr/local/illumina/runs/260120_VH01775_191_AAJ22HCM5/AnalysisTemp/260120_VH01775_191_AAJ22HCM5/fastq/GLC_25GOWN_BACT-25-GW242_20251021_S274_R2_001.fastq.gz
TACGCTGC.ATAGCCTT.1,GLC_25GOWN_BACT-26-GW992_20251021,UnknownLibrary,1,/usr/local/illumina/runs/260120_VH01775_191_AAJ22HCM5/AnalysisTemp/260120_VH01775_191_AAJ22HCM5/fastq/GLC_25GOWN_BACT-26-GW992_20251021_S275_R1_001.fastq.gz,/usr/local/illumina/runs/260120_VH01775_191_AAJ22HCM5/AnalysisTemp/260120_VH01775_191_AAJ22HCM5/fastq/GLC_25GOWN_BACT-26-GW992_20251021_S275_R2_001.fastq.gz
ATGCGCAG.ATAGCCTT.1,GLC_25GOWN_BACT-27-GW1153_20251021,UnknownLibrary,1,/usr/local/illumina/runs/260120_VH01775_191_AAJ22HCM5/AnalysisTemp/260120_VH01775_191_AAJ22HCM5/fastq/GLC_25GOWN_BACT-27-GW1153_20251021_S276_R1_001.fastq.gz,/usr/local/illumina/runs/260120_VH01775_191_AAJ22HCM5/AnalysisTemp/260120_VH01775_191_AAJ22HCM5/fastq/GLC_25GOWN_BACT-27-GW1153_20251021_S276_R2_001.fastq.gz
TAGCGCTC.ATAGCCTT.1,GLC_25GOWN_BACT-28-GW1143_20251021,UnknownLibrary,1,/usr/local/illumina/runs/260120_VH01775_191_AAJ22HCM5/AnalysisTemp/260120_VH01775_191_AAJ22HCM5/fastq/GLC_25GOWN_BACT-28-GW1143_20251021_S277_R1_001.fastq.gz,/usr/local/illumina/runs/260120_VH01775_191_AAJ22HCM5/AnalysisTemp/260120_VH01775_191_AAJ22HCM5/fastq/GLC_25GOWN_BACT-28-GW1143_20251021_S277_R2_001.fastq.gz
ACTGAGCG.ATAGCCTT.1,GLC_25GOWN_BACT-29-GW243_20251021,UnknownLibrary,1,/usr/local/illumina/runs/260120_VH01775_191_AAJ22HCM5/AnalysisTemp/260120_VH01775_191_AAJ22HCM5/fastq/GLC_25GOWN_BACT-29-GW243_20251021_S278_R1_001.fastq.gz,/usr/local/illumina/runs/260120_VH01775_191_AAJ22HCM5/AnalysisTemp/260120_VH01775_191_AAJ22HCM5/fastq/GLC_25GOWN_BACT-29-GW243_20251021_S278_R2_001.fastq.gz
CCTAAGAC.ATAGCCTT.1,GLC_25GOWN_BACT-30-GW945_20251021,UnknownLibrary,1,/usr/local/illumina/runs/260120_VH01775_191_AAJ22HCM5/AnalysisTemp/260120_VH01775_191_AAJ22HCM5/fastq/GLC_25GOWN_BACT-30-GW945_20251021_S279_R1_001.fastq.gz,/usr/local/illumina/runs/260120_VH01775_191_AAJ22HCM5/AnalysisTemp/260120_VH01775_191_AAJ22HCM5/fastq/GLC_25GOWN_BACT-30-GW945_20251021_S279_R2_001.fastq.gz
CGATCAGT.ATAGCCTT.1,GLC_25GOWN_BACT-31-GW244_20251021,UnknownLibrary,1,/usr/local/illumina/runs/260120_VH01775_191_AAJ22HCM5/AnalysisTemp/260120_VH01775_191_AAJ22HCM5/fastq/GLC_25GOWN_BACT-31-GW244_20251021_S280_R1_001.fastq.gz,/usr/local/illumina/runs/260120_VH01775_191_AAJ22HCM5/AnalysisTemp/260120_VH01775_191_AAJ22HCM5/fastq/GLC_25GOWN_BACT-31-GW244_20251021_S280_R2_001.fastq.gz
TGCAGCTA.ATAGCCTT.1,GLC_25GOWN_BACT-32-GW1144_20251021,UnknownLibrary,1,/usr/local/illumina/runs/260120_VH01775_191_AAJ22HCM5/AnalysisTemp/260120_VH01775_191_AAJ22HCM5/fastq/GLC_25GOWN_BACT-32-GW1144_20251021_S281_R1_001.fastq.gz,/usr/local/illumina/runs/260120_VH01775_191_AAJ22HCM5/AnalysisTemp/260120_VH01775_191_AAJ22HCM5/fastq/GLC_25GOWN_BACT-32-GW1144_20251021_S281_R2_001.fastq.gz
TCGACGTC.ATAGCCTT.1,GLC_25GOWN_BACT-33-GW246_20251021,UnknownLibrary,1,/usr/local/illumina/runs/260120_VH01775_191_AAJ22HCM5/AnalysisTemp/260120_VH01775_191_AAJ22HCM5/fastq/GLC_25GOWN_BACT-33-GW246_20251021_S282_R1_001.fastq.gz,/usr/local/illumina/runs/260120_VH01775_191_AAJ22HCM5/AnalysisTemp/260120_VH01775_191_AAJ22HCM5/fastq/GLC_25GOWN_BACT-33-GW246_20251021_S282_R2_001.fastq.gz
ACTCGCTA.TAAGGCTC.1,GLC_25GOWN_BACT-34-GW950_20251021,UnknownLibrary,1,/usr/local/illumina/runs/260120_VH01775_191_AAJ22HCM5/AnalysisTemp/260120_VH01775_191_AAJ22HCM5/fastq/GLC_25GOWN_BACT-34-GW950_20251021_S283_R1_001.fastq.gz,/usr/local/illumina/runs/260120_VH01775_191_AAJ22HCM5/AnalysisTemp/260120_VH01775_191_AAJ22HCM5/fastq/GLC_25GOWN_BACT-34-GW950_20251021_S283_R2_001.fastq.gz
GGAGCTAC.TAAGGCTC.1,GLC_25GOWN_BACT-35-GW991_20251021,UnknownLibrary,1,/usr/local/illumina/runs/260120_VH01775_191_AAJ22HCM5/AnalysisTemp/260120_VH01775_191_AAJ22HCM5/fastq/GLC_25GOWN_BACT-35-GW991_20251021_S284_R1_001.fastq.gz,/usr/local/illumina/runs/260120_VH01775_191_AAJ22HCM5/AnalysisTemp/260120_VH01775_191_AAJ22HCM5/fastq/GLC_25GOWN_BACT-35-GW991_20251021_S284_R2_001.fastq.gz
GCGTAGTA.TAAGGCTC.1,GLC_25GOWN_BACT-36-GW1151_20251021,UnknownLibrary,1,/usr/local/illumina/runs/260120_VH01775_191_AAJ22HCM5/AnalysisTemp/260120_VH01775_191_AAJ22HCM5/fastq/GLC_25GOWN_BACT-36-GW1151_20251021_S285_R1_001.fastq.gz,/usr/local/illumina/runs/260120_VH01775_191_AAJ22HCM5/AnalysisTemp/260120_VH01775_191_AAJ22HCM5/fastq/GLC_25GOWN_BACT-36-GW1151_20251021_S285_R2_001.fastq.gz
CGGAGCCT.TAAGGCTC.1,GLC_25GOWN_BACT-37-GW313_20251021,UnknownLibrary,1,/usr/local/illumina/runs/260120_VH01775_191_AAJ22HCM5/AnalysisTemp/260120_VH01775_191_AAJ22HCM5/fastq/GLC_25GOWN_BACT-37-GW313_20251021_S286_R1_001.fastq.gz,/usr/local/illumina/runs/260120_VH01775_191_AAJ22HCM5/AnalysisTemp/260120_VH01775_191_AAJ22HCM5/fastq/GLC_25GOWN_BACT-37-GW313_20251021_S286_R2_001.fastq.gz
TACGCTGC.TAAGGCTC.1,GLC_25GOWN_BACT-38-GW3010_20251021,UnknownLibrary,1,/usr/local/illumina/runs/260120_VH01775_191_AAJ22HCM5/AnalysisTemp/260120_VH01775_191_AAJ22HCM5/fastq/GLC_25GOWN_BACT-38-GW3010_20251021_S287_R1_001.fastq.gz,/usr/local/illumina/runs/260120_VH01775_191_AAJ22HCM5/AnalysisTemp/260120_VH01775_191_AAJ22HCM5/fastq/GLC_25GOWN_BACT-38-GW3010_20251021_S287_R2_001.fastq.gz
ATGCGCAG.TAAGGCTC.1,GLC_25GOWN_BACT-39-GW1150_20251021,UnknownLibrary,1,/usr/local/illumina/runs/260120_VH01775_191_AAJ22HCM5/AnalysisTemp/260120_VH01775_191_AAJ22HCM5/fastq/GLC_25GOWN_BACT-39-GW1150_20251021_S288_R1_001.fastq.gz,/usr/local/illumina/runs/260120_VH01775_191_AAJ22HCM5/AnalysisTemp/260120_VH01775_191_AAJ22HCM5/fastq/GLC_25GOWN_BACT-39-GW1150_20251021_S288_R2_001.fastq.gz
TAGCGCTC.TAAGGCTC.1,GLC_25GOWN_BACT-40-GW312_20251021,UnknownLibrary,1,/usr/local/illumina/runs/260120_VH01775_191_AAJ22HCM5/AnalysisTemp/260120_VH01775_191_AAJ22HCM5/fastq/GLC_25GOWN_BACT-40-GW312_20251021_S289_R1_001.fastq.gz,/usr/local/illumina/runs/260120_VH01775_191_AAJ22HCM5/AnalysisTemp/260120_VH01775_191_AAJ22HCM5/fastq/GLC_25GOWN_BACT-40-GW312_20251021_S289_R2_001.fastq.gz
ACTGAGCG.TAAGGCTC.1,GLC_25GOWN_BACT-41-GW248_20251021,UnknownLibrary,1,/usr/local/illumina/runs/260120_VH01775_191_AAJ22HCM5/AnalysisTemp/260120_VH01775_191_AAJ22HCM5/fastq/GLC_25GOWN_BACT-41-GW248_20251021_S290_R1_001.fastq.gz,/usr/local/illumina/runs/260120_VH01775_191_AAJ22HCM5/AnalysisTemp/260120_VH01775_191_AAJ22HCM5/fastq/GLC_25GOWN_BACT-41-GW248_20251021_S290_R2_001.fastq.gz
CCTAAGAC.TAAGGCTC.1,GLC_25GOWN_BACT-42a-GW50_20251021,UnknownLibrary,1,/usr/local/illumina/runs/260120_VH01775_191_AAJ22HCM5/AnalysisTemp/260120_VH01775_191_AAJ22HCM5/fastq/GLC_25GOWN_BACT-42a-GW50_20251021_S291_R1_001.fastq.gz,/usr/local/illumina/runs/260120_VH01775_191_AAJ22HCM5/AnalysisTemp/260120_VH01775_191_AAJ22HCM5/fastq/GLC_25GOWN_BACT-42a-GW50_20251021_S291_R2_001.fastq.gz
CGATCAGT.TAAGGCTC.1,GLC_25GOWN_BACT-42b-GW50_20251021,UnknownLibrary,1,/usr/local/illumina/runs/260120_VH01775_191_AAJ22HCM5/AnalysisTemp/260120_VH01775_191_AAJ22HCM5/fastq/GLC_25GOWN_BACT-42b-GW50_20251021_S292_R1_001.fastq.gz,/usr/local/illumina/runs/260120_VH01775_191_AAJ22HCM5/AnalysisTemp/260120_VH01775_191_AAJ22HCM5/fastq/GLC_25GOWN_BACT-42b-GW50_20251021_S292_R2_001.fastq.gz
TGCAGCTA.TAAGGCTC.1,GLC_25GOWN_BACT-42c-GW50_20251021,UnknownLibrary,1,/usr/local/illumina/runs/260120_VH01775_191_AAJ22HCM5/AnalysisTemp/260120_VH01775_191_AAJ22HCM5/fastq/GLC_25GOWN_BACT-42c-GW50_20251021_S293_R1_001.fastq.gz,/usr/local/illumina/runs/260120_VH01775_191_AAJ22HCM5/AnalysisTemp/260120_VH01775_191_AAJ22HCM5/fastq/GLC_25GOWN_BACT-42c-GW50_20251021_S293_R2_001.fastq.gz
TCGACGTC.TAAGGCTC.1,GLC_25GOWN_BACT-43-GW44_20251021,UnknownLibrary,1,/usr/local/illumina/runs/260120_VH01775_191_AAJ22HCM5/AnalysisTemp/260120_VH01775_191_AAJ22HCM5/fastq/GLC_25GOWN_BACT-43-GW44_20251021_S294_R1_001.fastq.gz,/usr/local/illumina/runs/260120_VH01775_191_AAJ22HCM5/AnalysisTemp/260120_VH01775_191_AAJ22HCM5/fastq/GLC_25GOWN_BACT-43-GW44_20251021_S294_R2_001.fastq.gz
ACTCGCTA.TCGCATAA.1,GLC_25GOWN_BACT-44-GW387_20251021,UnknownLibrary,1,/usr/local/illumina/runs/260120_VH01775_191_AAJ22HCM5/AnalysisTemp/260120_VH01775_191_AAJ22HCM5/fastq/GLC_25GOWN_BACT-44-GW387_20251021_S295_R1_001.fastq.gz,/usr/local/illumina/runs/260120_VH01775_191_AAJ22HCM5/AnalysisTemp/260120_VH01775_191_AAJ22HCM5/fastq/GLC_25GOWN_BACT-44-GW387_20251021_S295_R2_001.fastq.gz
GGAGCTAC.TCGCATAA.1,GLC_25GOWN_BACT-45-GW3098_20251021,UnknownLibrary,1,/usr/local/illumina/runs/260120_VH01775_191_AAJ22HCM5/AnalysisTemp/260120_VH01775_191_AAJ22HCM5/fastq/GLC_25GOWN_BACT-45-GW3098_20251021_S296_R1_001.fastq.gz,/usr/local/illumina/runs/260120_VH01775_191_AAJ22HCM5/AnalysisTemp/260120_VH01775_191_AAJ22HCM5/fastq/GLC_25GOWN_BACT-45-GW3098_20251021_S296_R2_001.fastq.gz
GCGTAGTA.TCGCATAA.1,GLC_25GOWN_BACT-46-GW281_20251021,UnknownLibrary,1,/usr/local/illumina/runs/260120_VH01775_191_AAJ22HCM5/AnalysisTemp/260120_VH01775_191_AAJ22HCM5/fastq/GLC_25GOWN_BACT-46-GW281_20251021_S297_R1_001.fastq.gz,/usr/local/illumina/runs/260120_VH01775_191_AAJ22HCM5/AnalysisTemp/260120_VH01775_191_AAJ22HCM5/fastq/GLC_25GOWN_BACT-46-GW281_20251021_S297_R2_001.fastq.gz
CGGAGCCT.TCGCATAA.1,GLC_25GOWN_BACT-47-GW369_20251021,UnknownLibrary,1,/usr/local/illumina/runs/260120_VH01775_191_AAJ22HCM5/AnalysisTemp/260120_VH01775_191_AAJ22HCM5/fastq/GLC_25GOWN_BACT-47-GW369_20251021_S298_R1_001.fastq.gz,/usr/local/illumina/runs/260120_VH01775_191_AAJ22HCM5/AnalysisTemp/260120_VH01775_191_AAJ22HCM5/fastq/GLC_25GOWN_BACT-47-GW369_20251021_S298_R2_001.fastq.gz
TACGCTGC.TCGCATAA.1,GLC_25GOWN_BACT-48-GW275_20251021,UnknownLibrary,1,/usr/local/illumina/runs/260120_VH01775_191_AAJ22HCM5/AnalysisTemp/260120_VH01775_191_AAJ22HCM5/fastq/GLC_25GOWN_BACT-48-GW275_20251021_S299_R1_001.fastq.gz,/usr/local/illumina/runs/260120_VH01775_191_AAJ22HCM5/AnalysisTemp/260120_VH01775_191_AAJ22HCM5/fastq/GLC_25GOWN_BACT-48-GW275_20251021_S299_R2_001.fastq.gz
ATGCGCAG.TCGCATAA.1,GLC_25GOWN_BACT-49-GW239_20251021,UnknownLibrary,1,/usr/local/illumina/runs/260120_VH01775_191_AAJ22HCM5/AnalysisTemp/260120_VH01775_191_AAJ22HCM5/fastq/GLC_25GOWN_BACT-49-GW239_20251021_S300_R1_001.fastq.gz,/usr/local/illumina/runs/260120_VH01775_191_AAJ22HCM5/AnalysisTemp/260120_VH01775_191_AAJ22HCM5/fastq/GLC_25GOWN_BACT-49-GW239_20251021_S300_R2_001.fastq.gz
TAGCGCTC.TCGCATAA.1,GLC_25GOWN_BACT-50-GW381_20251021,UnknownLibrary,1,/usr/local/illumina/runs/260120_VH01775_191_AAJ22HCM5/AnalysisTemp/260120_VH01775_191_AAJ22HCM5/fastq/GLC_25GOWN_BACT-50-GW381_20251021_S301_R1_001.fastq.gz,/usr/local/illumina/runs/260120_VH01775_191_AAJ22HCM5/AnalysisTemp/260120_VH01775_191_AAJ22HCM5/fastq/GLC_25GOWN_BACT-50-GW381_20251021_S301_R2_001.fastq.gz
ACTGAGCG.TCGCATAA.1,GLC_25GOWN_BACT-51-GW277_20251021,UnknownLibrary,1,/usr/local/illumina/runs/260120_VH01775_191_AAJ22HCM5/AnalysisTemp/260120_VH01775_191_AAJ22HCM5/fastq/GLC_25GOWN_BACT-51-GW277_20251021_S302_R1_001.fastq.gz,/usr/local/illumina/runs/260120_VH01775_191_AAJ22HCM5/AnalysisTemp/260120_VH01775_191_AAJ22HCM5/fastq/GLC_25GOWN_BACT-51-GW277_20251021_S302_R2_001.fastq.gz
CCTAAGAC.TCGCATAA.1,GLC_25GOWN_BACT-52-GW379_20251021,UnknownLibrary,1,/usr/local/illumina/runs/260120_VH01775_191_AAJ22HCM5/AnalysisTemp/260120_VH01775_191_AAJ22HCM5/fastq/GLC_25GOWN_BACT-52-GW379_20251021_S303_R1_001.fastq.gz,/usr/local/illumina/runs/260120_VH01775_191_AAJ22HCM5/AnalysisTemp/260120_VH01775_191_AAJ22HCM5/fastq/GLC_25GOWN_BACT-52-GW379_20251021_S303_R2_001.fastq.gz
CGATCAGT.TCGCATAA.1,GLC_25GOWN_BACT-53-GW389_20251021,UnknownLibrary,1,/usr/local/illumina/runs/260120_VH01775_191_AAJ22HCM5/AnalysisTemp/260120_VH01775_191_AAJ22HCM5/fastq/GLC_25GOWN_BACT-53-GW389_20251021_S304_R1_001.fastq.gz,/usr/local/illumina/runs/260120_VH01775_191_AAJ22HCM5/AnalysisTemp/260120_VH01775_191_AAJ22HCM5/fastq/GLC_25GOWN_BACT-53-GW389_20251021_S304_R2_001.fastq.gz
TGCAGCTA.TCGCATAA.1,GLC_25GOWN_BACT-54-GW273_20251021,UnknownLibrary,1,/usr/local/illumina/runs/260120_VH01775_191_AAJ22HCM5/AnalysisTemp/260120_VH01775_191_AAJ22HCM5/fastq/GLC_25GOWN_BACT-54-GW273_20251021_S305_R1_001.fastq.gz,/usr/local/illumina/runs/260120_VH01775_191_AAJ22HCM5/AnalysisTemp/260120_VH01775_191_AAJ22HCM5/fastq/GLC_25GOWN_BACT-54-GW273_20251021_S305_R2_001.fastq.gz
TCGACGTC.TCGCATAA.1,GLC_25GOWN_BACT-55-GW238_20251021,UnknownLibrary,1,/usr/local/illumina/runs/260120_VH01775_191_AAJ22HCM5/AnalysisTemp/260120_VH01775_191_AAJ22HCM5/fastq/GLC_25GOWN_BACT-55-GW238_20251021_S306_R1_001.fastq.gz,/usr/local/illumina/runs/260120_VH01775_191_AAJ22HCM5/AnalysisTemp/260120_VH01775_191_AAJ22HCM5/fastq/GLC_25GOWN_BACT-55-GW238_20251021_S306_R2_001.fastq.gz
