"","Kingdom","Phylum","Class","Order","Family","Genus","Species","C1","C10","C12","C13","C15","C17","C18","C19","C20","C21","C3","C4","C5","C8","C9","E1","E10","E2","E6","E9","OTUs"
"1","k__Bacteria","p__Pseudomonadota","c__Betaproteobacteria","o__Nitrosomonadales","f__Nitrosomonadaceae","g__GGB38197","s__GGB38197_SGB102711",41865541,7325,246881,797096,953372,8262,9623947,0,8892,0,0,0,16848749,0,0,6789,220265,0,9409456,0,"bOTU_1"
"2","k__Bacteria","p__Pseudomonadota","c__Betaproteobacteria","o__Nitrosomonadales","f__Methylophilaceae","g__GGB15285","s__GGB15285_SGB163133",14400447,2683460,1076397,1615900,1849849,21727051,4391338,50860124,1001305,0,11927843,12722624,26815,0,30492244,47289,5269094,15454296,3617983,0,"bOTU_2"
"3","k__Bacteria","p__Pseudomonadota","c__Alphaproteobacteria","o__Hyphomicrobiales","f__Parvibaculaceae","g__Parvibaculum","s__Parvibaculum_SGB184089",18997874,0,46154,54804,2561119,49031,9748,86428,0,51304,36352,17297,11384,0,963227,11380,0,178886,0,0,"bOTU_3"
"4","k__Bacteria","p__Pseudomonadota","c__Betaproteobacteria","o__Burkholderiales","f__Comamonadaceae","g__GGB65385","s__GGB65385_SGB88404",6966648,32107,40432,9145,12208,186725,211140,0,20209,54793,0,0,52238,28045528,0,0,0,3472407,12922,25797,"bOTU_4"
"5","k__Bacteria","p__Pseudomonadota","c__Betaproteobacteria","o__Nitrosomonadales","f__Methylophilaceae","g__GGB123072","s__GGB123072_SGB163128",4186501,12361642,10459,248773,201476,14669232,270909,29090264,4671,0,11643201,15979,21571,4476,2526108,190293,7534,22803499,0,0,"bOTU_5"
"6","k__Bacteria","p__Myxococcota","c__Myxococcia","o__Myxococcales","f__Myxococcaceae","g__GGB44951","s__GGB44951_SGB173772",4912534,0,112547,11028,0,0,3386391,0,0,0,0,0,972545,18768,0,0,0,0,9918,0,"bOTU_6"
"7","k__Bacteria","p__Pseudomonadota","c__Gammaproteobacteria","o__Pseudomonadales","f__Pseudohongiellaceae","g__GGB124104","s__GGB124104_SGB164206",2251245,4614,9681,0,25162,0,0,0,0,0,0,0,0,7983,5380,0,4193,7189,0,793311,"bOTU_7"
"8","k__Bacteria","p__Pseudomonadota","c__Betaproteobacteria","o__Burkholderiales","f__Comamonadaceae","g__Hydrogenophaga","s__Hydrogenophaga_SGB178659",2267263,3781947,21486,1517537,136108,17836,2447347,4830428,464919,0,72628,33590,1685004,54364,3652142,43675,0,1048939,871654,26653,"bOTU_8"
"9","k__Bacteria","p__Pseudomonadota","c__CFGB8809","o__OFGB8809","f__FGB8809","g__GGB124110","s__GGB124110_SGB164208",926323,0,338753,0,1030424,0,0,0,0,0,0,0,0,0,0,0,0,0,0,0,"bOTU_9"
"10","k__Bacteria","p__Pseudomonadota","c__Betaproteobacteria","o__Burkholderiales","f__Comamonadaceae","g__GGB65385","s__GGB65385_SGB178643",1057991,394832,455074,54286,127058,48584,195913,114968,51924,13577,1342272,1571428,14507,644741,1413915,16547,0,296901,20533,0,"bOTU_10"
"11","k__Bacteria","p__Pseudomonadota","c__Gammaproteobacteria","o__Methylococcales","f__Methylococcaceae","g__Methylicorpusculum","s__Methylicorpusculum_SGB165343",674530,3930792,0,63293,14931,58279,37906,50832,14489,16885,0,0,2273506,0,0,42683,36868,255916,1771510,28127961,"bOTU_11"
"12","k__Bacteria","p__Pseudomonadota","c__Betaproteobacteria","o__Nitrosomonadales","f__Methylophilaceae","g__Methylotenera","s__Methylotenera_mobilis",667678,27371,33569,0,46721,0,22194526,0,0,0,0,4884592,0,0,0,0,14476,61434,0,0,"bOTU_12"
"13","k__Bacteria","p__Candidatus_Cloacimonadota","c__CFGB2808","o__OFGB2808","f__FGB2808","g__GGB123276","s__GGB123276_SGB153695",237505,0,0,0,3466,0,0,648034,0,0,0,0,0,0,0,0,0,51940,0,0,"bOTU_13"
"14","k__Bacteria","p__Actinomycetota","c__CFGB14186","o__OFGB14186","f__FGB14186","g__GGB38751","s__GGB38751_SGB83034",136438,0,0,0,3825,0,0,0,2646,0,0,0,16734,0,0,0,0,7687,0,0,"bOTU_14"
"15","k__Bacteria","p__Pseudomonadota","c__Betaproteobacteria","o__Burkholderiales","f__Comamonadaceae","g__GGB134262","s__GGB134262_SGB178936",106308,0,11647,0,0,30274,213975,0,41694,0,14247,0,0,2863193,0,0,0,184966,0,0,"bOTU_15"
"16","k__Bacteria","p__Bacteroidota","c__CFGB43210","o__OFGB43210","f__FGB43210","g__GGB43210","s__GGB43210_SGB60505",255311,6887,0,0,0,0,0,0,0,0,0,0,0,0,0,0,0,0,0,0,"bOTU_16"
"17","k__Bacteria","p__Pseudomonadota","c__Alphaproteobacteria","o__Hyphomonadales","f__Hyphomonadaceae","g__Hyphomonas","s__Hyphomonas_SGB10518",67454,0,0,0,0,0,0,0,0,0,0,0,0,5877,7177,0,0,0,0,0,"bOTU_17"
"18","k__Bacteria","p__Pseudomonadota","c__CFGB33292","o__OFGB33292","f__FGB33292","g__GGB133806","s__GGB133806_SGB179331",57200,5521,11315,6050,356539,0,514809,0,0,0,0,0,97602,11088,0,0,0,0,64001,0,"bOTU_18"
"19","k__Bacteria","p__Nitrospirota","c__CFGB5004","o__OFGB5004","f__FGB5004","g__GGB14416","s__GGB14416_SGB166674",55578,0,50664,31084,40951,0,81131,314272,31674,19362,0,0,7936,0,18915,0,10210,8941,9091,0,"bOTU_19"
"20","k__Bacteria","p__Bacteroidota","c__Bacteroidia","o__Bacteroidales","f__Lentimicrobiaceae","g__GGB13972","s__GGB13972_SGB21397",63387,14964,0,0,0,100431,0,0,7766,0,0,0,0,18199,6242,0,0,0,8690,18553,"bOTU_20"
"21","k__Bacteria","p__Pseudomonadota","c__Betaproteobacteria","o__Rhodocyclales","f__Zoogloeaceae","g__GGB26459","s__GGB26459_SGB88238",83055,184847,11895,0,27751,0,5944,18574,105333,0,0,0,7431,6642,0,9524,0,31170,70033,17235,"bOTU_21"
"22","k__Bacteria","p__Campylobacterota","c__Epsilonproteobacteria","o__Campylobacterales","f__Sulfurimonadaceae","g__GGB34283","s__GGB34283_SGB204197",13471,1420475,0,0,0,0,34828,6350415,3963014,6396,0,0,0,29566,6478,3470,0,0,0,0,"bOTU_22"
"23","k__Bacteria","p__Pseudomonadota","c__Betaproteobacteria","o__Burkholderiales","f__Comamonadaceae","g__Polaromonas","s__Polaromonas_SGB179188",95383,0,44077,5913614,151054,649188,13479354,0,0,0,278073,714431,257817,59303,0,0,1047318,41218,1305808,0,"bOTU_23"
"24","k__Bacteria","p__Pseudomonadota","c__Betaproteobacteria","o__Burkholderiales","f__Sphaerotilaceae","g__Methylibium","s__Methylibium_sp_Root1272",31341,0,248032,0,0,0,72059,0,0,0,0,0,97424,0,29025,0,0,0,0,0,"bOTU_24"
"25","k__Bacteria","p__Bacteroidota","c__Flavobacteriia","o__Flavobacteriales","f__Flavobacteriaceae","g__Flavobacterium","s__Flavobacterium_azooxidireducens",29668,0,0,0,0,0,0,0,0,0,0,0,0,0,0,0,0,0,0,0,"bOTU_25"
"26","k__Bacteria","p__Thermodesulfobacteriota","c__Desulfobulbia","o__Desulfobulbales","f__Thiovibrionaceae","g__Thiovibrio","s__Thiovibrio_SGB52009",21550,348554,13233,0,0,0,0,0,38097,444060,0,0,0,8687,0,0,41299,10219,92029,0,"bOTU_26"
"27","k__Bacteria","p__Pseudomonadota","c__Gammaproteobacteria","o__Moraxellales","f__Moraxellaceae","g__GGB42936","s__GGB42936_SGB165576",13709,0,7901,108245,1301509,0,0,6068,5294,8302,0,0,0,0,8400,0,0,0,0,21112,"bOTU_27"
"28","k__Bacteria","p__Pseudomonadota","c__Betaproteobacteria","o__Nitrosomonadales","f__Sterolibacteriaceae","g__Methyloversatilis","s__Methyloversatilis_SGB179884",24730,0,61518,13369,13121,0,211920,0,12339,381830,0,778215,599955,504224,0,0,0,0,115691,0,"bOTU_28"
"29","k__Bacteria","p__Firmicutes","c__Clostridia","o__Eubacteriales","f__Peptococcaceae","g__GGB60800","s__GGB60800_SGB82832",13702,11054,0,0,0,0,0,104787,98243,0,0,0,0,0,0,0,0,0,0,0,"bOTU_29"
"30","k__Archaea","p__Thermoplasmatota","c__CFGB14502","o__OFGB14502","f__FGB14502","g__GGB73713","s__GGB73713_SGB147456",13030,4482,0,0,0,0,0,6602,0,5167,8913,0,0,0,4417,0,0,0,0,0,"aOTU_30"
"31","k__Bacteria","p__Nitrospirota","c__CFGB5004","o__OFGB5004","f__FGB5004","g__GGB14416","s__GGB14416_SGB21930",46026,0,25256,65566,0,0,84525,0,11944,13992,0,0,0,0,0,0,0,0,0,0,"bOTU_31"
"32","k__Bacteria","p__Pseudomonadota","c__Betaproteobacteria","o__Burkholderiales","f__Comamonadaceae","g__Hydrogenophaga","s__Hydrogenophaga_SGB178651",40580,111062,0,0,0,559893,230180,0,0,0,21749743,64336,0,0,422875,0,51512,2564421,0,0,"bOTU_32"
"33","k__Bacteria","p__Thermodesulfobacteriota","c__CFGB34348","o__OFGB34348","f__FGB34348","g__GGB63020","s__GGB63020_SGB85259",34106,0,15761,9717,27834,0,19313,74525,417915,25798,12473,0,11054,0,11929,0,86146,0,80086,0,"bOTU_33"
"34","k__Bacteria","p__Pseudomonadota","c__Gammaproteobacteria","o__Pseudomonadales","f__Pseudomonadaceae","g__Ectopseudomonas","s__Ectopseudomonas_chengduensis",33215,19452,0,0,0,40224,39416,0,0,28694,0,0,0,0,116304,0,0,0,0,0,"bOTU_34"
"35","k__Bacteria","p__Pseudomonadota","c__Gammaproteobacteria","o__Moraxellales","f__Moraxellaceae","g__GGB42936","s__GGB42936_SGB60159",12760,0,0,0,0,0,0,0,0,0,0,0,0,9996,0,0,0,0,0,34439,"bOTU_35"
"36","k__Bacteria","p__Pseudomonadota","c__Betaproteobacteria","o__Nitrosomonadales","f__Thiobacillaceae","g__Thiobacillus","s__Thiobacillus_SGB179646",63208,961720,0,0,0,23822,0,19269,934226,0,0,0,0,0,0,0,1230781,0,0,0,"bOTU_36"
"37","k__Bacteria","p__Pseudomonadota","c__Betaproteobacteria","o__Nitrosomonadales","f__Methylophilaceae","g__Methylotenera","s__Methylotenera_sp_L2L1",64046,0,0,0,0,0,61728,0,0,0,0,0,0,0,0,0,0,0,0,0,"bOTU_37"
"38","k__Bacteria","p__Pseudomonadota","c__Alphaproteobacteria","o__Hyphomicrobiales","f__Reyranellaceae","g__Reyranella","s__Reyranella_SGB89884",55034,0,0,0,0,0,0,15757,0,26339,0,0,17367,0,28773,0,0,0,75689,0,"bOTU_38"
"39","k__Bacteria","p__Bacteroidota","c__Flavobacteriia","o__Flavobacteriales","f__Flavobacteriaceae","g__Flavobacterium","s__Flavobacterium_orientale",15491,0,0,0,0,0,0,0,0,0,0,0,0,0,13679,0,0,0,0,0,"bOTU_39"
"40","k__Bacteria","p__Actinomycetota","c__Actinomycetes","o__Propionibacteriales","f__Propionibacteriaceae","g__Cutibacterium","s__Cutibacterium_acnes",11751,0,10046,0,12657,0,9069,0,0,10446,0,9863,10137,0,0,0,12064,0,0,0,"bOTU_40"
"41","k__Bacteria","p__Nitrospirota","c__CFGB5004","o__OFGB5004","f__FGB5004","g__GGB43562","s__GGB43562_SGB166679",7872,0,21099,14062,6921,0,912372,0,28932,12881,0,0,5802,0,0,0,196676,0,59139,0,"bOTU_41"
"42","k__Bacteria","p__Candidatus_Saccharibacteria","c__CFGB86280","o__OFGB86280","f__FGB86280","g__GGB106820","s__GGB106820_SGB189639",3422,0,0,0,0,0,0,0,0,9032,0,0,0,0,0,0,0,0,0,0,"bOTU_42"
"43","k__Bacteria","p__Firmicutes","c__CFGB26722","o__OFGB26722","f__FGB26722","g__GGB105596","s__GGB105596_SGB82041",7863,0,0,0,0,0,0,0,0,0,0,0,0,0,0,0,0,0,0,0,"bOTU_43"
"44","k__Bacteria","p__Thermodesulfobacteriota","c__CFGB2255","o__OFGB2255","f__FGB2255","g__GGB63127","s__GGB63127_SGB124806",12437,0,15519,0,13460,0,11431,10869,62971,0,0,0,0,0,0,0,48367,0,12546,12328,"bOTU_44"
"45","k__Bacteria","p__Pseudomonadota","c__Betaproteobacteria","o__Nitrosomonadales","f__Thiobacillaceae","g__Thiobacillus","s__Thiobacillus_denitrificans",208439,0,199136,99523,89759,0,0,0,0,0,0,0,223554,0,0,0,0,0,0,0,"bOTU_45"
"46","k__Bacteria","p__Firmicutes","c__CFGB42607","o__OFGB42607","f__FGB42607","g__GGB47217","s__GGB47217_SGB106326",4136,0,0,0,0,0,0,0,0,0,0,0,3395,0,0,0,0,0,0,0,"bOTU_46"
"47","k__Bacteria","p__Bacteroidota","c__Flavobacteriia","o__Flavobacteriales","f__Flavobacteriaceae","g__GGB14257","s__GGB14257_SGB195931",9580,525050,0,25830,0,0,93661,0,0,0,2768327,8725,0,160905,152519,27298,53763,0,92788,0,"bOTU_47"
"48","k__Bacteria","p__Actinomycetota","c__Actinomycetes","o__Mycobacteriales","f__Nocardiaceae","g__Rhodococcoides","s__Rhodococcoides_yunnanense",22609,0,0,0,0,0,0,0,0,0,0,0,32702,31414,0,0,0,0,24085,0,"bOTU_48"
"49","k__Bacteria","p__Bacteroidota","c__CFGB90425","o__OFGB90425","f__FGB90425","g__GGB122861","s__GGB122861_SGB153845",5314,0,4750,4059,8215,0,0,6915,19787,0,0,0,0,0,5278,0,0,0,13403,0,"bOTU_49"
"50","k__Bacteria","p__Pseudomonadota","c__Gammaproteobacteria","o__Methylococcales","f__Methylococcaceae","g__GGB59409","s__GGB59409_SGB165301",5829,40509,0,27538,0,19764572,0,1721593,0,0,5161434,5635,0,4630,10059847,34348,12121,1151240,0,0,"bOTU_50"
"51","k__Bacteria","p__Nitrospirota","c__Nitrospiria","o__Nitrospirales","f__Nitrospiraceae","g__Nitrospira","s__Nitrospira_SGB170907",8590,7001,82877,79390,26375,0,997353,0,11032,0,0,0,0,0,0,0,0,0,899646,0,"bOTU_51"
"52","k__Bacteria","p__Pseudomonadota","c__Alphaproteobacteria","o__Hyphomicrobiales","f__Parvibaculaceae","g__GGB7499","s__GGB7499_SGB184091",147819,0,0,0,827459,0,0,0,0,0,0,0,0,0,0,0,0,0,0,0,"bOTU_52"
"53","k__Bacteria","p__Pseudomonadota","c__Gammaproteobacteria","o__Gammaproteobacteria_unclassified","f__Gammaproteobacteria_unclassified","g__Gammaproteobacteria_unclassified","s__Gammaproteobacteria_bacterium_LSUCC0112",32188,21999,0,17122,6014,0,0,0,0,14908,0,0,0,45223,0,0,0,0,0,0,"bOTU_53"
"54","k__Bacteria","p__Nitrospirota","c__CFGB5004","o__OFGB5004","f__FGB5004","g__GGB14416","s__GGB14416_SGB21931",23574,0,13061,27814,0,0,36560,0,0,0,0,0,0,0,0,0,0,0,0,0,"bOTU_54"
"55","k__Bacteria","p__Bacteroidota","c__Cytophagia","o__Cytophagales","f__Cyclobacteriaceae","g__Algoriphagus","s__Algoriphagus_SGB3233",9976,458733,0,19077,17415,0,2054821,9843,0,0,0,0,20603,1273861,71760,95615,0,86888,466981,12671,"bOTU_55"
"56","k__Bacteria","p__Actinomycetota","c__Actinomycetes","o__Mycobacteriales","f__Nocardiaceae","g__Rhodococcus","s__Rhodococcus_sp_EPR_157",7782,0,0,0,0,0,0,0,0,0,0,0,11807,0,0,0,0,0,0,0,"bOTU_56"
"57","k__Bacteria","p__Thermodesulfobacteriota","c__CFGB12416","o__OFGB12416","f__FGB12416","g__GGB35332","s__GGB35332_SGB21923",4722,0,13060,13735,5156,0,16228,0,10095,0,3980,0,6763,0,0,0,4604,0,9967,0,"bOTU_57"
"58","k__Bacteria","p__Pseudomonadota","c__Gammaproteobacteria","o__Pseudomonadales","f__Pseudomonadaceae","g__Pseudomonas","s__Pseudomonas_songnenensis",10104,0,0,0,0,0,0,0,0,0,0,0,0,0,0,0,0,0,0,0,"bOTU_58"
"59","k__Bacteria","p__Actinomycetota","c__Thermoleophilia","o__Miltoncostaeales","f__Miltoncostaeaceae","g__Miltoncostaea","s__Miltoncostaea_oceani",10928,0,5160,0,0,0,0,0,0,0,0,0,0,0,0,0,0,0,5432,0,"bOTU_59"
"60","k__Bacteria","p__Thermodesulfobacteriota","c__Desulfobacteria","o__Desulfobacterales","f__Desulfosarcinaceae","g__GGB63061","s__GGB63061_SGB85305",7096,0,0,0,0,0,0,0,0,0,0,0,0,0,0,0,0,0,0,0,"bOTU_60"
"61","k__Bacteria","p__Pseudomonadota","c__Betaproteobacteria","o__Burkholderiales","f__Comamonadaceae","g__Acidovorax","s__Acidovorax_SGB108221",11237,56406,0,0,0,0,115795,0,16043,9299,22112,0,19734,0,101848,9186,0,12466,0,0,"bOTU_61"
"62","k__Bacteria","p__Pseudomonadota","c__Betaproteobacteria","o__Burkholderiales","f__Comamonadaceae","g__Hydrogenophaga","s__Hydrogenophaga_sp_IBVHS1",6622,6777,108534,22813,81014,0,551036,0,6785,0,0,0,77821,0,6288,0,9499,0,43900,0,"bOTU_62"
"63","k__Bacteria","p__Pseudomonadota","c__Betaproteobacteria","o__Burkholderiales","f__Comamonadaceae","g__Simplicispira","s__Simplicispira_SGB22469",12700,14365,0,0,0,0,51884,0,14406,0,0,0,42356,0,0,0,0,0,42468,0,"bOTU_63"
"64","k__Bacteria","p__Pseudomonadota","c__Alphaproteobacteria","o__Hyphomicrobiales","f__Rhizobiaceae","g__Hoeflea","s__Hoeflea_SGB89558",55799,0,0,0,0,0,0,0,0,0,0,0,0,39300,0,0,0,0,0,0,"bOTU_64"
"65","k__Bacteria","p__Pseudomonadota","c__Betaproteobacteria","o__Nitrosomonadales","f__Thiobacillaceae","g__GGB74856","s__GGB74856_SGB57219",5314,0,4773629,5917,57750,0,0,0,0,0,0,0,0,0,0,0,0,0,0,0,"bOTU_65"
"66","k__Bacteria","p__Thermodesulfobacteriota","c__CFGB34348","o__OFGB34348","f__FGB34348","g__GGB63020","s__GGB63020_SGB85257",14924,0,0,0,0,0,0,26111,98295,0,0,0,0,0,0,0,30358,0,24041,0,"bOTU_66"
"67","k__Bacteria","p__Pseudomonadota","c__Alphaproteobacteria","o__Hyphomicrobiales","f__Parvibaculaceae","g__Parvibaculum","s__Parvibaculum_lavamentivorans",38221,0,0,0,0,0,0,0,0,0,0,0,0,0,0,0,0,0,0,0,"bOTU_67"
"68","k__Bacteria","p__Pseudomonadota","c__Betaproteobacteria","o__Nitrosomonadales","f__Thiobacillaceae","g__GGB8488","s__GGB8488_SGB179601",15056,131844,840265,0,1014869,59381,0,0,0,81320,0,0,0,0,0,0,0,2053040,0,0,"bOTU_68"
"69","k__Bacteria","p__Pseudomonadota","c__Alphaproteobacteria","o__Hyphomicrobiales","f__Nitrobacteraceae","g__Bradyrhizobium","s__Bradyrhizobium_SGB184494",14834,18053,915366,29981,825642,0,1099439,0,0,0,0,108795,84785,0,0,126603,130401,0,65677,0,"bOTU_69"
"70","k__Bacteria","p__Pseudomonadota","c__Alphaproteobacteria","o__Rhodobacterales","f__Paracoccaceae","g__GGB132630","s__GGB132630_SGB181838",7086,705120,0,117292,0,12383,0,0,9934,0,0,0,0,0,0,9874,0,31904,0,282057,"bOTU_70"
"71","k__Bacteria","p__Thermodesulfobacteriota","c__CFGB2255","o__OFGB2255","f__FGB2255","g__GGB138967","s__GGB138967_SGB167309",33827,0,18394,20083,13351,0,79373,0,28064,45811,0,0,0,0,0,0,94479,0,19991,18699,"bOTU_71"
"72","k__Bacteria","p__Firmicutes","c__CFGB40289","o__OFGB40289","f__FGB40289","g__GGB58596","s__GGB58596_SGB80261",5187,0,0,0,0,0,0,0,5579,0,0,0,0,0,0,0,0,0,10605,25231,"bOTU_72"
"73","k__Bacteria","p__Pseudomonadota","c__Betaproteobacteria","o__Nitrosomonadales","f__Nitrosomonadaceae","g__GGB46267","s__GGB46267_SGB64040",12430,0,0,0,0,0,0,0,0,0,0,0,0,0,0,0,0,0,0,0,"bOTU_73"
"74","k__Bacteria","p__Pseudomonadota","c__Betaproteobacteria","o__Burkholderiales","f__Comamonadaceae","g__Acidovorax","s__Acidovorax_sp_BoFeN1",11839,0,0,0,0,0,110764,0,0,16255,0,0,32562,0,0,0,0,0,40266,0,"bOTU_74"
"75","k__Bacteria","p__Pseudomonadota","c__Betaproteobacteria","o__Burkholderiales","f__Comamonadaceae","g__Polaromonas","s__Polaromonas_eurypsychrophila",18440,0,18031,0,0,0,53049,0,0,173655,0,0,0,0,0,0,0,0,0,0,"bOTU_75"
"76","k__Bacteria","p__Thermodesulfobacteriota","c__Desulfovibrionia","o__Desulfovibrionales","f__Desulfovibrionaceae","g__Pseudodesulfovibrio","s__Pseudodesulfovibrio_pelocollis",5466,0,0,0,0,0,0,0,0,0,0,0,0,0,0,0,0,0,0,0,"bOTU_76"
"77","k__Bacteria","p__Pseudomonadota","c__Betaproteobacteria","o__Nitrosomonadales","f__Nitrosomonadaceae","g__GGB38197","s__GGB38197_SGB102711",41865541,7325,246881,797096,953372,8262,9623947,0,8892,0,0,0,16848749,0,0,6789,220265,0,9409456,0,"bOTU_77"
"78","k__Bacteria","p__Pseudomonadota","c__Betaproteobacteria","o__Nitrosomonadales","f__Methylophilaceae","g__GGB15285","s__GGB15285_SGB163133",14400447,2683460,1076397,1615900,1849849,21727051,4391338,50860124,1001305,0,11927843,12722624,26815,0,30492244,47289,5269094,15454296,3617983,0,"bOTU_78"
"79","k__Bacteria","p__Pseudomonadota","c__Alphaproteobacteria","o__Hyphomicrobiales","f__Parvibaculaceae","g__Parvibaculum","s__Parvibaculum_SGB184089",18997874,0,46154,54804,2561119,49031,9748,86428,0,51304,36352,17297,11384,0,963227,11380,0,178886,0,0,"bOTU_79"
"80","k__Bacteria","p__Pseudomonadota","c__Betaproteobacteria","o__Burkholderiales","f__Comamonadaceae","g__GGB65385","s__GGB65385_SGB88404",6966648,32107,40432,9145,12208,186725,211140,0,20209,54793,0,0,52238,28045528,0,0,0,3472407,12922,25797,"bOTU_80"
"81","k__Bacteria","p__Pseudomonadota","c__Betaproteobacteria","o__Nitrosomonadales","f__Methylophilaceae","g__GGB123072","s__GGB123072_SGB163128",4186501,12361642,10459,248773,201476,14669232,270909,29090264,4671,0,11643201,15979,21571,4476,2526108,190293,7534,22803499,0,0,"bOTU_81"
"82","k__Bacteria","p__Myxococcota","c__Myxococcia","o__Myxococcales","f__Myxococcaceae","g__GGB44951","s__GGB44951_SGB173772",4912534,0,112547,11028,0,0,3386391,0,0,0,0,0,972545,18768,0,0,0,0,9918,0,"bOTU_82"
"83","k__Bacteria","p__Pseudomonadota","c__Gammaproteobacteria","o__Pseudomonadales","f__Pseudohongiellaceae","g__GGB124104","s__GGB124104_SGB164206",2251245,4614,9681,0,25162,0,0,0,0,0,0,0,0,7983,5380,0,4193,7189,0,793311,"bOTU_83"
"84","k__Bacteria","p__Pseudomonadota","c__Betaproteobacteria","o__Burkholderiales","f__Comamonadaceae","g__Hydrogenophaga","s__Hydrogenophaga_SGB178659",2267263,3781947,21486,1517537,136108,17836,2447347,4830428,464919,0,72628,33590,1685004,54364,3652142,43675,0,1048939,871654,26653,"bOTU_84"
"85","k__Bacteria","p__Pseudomonadota","c__CFGB8809","o__OFGB8809","f__FGB8809","g__GGB124110","s__GGB124110_SGB164208",926323,0,338753,0,1030424,0,0,0,0,0,0,0,0,0,0,0,0,0,0,0,"bOTU_85"
"86","k__Bacteria","p__Pseudomonadota","c__Betaproteobacteria","o__Burkholderiales","f__Comamonadaceae","g__GGB65385","s__GGB65385_SGB178643",1057991,394832,455074,54286,127058,48584,195913,114968,51924,13577,1342272,1571428,14507,644741,1413915,16547,0,296901,20533,0,"bOTU_86"
"87","k__Bacteria","p__Pseudomonadota","c__Gammaproteobacteria","o__Methylococcales","f__Methylococcaceae","g__Methylicorpusculum","s__Methylicorpusculum_SGB165343",674530,3930792,0,63293,14931,58279,37906,50832,14489,16885,0,0,2273506,0,0,42683,36868,255916,1771510,28127961,"bOTU_87"
"88","k__Bacteria","p__Pseudomonadota","c__Betaproteobacteria","o__Nitrosomonadales","f__Methylophilaceae","g__Methylotenera","s__Methylotenera_mobilis",667678,27371,33569,0,46721,0,22194526,0,0,0,0,4884592,0,0,0,0,14476,61434,0,0,"bOTU_88"
"89","k__Bacteria","p__Candidatus_Cloacimonadota","c__CFGB2808","o__OFGB2808","f__FGB2808","g__GGB123276","s__GGB123276_SGB153695",237505,0,0,0,3466,0,0,648034,0,0,0,0,0,0,0,0,0,51940,0,0,"bOTU_89"
"90","k__Bacteria","p__Actinomycetota","c__CFGB14186","o__OFGB14186","f__FGB14186","g__GGB38751","s__GGB38751_SGB83034",136438,0,0,0,3825,0,0,0,2646,0,0,0,16734,0,0,0,0,7687,0,0,"bOTU_90"
"91","k__Bacteria","p__Pseudomonadota","c__Betaproteobacteria","o__Burkholderiales","f__Comamonadaceae","g__GGB134262","s__GGB134262_SGB178936",106308,0,11647,0,0,30274,213975,0,41694,0,14247,0,0,2863193,0,0,0,184966,0,0,"bOTU_91"
"92","k__Bacteria","p__Bacteroidota","c__CFGB43210","o__OFGB43210","f__FGB43210","g__GGB43210","s__GGB43210_SGB60505",255311,6887,0,0,0,0,0,0,0,0,0,0,0,0,0,0,0,0,0,0,"bOTU_92"
"93","k__Bacteria","p__Pseudomonadota","c__Alphaproteobacteria","o__Hyphomonadales","f__Hyphomonadaceae","g__Hyphomonas","s__Hyphomonas_SGB10518",67454,0,0,0,0,0,0,0,0,0,0,0,0,5877,7177,0,0,0,0,0,"bOTU_93"
"94","k__Bacteria","p__Pseudomonadota","c__CFGB33292","o__OFGB33292","f__FGB33292","g__GGB133806","s__GGB133806_SGB179331",57200,5521,11315,6050,356539,0,514809,0,0,0,0,0,97602,11088,0,0,0,0,64001,0,"bOTU_94"
"95","k__Bacteria","p__Nitrospirota","c__CFGB5004","o__OFGB5004","f__FGB5004","g__GGB14416","s__GGB14416_SGB166674",55578,0,50664,31084,40951,0,81131,314272,31674,19362,0,0,7936,0,18915,0,10210,8941,9091,0,"bOTU_95"
"96","k__Bacteria","p__Bacteroidota","c__Bacteroidia","o__Bacteroidales","f__Lentimicrobiaceae","g__GGB13972","s__GGB13972_SGB21397",63387,14964,0,0,0,100431,0,0,7766,0,0,0,0,18199,6242,0,0,0,8690,18553,"bOTU_96"
"97","k__Bacteria","p__Pseudomonadota","c__Betaproteobacteria","o__Rhodocyclales","f__Zoogloeaceae","g__GGB26459","s__GGB26459_SGB88238",83055,184847,11895,0,27751,0,5944,18574,105333,0,0,0,7431,6642,0,9524,0,31170,70033,17235,"bOTU_97"
"98","k__Bacteria","p__Campylobacterota","c__Epsilonproteobacteria","o__Campylobacterales","f__Sulfurimonadaceae","g__GGB34283","s__GGB34283_SGB204197",13471,1420475,0,0,0,0,34828,6350415,3963014,6396,0,0,0,29566,6478,3470,0,0,0,0,"bOTU_98"
"99","k__Bacteria","p__Pseudomonadota","c__Betaproteobacteria","o__Burkholderiales","f__Comamonadaceae","g__Polaromonas","s__Polaromonas_SGB179188",95383,0,44077,5913614,151054,649188,13479354,0,0,0,278073,714431,257817,59303,0,0,1047318,41218,1305808,0,"bOTU_99"
"100","k__Bacteria","p__Pseudomonadota","c__Betaproteobacteria","o__Burkholderiales","f__Sphaerotilaceae","g__Methylibium","s__Methylibium_sp_Root1272",31341,0,248032,0,0,0,72059,0,0,0,0,0,97424,0,29025,0,0,0,0,0,"bOTU_100"
"101","k__Bacteria","p__Bacteroidota","c__Flavobacteriia","o__Flavobacteriales","f__Flavobacteriaceae","g__Flavobacterium","s__Flavobacterium_azooxidireducens",29668,0,0,0,0,0,0,0,0,0,0,0,0,0,0,0,0,0,0,0,"bOTU_101"
"102","k__Bacteria","p__Thermodesulfobacteriota","c__Desulfobulbia","o__Desulfobulbales","f__Thiovibrionaceae","g__Thiovibrio","s__Thiovibrio_SGB52009",21550,348554,13233,0,0,0,0,0,38097,444060,0,0,0,8687,0,0,41299,10219,92029,0,"bOTU_102"
"103","k__Bacteria","p__Pseudomonadota","c__Gammaproteobacteria","o__Moraxellales","f__Moraxellaceae","g__GGB42936","s__GGB42936_SGB165576",13709,0,7901,108245,1301509,0,0,6068,5294,8302,0,0,0,0,8400,0,0,0,0,21112,"bOTU_103"
"104","k__Bacteria","p__Pseudomonadota","c__Betaproteobacteria","o__Nitrosomonadales","f__Sterolibacteriaceae","g__Methyloversatilis","s__Methyloversatilis_SGB179884",24730,0,61518,13369,13121,0,211920,0,12339,381830,0,778215,599955,504224,0,0,0,0,115691,0,"bOTU_104"
"105","k__Bacteria","p__Firmicutes","c__Clostridia","o__Eubacteriales","f__Peptococcaceae","g__GGB60800","s__GGB60800_SGB82832",13702,11054,0,0,0,0,0,104787,98243,0,0,0,0,0,0,0,0,0,0,0,"bOTU_105"
"106","k__Archaea","p__Thermoplasmatota","c__CFGB14502","o__OFGB14502","f__FGB14502","g__GGB73713","s__GGB73713_SGB147456",13030,4482,0,0,0,0,0,6602,0,5167,8913,0,0,0,4417,0,0,0,0,0,"aOTU_106"
"107","k__Bacteria","p__Nitrospirota","c__CFGB5004","o__OFGB5004","f__FGB5004","g__GGB14416","s__GGB14416_SGB21930",46026,0,25256,65566,0,0,84525,0,11944,13992,0,0,0,0,0,0,0,0,0,0,"bOTU_107"
"108","k__Bacteria","p__Pseudomonadota","c__Betaproteobacteria","o__Burkholderiales","f__Comamonadaceae","g__Hydrogenophaga","s__Hydrogenophaga_SGB178651",40580,111062,0,0,0,559893,230180,0,0,0,21749743,64336,0,0,422875,0,51512,2564421,0,0,"bOTU_108"
"109","k__Bacteria","p__Thermodesulfobacteriota","c__CFGB34348","o__OFGB34348","f__FGB34348","g__GGB63020","s__GGB63020_SGB85259",34106,0,15761,9717,27834,0,19313,74525,417915,25798,12473,0,11054,0,11929,0,86146,0,80086,0,"bOTU_109"
"110","k__Bacteria","p__Pseudomonadota","c__Gammaproteobacteria","o__Pseudomonadales","f__Pseudomonadaceae","g__Ectopseudomonas","s__Ectopseudomonas_chengduensis",33215,19452,0,0,0,40224,39416,0,0,28694,0,0,0,0,116304,0,0,0,0,0,"bOTU_110"
"111","k__Bacteria","p__Pseudomonadota","c__Gammaproteobacteria","o__Moraxellales","f__Moraxellaceae","g__GGB42936","s__GGB42936_SGB60159",12760,0,0,0,0,0,0,0,0,0,0,0,0,9996,0,0,0,0,0,34439,"bOTU_111"
"112","k__Bacteria","p__Pseudomonadota","c__Betaproteobacteria","o__Nitrosomonadales","f__Thiobacillaceae","g__Thiobacillus","s__Thiobacillus_SGB179646",63208,961720,0,0,0,23822,0,19269,934226,0,0,0,0,0,0,0,1230781,0,0,0,"bOTU_112"
"113","k__Bacteria","p__Pseudomonadota","c__Betaproteobacteria","o__Nitrosomonadales","f__Methylophilaceae","g__Methylotenera","s__Methylotenera_sp_L2L1",64046,0,0,0,0,0,61728,0,0,0,0,0,0,0,0,0,0,0,0,0,"bOTU_113"
"114","k__Bacteria","p__Pseudomonadota","c__Alphaproteobacteria","o__Hyphomicrobiales","f__Reyranellaceae","g__Reyranella","s__Reyranella_SGB89884",55034,0,0,0,0,0,0,15757,0,26339,0,0,17367,0,28773,0,0,0,75689,0,"bOTU_114"
"115","k__Bacteria","p__Bacteroidota","c__Flavobacteriia","o__Flavobacteriales","f__Flavobacteriaceae","g__Flavobacterium","s__Flavobacterium_orientale",15491,0,0,0,0,0,0,0,0,0,0,0,0,0,13679,0,0,0,0,0,"bOTU_115"
"116","k__Bacteria","p__Actinomycetota","c__Actinomycetes","o__Propionibacteriales","f__Propionibacteriaceae","g__Cutibacterium","s__Cutibacterium_acnes",11751,0,10046,0,12657,0,9069,0,0,10446,0,9863,10137,0,0,0,12064,0,0,0,"bOTU_116"
"117","k__Bacteria","p__Nitrospirota","c__CFGB5004","o__OFGB5004","f__FGB5004","g__GGB43562","s__GGB43562_SGB166679",7872,0,21099,14062,6921,0,912372,0,28932,12881,0,0,5802,0,0,0,196676,0,59139,0,"bOTU_117"
"118","k__Bacteria","p__Candidatus_Saccharibacteria","c__CFGB86280","o__OFGB86280","f__FGB86280","g__GGB106820","s__GGB106820_SGB189639",3422,0,0,0,0,0,0,0,0,9032,0,0,0,0,0,0,0,0,0,0,"bOTU_118"
"119","k__Bacteria","p__Firmicutes","c__CFGB26722","o__OFGB26722","f__FGB26722","g__GGB105596","s__GGB105596_SGB82041",7863,0,0,0,0,0,0,0,0,0,0,0,0,0,0,0,0,0,0,0,"bOTU_119"
"120","k__Bacteria","p__Thermodesulfobacteriota","c__CFGB2255","o__OFGB2255","f__FGB2255","g__GGB63127","s__GGB63127_SGB124806",12437,0,15519,0,13460,0,11431,10869,62971,0,0,0,0,0,0,0,48367,0,12546,12328,"bOTU_120"
"121","k__Bacteria","p__Pseudomonadota","c__Betaproteobacteria","o__Nitrosomonadales","f__Thiobacillaceae","g__Thiobacillus","s__Thiobacillus_denitrificans",208439,0,199136,99523,89759,0,0,0,0,0,0,0,223554,0,0,0,0,0,0,0,"bOTU_121"
"122","k__Bacteria","p__Firmicutes","c__CFGB42607","o__OFGB42607","f__FGB42607","g__GGB47217","s__GGB47217_SGB106326",4136,0,0,0,0,0,0,0,0,0,0,0,3395,0,0,0,0,0,0,0,"bOTU_122"
"123","k__Bacteria","p__Bacteroidota","c__Flavobacteriia","o__Flavobacteriales","f__Flavobacteriaceae","g__GGB14257","s__GGB14257_SGB195931",9580,525050,0,25830,0,0,93661,0,0,0,2768327,8725,0,160905,152519,27298,53763,0,92788,0,"bOTU_123"
"124","k__Bacteria","p__Actinomycetota","c__Actinomycetes","o__Mycobacteriales","f__Nocardiaceae","g__Rhodococcoides","s__Rhodococcoides_yunnanense",22609,0,0,0,0,0,0,0,0,0,0,0,32702,31414,0,0,0,0,24085,0,"bOTU_124"
"125","k__Bacteria","p__Bacteroidota","c__CFGB90425","o__OFGB90425","f__FGB90425","g__GGB122861","s__GGB122861_SGB153845",5314,0,4750,4059,8215,0,0,6915,19787,0,0,0,0,0,5278,0,0,0,13403,0,"bOTU_125"
"126","k__Bacteria","p__Pseudomonadota","c__Gammaproteobacteria","o__Methylococcales","f__Methylococcaceae","g__GGB59409","s__GGB59409_SGB165301",5829,40509,0,27538,0,19764572,0,1721593,0,0,5161434,5635,0,4630,10059847,34348,12121,1151240,0,0,"bOTU_126"
"127","k__Bacteria","p__Nitrospirota","c__Nitrospiria","o__Nitrospirales","f__Nitrospiraceae","g__Nitrospira","s__Nitrospira_SGB170907",8590,7001,82877,79390,26375,0,997353,0,11032,0,0,0,0,0,0,0,0,0,899646,0,"bOTU_127"
"128","k__Bacteria","p__Pseudomonadota","c__Alphaproteobacteria","o__Hyphomicrobiales","f__Parvibaculaceae","g__GGB7499","s__GGB7499_SGB184091",147819,0,0,0,827459,0,0,0,0,0,0,0,0,0,0,0,0,0,0,0,"bOTU_128"
"129","k__Bacteria","p__Pseudomonadota","c__Gammaproteobacteria","o__Gammaproteobacteria_unclassified","f__Gammaproteobacteria_unclassified","g__Gammaproteobacteria_unclassified","s__Gammaproteobacteria_bacterium_LSUCC0112",32188,21999,0,17122,6014,0,0,0,0,14908,0,0,0,45223,0,0,0,0,0,0,"bOTU_129"
"130","k__Bacteria","p__Nitrospirota","c__CFGB5004","o__OFGB5004","f__FGB5004","g__GGB14416","s__GGB14416_SGB21931",23574,0,13061,27814,0,0,36560,0,0,0,0,0,0,0,0,0,0,0,0,0,"bOTU_130"
"131","k__Bacteria","p__Bacteroidota","c__Cytophagia","o__Cytophagales","f__Cyclobacteriaceae","g__Algoriphagus","s__Algoriphagus_SGB3233",9976,458733,0,19077,17415,0,2054821,9843,0,0,0,0,20603,1273861,71760,95615,0,86888,466981,12671,"bOTU_131"
"132","k__Bacteria","p__Actinomycetota","c__Actinomycetes","o__Mycobacteriales","f__Nocardiaceae","g__Rhodococcus","s__Rhodococcus_sp_EPR_157",7782,0,0,0,0,0,0,0,0,0,0,0,11807,0,0,0,0,0,0,0,"bOTU_132"
"133","k__Bacteria","p__Thermodesulfobacteriota","c__CFGB12416","o__OFGB12416","f__FGB12416","g__GGB35332","s__GGB35332_SGB21923",4722,0,13060,13735,5156,0,16228,0,10095,0,3980,0,6763,0,0,0,4604,0,9967,0,"bOTU_133"
"134","k__Bacteria","p__Pseudomonadota","c__Gammaproteobacteria","o__Pseudomonadales","f__Pseudomonadaceae","g__Pseudomonas","s__Pseudomonas_songnenensis",10104,0,0,0,0,0,0,0,0,0,0,0,0,0,0,0,0,0,0,0,"bOTU_134"
"135","k__Bacteria","p__Actinomycetota","c__Thermoleophilia","o__Miltoncostaeales","f__Miltoncostaeaceae","g__Miltoncostaea","s__Miltoncostaea_oceani",10928,0,5160,0,0,0,0,0,0,0,0,0,0,0,0,0,0,0,5432,0,"bOTU_135"
"136","k__Bacteria","p__Thermodesulfobacteriota","c__Desulfobacteria","o__Desulfobacterales","f__Desulfosarcinaceae","g__GGB63061","s__GGB63061_SGB85305",7096,0,0,0,0,0,0,0,0,0,0,0,0,0,0,0,0,0,0,0,"bOTU_136"
"137","k__Bacteria","p__Pseudomonadota","c__Betaproteobacteria","o__Burkholderiales","f__Comamonadaceae","g__Acidovorax","s__Acidovorax_SGB108221",11237,56406,0,0,0,0,115795,0,16043,9299,22112,0,19734,0,101848,9186,0,12466,0,0,"bOTU_137"
"138","k__Bacteria","p__Pseudomonadota","c__Betaproteobacteria","o__Burkholderiales","f__Comamonadaceae","g__Hydrogenophaga","s__Hydrogenophaga_sp_IBVHS1",6622,6777,108534,22813,81014,0,551036,0,6785,0,0,0,77821,0,6288,0,9499,0,43900,0,"bOTU_138"
"139","k__Bacteria","p__Pseudomonadota","c__Betaproteobacteria","o__Burkholderiales","f__Comamonadaceae","g__Simplicispira","s__Simplicispira_SGB22469",12700,14365,0,0,0,0,51884,0,14406,0,0,0,42356,0,0,0,0,0,42468,0,"bOTU_139"
"140","k__Bacteria","p__Pseudomonadota","c__Alphaproteobacteria","o__Hyphomicrobiales","f__Rhizobiaceae","g__Hoeflea","s__Hoeflea_SGB89558",55799,0,0,0,0,0,0,0,0,0,0,0,0,39300,0,0,0,0,0,0,"bOTU_140"
"141","k__Bacteria","p__Pseudomonadota","c__Betaproteobacteria","o__Nitrosomonadales","f__Thiobacillaceae","g__GGB74856","s__GGB74856_SGB57219",5314,0,4773629,5917,57750,0,0,0,0,0,0,0,0,0,0,0,0,0,0,0,"bOTU_141"
"142","k__Bacteria","p__Thermodesulfobacteriota","c__CFGB34348","o__OFGB34348","f__FGB34348","g__GGB63020","s__GGB63020_SGB85257",14924,0,0,0,0,0,0,26111,98295,0,0,0,0,0,0,0,30358,0,24041,0,"bOTU_142"
"143","k__Bacteria","p__Pseudomonadota","c__Alphaproteobacteria","o__Hyphomicrobiales","f__Parvibaculaceae","g__Parvibaculum","s__Parvibaculum_lavamentivorans",38221,0,0,0,0,0,0,0,0,0,0,0,0,0,0,0,0,0,0,0,"bOTU_143"
"144","k__Bacteria","p__Pseudomonadota","c__Betaproteobacteria","o__Nitrosomonadales","f__Thiobacillaceae","g__GGB8488","s__GGB8488_SGB179601",15056,131844,840265,0,1014869,59381,0,0,0,81320,0,0,0,0,0,0,0,2053040,0,0,"bOTU_144"
"145","k__Bacteria","p__Pseudomonadota","c__Alphaproteobacteria","o__Hyphomicrobiales","f__Nitrobacteraceae","g__Bradyrhizobium","s__Bradyrhizobium_SGB184494",14834,18053,915366,29981,825642,0,1099439,0,0,0,0,108795,84785,0,0,126603,130401,0,65677,0,"bOTU_145"
"146","k__Bacteria","p__Pseudomonadota","c__Alphaproteobacteria","o__Rhodobacterales","f__Paracoccaceae","g__GGB132630","s__GGB132630_SGB181838",7086,705120,0,117292,0,12383,0,0,9934,0,0,0,0,0,0,9874,0,31904,0,282057,"bOTU_146"
"147","k__Bacteria","p__Thermodesulfobacteriota","c__CFGB2255","o__OFGB2255","f__FGB2255","g__GGB138967","s__GGB138967_SGB167309",33827,0,18394,20083,13351,0,79373,0,28064,45811,0,0,0,0,0,0,94479,0,19991,18699,"bOTU_147"
"148","k__Bacteria","p__Firmicutes","c__CFGB40289","o__OFGB40289","f__FGB40289","g__GGB58596","s__GGB58596_SGB80261",5187,0,0,0,0,0,0,0,5579,0,0,0,0,0,0,0,0,0,10605,25231,"bOTU_148"
"149","k__Bacteria","p__Pseudomonadota","c__Betaproteobacteria","o__Nitrosomonadales","f__Nitrosomonadaceae","g__GGB46267","s__GGB46267_SGB64040",12430,0,0,0,0,0,0,0,0,0,0,0,0,0,0,0,0,0,0,0,"bOTU_149"
"150","k__Bacteria","p__Pseudomonadota","c__Betaproteobacteria","o__Burkholderiales","f__Comamonadaceae","g__Acidovorax","s__Acidovorax_sp_BoFeN1",11839,0,0,0,0,0,110764,0,0,16255,0,0,32562,0,0,0,0,0,40266,0,"bOTU_150"
"151","k__Bacteria","p__Pseudomonadota","c__Betaproteobacteria","o__Burkholderiales","f__Comamonadaceae","g__Polaromonas","s__Polaromonas_eurypsychrophila",18440,0,18031,0,0,0,53049,0,0,173655,0,0,0,0,0,0,0,0,0,0,"bOTU_151"
"152","k__Bacteria","p__Thermodesulfobacteriota","c__Desulfovibrionia","o__Desulfovibrionales","f__Desulfovibrionaceae","g__Pseudodesulfovibrio","s__Pseudodesulfovibrio_pelocollis",5466,0,0,0,0,0,0,0,0,0,0,0,0,0,0,0,0,0,0,0,"bOTU_152"
"153","k__Bacteria","p__Pseudomonadota","c__Betaproteobacteria","o__Burkholderiales","f__Comamonadaceae","g__GGB14851","s__GGB14851_SGB178979",0,0,1576240,0,5423598,6536136,1385000,8012,7999,0,5612961,8821,0,0,259797,0,110643,564828,28101,0,"bOTU_153"
"154","k__Bacteria","p__Pseudomonadota","c__Alphaproteobacteria","o__Rhodobacterales","f__Paracoccaceae","g__GGB15929","s__GGB15929_SGB181708",0,512023,77831,0,1285645,4687,0,0,0,0,262197,0,0,0,0,0,0,0,0,0,"bOTU_154"
"155","k__Bacteria","p__Pseudomonadota","c__Gammaproteobacteria","o__Methylococcales","f__Methylococcaceae","g__GGB124698","s__GGB124698_SGB165306",0,70850696,12891,0,7216,15117124,7298,5312382,5553,0,282918,7871,0,0,642042,7381,9408,280771,0,0,"bOTU_155"
"156","k__Bacteria","p__Pseudomonadota","c__Alphaproteobacteria","o__Sphingomonadales","f__Sphingomonadaceae","g__Novosphingobium","s__Novosphingobium_arvoryzae",0,0,0,10425,0,0,5319,0,0,0,243195,0,0,0,0,0,0,0,0,0,"bOTU_156"
"157","k__Bacteria","p__Pseudomonadota","c__Gammaproteobacteria","o__Oceanospirillales","f__Halomonadaceae","g__Halomonas","s__Halomonas_sp_GFAJ_1",0,0,0,0,0,0,0,0,0,0,49974,0,644179,7172,11326,14966,57289,0,0,0,"bOTU_157"
"158","k__Bacteria","p__Pseudomonadota","c__Betaproteobacteria","o__Burkholderiales","f__Comamonadaceae","g__Polaromonas","s__Polaromonas_SGB12725",0,0,0,753941,0,0,183567,0,0,0,94473,0,0,0,0,0,1390850,0,0,0,"bOTU_158"
"159","k__Bacteria","p__Pseudomonadota","c__Betaproteobacteria","o__Burkholderiales","f__Comamonadaceae","g__GGB8318","s__GGB8318_SGB12742",0,636808,8094,0,17837,10215,0,0,0,0,14668,0,0,11483,0,0,0,0,0,0,"bOTU_159"
"160","k__Bacteria","p__Thermodesulfobacteriota","c__Desulfovibrionia","o__Desulfovibrionales","f__Desulfomicrobiaceae","g__Desulfomicrobium","s__Desulfomicrobium_SGB168065",0,0,0,0,0,32153,0,51178,20341,0,12839,0,0,179551,0,10590,0,46054,66489,10430,"bOTU_160"
"161","k__Bacteria","p__Pseudomonadota","c__Gammaproteobacteria","o__Lysobacterales","f__Lysobacteraceae","g__GGB8164","s__GGB8164_SGB180583",0,689986,6809,0,818871,5367,0,0,0,0,6148,0,0,8883,0,0,0,0,0,0,"bOTU_161"
"162","k__Bacteria","p__Elusimicrobiota","c__CFGB3228","o__OFGB3228","f__FGB3228","g__GGB15354","s__GGB15354_SGB23395",0,0,0,0,0,0,0,0,0,0,6981,0,0,0,0,0,0,0,0,0,"bOTU_162"
"163","k__Bacteria","p__Chloroflexota","c__CFGB91799","o__OFGB91799","f__FGB91799","g__GGB127458","s__GGB127458_SGB169609",0,0,3734,0,10164,0,8600,0,11598,19522,4319,0,0,57639,0,0,0,0,30987,0,"bOTU_163"
"164","k__Bacteria","p__Firmicutes","c__CFGB8996","o__OFGB8996","f__FGB8996","g__GGB4173","s__GGB4173_SGB199910",0,0,6231,0,13550,0,0,5725,84389,0,5467,0,0,0,0,0,0,0,0,27648,"bOTU_164"
"165","k__Bacteria","p__Bacteroidota","c__CFGB24197","o__OFGB24197","f__FGB24197","g__GGB24197","s__GGB24197_SGB36005",0,0,0,0,0,0,0,0,0,0,4398,0,0,323029,0,0,0,0,12928,0,"bOTU_165"
"166","k__Bacteria","p__Chloroflexota","c__CFGB91799","o__OFGB91799","f__FGB91799","g__GGB127455","s__GGB127455_SGB169602",0,0,0,0,0,0,0,0,33891,87137,8405,0,104988,137565,0,0,26361,20281,168616,0,"bOTU_166"
"167","k__Archaea","p__Methanobacteriota","c__Methanomicrobia","o__Methanosarcinales","f__Candidatus_Methanoperedenaceae","g__GGB16980","s__GGB16980_SGB25580",0,0,0,0,0,0,0,0,0,0,3730,0,0,0,0,0,0,0,0,0,"aOTU_167"
"168","k__Bacteria","p__Actinomycetota","c__Actinomycetes","o__Kitasatosporales","f__Streptomycetaceae","g__GGB38694","s__GGB38694_SGB87728",0,0,0,0,0,0,0,0,0,0,14045,0,0,0,0,0,0,0,0,0,"bOTU_168"
"169","k__Bacteria","p__Thermodesulfobacteriota","c__CFGB40977","o__OFGB40977","f__FGB40977","g__GGB43649","s__GGB43649_SGB166408",0,11975,0,7716,14184,0,14297,1040185,86621,83564,7880,0,0,0,13729,0,0,8524,0,0,"bOTU_169"
"170","k__Bacteria","p__Pseudomonadota","c__Betaproteobacteria","o__Burkholderiales","f__Comamonadaceae","g__GGB14851","s__GGB14851_SGB178979",0,0,1576240,0,5423598,6536136,1385000,8012,7999,0,5612961,8821,0,0,259797,0,110643,564828,28101,0,"bOTU_170"
"171","k__Bacteria","p__Pseudomonadota","c__Alphaproteobacteria","o__Rhodobacterales","f__Paracoccaceae","g__GGB15929","s__GGB15929_SGB181708",0,512023,77831,0,1285645,4687,0,0,0,0,262197,0,0,0,0,0,0,0,0,0,"bOTU_171"
"172","k__Bacteria","p__Pseudomonadota","c__Gammaproteobacteria","o__Methylococcales","f__Methylococcaceae","g__GGB124698","s__GGB124698_SGB165306",0,70850696,12891,0,7216,15117124,7298,5312382,5553,0,282918,7871,0,0,642042,7381,9408,280771,0,0,"bOTU_172"
"173","k__Bacteria","p__Pseudomonadota","c__Alphaproteobacteria","o__Sphingomonadales","f__Sphingomonadaceae","g__Novosphingobium","s__Novosphingobium_arvoryzae",0,0,0,10425,0,0,5319,0,0,0,243195,0,0,0,0,0,0,0,0,0,"bOTU_173"
"174","k__Bacteria","p__Pseudomonadota","c__Gammaproteobacteria","o__Oceanospirillales","f__Halomonadaceae","g__Halomonas","s__Halomonas_sp_GFAJ_1",0,0,0,0,0,0,0,0,0,0,49974,0,644179,7172,11326,14966,57289,0,0,0,"bOTU_174"
"175","k__Bacteria","p__Pseudomonadota","c__Betaproteobacteria","o__Burkholderiales","f__Comamonadaceae","g__Polaromonas","s__Polaromonas_SGB12725",0,0,0,753941,0,0,183567,0,0,0,94473,0,0,0,0,0,1390850,0,0,0,"bOTU_175"
"176","k__Bacteria","p__Pseudomonadota","c__Betaproteobacteria","o__Burkholderiales","f__Comamonadaceae","g__GGB8318","s__GGB8318_SGB12742",0,636808,8094,0,17837,10215,0,0,0,0,14668,0,0,11483,0,0,0,0,0,0,"bOTU_176"
"177","k__Bacteria","p__Thermodesulfobacteriota","c__Desulfovibrionia","o__Desulfovibrionales","f__Desulfomicrobiaceae","g__Desulfomicrobium","s__Desulfomicrobium_SGB168065",0,0,0,0,0,32153,0,51178,20341,0,12839,0,0,179551,0,10590,0,46054,66489,10430,"bOTU_177"
"178","k__Bacteria","p__Pseudomonadota","c__Gammaproteobacteria","o__Lysobacterales","f__Lysobacteraceae","g__GGB8164","s__GGB8164_SGB180583",0,689986,6809,0,818871,5367,0,0,0,0,6148,0,0,8883,0,0,0,0,0,0,"bOTU_178"
"179","k__Bacteria","p__Elusimicrobiota","c__CFGB3228","o__OFGB3228","f__FGB3228","g__GGB15354","s__GGB15354_SGB23395",0,0,0,0,0,0,0,0,0,0,6981,0,0,0,0,0,0,0,0,0,"bOTU_179"
"180","k__Bacteria","p__Chloroflexota","c__CFGB91799","o__OFGB91799","f__FGB91799","g__GGB127458","s__GGB127458_SGB169609",0,0,3734,0,10164,0,8600,0,11598,19522,4319,0,0,57639,0,0,0,0,30987,0,"bOTU_180"
"181","k__Bacteria","p__Firmicutes","c__CFGB8996","o__OFGB8996","f__FGB8996","g__GGB4173","s__GGB4173_SGB199910",0,0,6231,0,13550,0,0,5725,84389,0,5467,0,0,0,0,0,0,0,0,27648,"bOTU_181"
"182","k__Bacteria","p__Bacteroidota","c__CFGB24197","o__OFGB24197","f__FGB24197","g__GGB24197","s__GGB24197_SGB36005",0,0,0,0,0,0,0,0,0,0,4398,0,0,323029,0,0,0,0,12928,0,"bOTU_182"
"183","k__Bacteria","p__Chloroflexota","c__CFGB91799","o__OFGB91799","f__FGB91799","g__GGB127455","s__GGB127455_SGB169602",0,0,0,0,0,0,0,0,33891,87137,8405,0,104988,137565,0,0,26361,20281,168616,0,"bOTU_183"
"184","k__Archaea","p__Methanobacteriota","c__Methanomicrobia","o__Methanosarcinales","f__Candidatus_Methanoperedenaceae","g__GGB16980","s__GGB16980_SGB25580",0,0,0,0,0,0,0,0,0,0,3730,0,0,0,0,0,0,0,0,0,"aOTU_184"
"185","k__Bacteria","p__Actinomycetota","c__Actinomycetes","o__Kitasatosporales","f__Streptomycetaceae","g__GGB38694","s__GGB38694_SGB87728",0,0,0,0,0,0,0,0,0,0,14045,0,0,0,0,0,0,0,0,0,"bOTU_185"
"186","k__Bacteria","p__Thermodesulfobacteriota","c__CFGB40977","o__OFGB40977","f__FGB40977","g__GGB43649","s__GGB43649_SGB166408",0,11975,0,7716,14184,0,14297,1040185,86621,83564,7880,0,0,0,13729,0,0,8524,0,0,"bOTU_186"
"187","k__Bacteria","p__Pseudomonadota","c__Alphaproteobacteria","o__Caulobacterales","f__Caulobacteraceae","g__Phenylobacterium","s__Phenylobacterium_sp_LH3H17",0,0,7668,0,0,0,12002,0,0,0,0,4220081,0,0,0,0,29488,0,0,0,"bOTU_187"
"188","k__Bacteria","p__Bacteroidota","c__Flavobacteriia","o__Flavobacteriales","f__Flavobacteriaceae","g__Flavobacterium","s__Flavobacterium_algoritolerans",0,0,36836,0,11794,0,0,0,0,0,0,1567347,0,0,0,0,0,0,0,0,"bOTU_188"
"189","k__Bacteria","p__Candidatus_Saccharibacteria","c__CFGB86100","o__OFGB86100","f__FGB86100","g__GGB106333","s__GGB106333_SGB189626",0,0,0,0,0,0,0,0,0,0,0,322526,0,0,0,0,0,0,0,0,"bOTU_189"
"190","k__Bacteria","p__Pseudomonadota","c__Betaproteobacteria","o__Burkholderiales","f__Comamonadaceae","g__GGB134289","s__GGB134289_SGB179185",0,0,560318,0,1066793,0,452841,0,0,0,0,857254,0,0,0,0,0,0,0,0,"bOTU_190"
"191","k__Bacteria","p__Pseudomonadota","c__Alphaproteobacteria","o__Caulobacterales","f__Caulobacteraceae","g__Phenylobacterium","s__Phenylobacterium_SGB102961",0,0,867012,22262,36588,0,1243225,0,0,0,0,824656,378177,0,0,0,482011,0,2543721,0,"bOTU_191"
"192","k__Archaea","p__Nitrososphaerota","c__CFGB73936","o__OFGB73936","f__FGB73936","g__GGB76009","s__GGB76009_SGB108784",0,0,0,0,0,0,0,0,0,0,0,200710,0,0,0,0,0,0,0,0,"aOTU_192"
"193","k__Bacteria","p__Pseudomonadota","c__Alphaproteobacteria","o__Sphingomonadales","f__Sphingomonadaceae","g__Sphingopyxis","s__Sphingopyxis_bauzanensis",0,0,18201,0,0,0,23000,0,13241,0,0,236444,21615,17676,0,0,13522,15286,15089,0,"bOTU_193"
"194","k__Bacteria","p__Pseudomonadota","c__Betaproteobacteria","o__Burkholderiales","f__Comamonadaceae","g__Polaromonas","s__Polaromonas_sp_JS666",0,0,0,0,0,0,0,0,0,0,0,700170,0,0,0,0,0,0,0,0,"bOTU_194"
"195","k__Bacteria","p__Pseudomonadota","c__Alphaproteobacteria","o__Caulobacterales","f__Caulobacteraceae","g__Brevundimonas","s__Brevundimonas_mediterranea",0,0,0,0,0,0,0,0,0,0,0,144150,0,0,14388,0,0,0,0,0,"bOTU_195"
"196","k__Bacteria","p__Thermodesulfobacteriota","c__CFGB82396","o__OFGB82396","f__FGB82396","g__GGB33193","s__GGB33193_SGB52814",0,0,11108,0,0,0,0,0,10832,0,0,108576,0,0,0,0,0,0,0,0,"bOTU_196"
"197","k__Bacteria","p__Pseudomonadota","c__Betaproteobacteria","o__Burkholderiales","f__Comamonadaceae","g__Variovorax","s__Variovorax_boronicumulans",0,0,0,0,0,0,0,0,0,0,0,121994,0,0,0,0,0,0,0,0,"bOTU_197"
"198","k__Bacteria","p__Pseudomonadota","c__Betaproteobacteria","o__Nitrosomonadales","f__Methylophilaceae","g__GGB15285","s__GGB15285_SGB163132",0,0,0,87825,0,0,0,1287089,0,0,0,2662731,0,0,434812,0,9835685,0,0,0,"bOTU_198"
"199","k__Bacteria","p__Pseudomonadota","c__Gammaproteobacteria","o__Pseudomonadales","f__Pseudomonadaceae","g__Pseudomonas","s__Pseudomonas_mandelii",0,0,49202,0,0,0,0,0,0,0,0,105474,0,0,0,0,2719545,0,0,0,"bOTU_199"
"200","k__Bacteria","p__Candidatus_Saccharibacteria","c__CFGB93702","o__OFGB93702","f__FGB93702","g__GGB11461","s__GGB11461_SGB18187",0,0,0,0,0,0,0,0,0,0,0,23295,0,0,0,0,0,0,0,0,"bOTU_200"
"201","k__Bacteria","p__Candidatus_Methylomirabilota","c__Candidatus_Methylomirabilia","o__Candidatus_Methylomirabilales","f__Candidatus_Methylomirabilaceae","g__GGB77659","s__GGB77659_SGB167746",0,0,0,0,0,0,0,0,0,0,0,35353,0,0,0,0,0,0,0,0,"bOTU_201"
"202","k__Bacteria","p__Firmicutes","c__CFGB33139","o__OFGB33139","f__FGB33139","g__GGB60819","s__GGB60819_SGB82854",0,0,0,0,0,0,0,0,0,0,0,33309,0,0,0,0,0,0,0,0,"bOTU_202"
"203","k__Bacteria","p__Acidobacteriota","c__Vicinamibacteria","o__Vicinamibacterales","f__Vicinamibacteraceae","g__GGB137451","s__GGB137451_SGB173180",0,0,303486,25884,752116,0,216744,0,0,0,0,58064,1120254,0,17380,0,0,0,81805,0,"bOTU_203"
"204","k__Bacteria","p__Nitrospirota","c__CFGB40910","o__OFGB40910","f__FGB40910","g__GGB79523","s__GGB79523_SGB108534",0,0,4968,0,0,0,220294,0,7107,0,0,22506,0,0,0,0,0,0,0,0,"bOTU_204"
"205","k__Bacteria","p__Pseudomonadota","c__Alphaproteobacteria","o__Rhodobacterales","f__Paracoccaceae","g__Cypionkella","s__Cypionkella_SGB181510",0,0,85692,8028,11667,0,21978,0,0,0,0,48877,73579,0,0,0,0,0,9782,0,"bOTU_205"
"206","k__Bacteria","p__Pseudomonadota","c__Alphaproteobacteria","o__Caulobacterales","f__Caulobacteraceae","g__Brevundimonas","s__Brevundimonas_SGB185048",0,0,0,0,0,0,0,0,0,0,0,50813,0,0,0,0,30125,0,0,0,"bOTU_206"
"207","k__Bacteria","p__Candidatus_Roizmanbacteria","c__CFGB3978","o__OFGB3978","f__FGB3978","g__GGB12043","s__GGB12043_SGB18803",0,0,0,0,0,0,0,0,0,0,0,35119,0,0,0,0,0,0,0,0,"bOTU_207"
"208","k__Bacteria","p__Pseudomonadota","c__Betaproteobacteria","o__Burkholderiales","f__Oxalobacteraceae","g__Herminiimonas","s__Herminiimonas_sp_CN",0,0,0,0,0,0,0,0,0,0,0,141203,0,0,0,0,0,0,0,0,"bOTU_208"
"209","k__Bacteria","p__Candidatus_Roizmanbacteria","c__CFGB93723","o__OFGB93723","f__FGB93723","g__GGB12005","s__GGB12005_SGB18762",0,0,0,0,0,0,0,0,0,0,0,6219,0,0,0,0,0,0,0,0,"bOTU_209"
"210","k__Bacteria","p__Candidatus_Omnitrophota","c__CFGB2160","o__OFGB2160","f__FGB2160","g__GGB6120","s__GGB6120_SGB8764",0,0,0,0,0,0,0,0,0,4330,0,12215,0,0,0,0,0,0,0,0,"bOTU_210"
"211","k__Bacteria","p__Nitrospirota","c__CFGB80700","o__OFGB80700","f__FGB80700","g__GGB90363","s__GGB90363_SGB126121",0,0,0,0,0,0,0,0,0,0,0,10004,0,0,0,0,0,0,0,0,"bOTU_211"
"212","k__Bacteria","p__Pseudomonadota","c__Alphaproteobacteria","o__Rhodospirillales","f__Azospirillaceae","g__GGB40753","s__GGB40753_SGB183856",0,0,244340,0,314703,0,297910,0,0,0,0,29780,53295,0,13018,0,0,0,46213,0,"bOTU_212"
"213","k__Bacteria","p__Nitrospirota","c__CFGB11036","o__OFGB11036","f__FGB11036","g__GGB36525","s__GGB36525_SGB52220",0,0,0,0,0,0,0,0,0,6346,0,9173,5294,0,0,0,0,0,0,0,"bOTU_213"
"214","k__Bacteria","p__Pseudomonadota","c__Gammaproteobacteria","o__Lysobacterales","f__Lysobacteraceae","g__GGB15005","s__GGB15005_SGB22717",0,0,0,0,0,0,0,0,0,0,0,13834,0,0,0,0,0,0,0,0,"bOTU_214"
"215","k__Bacteria","p__Candidatus_Parcubacteria","c__CFGB3846","o__OFGB3846","f__FGB3846","g__GGB107276","s__GGB107276_SGB189984",0,0,0,0,0,0,0,0,0,0,0,3281,0,0,0,0,0,0,0,0,"bOTU_215"
"216","k__Bacteria","p__Pseudomonadota","c__Alphaproteobacteria","o__Hyphomicrobiales","f__Nitrobacteraceae","g__Afipia","s__Afipia_massiliensis",0,0,0,0,0,0,23048,0,0,0,0,118424,91174,0,0,0,0,0,0,0,"bOTU_216"
"217","k__Bacteria","p__Candidatus_Omnitrophota","c__CFGB10113","o__OFGB10113","f__FGB10113","g__GGB6081","s__GGB6081_SGB8719",0,0,0,0,0,0,0,0,11924,21872,0,7547,0,0,0,0,0,0,0,0,"bOTU_217"
"218","k__Bacteria","p__Candidatus_Methylomirabilota","c__CFGB48803","o__OFGB48803","f__FGB48803","g__GGB90917","s__GGB90917_SGB127765",0,0,0,0,0,0,0,0,0,0,0,7628,0,0,0,0,0,0,0,0,"bOTU_218"
"219","k__Bacteria","p__Pseudomonadota","c__Gammaproteobacteria","o__Pseudomonadales","f__Pseudomonadaceae","g__Pseudomonas","s__Pseudomonas_proteolytica",0,0,0,0,0,0,0,0,0,0,0,33706,0,0,0,0,0,0,0,0,"bOTU_219"
"220","k__Bacteria","p__Planctomycetota","c__Candidatus_Brocadiia","o__Candidatus_Brocadiales","f__Candidatus_Brocadiaceae","g__GGB36196","s__GGB36196_SGB52668",0,0,0,0,0,0,0,0,0,8773,0,11994,0,0,0,0,0,0,0,0,"bOTU_220"
"221","k__Bacteria","p__Pseudomonadota","c__CFGB5371","o__OFGB5371","f__FGB5371","g__GGB32486","s__GGB32486_SGB56139",0,0,0,0,0,0,0,0,0,0,0,15975,0,0,0,0,0,0,0,0,"bOTU_221"
"222","k__Bacteria","p__Pseudomonadota","c__Betaproteobacteria","o__Nitrosomonadales","f__Sterolibacteriaceae","g__Methyloversatilis","s__Methyloversatilis_sp_XJ19_13",0,0,0,0,0,0,0,0,0,0,0,443973,0,0,0,0,0,0,0,0,"bOTU_222"
"223","k__Bacteria","p__Pseudomonadota","c__CFGB5371","o__OFGB5371","f__FGB5371","g__GGB93439","s__GGB93439_SGB131938",0,0,0,0,0,0,0,0,0,0,0,17622,0,0,0,0,0,0,0,0,"bOTU_223"
"224","k__Archaea","p__Nitrososphaerota","c__Nitrososphaeria","o__Nitrosopumilales","f__Nitrosopumilaceae","g__GGB16996","s__GGB16996_SGB25597",0,0,0,0,0,0,0,0,0,0,0,5672,0,0,0,0,0,0,0,0,"aOTU_224"
"225","k__Bacteria","p__Bacteroidota","c__Flavobacteriia","o__Flavobacteriales","f__Flavobacteriaceae","g__Flavobacterium","s__Flavobacterium_gawalongense",0,0,0,0,0,0,0,0,0,0,0,13856,0,0,0,0,0,0,0,0,"bOTU_225"
"226","k__Archaea","p__Methanobacteriota","c__CFGB73116","o__OFGB73116","f__FGB73116","g__GGB74873","s__GGB74873_SGB49508",0,0,0,0,0,0,0,0,0,0,0,2997,0,0,0,0,0,0,0,0,"aOTU_226"
"227","k__Archaea","p__Nitrososphaerota","c__Nitrososphaeria","o__Nitrosopumilales","f__Nitrosopumilaceae","g__GGB46216","s__GGB46216_SGB46370",0,0,0,0,0,0,0,0,0,9975,0,6848,0,0,0,0,0,0,0,0,"aOTU_227"
"228","k__Bacteria","p__Candidatus_Omnitrophota","c__CFGB2160","o__OFGB2160","f__FGB2160","g__GGB6119","s__GGB6119_SGB8763",0,0,0,0,0,0,0,0,0,0,0,8122,0,0,0,0,0,0,0,0,"bOTU_228"
"229","k__Bacteria","p__Pseudomonadota","c__CFGB74431","o__OFGB74431","f__FGB74431","g__GGB76719","s__GGB76719_SGB135503",0,0,0,0,0,0,0,0,0,0,0,2254,0,0,0,0,0,0,0,0,"bOTU_229"
"230","k__Bacteria","p__Pseudomonadota","c__Betaproteobacteria","o__Burkholderiales","f__Comamonadaceae","g__Hydrogenophaga","s__Hydrogenophaga_sp_Root209",0,0,70501,0,0,0,270311,0,0,0,0,165734,14768,0,0,0,0,0,17827,0,"bOTU_230"
"231","k__Bacteria","p__Pseudomonadota","c__Alphaproteobacteria","o__Hyphomicrobiales","f__Aestuariivirgaceae","g__GGB44695","s__GGB44695_SGB62151",0,0,205308,10152,53442,0,59358,0,0,8457,0,10645,0,0,0,0,12191,0,0,0,"bOTU_231"
"232","k__Bacteria","p__Pseudomonadota","c__Betaproteobacteria","o__Burkholderiales","f__Comamonadaceae","g__Variovorax","s__Variovorax_sp_Root473",0,0,0,0,0,0,0,0,0,0,0,27718,0,0,0,0,0,0,0,0,"bOTU_232"
"233","k__Bacteria","p__Pseudomonadota","c__Betaproteobacteria","o__Betaproteobacteria_unclassified","f__Betaproteobacteria_unclassified","g__GGB44506","s__GGB44506_SGB61938",0,0,0,0,0,0,0,0,0,11941,0,11882,0,0,0,0,0,0,0,0,"bOTU_233"
"234","k__Archaea","p__Nitrososphaerota","c__Nitrososphaeria","o__Nitrosopumilales","f__Nitrosopumilaceae","g__GGB46216","s__GGB46216_SGB148803",0,0,0,0,0,0,0,0,0,7066,0,5822,0,0,0,0,0,0,0,0,"aOTU_234"
"235","k__Bacteria","p__Pseudomonadota","c__CFGB92649","o__OFGB92649","f__FGB92649","g__GGB133019","s__GGB133019_SGB180238",0,0,0,0,0,0,0,0,0,0,0,4254,0,0,0,0,0,0,0,0,"bOTU_235"
"236","k__Bacteria","p__Pseudomonadota","c__Gammaproteobacteria","o__Pseudomonadales","f__Pseudomonadaceae","g__Pseudomonas","s__Pseudomonas_putida",0,0,0,0,0,0,0,0,0,0,0,13697,0,0,0,0,0,0,0,0,"bOTU_236"
"237","k__Bacteria","p__Pseudomonadota","c__CFGB5371","o__OFGB5371","f__FGB5371","g__GGB33991","s__GGB33991_SGB24056",0,0,16833,0,0,0,0,0,0,0,0,14420,0,0,0,0,0,0,0,0,"bOTU_237"
"238","k__Bacteria","p__Pseudomonadota","c__Betaproteobacteria","o__Burkholderiales","f__Comamonadaceae","g__GGB91258","s__GGB91258_SGB134570",0,0,0,0,0,0,0,0,0,0,0,12954,0,0,0,0,0,0,0,0,"bOTU_238"
"239","k__Bacteria","p__Acidobacteriota","c__CFGB10698","o__OFGB10698","f__FGB10698","g__GGB32422","s__GGB32422_SGB55990",0,0,0,0,0,0,0,0,0,0,0,8026,0,0,0,0,0,0,0,0,"bOTU_239"
"240","k__Bacteria","p__Cyanobacteriota","c__CFGB2052","o__OFGB2052","f__FGB2052","g__GGB34972","s__GGB34972_SGB51907",0,0,0,0,0,0,0,0,0,0,0,3405,0,0,0,0,0,0,0,0,"bOTU_240"
"241","k__Bacteria","p__Thermodesulfobacteriota","c__CFGB49326","o__OFGB49326","f__FGB49326","g__GGB77687","s__GGB77687_SGB108590",0,0,0,0,0,0,0,0,0,0,0,8657,0,0,0,0,0,0,0,0,"bOTU_241"
"242","k__Archaea","p__Methanobacteriota","c__CFGB12411","o__OFGB12411","f__FGB12411","g__GGB35322","s__GGB35322_SGB49473",0,0,0,0,0,0,0,0,0,0,0,17298,0,0,0,0,0,0,0,0,"aOTU_242"
"243","k__Bacteria","p__Candidatus_Methylomirabilota","c__CFGB10892","o__OFGB10892","f__FGB10892","g__GGB10892","s__GGB10892_SGB17579",0,0,0,0,0,0,0,0,17683,0,0,16197,0,0,0,0,0,0,0,0,"bOTU_243"
"244","k__Bacteria","p__Candidatus_Methylomirabilota","c__CFGB48803","o__OFGB48803","f__FGB48803","g__GGB63158","s__GGB63158_SGB85430",0,0,0,0,0,0,0,0,0,0,0,5548,0,0,0,0,0,0,0,0,"bOTU_244"
"245","k__Bacteria","p__Pseudomonadota","c__CFGB14846","o__OFGB14846","f__FGB14846","g__GGB133436","s__GGB133436_SGB180953",0,0,0,0,0,0,0,0,0,0,0,4291,0,0,0,0,0,0,0,0,"bOTU_245"
"246","k__Bacteria","p__Pseudomonadota","c__Betaproteobacteria","o__Burkholderiales","f__Comamonadaceae","g__GGB35918","s__GGB35918_SGB12803",0,0,0,0,0,0,0,0,0,0,0,7904,0,0,0,0,167556,0,0,0,"bOTU_246"
"247","k__Bacteria","p__Pseudomonadota","c__Betaproteobacteria","o__Burkholderiales","f__Comamonadaceae","g__Hydrogenophaga","s__Hydrogenophaga_sp_PBL_H3",0,0,30812,0,0,0,697933,0,0,0,0,53303,0,0,0,0,0,0,88049,0,"bOTU_247"
"248","k__Bacteria","p__Pseudomonadota","c__Alphaproteobacteria","o__Hyphomicrobiales","f__Nitrobacteraceae","g__Bradyrhizobium","s__Bradyrhizobium_SGB56592",0,0,0,15268,192196,0,0,0,0,0,0,35787,0,0,0,0,0,0,29931,0,"bOTU_248"
"249","k__Bacteria","p__Pseudomonadota","c__Alphaproteobacteria","o__Sphingomonadales","f__Sphingomonadaceae","g__Sphingopyxis","s__Sphingopyxis_SGB38256",0,0,37241,0,95569,0,21640,9795,0,15004,0,19365,0,0,0,0,0,0,0,0,"bOTU_249"
"250","k__Bacteria","p__Pseudomonadota","c__Gammaproteobacteria","o__Pseudomonadales","f__Pseudomonadaceae","g__Pseudomonas","s__Pseudomonas_sp_1928_m",0,44369,0,0,0,250648,19637,0,0,0,0,19812,0,0,0,0,0,47557,0,0,"bOTU_250"
"251","k__Bacteria","p__Pseudomonadota","c__Alphaproteobacteria","o__Hyphomicrobiales","f__Rhizobiaceae","g__Rhizobium","s__Rhizobium_sp_TH2",0,0,0,0,0,0,0,0,0,0,0,5311,0,0,0,0,0,0,0,0,"bOTU_251"
"252","k__Bacteria","p__Firmicutes","c__CFGB86086","o__OFGB86086","f__FGB86086","g__GGB106300","s__GGB106300_SGB190584",0,0,0,0,0,0,0,0,0,0,0,2121,0,0,0,0,0,0,0,0,"bOTU_252"
"253","k__Bacteria","p__Acidobacteriota","c__CFGB14605","o__OFGB14605","f__FGB14605","g__GGB93728","s__GGB93728_SGB132263",0,0,0,0,0,0,0,0,0,0,0,8300,0,0,0,0,0,0,0,0,"bOTU_253"
"254","k__Bacteria","p__Pseudomonadota","c__Alphaproteobacteria","o__Sphingomonadales","f__Sphingomonadaceae","g__Sphingomonas","s__Sphingomonas_sp_So64_6b",0,0,0,0,0,0,0,0,0,0,0,5582,0,0,0,0,0,0,0,0,"bOTU_254"
"255","k__Bacteria","p__Pseudomonadota","c__Alphaproteobacteria","o__Hyphomicrobiales","f__Nitrobacteraceae","g__Bradyrhizobium","s__Bradyrhizobium_sediminis",0,0,0,0,0,0,0,0,0,0,0,31889,0,0,0,0,0,0,0,0,"bOTU_255"
"256","k__Bacteria","p__Pseudomonadota","c__Alphaproteobacteria","o__Sphingomonadales","f__Sphingomonadaceae","g__Novosphingobium","s__Novosphingobium_sp_Gsoil_351",0,0,0,0,0,0,0,0,0,0,0,10834,0,0,0,0,0,0,0,0,"bOTU_256"
"257","k__Bacteria","p__Pseudomonadota","c__Alphaproteobacteria","o__Caulobacterales","f__Caulobacteraceae","g__GGB77803","s__GGB77803_SGB185159",0,0,0,99990,0,0,0,0,0,0,0,11217,0,0,0,0,106733,0,0,0,"bOTU_257"
"258","k__Bacteria","p__Pseudomonadota","c__Betaproteobacteria","o__Burkholderiales","f__Comamonadaceae","g__Rhodoferax","s__Rhodoferax_sp_AJA081_3",0,0,0,0,0,0,0,0,0,0,0,9515,0,0,0,0,0,0,0,0,"bOTU_258"
"259","k__Bacteria","p__Nitrospirota","c__Nitrospiria","o__Nitrospirales","f__Nitrospiraceae","g__GGB63465","s__GGB63465_SGB85773",0,0,0,0,0,0,0,0,0,0,0,3947,0,0,0,0,0,0,0,0,"bOTU_259"
"260","k__Bacteria","p__Chloroflexota","c__CFGB37146","o__OFGB37146","f__FGB37146","g__GGB88549","s__GGB88549_SGB168861",0,0,0,0,0,0,0,0,0,0,0,2305,0,0,0,0,0,0,0,0,"bOTU_260"
"261","k__Bacteria","p__Thermodesulfobacteriota","c__CFGB49326","o__OFGB49326","f__FGB49326","g__GGB90621","s__GGB90621_SGB127269",0,0,0,0,0,0,0,0,0,0,0,9414,0,0,0,0,0,0,0,0,"bOTU_261"
"262","k__Bacteria","p__Pseudomonadota","c__Alphaproteobacteria","o__Caulobacterales","f__Caulobacteraceae","g__Phenylobacterium","s__Phenylobacterium_sp_LH3H17",0,0,7668,0,0,0,12002,0,0,0,0,4220081,0,0,0,0,29488,0,0,0,"bOTU_262"
"263","k__Bacteria","p__Bacteroidota","c__Flavobacteriia","o__Flavobacteriales","f__Flavobacteriaceae","g__Flavobacterium","s__Flavobacterium_algoritolerans",0,0,36836,0,11794,0,0,0,0,0,0,1567347,0,0,0,0,0,0,0,0,"bOTU_263"
"264","k__Bacteria","p__Candidatus_Saccharibacteria","c__CFGB86100","o__OFGB86100","f__FGB86100","g__GGB106333","s__GGB106333_SGB189626",0,0,0,0,0,0,0,0,0,0,0,322526,0,0,0,0,0,0,0,0,"bOTU_264"
"265","k__Bacteria","p__Pseudomonadota","c__Betaproteobacteria","o__Burkholderiales","f__Comamonadaceae","g__GGB134289","s__GGB134289_SGB179185",0,0,560318,0,1066793,0,452841,0,0,0,0,857254,0,0,0,0,0,0,0,0,"bOTU_265"
"266","k__Bacteria","p__Pseudomonadota","c__Alphaproteobacteria","o__Caulobacterales","f__Caulobacteraceae","g__Phenylobacterium","s__Phenylobacterium_SGB102961",0,0,867012,22262,36588,0,1243225,0,0,0,0,824656,378177,0,0,0,482011,0,2543721,0,"bOTU_266"
"267","k__Archaea","p__Nitrososphaerota","c__CFGB73936","o__OFGB73936","f__FGB73936","g__GGB76009","s__GGB76009_SGB108784",0,0,0,0,0,0,0,0,0,0,0,200710,0,0,0,0,0,0,0,0,"aOTU_267"
"268","k__Bacteria","p__Pseudomonadota","c__Alphaproteobacteria","o__Sphingomonadales","f__Sphingomonadaceae","g__Sphingopyxis","s__Sphingopyxis_bauzanensis",0,0,18201,0,0,0,23000,0,13241,0,0,236444,21615,17676,0,0,13522,15286,15089,0,"bOTU_268"
"269","k__Bacteria","p__Pseudomonadota","c__Betaproteobacteria","o__Burkholderiales","f__Comamonadaceae","g__Polaromonas","s__Polaromonas_sp_JS666",0,0,0,0,0,0,0,0,0,0,0,700170,0,0,0,0,0,0,0,0,"bOTU_269"
"270","k__Bacteria","p__Pseudomonadota","c__Alphaproteobacteria","o__Caulobacterales","f__Caulobacteraceae","g__Brevundimonas","s__Brevundimonas_mediterranea",0,0,0,0,0,0,0,0,0,0,0,144150,0,0,14388,0,0,0,0,0,"bOTU_270"
"271","k__Bacteria","p__Thermodesulfobacteriota","c__CFGB82396","o__OFGB82396","f__FGB82396","g__GGB33193","s__GGB33193_SGB52814",0,0,11108,0,0,0,0,0,10832,0,0,108576,0,0,0,0,0,0,0,0,"bOTU_271"
"272","k__Bacteria","p__Pseudomonadota","c__Betaproteobacteria","o__Burkholderiales","f__Comamonadaceae","g__Variovorax","s__Variovorax_boronicumulans",0,0,0,0,0,0,0,0,0,0,0,121994,0,0,0,0,0,0,0,0,"bOTU_272"
"273","k__Bacteria","p__Pseudomonadota","c__Betaproteobacteria","o__Nitrosomonadales","f__Methylophilaceae","g__GGB15285","s__GGB15285_SGB163132",0,0,0,87825,0,0,0,1287089,0,0,0,2662731,0,0,434812,0,9835685,0,0,0,"bOTU_273"
"274","k__Bacteria","p__Pseudomonadota","c__Gammaproteobacteria","o__Pseudomonadales","f__Pseudomonadaceae","g__Pseudomonas","s__Pseudomonas_mandelii",0,0,49202,0,0,0,0,0,0,0,0,105474,0,0,0,0,2719545,0,0,0,"bOTU_274"
"275","k__Bacteria","p__Candidatus_Saccharibacteria","c__CFGB93702","o__OFGB93702","f__FGB93702","g__GGB11461","s__GGB11461_SGB18187",0,0,0,0,0,0,0,0,0,0,0,23295,0,0,0,0,0,0,0,0,"bOTU_275"
"276","k__Bacteria","p__Candidatus_Methylomirabilota","c__Candidatus_Methylomirabilia","o__Candidatus_Methylomirabilales","f__Candidatus_Methylomirabilaceae","g__GGB77659","s__GGB77659_SGB167746",0,0,0,0,0,0,0,0,0,0,0,35353,0,0,0,0,0,0,0,0,"bOTU_276"
"277","k__Bacteria","p__Firmicutes","c__CFGB33139","o__OFGB33139","f__FGB33139","g__GGB60819","s__GGB60819_SGB82854",0,0,0,0,0,0,0,0,0,0,0,33309,0,0,0,0,0,0,0,0,"bOTU_277"
"278","k__Bacteria","p__Acidobacteriota","c__Vicinamibacteria","o__Vicinamibacterales","f__Vicinamibacteraceae","g__GGB137451","s__GGB137451_SGB173180",0,0,303486,25884,752116,0,216744,0,0,0,0,58064,1120254,0,17380,0,0,0,81805,0,"bOTU_278"
"279","k__Bacteria","p__Nitrospirota","c__CFGB40910","o__OFGB40910","f__FGB40910","g__GGB79523","s__GGB79523_SGB108534",0,0,4968,0,0,0,220294,0,7107,0,0,22506,0,0,0,0,0,0,0,0,"bOTU_279"
"280","k__Bacteria","p__Pseudomonadota","c__Alphaproteobacteria","o__Rhodobacterales","f__Paracoccaceae","g__Cypionkella","s__Cypionkella_SGB181510",0,0,85692,8028,11667,0,21978,0,0,0,0,48877,73579,0,0,0,0,0,9782,0,"bOTU_280"
"281","k__Bacteria","p__Pseudomonadota","c__Alphaproteobacteria","o__Caulobacterales","f__Caulobacteraceae","g__Brevundimonas","s__Brevundimonas_SGB185048",0,0,0,0,0,0,0,0,0,0,0,50813,0,0,0,0,30125,0,0,0,"bOTU_281"
"282","k__Bacteria","p__Candidatus_Roizmanbacteria","c__CFGB3978","o__OFGB3978","f__FGB3978","g__GGB12043","s__GGB12043_SGB18803",0,0,0,0,0,0,0,0,0,0,0,35119,0,0,0,0,0,0,0,0,"bOTU_282"
"283","k__Bacteria","p__Pseudomonadota","c__Betaproteobacteria","o__Burkholderiales","f__Oxalobacteraceae","g__Herminiimonas","s__Herminiimonas_sp_CN",0,0,0,0,0,0,0,0,0,0,0,141203,0,0,0,0,0,0,0,0,"bOTU_283"
"284","k__Bacteria","p__Candidatus_Roizmanbacteria","c__CFGB93723","o__OFGB93723","f__FGB93723","g__GGB12005","s__GGB12005_SGB18762",0,0,0,0,0,0,0,0,0,0,0,6219,0,0,0,0,0,0,0,0,"bOTU_284"
"285","k__Bacteria","p__Candidatus_Omnitrophota","c__CFGB2160","o__OFGB2160","f__FGB2160","g__GGB6120","s__GGB6120_SGB8764",0,0,0,0,0,0,0,0,0,4330,0,12215,0,0,0,0,0,0,0,0,"bOTU_285"
"286","k__Bacteria","p__Nitrospirota","c__CFGB80700","o__OFGB80700","f__FGB80700","g__GGB90363","s__GGB90363_SGB126121",0,0,0,0,0,0,0,0,0,0,0,10004,0,0,0,0,0,0,0,0,"bOTU_286"
"287","k__Bacteria","p__Pseudomonadota","c__Alphaproteobacteria","o__Rhodospirillales","f__Azospirillaceae","g__GGB40753","s__GGB40753_SGB183856",0,0,244340,0,314703,0,297910,0,0,0,0,29780,53295,0,13018,0,0,0,46213,0,"bOTU_287"
"288","k__Bacteria","p__Nitrospirota","c__CFGB11036","o__OFGB11036","f__FGB11036","g__GGB36525","s__GGB36525_SGB52220",0,0,0,0,0,0,0,0,0,6346,0,9173,5294,0,0,0,0,0,0,0,"bOTU_288"
"289","k__Bacteria","p__Pseudomonadota","c__Gammaproteobacteria","o__Lysobacterales","f__Lysobacteraceae","g__GGB15005","s__GGB15005_SGB22717",0,0,0,0,0,0,0,0,0,0,0,13834,0,0,0,0,0,0,0,0,"bOTU_289"
"290","k__Bacteria","p__Candidatus_Parcubacteria","c__CFGB3846","o__OFGB3846","f__FGB3846","g__GGB107276","s__GGB107276_SGB189984",0,0,0,0,0,0,0,0,0,0,0,3281,0,0,0,0,0,0,0,0,"bOTU_290"
"291","k__Bacteria","p__Pseudomonadota","c__Alphaproteobacteria","o__Hyphomicrobiales","f__Nitrobacteraceae","g__Afipia","s__Afipia_massiliensis",0,0,0,0,0,0,23048,0,0,0,0,118424,56450,0,0,0,0,0,0,0,"bOTU_291"
"292","k__Bacteria","p__Candidatus_Omnitrophota","c__CFGB10113","o__OFGB10113","f__FGB10113","g__GGB6081","s__GGB6081_SGB8719",0,0,0,0,0,0,0,0,11924,21872,0,7547,0,0,0,0,0,0,0,0,"bOTU_292"
"293","k__Bacteria","p__Candidatus_Methylomirabilota","c__CFGB48803","o__OFGB48803","f__FGB48803","g__GGB90917","s__GGB90917_SGB127765",0,0,0,0,0,0,0,0,0,0,0,7628,0,0,0,0,0,0,0,0,"bOTU_293"
"294","k__Bacteria","p__Pseudomonadota","c__Gammaproteobacteria","o__Pseudomonadales","f__Pseudomonadaceae","g__Pseudomonas","s__Pseudomonas_proteolytica",0,0,0,0,0,0,0,0,0,0,0,33706,0,0,0,0,0,0,0,0,"bOTU_294"
"295","k__Bacteria","p__Planctomycetota","c__Candidatus_Brocadiia","o__Candidatus_Brocadiales","f__Candidatus_Brocadiaceae","g__GGB36196","s__GGB36196_SGB52668",0,0,0,0,0,0,0,0,0,8773,0,11994,0,0,0,0,0,0,0,0,"bOTU_295"
"296","k__Bacteria","p__Pseudomonadota","c__CFGB5371","o__OFGB5371","f__FGB5371","g__GGB32486","s__GGB32486_SGB56139",0,0,0,0,0,0,0,0,0,0,0,15975,0,0,0,0,0,0,0,0,"bOTU_296"
"297","k__Bacteria","p__Pseudomonadota","c__Betaproteobacteria","o__Nitrosomonadales","f__Sterolibacteriaceae","g__Methyloversatilis","s__Methyloversatilis_sp_XJ19_13",0,0,0,0,0,0,0,0,0,0,0,443973,0,0,0,0,0,0,0,0,"bOTU_297"
"298","k__Bacteria","p__Pseudomonadota","c__CFGB5371","o__OFGB5371","f__FGB5371","g__GGB93439","s__GGB93439_SGB131938",0,0,0,0,0,0,0,0,0,0,0,17622,0,0,0,0,0,0,0,0,"bOTU_298"
"299","k__Archaea","p__Nitrososphaerota","c__Nitrososphaeria","o__Nitrosopumilales","f__Nitrosopumilaceae","g__GGB16996","s__GGB16996_SGB25597",0,0,0,0,0,0,0,0,0,0,0,5672,0,0,0,0,0,0,0,0,"aOTU_299"
"300","k__Bacteria","p__Bacteroidota","c__Flavobacteriia","o__Flavobacteriales","f__Flavobacteriaceae","g__Flavobacterium","s__Flavobacterium_gawalongense",0,0,0,0,0,0,0,0,0,0,0,13856,0,0,0,0,0,0,0,0,"bOTU_300"
"301","k__Archaea","p__Methanobacteriota","c__CFGB73116","o__OFGB73116","f__FGB73116","g__GGB74873","s__GGB74873_SGB49508",0,0,0,0,0,0,0,0,0,0,0,2997,0,0,0,0,0,0,0,0,"aOTU_301"
"302","k__Archaea","p__Nitrososphaerota","c__Nitrososphaeria","o__Nitrosopumilales","f__Nitrosopumilaceae","g__GGB46216","s__GGB46216_SGB46370",0,0,0,0,0,0,0,0,0,9975,0,6848,0,0,0,0,0,0,0,0,"aOTU_302"
"303","k__Bacteria","p__Candidatus_Omnitrophota","c__CFGB2160","o__OFGB2160","f__FGB2160","g__GGB6119","s__GGB6119_SGB8763",0,0,0,0,0,0,0,0,0,0,0,8122,0,0,0,0,0,0,0,0,"bOTU_303"
"304","k__Bacteria","p__Pseudomonadota","c__CFGB74431","o__OFGB74431","f__FGB74431","g__GGB76719","s__GGB76719_SGB135503",0,0,0,0,0,0,0,0,0,0,0,2254,0,0,0,0,0,0,0,0,"bOTU_304"
"305","k__Bacteria","p__Pseudomonadota","c__Betaproteobacteria","o__Burkholderiales","f__Comamonadaceae","g__Hydrogenophaga","s__Hydrogenophaga_sp_Root209",0,0,70501,0,0,0,270311,0,0,0,0,165734,14768,0,0,0,0,0,17827,0,"bOTU_305"
"306","k__Bacteria","p__Pseudomonadota","c__Alphaproteobacteria","o__Hyphomicrobiales","f__Aestuariivirgaceae","g__GGB44695","s__GGB44695_SGB62151",0,0,205308,10152,53442,0,59358,0,0,8457,0,10645,0,0,0,0,12191,0,0,0,"bOTU_306"
"307","k__Bacteria","p__Pseudomonadota","c__Betaproteobacteria","o__Burkholderiales","f__Comamonadaceae","g__Variovorax","s__Variovorax_sp_Root473",0,0,0,0,0,0,0,0,0,0,0,27718,0,0,0,0,0,0,0,0,"bOTU_307"
"308","k__Bacteria","p__Pseudomonadota","c__Betaproteobacteria","o__Betaproteobacteria_unclassified","f__Betaproteobacteria_unclassified","g__GGB44506","s__GGB44506_SGB61938",0,0,0,0,0,0,0,0,0,11941,0,11882,0,0,0,0,0,0,0,0,"bOTU_308"
"309","k__Archaea","p__Nitrososphaerota","c__Nitrososphaeria","o__Nitrosopumilales","f__Nitrosopumilaceae","g__GGB46216","s__GGB46216_SGB148803",0,0,0,0,0,0,0,0,0,7066,0,5822,0,0,0,0,0,0,0,0,"aOTU_309"
"310","k__Bacteria","p__Pseudomonadota","c__CFGB92649","o__OFGB92649","f__FGB92649","g__GGB133019","s__GGB133019_SGB180238",0,0,0,0,0,0,0,0,0,0,0,4254,0,0,0,0,0,0,0,0,"bOTU_310"
"311","k__Bacteria","p__Pseudomonadota","c__Gammaproteobacteria","o__Pseudomonadales","f__Pseudomonadaceae","g__Pseudomonas","s__Pseudomonas_putida",0,0,0,0,0,0,0,0,0,0,0,13697,0,0,0,0,0,0,0,0,"bOTU_311"
"312","k__Bacteria","p__Pseudomonadota","c__CFGB5371","o__OFGB5371","f__FGB5371","g__GGB33991","s__GGB33991_SGB24056",0,0,16833,0,0,0,0,0,0,0,0,14420,0,0,0,0,0,0,0,0,"bOTU_312"
"313","k__Bacteria","p__Pseudomonadota","c__Betaproteobacteria","o__Burkholderiales","f__Comamonadaceae","g__GGB91258","s__GGB91258_SGB134570",0,0,0,0,0,0,0,0,0,0,0,12954,0,0,0,0,0,0,0,0,"bOTU_313"
"314","k__Bacteria","p__Acidobacteriota","c__CFGB10698","o__OFGB10698","f__FGB10698","g__GGB32422","s__GGB32422_SGB55990",0,0,0,0,0,0,0,0,0,0,0,8026,0,0,0,0,0,0,0,0,"bOTU_314"
"315","k__Bacteria","p__Cyanobacteriota","c__CFGB2052","o__OFGB2052","f__FGB2052","g__GGB34972","s__GGB34972_SGB51907",0,0,0,0,0,0,0,0,0,0,0,3405,0,0,0,0,0,0,0,0,"bOTU_315"
"316","k__Bacteria","p__Thermodesulfobacteriota","c__CFGB49326","o__OFGB49326","f__FGB49326","g__GGB77687","s__GGB77687_SGB108590",0,0,0,0,0,0,0,0,0,0,0,8657,0,0,0,0,0,0,0,0,"bOTU_316"
"317","k__Archaea","p__Methanobacteriota","c__CFGB12411","o__OFGB12411","f__FGB12411","g__GGB35322","s__GGB35322_SGB49473",0,0,0,0,0,0,0,0,0,0,0,17298,0,0,0,0,0,0,0,0,"aOTU_317"
"318","k__Bacteria","p__Candidatus_Methylomirabilota","c__CFGB10892","o__OFGB10892","f__FGB10892","g__GGB10892","s__GGB10892_SGB17579",0,0,0,0,0,0,0,0,17683,0,0,16197,0,0,0,0,0,0,0,0,"bOTU_318"
"319","k__Bacteria","p__Candidatus_Methylomirabilota","c__CFGB48803","o__OFGB48803","f__FGB48803","g__GGB63158","s__GGB63158_SGB85430",0,0,0,0,0,0,0,0,0,0,0,5548,0,0,0,0,0,0,0,0,"bOTU_319"
"320","k__Bacteria","p__Pseudomonadota","c__CFGB14846","o__OFGB14846","f__FGB14846","g__GGB133436","s__GGB133436_SGB180953",0,0,0,0,0,0,0,0,0,0,0,4291,0,0,0,0,0,0,0,0,"bOTU_320"
"321","k__Bacteria","p__Pseudomonadota","c__Betaproteobacteria","o__Burkholderiales","f__Comamonadaceae","g__GGB35918","s__GGB35918_SGB12803",0,0,0,0,0,0,0,0,0,0,0,7904,0,0,0,0,167556,0,0,0,"bOTU_321"
"322","k__Bacteria","p__Pseudomonadota","c__Betaproteobacteria","o__Burkholderiales","f__Comamonadaceae","g__Hydrogenophaga","s__Hydrogenophaga_sp_PBL_H3",0,0,30812,0,0,0,697933,0,0,0,0,53303,0,0,0,0,0,0,88049,0,"bOTU_322"
"323","k__Bacteria","p__Pseudomonadota","c__Alphaproteobacteria","o__Hyphomicrobiales","f__Nitrobacteraceae","g__Bradyrhizobium","s__Bradyrhizobium_SGB56592",0,0,0,15268,192196,0,0,0,0,0,0,35787,0,0,0,0,0,0,29931,0,"bOTU_323"
"324","k__Bacteria","p__Pseudomonadota","c__Alphaproteobacteria","o__Sphingomonadales","f__Sphingomonadaceae","g__Sphingopyxis","s__Sphingopyxis_SGB38256",0,0,37241,0,95569,0,21640,9795,0,15004,0,19365,0,0,0,0,0,0,0,0,"bOTU_324"
"325","k__Bacteria","p__Pseudomonadota","c__Gammaproteobacteria","o__Pseudomonadales","f__Pseudomonadaceae","g__Pseudomonas","s__Pseudomonas_sp_1928_m",0,44369,0,0,0,250648,19637,0,0,0,0,19812,0,0,0,0,0,47557,0,0,"bOTU_325"
"326","k__Bacteria","p__Pseudomonadota","c__Alphaproteobacteria","o__Hyphomicrobiales","f__Rhizobiaceae","g__Rhizobium","s__Rhizobium_sp_TH2",0,0,0,0,0,0,0,0,0,0,0,5311,0,0,0,0,0,0,0,0,"bOTU_326"
"327","k__Bacteria","p__Firmicutes","c__CFGB86086","o__OFGB86086","f__FGB86086","g__GGB106300","s__GGB106300_SGB190584",0,0,0,0,0,0,0,0,0,0,0,2121,0,0,0,0,0,0,0,0,"bOTU_327"
"328","k__Bacteria","p__Acidobacteriota","c__CFGB14605","o__OFGB14605","f__FGB14605","g__GGB93728","s__GGB93728_SGB132263",0,0,0,0,0,0,0,0,0,0,0,8300,0,0,0,0,0,0,0,0,"bOTU_328"
"329","k__Bacteria","p__Pseudomonadota","c__Alphaproteobacteria","o__Sphingomonadales","f__Sphingomonadaceae","g__Sphingomonas","s__Sphingomonas_sp_So64_6b",0,0,0,0,0,0,0,0,0,0,0,5582,0,0,0,0,0,0,0,0,"bOTU_329"
"330","k__Bacteria","p__Pseudomonadota","c__Alphaproteobacteria","o__Hyphomicrobiales","f__Nitrobacteraceae","g__Bradyrhizobium","s__Bradyrhizobium_sediminis",0,0,0,0,0,0,0,0,0,0,0,31889,0,0,0,0,0,0,0,0,"bOTU_330"
"331","k__Bacteria","p__Pseudomonadota","c__Alphaproteobacteria","o__Sphingomonadales","f__Sphingomonadaceae","g__Novosphingobium","s__Novosphingobium_sp_Gsoil_351",0,0,0,0,0,0,0,0,0,0,0,10834,0,0,0,0,0,0,0,0,"bOTU_331"
"332","k__Bacteria","p__Pseudomonadota","c__Alphaproteobacteria","o__Caulobacterales","f__Caulobacteraceae","g__GGB77803","s__GGB77803_SGB185159",0,0,0,99990,0,0,0,0,0,0,0,11217,0,0,0,0,106733,0,0,0,"bOTU_332"
"333","k__Bacteria","p__Pseudomonadota","c__Betaproteobacteria","o__Burkholderiales","f__Comamonadaceae","g__Rhodoferax","s__Rhodoferax_sp_AJA081_3",0,0,0,0,0,0,0,0,0,0,0,9515,0,0,0,0,0,0,0,0,"bOTU_333"
"334","k__Bacteria","p__Nitrospirota","c__Nitrospiria","o__Nitrospirales","f__Nitrospiraceae","g__GGB63465","s__GGB63465_SGB85773",0,0,0,0,0,0,0,0,0,0,0,3947,0,0,0,0,0,0,0,0,"bOTU_334"
"335","k__Bacteria","p__Chloroflexota","c__CFGB37146","o__OFGB37146","f__FGB37146","g__GGB88549","s__GGB88549_SGB168861",0,0,0,0,0,0,0,0,0,0,0,2305,0,0,0,0,0,0,0,0,"bOTU_335"
"336","k__Bacteria","p__Thermodesulfobacteriota","c__CFGB49326","o__OFGB49326","f__FGB49326","g__GGB90621","s__GGB90621_SGB127269",0,0,0,0,0,0,0,0,0,0,0,9414,0,0,0,0,0,0,0,0,"bOTU_336"
"337","k__Bacteria","p__Pseudomonadota","c__Betaproteobacteria","o__Nitrosomonadales","f__Methylophilaceae","g__GGB59165","s__GGB59165_SGB80923",0,0,0,15415,0,0,8520,0,0,0,0,0,5109339,0,0,0,0,0,424080,0,"bOTU_337"
"338","k__Bacteria","p__Pseudomonadota","c__Betaproteobacteria","o__Nitrosomonadales","f__Gallionellaceae","g__Candidatus_Nitrotoga","s__Candidatus_Nitrotoga_SGB24819",0,0,1660255,58434,5010807,0,12953432,0,0,0,0,0,3900903,0,0,0,28213,0,8390547,0,"bOTU_338"
"339","k__Bacteria","p__Bacteroidota","c__Chitinophagia","o__Chitinophagales","f__Chitinophagaceae","g__GGB14036","s__GGB14036_SGB21464",0,0,0,16510,0,0,41557,0,0,11044,0,0,1538253,566195,0,0,0,0,0,0,"bOTU_339"
"340","k__Archaea","p__Methanobacteriota","c__Methanobacteria","o__Methanobacteriales","f__Methanobacteriaceae","g__GGB35087","s__GGB35087_SGB200214",0,0,7969,9009,0,22126,51157,568013,8203,967839,0,0,720068,1396722,0,8760,8876,133674,3379682,18753,"aOTU_340"
"341","k__Bacteria","p__Bacteroidota","c__Bacteroidia","o__Marinilabiliales","f__Prolixibacteraceae","g__GGB109724","s__GGB109724_SGB197703",0,0,0,13779,0,0,111118,0,0,28721,0,0,847644,9589,0,0,0,0,0,0,"bOTU_341"
"342","k__Bacteria","p__Pseudomonadota","c__Alphaproteobacteria","o__Sphingomonadales","f__Sphingomonadaceae","g__GGB16218","s__GGB16218_SGB90015",0,0,0,6506,0,0,69306,0,0,135461,0,0,503251,0,12112,0,0,0,0,0,"bOTU_342"
"343","k__Bacteria","p__Pseudomonadota","c__Alphaproteobacteria","o__Hyphomicrobiales","f__Methylocystaceae","g__Methylocystis","s__Methylocystis_rosea",0,14475,14378,14391,30668,0,100536,0,0,0,0,0,542672,0,11030,9993,20859,0,0,0,"bOTU_343"
"344","k__Bacteria","p__Pseudomonadota","c__Alphaproteobacteria","o__Hyphomicrobiales","f__Boseaceae","g__Bosea","s__Bosea_sp_RAC05",0,0,16530,0,16854,0,131745,0,0,0,0,0,511204,0,76903,0,0,0,0,0,"bOTU_344"
"345","k__Bacteria","p__Pseudomonadota","c__Betaproteobacteria","o__Nitrosomonadales","f__Thiobacillaceae","g__GGB73360","s__GGB73360_SGB179665",0,357720,156572,239068,139770,0,380830,21778,373268,0,0,0,280795,0,0,0,0,178108,3134121,0,"bOTU_345"
"346","k__Bacteria","p__Actinomycetota","c__Coriobacteriia","o__Anaerosomatales","f__Anaerosomataceae","g__GGB45441","s__GGB45441_SGB63111",0,0,0,3198,0,0,5995,0,0,3404,0,0,177938,69241,0,0,0,0,268268,0,"bOTU_346"
"347","k__Bacteria","p__Bacteroidota","c__Chitinophagia","o__Chitinophagales","f__Chitinophagaceae","g__GGB56779","s__GGB56779_SGB78220",0,0,3216695,17229383,11007,0,7346899,0,0,8885,0,0,245595,0,0,0,0,0,0,0,"bOTU_347"
"348","k__Bacteria","p__Nitrospirota","c__Nitrospiria","o__Nitrospirales","f__Nitrospiraceae","g__GGB43881","s__GGB43881_SGB170894",0,0,297264,471741,1224312,0,0,0,0,0,0,0,239393,0,0,0,16889,0,0,0,"bOTU_348"
"349","k__Bacteria","p__Pseudomonadota","c__Betaproteobacteria","o__Burkholderiales","f__Comamonadaceae","g__Acidovorax","s__Acidovorax_sp_RAC01",0,0,0,0,0,0,0,0,0,0,0,0,161090,0,0,0,0,0,0,0,"bOTU_349"
"350","k__Bacteria","p__Bacteroidota","c__CFGB4833","o__OFGB4833","f__FGB4833","g__GGB37060","s__GGB37060_SGB104661",0,0,0,0,0,0,2318,0,0,0,0,0,36828,19566,0,0,17102,0,0,0,"bOTU_350"
"351","k__Bacteria","p__Bacteroidota","c__CFGB4833","o__OFGB4833","f__FGB4833","g__GGB13943","s__GGB13943_SGB21366",0,0,0,0,0,0,0,0,7193,0,0,0,30745,51187,0,0,0,0,18714,0,"bOTU_351"
"352","k__Bacteria","p__Actinomycetota","c__Actinomycetes","o__Mycobacteriales","f__Nocardiaceae","g__Nocardia","s__Nocardia_salmonicida",0,0,0,0,0,0,0,0,0,0,0,0,58061,0,0,0,0,0,0,0,"bOTU_352"
"353","k__Bacteria","p__Pseudomonadota","c__Betaproteobacteria","o__Nitrosomonadales","f__Nitrosomonadaceae","g__Nitrosospira","s__Nitrosospira_sp_Nsp13",0,0,7609,0,0,0,0,0,0,0,0,0,27465,0,0,0,0,0,8806,0,"bOTU_353"
"354","k__Bacteria","p__Actinomycetota","c__Actinomycetes","o__Propionibacteriales","f__Nocardioidaceae","g__Nocardioides","s__Nocardioides_SGB213469",0,0,26216,23014,0,36959,0,0,0,0,0,0,61225,0,0,0,0,0,0,0,"bOTU_354"
"355","k__Bacteria","p__Firmicutes","c__Clostridia","o__Eubacteriales","f__Eubacteriaceae","g__Acetobacterium","s__Acetobacterium_SGB83043",0,0,0,0,0,0,0,0,7497,9191,0,0,23890,13185,0,0,0,0,10080,0,"bOTU_355"
"356","k__Bacteria","p__Thermodesulfobacteriota","c__CFGB8790","o__OFGB8790","f__FGB8790","g__GGB63214","s__GGB63214_SGB85494",0,13485,9314,9231,6574,6488,76065,0,120087,0,0,0,19457,0,0,0,0,0,4643317,0,"bOTU_356"
"357","k__Bacteria","p__Ignavibacteriota","c__CFGB2452","o__OFGB2452","f__FGB2452","g__GGB6735","s__GGB6735_SGB9528",0,0,55369,0,0,0,0,0,0,0,0,0,48731,0,0,0,0,0,0,0,"bOTU_357"
"358","k__Bacteria","p__Spirochaetota","c__Spirochaetia","o__Leptospirales","f__Leptospiraceae","g__Leptospira","s__Leptospira_sp_GIMC2001",0,0,0,0,0,0,0,0,0,0,0,0,15276,0,0,0,0,0,0,0,"bOTU_358"
"359","k__Bacteria","p__Pseudomonadota","c__Betaproteobacteria","o__Burkholderiales","f__Burkholderiales_unclassified","g__Aquabacterium","s__Aquabacterium_SGB108163",0,0,0,0,0,0,7710,0,0,0,0,0,26252,0,0,0,23852,0,473703,0,"bOTU_359"
"360","k__Bacteria","p__Thermodesulfobacteriota","c__CFGB2255","o__OFGB2255","f__FGB2255","g__GGB32732","s__GGB32732_SGB167305",0,0,27748,10623,9639,0,30147,9162,81530,0,0,0,11708,0,0,0,90077,0,39035,7409,"bOTU_360"
"361","k__Bacteria","p__Campylobacterota","c__Epsilonproteobacteria","o__Campylobacterales","f__Sulfurimonadaceae","g__GGB12419","s__GGB12419_SGB19266",0,0,0,0,0,0,0,0,0,0,0,0,8123,0,0,0,200361,0,4912,0,"bOTU_361"
"362","k__Bacteria","p__Firmicutes","c__CFGB89099","o__OFGB89099","f__FGB89099","g__GGB47356","s__GGB47356_SGB65313",0,0,0,0,0,0,2833,0,0,42688,0,0,5017,19978,0,0,0,0,5987,0,"bOTU_362"
"363","k__Bacteria","p__Pseudomonadota","c__Gammaproteobacteria","o__Chromatiales","f__Ectothiorhodospiraceae","g__GGB32628","s__GGB32628_SGB56951",0,0,26532,0,0,0,14668,0,0,0,0,0,9688,0,0,0,6805,0,0,0,"bOTU_363"
"364","k__Bacteria","p__Thermodesulfobacteriota","c__CFGB10823","o__OFGB10823","f__FGB10823","g__GGB75498","s__GGB75498_SGB103275",0,0,8948,0,0,0,0,0,0,12377,0,0,13482,0,0,0,463078,0,290628,0,"bOTU_364"
"365","k__Bacteria","p__Pseudomonadota","c__Betaproteobacteria","o__Burkholderiales","f__Comamonadaceae","g__Hydrogenophaga","s__Hydrogenophaga_sp_2FB",0,0,0,0,0,0,42039,0,0,0,0,0,75649,0,0,0,0,0,0,0,"bOTU_365"
"366","k__Bacteria","p__Pseudomonadota","c__Alphaproteobacteria","o__Holosporales","f__Candidatus_Paracaedibacteraceae","g__Candidatus_Bodocaedibacter","s__Candidatus_Bodocaedibacter_vickermanii",0,2548,0,0,1855,0,0,0,0,0,0,0,5621,0,0,5293,0,5818,0,0,"bOTU_366"
"367","k__Bacteria","p__Firmicutes","c__CFGB8920","o__OFGB8920","f__FGB8920","g__GGB117422","s__GGB117422_SGB200081",0,0,0,0,0,0,0,0,0,147066,0,0,4861,359418,0,0,0,0,7264,0,"bOTU_367"
"368","k__Bacteria","p__Pseudomonadota","c__Alphaproteobacteria","o__Caulobacterales","f__Caulobacteraceae","g__Brevundimonas","s__Brevundimonas_sp_Root608",0,0,23014,0,6472,0,9195,0,0,0,0,0,8120,0,0,0,0,0,42129,0,"bOTU_368"
"369","k__Bacteria","p__Candidatus_Cryosericota","c__Candidatus_Cryosericia","o__Candidatus_Cryosericales","f__Candidatus_Cryosericaceae","g__Candidatus_Cryosericum","s__Candidatus_Cryosericum_SGB76976",0,0,0,0,0,0,0,0,0,0,0,0,8075,0,0,0,5476,0,0,0,"bOTU_369"
"370","k__Bacteria","p__Firmicutes","c__Clostridia","o__Eubacteriales","f__Eubacteriaceae","g__Acetobacterium","s__Acetobacterium_dehalogenans",0,0,0,0,0,0,0,0,0,0,0,0,10082,0,0,0,0,0,14871,0,"bOTU_370"
"371","k__Bacteria","p__Mycoplasmatota","c__CFGB32834","o__OFGB32834","f__FGB32834","g__GGB32834","s__GGB32834_SGB171976",0,0,0,0,0,0,19546,0,2585,0,0,0,6559,0,0,0,2975,0,0,0,"bOTU_371"
"372","k__Bacteria","p__Chloroflexota","c__Chloroflexota_unclassified","o__Chloroflexota_unclassified","f__Chloroflexota_unclassified","g__GGB61175","s__GGB61175_SGB125194",0,0,21280,124953,82291,0,0,0,9695,0,0,0,11878,0,0,0,0,0,0,0,"bOTU_372"
"373","k__Bacteria","p__Pseudomonadota","c__Gammaproteobacteria","o__Oceanospirillales","f__Halomonadaceae","g__Halomonas","s__Halomonas_alkalicola",0,0,0,0,0,0,0,0,0,0,0,0,20598,0,0,0,0,0,0,0,"bOTU_373"
"374","k__Bacteria","p__Actinomycetota","c__CFGB32794","o__OFGB32794","f__FGB32794","g__GGB44149","s__GGB44149_SGB86674",0,0,18231,0,0,0,0,0,0,0,0,0,21600,0,0,0,0,0,0,0,"bOTU_374"
"375","k__Bacteria","p__Pseudomonadota","c__Alphaproteobacteria","o__Sphingomonadales","f__Sphingosinicellaceae","g__Sphingosinicella","s__Sphingosinicella_SGB138184",0,0,13828,0,9818,0,0,0,0,0,0,0,13355,0,0,0,0,0,0,0,"bOTU_375"
"376","k__Archaea","p__Methanobacteriota","c__Methanobacteria","o__Methanobacteriales","f__Methanobacteriaceae","g__GGB35087","s__GGB35087_SGB39426",0,0,0,0,0,22961,0,67140,0,11705,0,0,60735,137612,0,0,20419,56662,264927,6398989,"aOTU_376"
"377","k__Bacteria","p__Pseudomonadota","c__Alphaproteobacteria","o__Rhodobacterales","f__Paracoccaceae","g__Tabrizicola","s__Tabrizicola_SGB90473",0,0,0,0,0,0,186530,0,0,0,0,0,15104,0,0,0,0,0,6316,0,"bOTU_377"
"378","k__Bacteria","p__Pseudomonadota","c__Alphaproteobacteria","o__Caulobacterales","f__Caulobacteraceae","g__GGB99432","s__GGB99432_SGB133726",0,0,0,0,0,0,0,0,0,0,0,0,18017,0,0,0,0,0,0,0,"bOTU_378"
"379","k__Bacteria","p__Thermodesulfobacteriota","c__CFGB25829","o__OFGB25829","f__FGB25829","g__GGB40222","s__GGB40222_SGB167326",0,0,0,0,0,0,0,0,0,0,0,0,7851,0,0,0,5002,0,0,0,"bOTU_379"
"380","k__Bacteria","p__Thermodesulfobacteriota","c__CFGB2255","o__OFGB2255","f__FGB2255","g__GGB6301","s__GGB6301_SGB51884",0,0,0,0,0,0,0,0,0,0,0,0,12975,0,0,0,17430,0,18206,0,"bOTU_380"
"381","k__Bacteria","p__Thermodesulfobacteriota","c__Desulfobaccia","o__Desulfobaccales","f__Desulfobaccaceae","g__GGB35296","s__GGB35296_SGB168016",0,0,79286,115997,13733,0,79650,47210,39796,0,0,0,16776,11474,0,0,25732,0,140484,0,"bOTU_381"
"382","k__Bacteria","p__Thermodesulfobacteriota","c__CFGB8790","o__OFGB8790","f__FGB8790","g__GGB139140","s__GGB139140_SGB167591",0,0,19628,0,0,0,0,0,0,0,0,0,23591,30135,0,0,29059,0,303810,0,"bOTU_382"
"383","k__Bacteria","p__Campylobacterota","c__Epsilonproteobacteria","o__Campylobacterales","f__Sulfurimonadaceae","g__GGB55906","s__GGB55906_SGB204206",0,0,0,0,0,0,0,0,0,0,0,0,28993,0,0,0,95810,0,0,0,"bOTU_383"
"384","k__Bacteria","p__Pseudomonadota","c__Alphaproteobacteria","o__Hyphomicrobiales","f__Reyranellaceae","g__Reyranella","s__Reyranella_SGB24351",0,0,0,0,0,0,0,0,0,0,0,0,28941,0,0,0,19441,0,0,0,"bOTU_384"
"385","k__Bacteria","p__Thermodesulfobacteriota","c__CFGB2255","o__OFGB2255","f__FGB2255","g__GGB138967","s__GGB138967_SGB60981",0,0,37094,0,8860,0,24410,0,22124,23779,0,0,20737,0,0,0,25247,0,24367,0,"bOTU_385"
"386","k__Bacteria","p__Pseudomonadota","c__Betaproteobacteria","o__Nitrosomonadales","f__Sulfuricellaceae","g__Sulfuricella","s__Sulfuricella_sp_T08",0,0,20066,0,0,0,0,0,0,555835,0,0,26033,48280,0,0,0,0,45035,0,"bOTU_386"
"387","k__Bacteria","p__Firmicutes","c__Clostridia","o__Eubacteriales","f__Desulfitobacteriaceae","g__Desulfosporosinus","s__Desulfosporosinus_fructosivorans",0,0,38321,0,7798,0,0,0,0,0,0,0,15651,0,0,0,0,0,0,0,"bOTU_387"
"388","k__Bacteria","p__Pseudomonadota","c__Betaproteobacteria","o__Burkholderiales","f__Comamonadaceae","g__Curvibacter","s__Curvibacter_SGB108224",0,0,40721,0,0,0,59858,0,0,0,0,0,1064502,0,0,0,0,0,61332,0,"bOTU_388"
"389","k__Bacteria","p__Bacteroidota","c__Sphingobacteriia","o__Sphingobacteriales","f__Sphingobacteriaceae","g__GGB2275","s__GGB2275_SGB3126",0,0,38875,0,0,0,857331,0,0,0,0,0,40773,0,0,0,0,0,66553,0,"bOTU_389"
"390","k__Bacteria","p__Actinomycetota","c__Actinomycetes","o__Micrococcales","f__Microbacteriaceae","g__Pseudolysinimonas","s__Pseudolysinimonas_yzui",0,0,0,0,0,0,0,0,0,0,0,0,15842,0,0,0,0,0,0,0,"bOTU_390"
"391","k__Bacteria","p__Pseudomonadota","c__Alphaproteobacteria","o__Hyphomicrobiales","f__Reyranellaceae","g__Reyranella","s__Reyranella_SGB89885",0,0,0,22523,45974,0,85061,0,0,0,0,0,44943,0,63665,0,0,0,244607,0,"bOTU_391"
"392","k__Bacteria","p__Firmicutes","c__Bacilli","o__Bacillales","f__Bacillaceae","g__Alkalicoccus","s__Alkalicoccus_saliphilus",0,0,0,0,0,0,0,0,0,0,0,0,4242,0,0,0,3311,0,0,0,"bOTU_392"
"393","k__Bacteria","p__Actinomycetota","c__Actinomycetes","o__Propionibacteriales","f__Nocardioidaceae","g__Nocardioides","s__Nocardioides_marmoriginsengisoli",0,0,0,0,0,0,0,0,0,0,0,0,14453,0,0,0,0,0,0,0,"bOTU_393"
"394","k__Bacteria","p__Firmicutes","c__Clostridia","o__Eubacteriales","f__Eubacteriaceae","g__Acetobacterium","s__Acetobacterium_bakii",0,0,0,0,0,0,0,0,0,0,0,0,5360,0,0,0,0,0,0,0,"bOTU_394"
"395","k__Bacteria","p__Pseudomonadota","c__Alphaproteobacteria","o__Hyphomicrobiales","f__Methylocystaceae","g__Methylocystis","s__Methylocystis_hirsuta",0,0,14277,0,47969,0,0,0,0,0,0,0,108471,0,0,0,0,0,0,0,"bOTU_395"
"396","k__Bacteria","p__Pseudomonadota","c__Gammaproteobacteria","o__Pseudomonadales","f__Pseudomonadaceae","g__Pseudomonas","s__Pseudomonas_brenneri",0,0,0,0,0,0,0,0,0,0,0,0,19059,0,0,0,0,0,0,0,"bOTU_396"
"397","k__Bacteria","p__Pseudomonadota","c__CFGB33292","o__OFGB33292","f__FGB33292","g__GGB44396","s__GGB44396_SGB179327",0,0,75479,0,12078,0,60654,0,0,0,0,0,6795,0,0,0,0,0,0,0,"bOTU_397"
"398","k__Bacteria","p__Thermodesulfobacteriota","c__CFGB14692","o__OFGB14692","f__FGB14692","g__GGB62993","s__GGB62993_SGB85228",0,0,0,0,0,0,0,0,0,0,0,0,15456,0,0,0,13029,0,0,0,"bOTU_398"
"399","k__Bacteria","p__Pseudomonadota","c__Betaproteobacteria","o__Burkholderiales","f__Oxalobacteraceae","g__Herminiimonas","s__Herminiimonas_arsenitoxidans",0,0,0,0,0,0,51299,0,0,0,0,0,4009,12314,0,0,0,0,0,0,"bOTU_399"
"400","k__Bacteria","p__Pseudomonadota","c__Betaproteobacteria","o__Nitrosomonadales","f__Sterolibacteriaceae","g__Sulfuritalea","s__Sulfuritalea_SGB88234",0,0,16718,12307,36548,0,0,0,0,0,0,0,11998,0,0,0,0,0,0,0,"bOTU_400"
"401","k__Bacteria","p__Pseudomonadota","c__Betaproteobacteria","o__Burkholderiales","f__Comamonadaceae","g__Caenimonas","s__Caenimonas_sp_SL110",0,0,0,0,0,0,0,0,0,0,0,0,19216,0,0,0,5022,0,0,0,"bOTU_401"
"402","k__Bacteria","p__Planctomycetota","c__CFGB34599","o__OFGB34599","f__FGB34599","g__GGB36411","s__GGB36411_SGB53290",0,0,4341,0,0,0,0,0,0,0,0,0,3336,0,0,0,0,0,0,0,"bOTU_402"
"403","k__Bacteria","p__Thermomicrobiota","c__CFGB2607","o__OFGB2607","f__FGB2607","g__GGB78405","s__GGB78405_SGB174169",0,0,119297,13071,115235,0,10547,9253,11820,12337,0,0,8178,0,8901,0,9940,0,20734,0,"bOTU_403"
"404","k__Bacteria","p__Pseudomonadota","c__Alphaproteobacteria","o__Caulobacterales","f__Caulobacteraceae","g__Phenylobacterium","s__Phenylobacterium_sp_Root700",0,0,0,0,0,0,0,0,0,0,0,0,103911,0,0,0,46549,0,0,0,"bOTU_404"
"405","k__Bacteria","p__Thermodesulfobacteriota","c__CFGB2255","o__OFGB2255","f__FGB2255","g__GGB138967","s__GGB138967_SGB167310",0,0,27369,22780,13100,0,383993,0,43928,80521,0,0,10633,0,0,0,560758,0,18795,0,"bOTU_405"
"406","k__Archaea","p__Methanobacteriota","c__Methanomicrobia","o__Methanomicrobiales","f__Methanoregulaceae","g__GGB103011","s__GGB103011_SGB147861",0,0,0,0,0,0,6395,0,0,298275,0,0,9215,52822,0,0,10240,0,26025,657235,"aOTU_406"
"407","k__Bacteria","p__Pseudomonadota","c__Betaproteobacteria","o__Burkholderiales","f__Sphaerotilaceae","g__Methylibium","s__Methylibium_petroleiphilum",0,0,30703,0,0,0,0,0,0,0,0,0,19686,0,0,0,0,0,0,0,"bOTU_407"
"408","k__Bacteria","p__Thermodesulfobacteriota","c__CFGB8790","o__OFGB8790","f__FGB8790","g__GGB139140","s__GGB139140_SGB167592",0,0,0,0,0,0,0,0,0,0,0,0,34001,0,0,0,28781,0,214648,0,"bOTU_408"
"409","k__Bacteria","p__Pseudomonadota","c__Alphaproteobacteria","o__Caulobacterales","f__Caulobacteraceae","g__GGB7913","s__GGB7913_SGB11785",0,0,0,0,57105,0,0,49443,0,0,0,0,46889,0,49668,0,0,0,0,0,"bOTU_409"
"410","k__Bacteria","p__Bacteroidota","c__Flavobacteriia","o__Flavobacteriales","f__Flavobacteriaceae","g__GGB14257","s__GGB14257_SGB21740",0,0,0,7410,0,0,0,0,0,0,0,0,4350,28622,0,0,249815,0,20583,0,"bOTU_410"
"411","k__Bacteria","p__Pseudomonadota","c__Alphaproteobacteria","o__Hyphomicrobiales","f__Boseaceae","g__Bosea","s__Bosea_sp_Leaf344",0,0,0,0,0,0,0,0,0,0,0,0,6411,0,0,0,0,0,0,0,"bOTU_411"
"412","k__Bacteria","p__Pseudomonadota","c__Alphaproteobacteria","o__Caulobacterales","f__Caulobacteraceae","g__Brevundimonas","s__Brevundimonas_denitrificans",0,0,94653,0,0,0,0,0,0,0,0,0,22547,0,0,0,13792,0,0,0,"bOTU_412"
"413","k__Bacteria","p__Firmicutes","c__Bacilli","o__Bacillales","f__Bacillaceae","g__Alkalicoccus","s__Alkalicoccus_luteus",0,0,0,0,0,0,0,0,0,0,0,0,3289,0,0,0,0,0,0,0,"bOTU_413"
"414","k__Bacteria","p__Pseudomonadota","c__Betaproteobacteria","o__Nitrosomonadales","f__Methylophilaceae","g__GGB59165","s__GGB59165_SGB80923",0,0,0,15415,0,0,8520,0,0,0,0,0,5109339,0,0,0,0,0,424080,0,"bOTU_414"
"415","k__Bacteria","p__Pseudomonadota","c__Betaproteobacteria","o__Nitrosomonadales","f__Gallionellaceae","g__Candidatus_Nitrotoga","s__Candidatus_Nitrotoga_SGB24819",0,0,1660255,58434,5010807,0,12953432,0,0,0,0,0,3900903,0,0,0,28213,0,8390547,0,"bOTU_415"
"416","k__Bacteria","p__Bacteroidota","c__Chitinophagia","o__Chitinophagales","f__Chitinophagaceae","g__GGB14036","s__GGB14036_SGB21464",0,0,0,16510,0,0,41557,0,0,11044,0,0,1538253,566195,0,0,0,0,0,0,"bOTU_416"
"417","k__Archaea","p__Methanobacteriota","c__Methanobacteria","o__Methanobacteriales","f__Methanobacteriaceae","g__GGB35087","s__GGB35087_SGB200214",0,0,7969,9009,0,22126,51157,568013,8203,967839,0,0,720068,1396722,0,8760,8876,133674,3379682,18753,"aOTU_417"
"418","k__Bacteria","p__Bacteroidota","c__Bacteroidia","o__Marinilabiliales","f__Prolixibacteraceae","g__GGB109724","s__GGB109724_SGB197703",0,0,0,13779,0,0,111118,0,0,28721,0,0,847644,9589,0,0,0,0,0,0,"bOTU_418"
"419","k__Bacteria","p__Pseudomonadota","c__Alphaproteobacteria","o__Sphingomonadales","f__Sphingomonadaceae","g__GGB16218","s__GGB16218_SGB90015",0,0,0,6506,0,0,69306,0,0,135461,0,0,503251,0,12112,0,0,0,0,0,"bOTU_419"
"420","k__Bacteria","p__Pseudomonadota","c__Alphaproteobacteria","o__Hyphomicrobiales","f__Methylocystaceae","g__Methylocystis","s__Methylocystis_rosea",0,14475,14378,14391,30668,0,100536,0,0,0,0,0,542672,0,11030,9993,20859,0,0,0,"bOTU_420"
"421","k__Bacteria","p__Pseudomonadota","c__Alphaproteobacteria","o__Hyphomicrobiales","f__Boseaceae","g__Bosea","s__Bosea_sp_RAC05",0,0,16530,0,16854,0,131745,0,0,0,0,0,511204,0,76903,0,0,0,0,0,"bOTU_421"
"422","k__Bacteria","p__Pseudomonadota","c__Betaproteobacteria","o__Nitrosomonadales","f__Thiobacillaceae","g__GGB73360","s__GGB73360_SGB179665",0,357720,156572,239068,139770,0,380830,21778,373268,0,0,0,280795,0,0,0,0,178108,3134121,0,"bOTU_422"
"423","k__Bacteria","p__Actinomycetota","c__Coriobacteriia","o__Anaerosomatales","f__Anaerosomataceae","g__GGB45441","s__GGB45441_SGB63111",0,0,0,3198,0,0,5995,0,0,3404,0,0,177938,69241,0,0,0,0,268268,0,"bOTU_423"
"424","k__Bacteria","p__Bacteroidota","c__Chitinophagia","o__Chitinophagales","f__Chitinophagaceae","g__GGB56779","s__GGB56779_SGB78220",0,0,3216695,17229383,11007,0,7346899,0,0,8885,0,0,245595,0,0,0,0,0,0,0,"bOTU_424"
"425","k__Bacteria","p__Nitrospirota","c__Nitrospiria","o__Nitrospirales","f__Nitrospiraceae","g__GGB43881","s__GGB43881_SGB170894",0,0,297264,471741,1224312,0,0,0,0,0,0,0,239393,0,0,0,16889,0,0,0,"bOTU_425"
"426","k__Bacteria","p__Pseudomonadota","c__Betaproteobacteria","o__Burkholderiales","f__Comamonadaceae","g__Acidovorax","s__Acidovorax_sp_RAC01",0,0,0,0,0,0,0,0,0,0,0,0,161090,0,0,0,0,0,0,0,"bOTU_426"
"427","k__Bacteria","p__Bacteroidota","c__CFGB4833","o__OFGB4833","f__FGB4833","g__GGB37060","s__GGB37060_SGB104661",0,0,0,0,0,0,2318,0,0,0,0,0,36828,19566,0,0,17102,0,0,0,"bOTU_427"
"428","k__Bacteria","p__Bacteroidota","c__CFGB4833","o__OFGB4833","f__FGB4833","g__GGB13943","s__GGB13943_SGB21366",0,0,0,0,0,0,0,0,7193,0,0,0,30745,51187,0,0,0,0,18714,0,"bOTU_428"
"429","k__Bacteria","p__Actinomycetota","c__Actinomycetes","o__Mycobacteriales","f__Nocardiaceae","g__Nocardia","s__Nocardia_salmonicida",0,0,0,0,0,0,0,0,0,0,0,0,58061,0,0,0,0,0,0,0,"bOTU_429"
"430","k__Bacteria","p__Pseudomonadota","c__Betaproteobacteria","o__Nitrosomonadales","f__Nitrosomonadaceae","g__Nitrosospira","s__Nitrosospira_sp_Nsp13",0,0,7609,0,0,0,0,0,0,0,0,0,27465,0,0,0,0,0,8806,0,"bOTU_430"
"431","k__Bacteria","p__Actinomycetota","c__Actinomycetes","o__Propionibacteriales","f__Nocardioidaceae","g__Nocardioides","s__Nocardioides_SGB213469",0,0,26216,23014,0,36959,0,0,0,0,0,0,61225,0,0,0,0,0,0,0,"bOTU_431"
"432","k__Bacteria","p__Firmicutes","c__Clostridia","o__Eubacteriales","f__Eubacteriaceae","g__Acetobacterium","s__Acetobacterium_SGB83043",0,0,0,0,0,0,0,0,7497,9191,0,0,23890,13185,0,0,0,0,10080,0,"bOTU_432"
"433","k__Bacteria","p__Thermodesulfobacteriota","c__CFGB8790","o__OFGB8790","f__FGB8790","g__GGB63214","s__GGB63214_SGB85494",0,13485,9314,9231,6574,6488,76065,0,120087,0,0,0,19457,0,0,0,0,0,4643317,0,"bOTU_433"
"434","k__Bacteria","p__Ignavibacteriota","c__CFGB2452","o__OFGB2452","f__FGB2452","g__GGB6735","s__GGB6735_SGB9528",0,0,55369,0,0,0,0,0,0,0,0,0,48731,0,0,0,0,0,0,0,"bOTU_434"
"435","k__Bacteria","p__Spirochaetota","c__Spirochaetia","o__Leptospirales","f__Leptospiraceae","g__Leptospira","s__Leptospira_sp_GIMC2001",0,0,0,0,0,0,0,0,0,0,0,0,15276,0,0,0,0,0,0,0,"bOTU_435"
"436","k__Bacteria","p__Pseudomonadota","c__Betaproteobacteria","o__Burkholderiales","f__Burkholderiales_unclassified","g__Aquabacterium","s__Aquabacterium_SGB108163",0,0,0,0,0,0,7710,0,0,0,0,0,26252,0,0,0,23852,0,473703,0,"bOTU_436"
"437","k__Bacteria","p__Thermodesulfobacteriota","c__CFGB2255","o__OFGB2255","f__FGB2255","g__GGB32732","s__GGB32732_SGB167305",0,0,27748,10623,9639,0,30147,9162,81530,0,0,0,11708,0,0,0,90077,0,39035,7409,"bOTU_437"
"438","k__Bacteria","p__Campylobacterota","c__Epsilonproteobacteria","o__Campylobacterales","f__Sulfurimonadaceae","g__GGB12419","s__GGB12419_SGB19266",0,0,0,0,0,0,0,0,0,0,0,0,8123,0,0,0,200361,0,4912,0,"bOTU_438"
"439","k__Bacteria","p__Firmicutes","c__CFGB89099","o__OFGB89099","f__FGB89099","g__GGB47356","s__GGB47356_SGB65313",0,0,0,0,0,0,2833,0,0,42688,0,0,5017,19978,0,0,0,0,5987,0,"bOTU_439"
"440","k__Bacteria","p__Pseudomonadota","c__Gammaproteobacteria","o__Chromatiales","f__Ectothiorhodospiraceae","g__GGB32628","s__GGB32628_SGB56951",0,0,26532,0,0,0,14668,0,0,0,0,0,9688,0,0,0,6805,0,0,0,"bOTU_440"
"441","k__Bacteria","p__Thermodesulfobacteriota","c__CFGB10823","o__OFGB10823","f__FGB10823","g__GGB75498","s__GGB75498_SGB103275",0,0,8948,0,0,0,0,0,0,12377,0,0,13482,0,0,0,463078,0,290628,0,"bOTU_441"
"442","k__Bacteria","p__Pseudomonadota","c__Betaproteobacteria","o__Burkholderiales","f__Comamonadaceae","g__Hydrogenophaga","s__Hydrogenophaga_sp_2FB",0,0,0,0,0,0,42039,0,0,0,0,0,75649,0,0,0,0,0,0,0,"bOTU_442"
"443","k__Bacteria","p__Pseudomonadota","c__Alphaproteobacteria","o__Holosporales","f__Candidatus_Paracaedibacteraceae","g__Candidatus_Bodocaedibacter","s__Candidatus_Bodocaedibacter_vickermanii",0,2548,0,0,1855,0,0,0,0,0,0,0,5621,0,0,5293,0,5818,0,0,"bOTU_443"
"444","k__Bacteria","p__Firmicutes","c__CFGB8920","o__OFGB8920","f__FGB8920","g__GGB117422","s__GGB117422_SGB200081",0,0,0,0,0,0,0,0,0,147066,0,0,4861,359418,0,0,0,0,7264,0,"bOTU_444"
"445","k__Bacteria","p__Pseudomonadota","c__Alphaproteobacteria","o__Caulobacterales","f__Caulobacteraceae","g__Brevundimonas","s__Brevundimonas_sp_Root608",0,0,23014,0,6472,0,9195,0,0,0,0,0,8120,0,0,0,0,0,42129,0,"bOTU_445"
"446","k__Bacteria","p__Candidatus_Cryosericota","c__Candidatus_Cryosericia","o__Candidatus_Cryosericales","f__Candidatus_Cryosericaceae","g__Candidatus_Cryosericum","s__Candidatus_Cryosericum_SGB76976",0,0,0,0,0,0,0,0,0,0,0,0,8075,0,0,0,5476,0,0,0,"bOTU_446"
"447","k__Bacteria","p__Firmicutes","c__Clostridia","o__Eubacteriales","f__Eubacteriaceae","g__Acetobacterium","s__Acetobacterium_dehalogenans",0,0,0,0,0,0,0,0,0,0,0,0,10082,0,0,0,0,0,14871,0,"bOTU_447"
"448","k__Bacteria","p__Mycoplasmatota","c__CFGB32834","o__OFGB32834","f__FGB32834","g__GGB32834","s__GGB32834_SGB171976",0,0,0,0,0,0,19546,0,2585,0,0,0,6559,0,0,0,2975,0,0,0,"bOTU_448"
"449","k__Bacteria","p__Chloroflexota","c__Chloroflexota_unclassified","o__Chloroflexota_unclassified","f__Chloroflexota_unclassified","g__GGB61175","s__GGB61175_SGB125194",0,0,21280,124953,82291,0,0,0,9695,0,0,0,11878,0,0,0,0,0,0,0,"bOTU_449"
"450","k__Bacteria","p__Pseudomonadota","c__Gammaproteobacteria","o__Oceanospirillales","f__Halomonadaceae","g__Halomonas","s__Halomonas_alkalicola",0,0,0,0,0,0,0,0,0,0,0,0,20598,0,0,0,0,0,0,0,"bOTU_450"
"451","k__Bacteria","p__Actinomycetota","c__CFGB32794","o__OFGB32794","f__FGB32794","g__GGB44149","s__GGB44149_SGB86674",0,0,18231,0,0,0,0,0,0,0,0,0,21600,0,0,0,0,0,0,0,"bOTU_451"
"452","k__Bacteria","p__Pseudomonadota","c__Alphaproteobacteria","o__Sphingomonadales","f__Sphingosinicellaceae","g__Sphingosinicella","s__Sphingosinicella_SGB138184",0,0,13828,0,9818,0,0,0,0,0,0,0,13355,0,0,0,0,0,0,0,"bOTU_452"
"453","k__Archaea","p__Methanobacteriota","c__Methanobacteria","o__Methanobacteriales","f__Methanobacteriaceae","g__GGB35087","s__GGB35087_SGB39426",0,0,0,0,0,22961,0,67140,0,11705,0,0,60735,137612,0,0,20419,56662,264927,6398989,"aOTU_453"
"454","k__Bacteria","p__Pseudomonadota","c__Alphaproteobacteria","o__Rhodobacterales","f__Paracoccaceae","g__Tabrizicola","s__Tabrizicola_SGB90473",0,0,0,0,0,0,186530,0,0,0,0,0,15104,0,0,0,0,0,6316,0,"bOTU_454"
"455","k__Bacteria","p__Pseudomonadota","c__Alphaproteobacteria","o__Caulobacterales","f__Caulobacteraceae","g__GGB99432","s__GGB99432_SGB133726",0,0,0,0,0,0,0,0,0,0,0,0,18017,0,0,0,0,0,0,0,"bOTU_455"
"456","k__Bacteria","p__Thermodesulfobacteriota","c__CFGB25829","o__OFGB25829","f__FGB25829","g__GGB40222","s__GGB40222_SGB167326",0,0,0,0,0,0,0,0,0,0,0,0,7851,0,0,0,5002,0,0,0,"bOTU_456"
"457","k__Bacteria","p__Thermodesulfobacteriota","c__CFGB2255","o__OFGB2255","f__FGB2255","g__GGB6301","s__GGB6301_SGB51884",0,0,0,0,0,0,0,0,0,0,0,0,12975,0,0,0,17430,0,18206,0,"bOTU_457"
"458","k__Bacteria","p__Thermodesulfobacteriota","c__Desulfobaccia","o__Desulfobaccales","f__Desulfobaccaceae","g__GGB35296","s__GGB35296_SGB168016",0,0,79286,115997,13733,0,79650,47210,39796,0,0,0,16776,11474,0,0,25732,0,140484,0,"bOTU_458"
"459","k__Bacteria","p__Thermodesulfobacteriota","c__CFGB8790","o__OFGB8790","f__FGB8790","g__GGB139140","s__GGB139140_SGB167591",0,0,19628,0,0,0,0,0,0,0,0,0,23591,30135,0,0,29059,0,303810,0,"bOTU_459"
"460","k__Bacteria","p__Campylobacterota","c__Epsilonproteobacteria","o__Campylobacterales","f__Sulfurimonadaceae","g__GGB55906","s__GGB55906_SGB204206",0,0,0,0,0,0,0,0,0,0,0,0,28993,0,0,0,95810,0,0,0,"bOTU_460"
"461","k__Bacteria","p__Pseudomonadota","c__Alphaproteobacteria","o__Hyphomicrobiales","f__Reyranellaceae","g__Reyranella","s__Reyranella_SGB24351",0,0,0,0,0,0,0,0,0,0,0,0,28941,0,0,0,19441,0,0,0,"bOTU_461"
"462","k__Bacteria","p__Thermodesulfobacteriota","c__CFGB2255","o__OFGB2255","f__FGB2255","g__GGB138967","s__GGB138967_SGB60981",0,0,37094,0,8860,0,24410,0,22124,23779,0,0,20737,0,0,0,25247,0,24367,0,"bOTU_462"
"463","k__Bacteria","p__Pseudomonadota","c__Betaproteobacteria","o__Nitrosomonadales","f__Sulfuricellaceae","g__Sulfuricella","s__Sulfuricella_sp_T08",0,0,20066,0,0,0,0,0,0,555835,0,0,26033,48280,0,0,0,0,45035,0,"bOTU_463"
"464","k__Bacteria","p__Firmicutes","c__Clostridia","o__Eubacteriales","f__Desulfitobacteriaceae","g__Desulfosporosinus","s__Desulfosporosinus_fructosivorans",0,0,38321,0,7798,0,0,0,0,0,0,0,15651,0,0,0,0,0,0,0,"bOTU_464"
"465","k__Bacteria","p__Pseudomonadota","c__Betaproteobacteria","o__Burkholderiales","f__Comamonadaceae","g__Curvibacter","s__Curvibacter_SGB108224",0,0,40721,0,0,0,59858,0,0,0,0,0,1064502,0,0,0,0,0,61332,0,"bOTU_465"
"466","k__Bacteria","p__Bacteroidota","c__Sphingobacteriia","o__Sphingobacteriales","f__Sphingobacteriaceae","g__GGB2275","s__GGB2275_SGB3126",0,0,38875,0,0,0,857331,0,0,0,0,0,40773,0,0,0,0,0,66553,0,"bOTU_466"
"467","k__Bacteria","p__Actinomycetota","c__Actinomycetes","o__Micrococcales","f__Microbacteriaceae","g__Pseudolysinimonas","s__Pseudolysinimonas_yzui",0,0,0,0,0,0,0,0,0,0,0,0,15842,0,0,0,0,0,0,0,"bOTU_467"
"468","k__Bacteria","p__Pseudomonadota","c__Alphaproteobacteria","o__Hyphomicrobiales","f__Reyranellaceae","g__Reyranella","s__Reyranella_SGB89885",0,0,0,22523,45974,0,85061,0,0,0,0,0,44943,0,63665,0,0,0,244607,0,"bOTU_468"
"469","k__Bacteria","p__Firmicutes","c__Bacilli","o__Bacillales","f__Bacillaceae","g__Alkalicoccus","s__Alkalicoccus_saliphilus",0,0,0,0,0,0,0,0,0,0,0,0,4242,0,0,0,3311,0,0,0,"bOTU_469"
"470","k__Bacteria","p__Actinomycetota","c__Actinomycetes","o__Propionibacteriales","f__Nocardioidaceae","g__Nocardioides","s__Nocardioides_marmoriginsengisoli",0,0,0,0,0,0,0,0,0,0,0,0,14453,0,0,0,0,0,0,0,"bOTU_470"
"471","k__Bacteria","p__Firmicutes","c__Clostridia","o__Eubacteriales","f__Eubacteriaceae","g__Acetobacterium","s__Acetobacterium_bakii",0,0,0,0,0,0,0,0,0,0,0,0,5360,0,0,0,0,0,0,0,"bOTU_471"
"472","k__Bacteria","p__Pseudomonadota","c__Alphaproteobacteria","o__Hyphomicrobiales","f__Methylocystaceae","g__Methylocystis","s__Methylocystis_hirsuta",0,0,14277,0,47969,0,0,0,0,0,0,0,108471,0,0,0,0,0,0,0,"bOTU_472"
"473","k__Bacteria","p__Pseudomonadota","c__Gammaproteobacteria","o__Pseudomonadales","f__Pseudomonadaceae","g__Pseudomonas","s__Pseudomonas_brenneri",0,0,0,0,0,0,0,0,0,0,0,0,19059,0,0,0,0,0,0,0,"bOTU_473"
"474","k__Bacteria","p__Pseudomonadota","c__CFGB33292","o__OFGB33292","f__FGB33292","g__GGB44396","s__GGB44396_SGB179327",0,0,75479,0,12078,0,60654,0,0,0,0,0,6795,0,0,0,0,0,0,0,"bOTU_474"
"475","k__Bacteria","p__Thermodesulfobacteriota","c__CFGB14692","o__OFGB14692","f__FGB14692","g__GGB62993","s__GGB62993_SGB85228",0,0,0,0,0,0,0,0,0,0,0,0,15456,0,0,0,13029,0,0,0,"bOTU_475"
"476","k__Bacteria","p__Pseudomonadota","c__Betaproteobacteria","o__Burkholderiales","f__Oxalobacteraceae","g__Herminiimonas","s__Herminiimonas_arsenitoxidans",0,0,0,0,0,0,51299,0,0,0,0,0,4009,12314,0,0,0,0,0,0,"bOTU_476"
"477","k__Bacteria","p__Pseudomonadota","c__Betaproteobacteria","o__Nitrosomonadales","f__Sterolibacteriaceae","g__Sulfuritalea","s__Sulfuritalea_SGB88234",0,0,16718,12307,36548,0,0,0,0,0,0,0,11998,0,0,0,0,0,0,0,"bOTU_477"
"478","k__Bacteria","p__Pseudomonadota","c__Betaproteobacteria","o__Burkholderiales","f__Comamonadaceae","g__Caenimonas","s__Caenimonas_sp_SL110",0,0,0,0,0,0,0,0,0,0,0,0,19216,0,0,0,5022,0,0,0,"bOTU_478"
"479","k__Bacteria","p__Planctomycetota","c__CFGB34599","o__OFGB34599","f__FGB34599","g__GGB36411","s__GGB36411_SGB53290",0,0,4341,0,0,0,0,0,0,0,0,0,3336,0,0,0,0,0,0,0,"bOTU_479"
"480","k__Bacteria","p__Thermomicrobiota","c__CFGB2607","o__OFGB2607","f__FGB2607","g__GGB78405","s__GGB78405_SGB174169",0,0,119297,13071,115235,0,10547,9253,11820,12337,0,0,8178,0,8901,0,9940,0,20734,0,"bOTU_480"
"481","k__Bacteria","p__Pseudomonadota","c__Alphaproteobacteria","o__Caulobacterales","f__Caulobacteraceae","g__Phenylobacterium","s__Phenylobacterium_sp_Root700",0,0,0,0,0,0,0,0,0,0,0,0,103911,0,0,0,46549,0,0,0,"bOTU_481"
"482","k__Bacteria","p__Thermodesulfobacteriota","c__CFGB2255","o__OFGB2255","f__FGB2255","g__GGB138967","s__GGB138967_SGB167310",0,0,27369,22780,13100,0,383993,0,43928,80521,0,0,10633,0,0,0,560758,0,18795,0,"bOTU_482"
"483","k__Archaea","p__Methanobacteriota","c__Methanomicrobia","o__Methanomicrobiales","f__Methanoregulaceae","g__GGB103011","s__GGB103011_SGB147861",0,0,0,0,0,0,6395,0,0,298275,0,0,9215,52822,0,0,10240,0,26025,657235,"aOTU_483"
"484","k__Bacteria","p__Pseudomonadota","c__Betaproteobacteria","o__Burkholderiales","f__Sphaerotilaceae","g__Methylibium","s__Methylibium_petroleiphilum",0,0,30703,0,0,0,0,0,0,0,0,0,19686,0,0,0,0,0,0,0,"bOTU_484"
"485","k__Bacteria","p__Thermodesulfobacteriota","c__CFGB8790","o__OFGB8790","f__FGB8790","g__GGB139140","s__GGB139140_SGB167592",0,0,0,0,0,0,0,0,0,0,0,0,34001,0,0,0,28781,0,214648,0,"bOTU_485"
"486","k__Bacteria","p__Pseudomonadota","c__Alphaproteobacteria","o__Caulobacterales","f__Caulobacteraceae","g__GGB7913","s__GGB7913_SGB11785",0,0,0,0,57105,0,0,49443,0,0,0,0,46889,0,49668,0,0,0,0,0,"bOTU_486"
"487","k__Bacteria","p__Bacteroidota","c__Flavobacteriia","o__Flavobacteriales","f__Flavobacteriaceae","g__GGB14257","s__GGB14257_SGB21740",0,0,0,7410,0,0,0,0,0,0,0,0,4350,28622,0,0,249815,0,20583,0,"bOTU_487"
"488","k__Bacteria","p__Pseudomonadota","c__Alphaproteobacteria","o__Hyphomicrobiales","f__Nitrobacteraceae","g__Afipia","s__Afipia_massiliensis",0,0,0,0,0,0,0,0,0,0,0,0,34724,0,0,0,0,0,0,0,"bOTU_488"
"489","k__Bacteria","p__Pseudomonadota","c__Alphaproteobacteria","o__Hyphomicrobiales","f__Boseaceae","g__Bosea","s__Bosea_sp_Leaf344",0,0,0,0,0,0,0,0,0,0,0,0,6411,0,0,0,0,0,0,0,"bOTU_489"
"490","k__Bacteria","p__Pseudomonadota","c__Alphaproteobacteria","o__Caulobacterales","f__Caulobacteraceae","g__Brevundimonas","s__Brevundimonas_denitrificans",0,0,94653,0,0,0,0,0,0,0,0,0,22547,0,0,0,13792,0,0,0,"bOTU_490"
"491","k__Bacteria","p__Firmicutes","c__Bacilli","o__Bacillales","f__Bacillaceae","g__Alkalicoccus","s__Alkalicoccus_luteus",0,0,0,0,0,0,0,0,0,0,0,0,3289,0,0,0,0,0,0,0,"bOTU_491"
"492","k__Bacteria","p__Myxococcota","c__Myxococcia","o__Myxococcales","f__Myxococcaceae","g__GGB137822","s__GGB137822_SGB173765",0,7366,398439,33147,8856,0,1164379,0,0,0,0,0,0,1383133,0,0,0,0,228274,0,"bOTU_492"
"493","k__Bacteria","p__Firmicutes","c__CFGB40289","o__OFGB40289","f__FGB40289","g__GGB16280","s__GGB16280_SGB24664",0,0,0,0,0,0,0,0,0,0,0,0,0,71153,0,0,0,0,0,0,"bOTU_493"
"494","k__Bacteria","p__Bacteroidota","c__Flavobacteriia","o__Flavobacteriales","f__Flavobacteriaceae","g__GGB14257","s__GGB14257_SGB195932",0,30358,0,0,14348,69182,0,37230,0,0,0,0,0,149596,12933,69289,43360,138100,67349,14314,"bOTU_494"
"495","k__Bacteria","p__Pseudomonadota","c__Alphaproteobacteria","o__Rhodobacterales","f__Paracoccaceae","g__GGB43283","s__GGB43283_SGB60582",0,0,8872,0,0,0,14889,0,0,0,0,0,0,15721,0,0,15675,0,6039,0,"bOTU_495"
"496","k__Bacteria","p__Pseudomonadota","c__Alphaproteobacteria","o__Rhodobacterales","f__Paracoccaceae","g__Frigidibacter","s__Frigidibacter_albus",0,0,0,0,0,0,0,0,0,0,0,0,0,185450,0,0,0,0,0,0,"bOTU_496"
"497","k__Bacteria","p__Pseudomonadota","c__Betaproteobacteria","o__Burkholderiales","f__Burkholderiaceae","g__GGB59257","s__GGB59257_SGB81034",0,0,13005,0,80874,0,313214,0,0,0,0,0,0,16149,0,0,0,0,0,0,"bOTU_497"
"498","k__Bacteria","p__Pseudomonadota","c__Alphaproteobacteria","o__Sphingomonadales","f__Sphingomonadaceae","g__GGB16226","s__GGB16226_SGB24598",0,619308,12142,0,32040,0,0,9069,0,7925,0,0,0,10739,0,0,0,0,0,0,"bOTU_498"
"499","k__Bacteria","p__Pseudomonadota","c__Betaproteobacteria","o__Burkholderiales","f__Comamonadaceae","g__GGB65310","s__GGB65310_SGB179015",0,0,0,0,0,0,0,0,0,0,0,0,0,18582,0,0,92161,0,0,0,"bOTU_499"
"500","k__Bacteria","p__Pseudomonadota","c__Gammaproteobacteria","o__Lysobacterales","f__Lysobacteraceae","g__Alkalisalibacterium","s__Alkalisalibacterium_limincola",0,0,0,0,0,0,0,0,0,0,0,0,0,7940,0,0,0,0,0,2832,"bOTU_500"
"501","k__Bacteria","p__Pseudomonadota","c__Gammaproteobacteria","o__Lysobacterales","f__Lysobacteraceae","g__GGB65667","s__GGB65667_SGB88837",0,4047,4549,0,3918,0,0,0,0,5278,0,0,0,8155,0,0,0,0,0,0,"bOTU_501"
"502","k__Bacteria","p__Pseudomonadota","c__Alphaproteobacteria","o__Caulobacterales","f__Caulobacteraceae","g__Brevundimonas","s__Brevundimonas_SGB138296",0,0,0,0,0,0,0,0,0,0,0,0,0,42610,0,0,0,0,0,0,"bOTU_502"
"503","k__Bacteria","p__Pseudomonadota","c__Alphaproteobacteria","o__Rhodobacterales","f__Paracoccaceae","g__Frigidibacter","s__Frigidibacter_mobilis",0,0,0,0,0,0,0,0,0,0,0,0,0,239555,0,0,0,0,0,0,"bOTU_503"
"504","k__Bacteria","p__Pseudomonadota","c__Betaproteobacteria","o__Rhodocyclales","f__Azonexaceae","g__Ferribacterium","s__Ferribacterium_limneticum",0,0,0,0,0,0,0,0,0,0,0,0,0,19162,0,0,9536,0,0,0,"bOTU_504"
"505","k__Bacteria","p__Pseudomonadota","c__Betaproteobacteria","o__Burkholderiales","f__Comamonadaceae","g__Rhodoferax","s__Rhodoferax_ferrireducens",0,0,9617,14872,0,0,8876,0,0,0,0,0,0,9628,0,0,180254,0,0,0,"bOTU_505"
"506","k__Bacteria","p__Gemmatimonadota","c__CFGB81127","o__OFGB81127","f__FGB81127","g__GGB135474","s__GGB135474_SGB172897",0,7474,7082,0,0,0,0,0,0,0,0,0,0,8565,0,0,0,0,0,0,"bOTU_506"
"507","k__Bacteria","p__Firmicutes","c__CFGB94245","o__OFGB94245","f__FGB94245","g__GGB43886","s__GGB43886_SGB61243",0,0,0,0,0,0,0,0,0,0,0,0,0,15598,0,0,0,0,0,0,"bOTU_507"
"508","k__Bacteria","p__Spirochaetota","c__CFGB72944","o__OFGB72944","f__FGB72944","g__GGB4164","s__GGB4164_SGB5646",0,0,0,0,0,0,0,0,0,0,0,0,0,6323,0,0,0,0,0,0,"bOTU_508"
"509","k__Bacteria","p__Thermodesulfobacteriota","c__CFGB49832","o__OFGB49832","f__FGB49832","g__GGB139029","s__GGB139029_SGB167396",0,0,0,0,0,0,0,0,0,0,0,0,0,4780,0,0,0,0,0,0,"bOTU_509"
"510","k__Bacteria","p__Pseudomonadota","c__Alphaproteobacteria","o__Caulobacterales","f__Caulobacteraceae","g__Brevundimonas","s__Brevundimonas_halotolerans",0,0,0,0,0,0,0,0,0,0,0,0,0,40349,0,0,0,0,0,0,"bOTU_510"
"511","k__Bacteria","p__Thermodesulfobacteriota","c__Desulfovibrionia","o__Desulfovibrionales","f__Desulfovibrionaceae","g__GGB14678","s__GGB14678_SGB22218",0,0,0,0,0,0,0,0,0,0,0,0,0,18713,0,0,0,0,14203,0,"bOTU_511"
"512","k__Bacteria","p__Actinomycetota","c__Nitriliruptoria","o__Nitriliruptorales","f__Nitriliruptoraceae","g__Nitriliruptor","s__Nitriliruptor_alkaliphilus",0,0,0,0,0,0,0,0,0,0,0,0,0,7933,0,0,0,0,0,0,"bOTU_512"
"513","k__Bacteria","p__Actinomycetota","c__Actinomycetes","o__Mycobacteriales","f__Dietziaceae","g__Dietzia","s__Dietzia_cercidiphylli",0,0,17037,0,0,0,0,0,0,0,0,0,0,12205,0,0,0,0,13026,0,"bOTU_513"
"514","k__Bacteria","p__Bacteroidota","c__CFGB87139","o__OFGB87139","f__FGB87139","g__GGB109415","s__GGB109415_SGB197348",0,0,0,0,0,0,0,0,0,0,0,0,0,6804,0,0,10365,0,0,0,"bOTU_514"
"515","k__Bacteria","p__Pseudomonadota","c__Alphaproteobacteria","o__Hyphomicrobiales","f__Phyllobacteriaceae","g__Aquibium","s__Aquibium_carbonis",0,0,0,0,0,0,0,0,0,0,0,0,0,9403,0,0,0,0,0,0,"bOTU_515"
"516","k__Bacteria","p__Actinomycetota","c__Actinomycetes","o__Micrococcales","f__Micrococcaceae","g__Nesterenkonia","s__Nesterenkonia_salmonea",0,0,0,0,0,0,0,0,0,0,0,0,0,4679,0,0,0,0,0,0,"bOTU_516"
"517","k__Bacteria","p__Pseudomonadota","c__Alphaproteobacteria","o__Caulobacterales","f__Caulobacteraceae","g__Brevundimonas","s__Brevundimonas_abyssalis",0,0,0,0,0,0,0,0,0,0,0,0,0,6894,0,0,0,0,0,0,"bOTU_517"
"518","k__Bacteria","p__Pseudomonadota","c__Betaproteobacteria","o__Nitrosomonadales","f__Sulfuricellaceae","g__Sulfuricella","s__Sulfuricella_SGB179671",0,0,0,0,0,0,0,0,0,0,0,0,0,25685,0,0,0,0,0,0,"bOTU_518"
"519","k__Bacteria","p__Pseudomonadota","c__Betaproteobacteria","o__Rhodocyclales","f__Azonexaceae","g__Dechloromonas","s__Dechloromonas_denitrificans",0,0,0,0,0,0,0,0,0,0,0,0,0,9541,0,0,0,0,0,0,"bOTU_519"
"520","k__Bacteria","p__Firmicutes","c__CFGB5517","o__OFGB5517","f__FGB5517","g__GGB16385","s__GGB16385_SGB24783",0,0,0,0,0,0,0,0,0,0,0,0,0,7666,0,0,0,0,0,0,"bOTU_520"
"521","k__Bacteria","p__Actinomycetota","c__Actinomycetes","o__Micrococcales","f__Cellulomonadaceae","g__Cellulomonas","s__Cellulomonas_sp_KRMCY2",0,0,0,0,0,0,0,0,0,21734,0,0,0,4483,0,0,0,0,0,0,"bOTU_521"
"522","k__Bacteria","p__Pseudomonadota","c__Alphaproteobacteria","o__Rhodobacterales","f__Paracoccaceae","g__Cypionkella","s__Cypionkella_SGB107225",0,0,1043860,0,161699,0,0,0,0,0,0,0,0,14389,0,0,0,0,977559,0,"bOTU_522"
"523","k__Bacteria","p__Ignavibacteriota","c__CFGB2452","o__OFGB2452","f__FGB2452","g__GGB123004","s__GGB123004_SGB153954",0,0,0,0,0,0,6420,0,6097,0,0,0,0,9191,0,0,0,0,7259,0,"bOTU_523"
"524","k__Bacteria","p__Myxococcota","c__Myxococcia","o__Myxococcales","f__Myxococcaceae","g__GGB137822","s__GGB137822_SGB173765",0,7366,398439,33147,8856,0,1164379,0,0,0,0,0,0,1383133,0,0,0,0,228274,0,"bOTU_524"
"525","k__Bacteria","p__Firmicutes","c__CFGB40289","o__OFGB40289","f__FGB40289","g__GGB16280","s__GGB16280_SGB24664",0,0,0,0,0,0,0,0,0,0,0,0,0,71153,0,0,0,0,0,0,"bOTU_525"
"526","k__Bacteria","p__Bacteroidota","c__Flavobacteriia","o__Flavobacteriales","f__Flavobacteriaceae","g__GGB14257","s__GGB14257_SGB195932",0,30358,0,0,14348,69182,0,37230,0,0,0,0,0,149596,12933,69289,43360,138100,67349,14314,"bOTU_526"
"527","k__Bacteria","p__Pseudomonadota","c__Alphaproteobacteria","o__Rhodobacterales","f__Paracoccaceae","g__GGB43283","s__GGB43283_SGB60582",0,0,8872,0,0,0,14889,0,0,0,0,0,0,15721,0,0,15675,0,6039,0,"bOTU_527"
"528","k__Bacteria","p__Pseudomonadota","c__Alphaproteobacteria","o__Rhodobacterales","f__Paracoccaceae","g__Frigidibacter","s__Frigidibacter_albus",0,0,0,0,0,0,0,0,0,0,0,0,0,185450,0,0,0,0,0,0,"bOTU_528"
"529","k__Bacteria","p__Pseudomonadota","c__Betaproteobacteria","o__Burkholderiales","f__Burkholderiaceae","g__GGB59257","s__GGB59257_SGB81034",0,0,13005,0,80874,0,313214,0,0,0,0,0,0,16149,0,0,0,0,0,0,"bOTU_529"
"530","k__Bacteria","p__Pseudomonadota","c__Alphaproteobacteria","o__Sphingomonadales","f__Sphingomonadaceae","g__GGB16226","s__GGB16226_SGB24598",0,619308,12142,0,32040,0,0,9069,0,7925,0,0,0,10739,0,0,0,0,0,0,"bOTU_530"
"531","k__Bacteria","p__Pseudomonadota","c__Betaproteobacteria","o__Burkholderiales","f__Comamonadaceae","g__GGB65310","s__GGB65310_SGB179015",0,0,0,0,0,0,0,0,0,0,0,0,0,18582,0,0,92161,0,0,0,"bOTU_531"
"532","k__Bacteria","p__Pseudomonadota","c__Gammaproteobacteria","o__Lysobacterales","f__Lysobacteraceae","g__Alkalisalibacterium","s__Alkalisalibacterium_limincola",0,0,0,0,0,0,0,0,0,0,0,0,0,7940,0,0,0,0,0,2832,"bOTU_532"
"533","k__Bacteria","p__Pseudomonadota","c__Gammaproteobacteria","o__Lysobacterales","f__Lysobacteraceae","g__GGB65667","s__GGB65667_SGB88837",0,4047,4549,0,3918,0,0,0,0,5278,0,0,0,8155,0,0,0,0,0,0,"bOTU_533"
"534","k__Bacteria","p__Pseudomonadota","c__Alphaproteobacteria","o__Caulobacterales","f__Caulobacteraceae","g__Brevundimonas","s__Brevundimonas_SGB138296",0,0,0,0,0,0,0,0,0,0,0,0,0,42610,0,0,0,0,0,0,"bOTU_534"
"535","k__Bacteria","p__Pseudomonadota","c__Alphaproteobacteria","o__Rhodobacterales","f__Paracoccaceae","g__Frigidibacter","s__Frigidibacter_mobilis",0,0,0,0,0,0,0,0,0,0,0,0,0,239555,0,0,0,0,0,0,"bOTU_535"
"536","k__Bacteria","p__Pseudomonadota","c__Betaproteobacteria","o__Rhodocyclales","f__Azonexaceae","g__Ferribacterium","s__Ferribacterium_limneticum",0,0,0,0,0,0,0,0,0,0,0,0,0,19162,0,0,9536,0,0,0,"bOTU_536"
"537","k__Bacteria","p__Pseudomonadota","c__Betaproteobacteria","o__Burkholderiales","f__Comamonadaceae","g__Rhodoferax","s__Rhodoferax_ferrireducens",0,0,9617,14872,0,0,8876,0,0,0,0,0,0,9628,0,0,55048,0,0,0,"bOTU_537"
"538","k__Bacteria","p__Gemmatimonadota","c__CFGB81127","o__OFGB81127","f__FGB81127","g__GGB135474","s__GGB135474_SGB172897",0,7474,7082,0,0,0,0,0,0,0,0,0,0,8565,0,0,0,0,0,0,"bOTU_538"
"539","k__Bacteria","p__Firmicutes","c__CFGB94245","o__OFGB94245","f__FGB94245","g__GGB43886","s__GGB43886_SGB61243",0,0,0,0,0,0,0,0,0,0,0,0,0,15598,0,0,0,0,0,0,"bOTU_539"
"540","k__Bacteria","p__Spirochaetota","c__CFGB72944","o__OFGB72944","f__FGB72944","g__GGB4164","s__GGB4164_SGB5646",0,0,0,0,0,0,0,0,0,0,0,0,0,6323,0,0,0,0,0,0,"bOTU_540"
"541","k__Bacteria","p__Thermodesulfobacteriota","c__CFGB49832","o__OFGB49832","f__FGB49832","g__GGB139029","s__GGB139029_SGB167396",0,0,0,0,0,0,0,0,0,0,0,0,0,4780,0,0,0,0,0,0,"bOTU_541"
"542","k__Bacteria","p__Pseudomonadota","c__Alphaproteobacteria","o__Caulobacterales","f__Caulobacteraceae","g__Brevundimonas","s__Brevundimonas_halotolerans",0,0,0,0,0,0,0,0,0,0,0,0,0,40349,0,0,0,0,0,0,"bOTU_542"
"543","k__Bacteria","p__Thermodesulfobacteriota","c__Desulfovibrionia","o__Desulfovibrionales","f__Desulfovibrionaceae","g__GGB14678","s__GGB14678_SGB22218",0,0,0,0,0,0,0,0,0,0,0,0,0,18713,0,0,0,0,14203,0,"bOTU_543"
"544","k__Bacteria","p__Actinomycetota","c__Nitriliruptoria","o__Nitriliruptorales","f__Nitriliruptoraceae","g__Nitriliruptor","s__Nitriliruptor_alkaliphilus",0,0,0,0,0,0,0,0,0,0,0,0,0,7933,0,0,0,0,0,0,"bOTU_544"
"545","k__Bacteria","p__Actinomycetota","c__Actinomycetes","o__Mycobacteriales","f__Dietziaceae","g__Dietzia","s__Dietzia_cercidiphylli",0,0,17037,0,0,0,0,0,0,0,0,0,0,12205,0,0,0,0,13026,0,"bOTU_545"
"546","k__Bacteria","p__Bacteroidota","c__CFGB87139","o__OFGB87139","f__FGB87139","g__GGB109415","s__GGB109415_SGB197348",0,0,0,0,0,0,0,0,0,0,0,0,0,6804,0,0,10365,0,0,0,"bOTU_546"
"547","k__Bacteria","p__Pseudomonadota","c__Alphaproteobacteria","o__Hyphomicrobiales","f__Phyllobacteriaceae","g__Aquibium","s__Aquibium_carbonis",0,0,0,0,0,0,0,0,0,0,0,0,0,9403,0,0,0,0,0,0,"bOTU_547"
"548","k__Bacteria","p__Actinomycetota","c__Actinomycetes","o__Micrococcales","f__Micrococcaceae","g__Nesterenkonia","s__Nesterenkonia_salmonea",0,0,0,0,0,0,0,0,0,0,0,0,0,4679,0,0,0,0,0,0,"bOTU_548"
"549","k__Bacteria","p__Pseudomonadota","c__Alphaproteobacteria","o__Caulobacterales","f__Caulobacteraceae","g__Brevundimonas","s__Brevundimonas_abyssalis",0,0,0,0,0,0,0,0,0,0,0,0,0,6894,0,0,0,0,0,0,"bOTU_549"
"550","k__Bacteria","p__Pseudomonadota","c__Betaproteobacteria","o__Nitrosomonadales","f__Sulfuricellaceae","g__Sulfuricella","s__Sulfuricella_SGB179671",0,0,0,0,0,0,0,0,0,0,0,0,0,25685,0,0,0,0,0,0,"bOTU_550"
"551","k__Bacteria","p__Pseudomonadota","c__Betaproteobacteria","o__Rhodocyclales","f__Azonexaceae","g__Dechloromonas","s__Dechloromonas_denitrificans",0,0,0,0,0,0,0,0,0,0,0,0,0,9541,0,0,0,0,0,0,"bOTU_551"
"552","k__Bacteria","p__Firmicutes","c__CFGB5517","o__OFGB5517","f__FGB5517","g__GGB16385","s__GGB16385_SGB24783",0,0,0,0,0,0,0,0,0,0,0,0,0,7666,0,0,0,0,0,0,"bOTU_552"
"553","k__Bacteria","p__Actinomycetota","c__Actinomycetes","o__Micrococcales","f__Cellulomonadaceae","g__Cellulomonas","s__Cellulomonas_sp_KRMCY2",0,0,0,0,0,0,0,0,0,21734,0,0,0,4483,0,0,0,0,0,0,"bOTU_553"
"554","k__Bacteria","p__Pseudomonadota","c__Alphaproteobacteria","o__Rhodobacterales","f__Paracoccaceae","g__Cypionkella","s__Cypionkella_SGB107225",0,0,1043860,0,161699,0,0,0,0,0,0,0,0,14389,0,0,0,0,977559,0,"bOTU_554"
"555","k__Bacteria","p__Ignavibacteriota","c__CFGB2452","o__OFGB2452","f__FGB2452","g__GGB123004","s__GGB123004_SGB153954",0,0,0,0,0,0,6420,0,6097,0,0,0,0,9191,0,0,0,0,7259,0,"bOTU_555"
"556","k__Bacteria","p__Pseudomonadota","c__Alphaproteobacteria","o__Caulobacterales","f__Caulobacteraceae","g__Brevundimonas","s__Brevundimonas_aurantiaca",0,0,10846,0,12674,0,0,0,0,15980,0,0,0,0,170968,0,0,0,0,0,"bOTU_556"
"557","k__Bacteria","p__Pseudomonadota","c__Gammaproteobacteria","o__Pseudomonadales","f__Pseudomonadaceae","g__Stutzerimonas","s__Stutzerimonas_stutzeri",0,0,17415,0,15906,0,20698,0,0,0,0,0,0,0,78497,0,0,0,0,0,"bOTU_557"
"558","k__Bacteria","p__Pseudomonadota","c__Alphaproteobacteria","o__Caulobacterales","f__Caulobacteraceae","g__Brevundimonas","s__Brevundimonas_diminuta",0,0,18593,0,13400,0,25790,0,0,0,0,0,0,0,31034,0,0,0,0,0,"bOTU_558"
"559","k__Bacteria","p__Bacteroidota","c__Cytophagia","o__Cytophagales","f__Cytophagaceae","g__Rhabdobacter","s__Rhabdobacter_roseus",0,0,0,0,0,0,0,0,0,0,0,0,0,0,42819,0,0,0,0,0,"bOTU_559"
"560","k__Bacteria","p__Actinomycetota","c__Actinomycetes","o__Micrococcales","f__Microbacteriaceae","g__Microbacterium","s__Microbacterium_aurantiacum",0,0,0,0,0,0,0,0,0,0,0,0,0,0,19585,0,0,9560,0,0,"bOTU_560"
"561","k__Bacteria","p__Candidatus_Omnitrophota","c__CFGB25749","o__OFGB25749","f__FGB25749","g__GGB140569","s__GGB140569_SGB155797",0,0,0,20926,0,0,0,190292,36544,67698,0,0,0,0,8545,0,3843,0,6797,0,"bOTU_561"
"562","k__Bacteria","p__Pseudomonadota","c__Betaproteobacteria","o__Burkholderiales","f__Burkholderiaceae","g__Limnobacter","s__Limnobacter_profundi",0,0,0,0,12438,0,255416,0,0,0,0,0,0,0,19234,0,0,0,0,0,"bOTU_562"
"563","k__Bacteria","p__Actinomycetota","c__Actinomycetes","o__Micrococcales","f__Microbacteriaceae","g__Microbacterium","s__Microbacterium_lacus",0,0,0,0,0,0,0,0,0,11152,0,0,0,0,15262,0,0,0,13698,0,"bOTU_563"
"564","k__Bacteria","p__Pseudomonadota","c__Alphaproteobacteria","o__Caulobacterales","f__Caulobacteraceae","g__GGB7913","s__GGB7913_SGB138311",0,0,52290,0,241863,0,19412,0,0,0,0,0,0,0,36095,0,0,11677,0,0,"bOTU_564"
"565","k__Bacteria","p__Pseudomonadota","c__Alphaproteobacteria","o__Sphingomonadales","f__Sphingomonadaceae","g__Sphingobium","s__Sphingobium_sp_D43FB",0,0,0,0,0,0,0,0,0,23783,0,0,0,0,16843,0,0,0,0,0,"bOTU_565"
"566","k__Bacteria","p__Pseudomonadota","c__Betaproteobacteria","o__Nitrosomonadales","f__Sterolibacteriaceae","g__Methyloversatilis","s__Methyloversatilis_discipulorum",0,0,0,0,0,0,0,0,0,0,0,0,0,0,21635,0,0,0,0,0,"bOTU_566"
"567","k__Bacteria","p__Actinomycetota","c__Actinomycetes","o__Micrococcales","f__Microbacteriaceae","g__Microbacterium","s__Microbacterium_sp_BR1",0,0,0,0,0,0,0,0,0,0,0,0,0,0,10358,0,0,0,7011,0,"bOTU_567"
"568","k__Bacteria","p__Pseudomonadota","c__Alphaproteobacteria","o__Caulobacterales","f__Caulobacteraceae","g__Brevundimonas","s__Brevundimonas_SGB11737",0,0,0,0,0,0,10428,0,0,10471,0,0,0,0,14094,0,0,0,0,0,"bOTU_568"
"569","k__Bacteria","p__Pseudomonadota","c__Alphaproteobacteria","o__Hyphomicrobiales","f__Xanthobacteraceae","g__Xanthobacter","s__Xanthobacter_tagetidis",0,0,0,0,0,0,0,0,0,0,0,0,0,0,10368,0,0,0,0,0,"bOTU_569"
"570","k__Bacteria","p__Pseudomonadota","c__Alphaproteobacteria","o__Hyphomicrobiales","f__Rhizobiaceae","g__Rhizobium","s__Rhizobium_oryzihabitans",0,0,0,0,0,0,0,0,0,0,0,0,0,0,18803,0,0,0,0,0,"bOTU_570"
"571","k__Bacteria","p__Pseudomonadota","c__Alphaproteobacteria","o__Hyphomicrobiales","f__Rhizobiaceae","g__Rhizobium","s__Rhizobium_rhizophilum",0,0,0,0,0,0,0,0,0,0,0,0,0,0,12218,0,0,0,0,0,"bOTU_571"
"572","k__Bacteria","p__Actinomycetota","c__Actinomycetes","o__Propionibacteriales","f__Nocardioidaceae","g__Nocardioides","s__Nocardioides_SGB107694",0,0,0,0,0,6695,0,0,0,12328,0,0,0,0,12038,0,0,0,0,0,"bOTU_572"
"573","k__Bacteria","p__Caldisericota","c__CFGB86176","o__OFGB86176","f__FGB86176","g__GGB106514","s__GGB106514_SGB190635",0,0,0,0,0,0,0,0,7460,0,0,0,0,0,1850,0,0,0,0,0,"bOTU_573"
"574","k__Bacteria","p__Pseudomonadota","c__CFGB42689","o__OFGB42689","f__FGB42689","g__GGB12357","s__GGB12357_SGB19197",0,0,0,0,0,0,0,0,0,0,0,0,0,0,2196,0,0,0,0,0,"bOTU_574"
"575","k__Bacteria","p__Actinomycetota","c__CFGB33775","o__OFGB33775","f__FGB33775","g__GGB120602","s__GGB120602_SGB154431",0,0,6352,0,8373,0,0,8682,0,0,0,0,0,0,7084,0,0,0,0,0,"bOTU_575"
"576","k__Bacteria","p__Pseudomonadota","c__CFGB74353","o__OFGB74353","f__FGB74353","g__GGB106107","s__GGB106107_SGB189601",0,0,1543,3479,1298,0,0,11878,0,49782,0,0,0,0,1501,1261,0,2911,0,0,"bOTU_576"
"577","k__Bacteria","p__Actinomycetota","c__Actinomycetes","o__Micrococcales","f__Microbacteriaceae","g__Agrococcus","s__Agrococcus_sediminis",0,0,0,0,0,0,0,0,0,0,0,0,0,0,7381,0,0,0,0,0,"bOTU_577"
"578","k__Bacteria","p__Bacteroidota","c__Chitinophagia","o__Chitinophagales","f__Chitinophagaceae","g__GGB2560","s__GGB2560_SGB3473",0,0,0,0,0,0,0,0,0,0,0,0,0,0,19891,0,0,0,0,0,"bOTU_578"
"579","k__Bacteria","p__Pseudomonadota","c__Alphaproteobacteria","o__Hyphomicrobiales","f__Phyllobacteriaceae","g__Aliihoeflea","s__Aliihoeflea_sp_2WW",0,0,0,0,0,0,0,0,0,0,0,0,0,0,9963,0,0,12232,0,0,"bOTU_579"
"580","k__Bacteria","p__Pseudomonadota","c__Alphaproteobacteria","o__Caulobacterales","f__Caulobacteraceae","g__Brevundimonas","s__Brevundimonas_sp_M20",0,0,11880,0,37673,0,31546,0,0,19774,0,0,0,0,5757,0,0,0,0,0,"bOTU_580"
"581","k__Bacteria","p__Actinomycetota","c__Actinomycetes","o__Micrococcales","f__Microbacteriaceae","g__Microbacterium","s__Microbacterium_schleiferi",0,0,0,0,0,0,0,0,0,0,0,0,0,0,25698,0,0,0,0,0,"bOTU_581"
"582","k__Bacteria","p__Pseudomonadota","c__Betaproteobacteria","o__Nitrosomonadales","f__Methylophilaceae","g__GGB40645","s__GGB40645_SGB64801",0,0,0,9490,0,0,0,0,0,0,0,0,0,0,10316,0,0,0,0,0,"bOTU_582"
"583","k__Bacteria","p__Pseudomonadota","c__Gammaproteobacteria","o__Methylococcales","f__Methylococcaceae","g__Methylobacter","s__Methylobacter_tundripaludum",0,0,43939,3358788,256167,0,0,0,0,0,0,0,0,0,34792,0,685363,0,150653,0,"bOTU_583"
"584","k__Bacteria","p__Candidatus_Saccharibacteria","c__CFGB86280","o__OFGB86280","f__FGB86280","g__GGB106818","s__GGB106818_SGB189640",0,0,0,8001,0,0,0,10391,0,26505,0,0,0,0,3173,0,0,0,0,0,"bOTU_584"
"585","k__Bacteria","p__Pseudomonadota","c__Alphaproteobacteria","o__Caulobacterales","f__Caulobacteraceae","g__Brevundimonas","s__Brevundimonas_SGB185069",0,0,0,0,0,11768,0,0,0,0,0,0,0,0,8472,0,0,0,0,0,"bOTU_585"
"586","k__Bacteria","p__Bacteroidota","c__Chitinophagia","o__Chitinophagales","f__Chitinophagaceae","g__GGB2560","s__GGB2560_SGB78216",0,0,0,0,0,0,0,0,0,0,0,0,0,0,34109,0,0,0,0,0,"bOTU_586"
"587","k__Bacteria","p__Pseudomonadota","c__Alphaproteobacteria","o__Sphingomonadales","f__Sphingomonadaceae","g__Rhizorhabdus","s__Rhizorhabdus_phycosphaerae",0,0,0,0,0,0,0,0,0,0,0,0,0,0,6658,0,0,0,0,0,"bOTU_587"
"588","k__Bacteria","p__Pseudomonadota","c__Alphaproteobacteria","o__Caulobacterales","f__Caulobacteraceae","g__Brevundimonas","s__Brevundimonas_aurantiaca",0,0,10846,0,12674,0,0,0,0,15980,0,0,0,0,170968,0,0,0,0,0,"bOTU_588"
"589","k__Bacteria","p__Pseudomonadota","c__Gammaproteobacteria","o__Pseudomonadales","f__Pseudomonadaceae","g__Stutzerimonas","s__Stutzerimonas_stutzeri",0,0,17415,0,15906,0,20698,0,0,0,0,0,0,0,78497,0,0,0,0,0,"bOTU_589"
"590","k__Bacteria","p__Bacteroidota","c__Cytophagia","o__Cytophagales","f__Cytophagaceae","g__Rhabdobacter","s__Rhabdobacter_roseus",0,0,0,0,0,0,0,0,0,0,0,0,0,0,42819,0,0,0,0,0,"bOTU_590"
"591","k__Bacteria","p__Pseudomonadota","c__Alphaproteobacteria","o__Caulobacterales","f__Caulobacteraceae","g__Brevundimonas","s__Brevundimonas_diminuta",0,0,18593,0,0,0,11244,0,0,0,0,0,0,0,18279,0,0,0,0,0,"bOTU_591"
"592","k__Bacteria","p__Actinomycetota","c__Actinomycetes","o__Micrococcales","f__Microbacteriaceae","g__Microbacterium","s__Microbacterium_aurantiacum",0,0,0,0,0,0,0,0,0,0,0,0,0,0,19585,0,0,9560,0,0,"bOTU_592"
"593","k__Bacteria","p__Candidatus_Omnitrophota","c__CFGB25749","o__OFGB25749","f__FGB25749","g__GGB140569","s__GGB140569_SGB155797",0,0,0,20926,0,0,0,190292,36544,67698,0,0,0,0,8545,0,3843,0,6797,0,"bOTU_593"
"594","k__Bacteria","p__Pseudomonadota","c__Betaproteobacteria","o__Burkholderiales","f__Burkholderiaceae","g__Limnobacter","s__Limnobacter_profundi",0,0,0,0,12438,0,255416,0,0,0,0,0,0,0,19234,0,0,0,0,0,"bOTU_594"
"595","k__Bacteria","p__Actinomycetota","c__Actinomycetes","o__Micrococcales","f__Microbacteriaceae","g__Microbacterium","s__Microbacterium_lacus",0,0,0,0,0,0,0,0,0,11152,0,0,0,0,15262,0,0,0,13698,0,"bOTU_595"
"596","k__Bacteria","p__Pseudomonadota","c__Alphaproteobacteria","o__Caulobacterales","f__Caulobacteraceae","g__GGB7913","s__GGB7913_SGB138311",0,0,52290,0,241863,0,19412,0,0,0,0,0,0,0,36095,0,0,11677,0,0,"bOTU_596"
"597","k__Bacteria","p__Pseudomonadota","c__Alphaproteobacteria","o__Sphingomonadales","f__Sphingomonadaceae","g__Sphingobium","s__Sphingobium_sp_D43FB",0,0,0,0,0,0,0,0,0,23783,0,0,0,0,16843,0,0,0,0,0,"bOTU_597"
"598","k__Bacteria","p__Pseudomonadota","c__Betaproteobacteria","o__Nitrosomonadales","f__Sterolibacteriaceae","g__Methyloversatilis","s__Methyloversatilis_discipulorum",0,0,0,0,0,0,0,0,0,0,0,0,0,0,21635,0,0,0,0,0,"bOTU_598"
"599","k__Bacteria","p__Actinomycetota","c__Actinomycetes","o__Micrococcales","f__Microbacteriaceae","g__Microbacterium","s__Microbacterium_sp_BR1",0,0,0,0,0,0,0,0,0,0,0,0,0,0,10358,0,0,0,7011,0,"bOTU_599"
"600","k__Bacteria","p__Pseudomonadota","c__Alphaproteobacteria","o__Caulobacterales","f__Caulobacteraceae","g__Brevundimonas","s__Brevundimonas_SGB11737",0,0,0,0,0,0,10428,0,0,10471,0,0,0,0,14094,0,0,0,0,0,"bOTU_600"
"601","k__Bacteria","p__Pseudomonadota","c__Alphaproteobacteria","o__Hyphomicrobiales","f__Xanthobacteraceae","g__Xanthobacter","s__Xanthobacter_tagetidis",0,0,0,0,0,0,0,0,0,0,0,0,0,0,10368,0,0,0,0,0,"bOTU_601"
"602","k__Bacteria","p__Pseudomonadota","c__Alphaproteobacteria","o__Caulobacterales","f__Caulobacteraceae","g__Brevundimonas","s__Brevundimonas_diminuta",0,0,0,0,13400,0,14546,0,0,0,0,0,0,0,12755,0,0,0,0,0,"bOTU_602"
"603","k__Bacteria","p__Pseudomonadota","c__Alphaproteobacteria","o__Hyphomicrobiales","f__Rhizobiaceae","g__Rhizobium","s__Rhizobium_oryzihabitans",0,0,0,0,0,0,0,0,0,0,0,0,0,0,18803,0,0,0,0,0,"bOTU_603"
"604","k__Bacteria","p__Pseudomonadota","c__Alphaproteobacteria","o__Hyphomicrobiales","f__Rhizobiaceae","g__Rhizobium","s__Rhizobium_rhizophilum",0,0,0,0,0,0,0,0,0,0,0,0,0,0,12218,0,0,0,0,0,"bOTU_604"
"605","k__Bacteria","p__Actinomycetota","c__Actinomycetes","o__Propionibacteriales","f__Nocardioidaceae","g__Nocardioides","s__Nocardioides_SGB107694",0,0,0,0,0,6695,0,0,0,12328,0,0,0,0,12038,0,0,0,0,0,"bOTU_605"
"606","k__Bacteria","p__Caldisericota","c__CFGB86176","o__OFGB86176","f__FGB86176","g__GGB106514","s__GGB106514_SGB190635",0,0,0,0,0,0,0,0,7460,0,0,0,0,0,1850,0,0,0,0,0,"bOTU_606"
"607","k__Bacteria","p__Pseudomonadota","c__CFGB42689","o__OFGB42689","f__FGB42689","g__GGB12357","s__GGB12357_SGB19197",0,0,0,0,0,0,0,0,0,0,0,0,0,0,2196,0,0,0,0,0,"bOTU_607"
"608","k__Bacteria","p__Actinomycetota","c__CFGB33775","o__OFGB33775","f__FGB33775","g__GGB120602","s__GGB120602_SGB154431",0,0,6352,0,8373,0,0,8682,0,0,0,0,0,0,7084,0,0,0,0,0,"bOTU_608"
"609","k__Bacteria","p__Pseudomonadota","c__CFGB74353","o__OFGB74353","f__FGB74353","g__GGB106107","s__GGB106107_SGB189601",0,0,1543,3479,1298,0,0,11878,0,49782,0,0,0,0,1501,1261,0,2911,0,0,"bOTU_609"
"610","k__Bacteria","p__Actinomycetota","c__Actinomycetes","o__Micrococcales","f__Microbacteriaceae","g__Agrococcus","s__Agrococcus_sediminis",0,0,0,0,0,0,0,0,0,0,0,0,0,0,7381,0,0,0,0,0,"bOTU_610"
"611","k__Bacteria","p__Bacteroidota","c__Chitinophagia","o__Chitinophagales","f__Chitinophagaceae","g__GGB2560","s__GGB2560_SGB3473",0,0,0,0,0,0,0,0,0,0,0,0,0,0,19891,0,0,0,0,0,"bOTU_611"
"612","k__Bacteria","p__Pseudomonadota","c__Alphaproteobacteria","o__Hyphomicrobiales","f__Phyllobacteriaceae","g__Aliihoeflea","s__Aliihoeflea_sp_2WW",0,0,0,0,0,0,0,0,0,0,0,0,0,0,9963,0,0,12232,0,0,"bOTU_612"
"613","k__Bacteria","p__Pseudomonadota","c__Alphaproteobacteria","o__Caulobacterales","f__Caulobacteraceae","g__Brevundimonas","s__Brevundimonas_sp_M20",0,0,11880,0,37673,0,31546,0,0,19774,0,0,0,0,5757,0,0,0,0,0,"bOTU_613"
"614","k__Bacteria","p__Actinomycetota","c__Actinomycetes","o__Micrococcales","f__Microbacteriaceae","g__Microbacterium","s__Microbacterium_schleiferi",0,0,0,0,0,0,0,0,0,0,0,0,0,0,25698,0,0,0,0,0,"bOTU_614"
"615","k__Bacteria","p__Pseudomonadota","c__Betaproteobacteria","o__Nitrosomonadales","f__Methylophilaceae","g__GGB40645","s__GGB40645_SGB64801",0,0,0,9490,0,0,0,0,0,0,0,0,0,0,10316,0,0,0,0,0,"bOTU_615"
"616","k__Bacteria","p__Pseudomonadota","c__Gammaproteobacteria","o__Methylococcales","f__Methylococcaceae","g__Methylobacter","s__Methylobacter_tundripaludum",0,0,43939,1451814,256167,0,0,0,0,0,0,0,0,0,34792,0,615862,0,143824,0,"bOTU_616"
"617","k__Bacteria","p__Candidatus_Saccharibacteria","c__CFGB86280","o__OFGB86280","f__FGB86280","g__GGB106818","s__GGB106818_SGB189640",0,0,0,8001,0,0,0,10391,0,26505,0,0,0,0,3173,0,0,0,0,0,"bOTU_617"
"618","k__Bacteria","p__Pseudomonadota","c__Alphaproteobacteria","o__Caulobacterales","f__Caulobacteraceae","g__Brevundimonas","s__Brevundimonas_SGB185069",0,0,0,0,0,11768,0,0,0,0,0,0,0,0,8472,0,0,0,0,0,"bOTU_618"
"619","k__Bacteria","p__Bacteroidota","c__Chitinophagia","o__Chitinophagales","f__Chitinophagaceae","g__GGB2560","s__GGB2560_SGB78216",0,0,0,0,0,0,0,0,0,0,0,0,0,0,34109,0,0,0,0,0,"bOTU_619"
"620","k__Bacteria","p__Pseudomonadota","c__Alphaproteobacteria","o__Sphingomonadales","f__Sphingomonadaceae","g__Rhizorhabdus","s__Rhizorhabdus_phycosphaerae",0,0,0,0,0,0,0,0,0,0,0,0,0,0,6658,0,0,0,0,0,"bOTU_620"
"621","k__Bacteria","p__Thermodesulfobacteriota","c__CFGB26517","o__OFGB26517","f__FGB26517","g__GGB139209","s__GGB139209_SGB167673",0,218063,9220,0,20700,0,0,0,0,0,0,0,0,0,0,0,0,0,0,0,"bOTU_621"
"622","k__Bacteria","p__Pseudomonadota","c__Gammaproteobacteria","o__Pseudomonadales","f__Pseudomonadaceae","g__Pseudomonas","s__Pseudomonas_shahriarae",0,201624,0,0,0,0,0,0,0,0,0,0,0,0,0,0,0,47980,0,0,"bOTU_622"
"623","k__Bacteria","p__Chloroflexota","c__Chloroflexota_unclassified","o__Chloroflexota_unclassified","f__Chloroflexota_unclassified","g__GGB127347","s__GGB127347_SGB169446",0,7125,6487,0,68411,0,0,4889,123824,0,0,0,0,0,0,0,0,0,0,0,"bOTU_623"
"624","k__Archaea","p__Methanobacteriota","c__Methanomicrobia","o__Methanosarcinales","f__Methanosarcinaceae","g__Methanosarcina","s__Methanosarcina_sp_1_H_A_2_2",0,13135,0,0,0,0,0,0,0,0,0,0,0,0,0,0,0,0,0,0,"aOTU_624"
"625","k__Bacteria","p__Firmicutes","c__CFGB5125","o__OFGB5125","f__FGB5125","g__GGB14640","s__GGB14640_SGB76351",0,5123,0,0,0,10659,0,5312,9845,0,0,0,0,0,0,0,0,0,0,0,"bOTU_625"
"626","k__Bacteria","p__Pseudomonadota","c__Betaproteobacteria","o__Nitrosomonadales","f__Nitrosomonadaceae","g__GGB125059","s__GGB125059_SGB162706",0,4192,0,0,0,0,0,0,0,0,0,0,0,0,0,0,0,0,0,0,"bOTU_626"
"627","k__Bacteria","p__Thermodesulfobacteriota","c__Desulfuromonadia","o__Desulfuromonadales","f__Desulfuromonadaceae","g__Desulfuromonas","s__Desulfuromonas_acetexigens",0,4421,0,0,0,0,0,0,0,0,0,0,0,0,0,0,0,0,0,0,"bOTU_627"
"628","k__Bacteria","p__Thermodesulfobacteriota","c__CFGB26517","o__OFGB26517","f__FGB26517","g__GGB139209","s__GGB139209_SGB167673",0,218063,9220,0,20700,0,0,0,0,0,0,0,0,0,0,0,0,0,0,0,"bOTU_628"
"629","k__Bacteria","p__Pseudomonadota","c__Gammaproteobacteria","o__Pseudomonadales","f__Pseudomonadaceae","g__Pseudomonas","s__Pseudomonas_shahriarae",0,201624,0,0,0,0,0,0,0,0,0,0,0,0,0,0,0,47980,0,0,"bOTU_629"
"630","k__Bacteria","p__Chloroflexota","c__Chloroflexota_unclassified","o__Chloroflexota_unclassified","f__Chloroflexota_unclassified","g__GGB127347","s__GGB127347_SGB169446",0,7125,6487,0,68411,0,0,4889,123824,0,0,0,0,0,0,0,0,0,0,0,"bOTU_630"
"631","k__Archaea","p__Methanobacteriota","c__Methanomicrobia","o__Methanosarcinales","f__Methanosarcinaceae","g__Methanosarcina","s__Methanosarcina_sp_1_H_A_2_2",0,13135,0,0,0,0,0,0,0,0,0,0,0,0,0,0,0,0,0,0,"aOTU_631"
"632","k__Bacteria","p__Firmicutes","c__CFGB5125","o__OFGB5125","f__FGB5125","g__GGB14640","s__GGB14640_SGB76351",0,5123,0,0,0,10659,0,5312,9845,0,0,0,0,0,0,0,0,0,0,0,"bOTU_632"
"633","k__Bacteria","p__Pseudomonadota","c__Betaproteobacteria","o__Nitrosomonadales","f__Nitrosomonadaceae","g__GGB125059","s__GGB125059_SGB162706",0,4192,0,0,0,0,0,0,0,0,0,0,0,0,0,0,0,0,0,0,"bOTU_633"
"634","k__Bacteria","p__Thermodesulfobacteriota","c__Desulfuromonadia","o__Desulfuromonadales","f__Desulfuromonadaceae","g__Desulfuromonas","s__Desulfuromonas_acetexigens",0,4421,0,0,0,0,0,0,0,0,0,0,0,0,0,0,0,0,0,0,"bOTU_634"
"635","k__Bacteria","p__Pseudomonadota","c__CFGB90334","o__OFGB90334","f__FGB90334","g__GGB122650","s__GGB122650_SGB162661",0,0,2485478,0,10230189,0,0,0,0,0,0,0,0,0,0,0,0,0,0,0,"bOTU_635"
"636","k__Bacteria","p__Pseudomonadota","c__Betaproteobacteria","o__Nitrosomonadales","f__Gallionellaceae","g__Gallionella","s__Gallionella_SGB24822",0,0,768794,0,116042,0,0,0,0,0,0,0,0,0,0,0,0,0,0,0,"bOTU_636"
"637","k__Bacteria","p__Pseudomonadota","c__Betaproteobacteria","o__Burkholderiales","f__Oxalobacteraceae","g__Undibacterium","s__Undibacterium_umbellatum",0,0,847360,0,54445,0,0,0,0,0,0,0,0,0,0,0,0,0,0,0,"bOTU_637"
"638","k__Bacteria","p__Bacteroidota","c__Cytophagia","o__Cytophagales","f__Leadbetterellaceae","g__Lacihabitans","s__Lacihabitans_sp_CS3_21",0,0,595709,0,18436,0,0,0,0,0,0,0,0,0,0,0,0,0,0,0,"bOTU_638"
"639","k__Bacteria","p__Pseudomonadota","c__Betaproteobacteria","o__Burkholderiales","f__Comamonadaceae","g__Hydrogenophaga","s__Hydrogenophaga_aromaticivorans",0,0,513138,0,24246,0,21353,0,0,0,0,0,0,0,0,0,3399329,0,571095,0,"bOTU_639"
"640","k__Bacteria","p__Pseudomonadota","c__Betaproteobacteria","o__Nitrosomonadales","f__Thiobacillaceae","g__GGB8477","s__GGB8477_SGB13187",0,0,2586707,104130,49734,0,1224304,0,0,0,0,0,0,0,0,0,0,0,319321,0,"bOTU_640"
"641","k__Bacteria","p__Bacteroidota","c__Chitinophagia","o__Chitinophagales","f__Chitinophagaceae","g__GGB14036","s__GGB14036_SGB78242",0,0,138330,0,16971,0,387585,0,0,0,0,0,0,0,0,0,0,117898,292861,0,"bOTU_641"
"642","k__Bacteria","p__Nitrospirota","c__Nitrospiria","o__Nitrospirales","f__Nitrospiraceae","g__GGB6360","s__GGB6360_SGB54434",0,0,138851,0,9504,0,6426,0,0,8870,0,0,0,0,0,0,8396,0,0,0,"bOTU_642"
"643","k__Bacteria","p__Pseudomonadota","c__Betaproteobacteria","o__Burkholderiales","f__Comamonadaceae","g__Curvibacter","s__Curvibacter_SGB22463",0,0,933724,0,184138,0,23757,0,0,0,0,0,0,0,0,0,22873,0,0,0,"bOTU_643"
"644","k__Bacteria","p__Thermodesulfobacteriota","c__CFGB5129","o__OFGB5129","f__FGB5129","g__GGB33353","s__GGB33353_SGB167666",0,0,165657,5743,6418,0,33622,0,8407,0,0,0,0,0,0,0,0,0,8196,0,"bOTU_644"
"645","k__Bacteria","p__Campylobacterota","c__Epsilonproteobacteria","o__Campylobacterales","f__Sulfurimonadaceae","g__GGB140791","s__GGB140791_SGB19278",0,0,33337,0,63071,0,53212,0,0,0,0,0,0,0,0,0,0,0,0,0,"bOTU_645"
"646","k__Bacteria","p__Pseudomonadota","c__Betaproteobacteria","o__Nitrosomonadales","f__Methylophilaceae","g__Methylophilus","s__Methylophilus_methylotrophus",0,0,31362,0,33225,0,0,0,0,0,0,0,0,0,0,0,0,0,0,0,"bOTU_646"
"647","k__Bacteria","p__Thermodesulfobacteriota","c__CFGB11088","o__OFGB11088","f__FGB11088","g__GGB33037","s__GGB33037_SGB167762",0,0,66032,20189,0,0,0,0,16082,0,0,0,0,0,0,0,0,0,0,0,"bOTU_647"
"648","k__Bacteria","p__Candidatus_Omnitrophota","c__CFGB1032","o__OFGB1032","f__FGB1032","g__GGB2690","s__GGB2690_SGB3630",0,0,26603,0,7727,0,9025,0,0,0,0,0,0,0,0,0,0,0,0,0,"bOTU_648"
"649","k__Bacteria","p__Pseudomonadota","c__Alphaproteobacteria","o__Hyphomicrobiales","f__Beijerinckiaceae","g__Methylovirgula","s__Methylovirgula_sp_HY1",0,0,31543,0,5809,0,0,0,0,0,0,0,0,0,0,0,0,0,0,0,"bOTU_649"
"650","k__Bacteria","p__Pseudomonadota","c__Betaproteobacteria","o__Burkholderiales","f__Oxalobacteraceae","g__Janthinobacterium","s__Janthinobacterium_tructae",0,0,48281,0,15929,0,0,0,0,0,0,0,0,0,0,0,19594,0,0,0,"bOTU_650"
"651","k__Bacteria","p__Pseudomonadota","c__Betaproteobacteria","o__Burkholderiales","f__Comamonadaceae","g__GGB134097","s__GGB134097_SGB178452",0,0,23716,0,538906,0,0,0,0,0,0,0,0,0,0,0,0,0,0,0,"bOTU_651"
"652","k__Bacteria","p__Nitrospirota","c__CFGB6263","o__OFGB6263","f__FGB6263","g__GGB63478","s__GGB63478_SGB85787",0,0,30015,4930,5655,0,0,0,0,0,0,0,0,0,0,0,6738,0,0,0,"bOTU_652"
"653","k__Bacteria","p__Pseudomonadota","c__Betaproteobacteria","o__Nitrosomonadales","f__Thiobacillaceae","g__GGB8477","s__GGB8477_SGB179631",0,0,762966,45574,17791,0,539490,0,0,0,0,0,0,0,0,0,0,0,248295,0,"bOTU_653"
"654","k__Bacteria","p__Pseudomonadota","c__Betaproteobacteria","o__Burkholderiales","f__Oxalobacteraceae","g__Undibacterium","s__Undibacterium_aquatile",0,0,29803,0,0,0,0,0,0,0,0,0,0,0,0,0,0,0,0,0,"bOTU_654"
"655","k__Bacteria","p__Pseudomonadota","c__Betaproteobacteria","o__Nitrosomonadales","f__Thiobacillaceae","g__GGB8477","s__GGB8477_SGB13188",0,0,1453390,77302,0,0,1559127,0,0,0,0,0,0,0,0,0,0,0,440047,0,"bOTU_655"
"656","k__Bacteria","p__Pseudomonadota","c__Betaproteobacteria","o__Burkholderiales","f__Comamonadaceae","g__GGB73296","s__GGB73296_SGB57043",0,0,40006,0,8482,0,22441,0,0,0,0,0,0,0,0,0,0,0,0,0,"bOTU_656"
"657","k__Bacteria","p__Myxococcota","c__Myxococcota_unclassified","o__Polyangiales","f__Polyangiaceae","g__GGB45095","s__GGB45095_SGB103301",0,0,55897,0,0,0,855004,0,0,0,0,0,0,0,0,0,77437,0,478196,0,"bOTU_657"
"658","k__Bacteria","p__Actinomycetota","c__Acidimicrobiia","o__Acidimicrobiales","f__Iamiaceae","g__Iamia","s__Iamia_sp_SCSIO_61187",0,0,27129,0,0,0,0,0,0,0,0,0,0,0,0,0,0,0,13991,0,"bOTU_658"
"659","k__Bacteria","p__Candidatus_Roizmanbacteria","c__CFGB41011","o__OFGB41011","f__FGB41011","g__GGB12634","s__GGB12634_SGB19612",0,0,5000,0,0,0,0,0,0,0,0,0,0,0,0,0,0,0,0,0,"bOTU_659"
"660","k__Bacteria","p__Thermodesulfobacteriota","c__CFGB11088","o__OFGB11088","f__FGB11088","g__GGB33037","s__GGB33037_SGB55113",0,0,54892,15641,0,0,0,0,0,0,0,0,0,0,0,0,0,0,0,0,"bOTU_660"
"661","k__Bacteria","p__Pseudomonadota","c__Alphaproteobacteria","o__Hyphomicrobiales","f__Methylocystaceae","g__GGB132097","s__GGB132097_SGB184037",0,0,10398,8683,194971,0,68003,0,0,0,0,0,0,0,0,0,0,0,20573,0,"bOTU_661"
"662","k__Bacteria","p__Pseudomonadota","c__CFGB36348","o__OFGB36348","f__FGB36348","g__GGB36348","s__GGB36348_SGB57146",0,0,16516,0,0,0,25572,0,0,0,0,0,0,0,0,0,7013,0,10994,0,"bOTU_662"
"663","k__Bacteria","p__Actinomycetota","c__Thermoleophilia","o__Miltoncostaeales","f__Miltoncostaeaceae","g__GGB74605","s__GGB74605_SGB55804",0,0,9251,8689,19608,0,4883,0,0,0,0,0,0,0,0,0,4710,0,0,0,"bOTU_663"
"664","k__Bacteria","p__Pseudomonadota","c__Betaproteobacteria","o__Rhodocyclales","f__Zoogloeaceae","g__GGB134506","s__GGB134506_SGB179851",0,0,29496,0,145390,0,0,0,0,0,0,0,0,0,0,0,0,0,0,0,"bOTU_664"
"665","k__Bacteria","p__Bacteroidota","c__CFGB6745","o__OFGB6745","f__FGB6745","g__GGB61034","s__GGB61034_SGB153785",0,0,17243,0,0,0,13073,0,523091,0,0,0,0,0,0,0,37940,0,0,0,"bOTU_665"
"666","k__Bacteria","p__Actinomycetota","c__Actinomycetes","o__Mycobacteriales","f__Mycobacteriaceae","g__Mycolicibacterium","s__Mycolicibacterium_pyrenivorans",0,0,19016,0,0,0,0,0,10178,0,0,0,0,0,0,0,0,0,17364,0,"bOTU_666"
"667","k__Bacteria","p__Bacteroidota","c__Cytophagia","o__Cytophagales","f__Spirosomataceae","g__Dyadobacter","s__Dyadobacter_sp_LHD_138",0,0,21047,0,0,0,0,0,0,0,0,0,0,0,0,0,0,0,0,0,"bOTU_667"
"668","k__Bacteria","p__Pseudomonadota","c__CFGB32956","o__OFGB32956","f__FGB32956","g__GGB65141","s__GGB65141_SGB88102",0,0,8234,0,0,0,7464,0,0,0,0,0,0,0,0,0,73614,0,5052,0,"bOTU_668"
"669","k__Bacteria","p__Pseudomonadota","c__CFGB41336","o__OFGB41336","f__FGB41336","g__GGB75623","s__GGB75623_SGB102995",0,0,13174,0,0,0,0,0,0,0,0,0,0,0,0,0,0,0,0,0,"bOTU_669"
"670","k__Bacteria","p__Campylobacterota","c__Epsilonproteobacteria","o__Campylobacterales","f__Sulfurimonadaceae","g__GGB12434","s__GGB12434_SGB19282",0,0,9607,0,0,0,71714,0,0,555820,0,0,0,0,0,0,0,0,840921,0,"bOTU_670"
"671","k__Bacteria","p__Pseudomonadota","c__Alphaproteobacteria","o__Hyphomicrobiales","f__Nitrobacteraceae","g__GGB44752","s__GGB44752_SGB56581",0,0,9246,0,0,0,0,0,0,0,0,0,0,0,0,0,0,0,0,0,"bOTU_671"
"672","k__Bacteria","p__Pseudomonadota","c__Gammaproteobacteria","o__Nevskiales","f__Nevskiaceae","g__Panacagrimonas","s__Panacagrimonas_perspica",0,0,17434,0,18472,0,46614,0,0,0,0,0,0,0,0,0,0,0,0,0,"bOTU_672"
"673","k__Bacteria","p__Pseudomonadota","c__Alphaproteobacteria","o__Hyphomicrobiales","f__Phyllobacteriaceae","g__Aminobacter","s__Aminobacter_anthyllidis",0,0,23593,0,0,0,0,0,0,0,0,0,0,0,0,0,0,0,0,0,"bOTU_673"
"674","k__Bacteria","p__Bacteria_unclassified","c__Bacteria_unclassified","o__Bacteria_unclassified","f__Bacteria_unclassified","g__GGB44734","s__GGB44734_SGB62196",0,0,19462,0,0,0,0,0,0,0,0,0,0,0,0,0,0,0,0,0,"bOTU_674"
"675","k__Bacteria","p__Actinomycetota","c__Acidimicrobiia","o__Acidimicrobiia_unclassified","f__Acidimicrobiia_unclassified","g__Acidimicrobiia_unclassified","s__Acidimicrobiia_unclassified_SGB55946",0,0,32819,0,0,0,0,0,0,0,0,0,0,0,0,0,0,0,0,0,"bOTU_675"
"676","k__Bacteria","p__Actinomycetota","c__CFGB11714","o__OFGB11714","f__FGB11714","g__GGB41274","s__GGB41274_SGB123810",0,0,6493,0,15795,0,7506,0,155637,0,0,0,0,0,0,0,8331,0,13127,0,"bOTU_676"
"677","k__Bacteria","p__Nitrospirota","c__CFGB75857","o__OFGB75857","f__FGB75857","g__GGB79517","s__GGB79517_SGB124759",0,0,5778,0,0,0,0,0,0,8998,0,0,0,0,0,0,0,0,0,0,"bOTU_677"
"678","k__Bacteria","p__Thermodesulfobacteriota","c__CFGB10823","o__OFGB10823","f__FGB10823","g__GGB45018","s__GGB45018_SGB103278",0,0,17593,0,0,0,0,0,0,0,0,0,0,0,0,0,0,0,0,0,"bOTU_678"
"679","k__Bacteria","p__Pseudomonadota","c__Betaproteobacteria","o__Nitrosomonadales","f__Thiobacillaceae","g__Thiobacillus","s__Thiobacillus_SGB38612",0,0,1394381,0,0,0,1745454,0,0,0,0,0,0,0,0,0,0,0,0,0,"bOTU_679"
"680","k__Bacteria","p__Actinomycetota","c__Thermoleophilia","o__Solirubrobacterales","f__Conexibacteraceae","g__GGB94909","s__GGB94909_SGB175045",0,0,41941,0,0,0,0,0,0,0,0,0,0,0,0,0,0,0,0,0,"bOTU_680"
"681","k__Bacteria","p__Thermodesulfobacteriota","c__CFGB2255","o__OFGB2255","f__FGB2255","g__GGB138967","s__GGB138967_SGB8961",0,0,38906,0,0,0,42075,0,29503,37035,0,0,0,0,0,0,38743,0,23559,0,"bOTU_681"
"682","k__Bacteria","p__Firmicutes","c__Clostridia","o__Eubacteriales","f__Clostridiaceae","g__Clostridium","s__Clostridium_gasigenes",0,0,6567,0,0,0,5861,0,0,0,0,0,0,0,0,0,0,0,0,0,"bOTU_682"
"683","k__Bacteria","p__Pseudomonadota","c__Gammaproteobacteria","o__Pseudomonadales","f__Perlucidibacaceae","g__Perlucidibaca","s__Perlucidibaca_aquatica",0,0,4829,0,0,0,0,0,0,0,0,0,0,0,0,0,0,0,0,0,"bOTU_683"
"684","k__Bacteria","p__Pseudomonadota","c__Betaproteobacteria","o__Burkholderiales","f__Comamonadaceae","g__Rhodoferax","s__Rhodoferax_sp_TS_BS_61_7",0,0,26812,0,0,0,0,0,0,0,0,0,0,0,0,0,0,0,0,0,"bOTU_684"
"685","k__Bacteria","p__Thermodesulfobacteriota","c__CFGB11088","o__OFGB11088","f__FGB11088","g__GGB33037","s__GGB33037_SGB127733",0,0,34273,0,0,0,0,0,0,0,0,0,0,0,0,0,0,0,0,0,"bOTU_685"
"686","k__Bacteria","p__Thermodesulfobacteriota","c__Desulfobaccia","o__Desulfobaccales","f__Desulfobaccaceae","g__GGB35296","s__GGB35296_SGB85585",0,0,22436,17651,0,0,50606,27831,31357,0,0,0,0,0,0,0,20970,0,23336,0,"bOTU_686"
"687","k__Bacteria","p__Pseudomonadota","c__Alphaproteobacteria","o__Rhodobacterales","f__Paracoccaceae","g__Cereibacter","s__Cereibacter_changlensis",0,0,15969,0,0,0,0,0,0,0,0,0,0,0,0,0,0,0,0,0,"bOTU_687"
"688","k__Bacteria","p__Pseudomonadota","c__Alphaproteobacteria","o__Rhodospirillales","f__Shumkoniaceae","g__Shumkonia","s__Shumkonia_mesophila",0,0,8676,0,0,0,0,0,0,0,0,0,0,0,0,0,0,0,0,0,"bOTU_688"
"689","k__Bacteria","p__Pseudomonadota","c__Alphaproteobacteria","o__Caulobacterales","f__Caulobacteraceae","g__Brevundimonas","s__Brevundimonas_SGB206490",0,0,9537,0,0,0,0,0,0,0,0,0,0,0,0,0,0,0,0,0,"bOTU_689"
"690","k__Bacteria","p__Bacteroidota","c__Cytophagia","o__Cytophagales","f__Spirosomataceae","g__Dyadobacter","s__Dyadobacter_SGB3405",0,0,9436,0,8654,0,0,0,0,0,0,0,0,0,0,0,0,0,0,0,"bOTU_690"
"691","k__Bacteria","p__Pseudomonadota","c__Alphaproteobacteria","o__Caulobacterales","f__Caulobacteraceae","g__Brevundimonas","s__Brevundimonas_sp_MF30_B",0,0,4613,0,0,0,0,0,0,0,0,0,0,0,0,0,0,0,0,0,"bOTU_691"
"692","k__Bacteria","p__Actinomycetota","c__CFGB34497","o__OFGB34497","f__FGB34497","g__GGB44142","s__GGB44142_SGB61537",0,0,4660,0,0,0,0,0,0,0,0,0,0,0,0,0,15434,0,3769,0,"bOTU_692"
"693","k__Bacteria","p__Chloroflexota","c__CFGB12167","o__OFGB12167","f__FGB12167","g__GGB73631","s__GGB73631_SGB52369",0,0,3437,0,4622,0,0,0,0,0,0,0,0,0,0,0,0,0,0,0,"bOTU_693"
"694","k__Bacteria","p__Pseudomonadota","c__Betaproteobacteria","o__Burkholderiales","f__Oxalobacteraceae","g__Undibacterium","s__Undibacterium_amnicola",0,0,5582,0,6195,0,0,0,0,0,0,0,0,0,0,0,0,0,23280,0,"bOTU_694"
"695","k__Bacteria","p__Pseudomonadota","c__Betaproteobacteria","o__Nitrosomonadales","f__Gallionellaceae","g__GGB91138","s__GGB91138_SGB209144",0,0,18415,0,30104,0,0,0,0,0,0,0,0,0,0,0,0,0,0,0,"bOTU_695"
"696","k__Bacteria","p__Pseudomonadota","c__Alphaproteobacteria","o__Caulobacterales","f__Caulobacteraceae","g__Brevundimonas","s__Brevundimonas_SGB38291",0,0,40526,0,0,0,0,0,0,0,0,0,0,0,0,0,0,0,0,0,"bOTU_696"
"697","k__Bacteria","p__Actinomycetota","c__Actinomycetes","o__Mycobacteriales","f__Nocardiaceae","g__Rhodococcus","s__Rhodococcus_cerastii",0,0,15494,0,0,0,0,0,0,0,0,0,0,0,0,0,0,0,0,0,"bOTU_697"
"698","k__Bacteria","p__Actinomycetota","c__Actinomycetes","o__Mycobacteriales","f__Dietziaceae","g__Dietzia","s__Dietzia_kunjamensis",0,0,13877,0,0,0,0,0,0,0,0,0,0,0,0,0,0,0,0,0,"bOTU_698"
"699","k__Bacteria","p__Actinomycetota","c__Actinomycetes","o__Micrococcales","f__Microbacteriaceae","g__Microbacterium","s__Microbacterium_profundi",0,0,11632,0,0,0,0,0,0,0,0,0,0,0,0,0,0,0,0,0,"bOTU_699"
"700","k__Bacteria","p__Pseudomonadota","c__Alphaproteobacteria","o__Hyphomicrobiales","f__Hyphomicrobiaceae","g__GGB72424","s__GGB72424_SGB99616",0,0,16075,0,0,0,0,0,0,0,0,0,0,0,0,0,0,0,0,0,"bOTU_700"
"701","k__Bacteria","p__Actinomycetota","c__Actinomycetes","o__Mycobacteriales","f__Nocardiaceae","g__Antrihabitans","s__Antrihabitans_stalagmiti",0,0,6033,0,0,0,0,0,0,0,0,0,0,0,0,0,0,0,0,0,"bOTU_701"
"702","k__Bacteria","p__Actinomycetota","c__Actinomycetes","o__Propionibacteriales","f__Nocardioidaceae","g__Nocardioides","s__Nocardioides_szechwanensis",0,0,21645,16804,0,26681,0,0,0,0,0,0,0,0,0,0,0,0,0,0,"bOTU_702"
"703","k__Bacteria","p__Actinomycetota","c__Actinomycetes","o__Micrococcales","f__Micrococcaceae","g__Arthrobacter","s__Arthrobacter_subterraneus",0,0,5042,0,0,0,0,0,0,0,0,0,0,0,0,0,0,0,0,0,"bOTU_703"
"704","k__Bacteria","p__Pseudomonadota","c__Alphaproteobacteria","o__Hyphomicrobiales","f__Nitrobacteraceae","g__Rhodopseudomonas","s__Rhodopseudomonas_sp_P2A_2r",0,0,14774,0,0,0,0,0,0,0,0,0,0,0,0,0,0,0,0,0,"bOTU_704"
"705","k__Bacteria","p__Pseudomonadota","c__Alphaproteobacteria","o__Rhodospirillales","f__Azospirillaceae","g__Skermanella","s__Skermanella_aerolata",0,0,7782,0,0,0,0,0,0,0,0,0,0,0,0,0,0,0,0,0,"bOTU_705"
"706","k__Bacteria","p__Candidatus_Roizmanbacteria","c__CFGB41011","o__OFGB41011","f__FGB41011","g__GGB12633","s__GGB12633_SGB19611",0,0,3341,0,0,0,0,0,0,0,0,0,0,0,0,0,0,0,0,0,"bOTU_706"
"707","k__Bacteria","p__Pseudomonadota","c__Betaproteobacteria","o__Betaproteobacteria_unclassified","f__Betaproteobacteria_unclassified","g__GGB32166","s__GGB32166_SGB57177",0,0,8593,0,27434,0,11484,0,0,0,0,0,0,0,0,0,0,0,0,0,"bOTU_707"
"708","k__Bacteria","p__Actinomycetota","c__Acidimicrobiia","o__Acidimicrobiales","f__Iamiaceae","g__GGB64208","s__GGB64208_SGB86622",0,0,25311,0,0,0,0,0,0,0,0,0,0,0,0,0,0,0,0,0,"bOTU_708"
"709","k__Bacteria","p__Pseudomonadota","c__Alphaproteobacteria","o__Sphingomonadales","f__Sphingosinicellaceae","g__Sphingosinicella","s__Sphingosinicella_microcystinivorans",0,0,13381,0,0,0,0,0,0,0,0,0,0,0,0,0,0,0,0,0,"bOTU_709"
"710","k__Bacteria","p__Thermodesulfobacteriota","c__Desulfobulbia","o__Desulfobulbales","f__Thiovibrionaceae","g__Thiovibrio","s__Thiovibrio_SGB38688",0,0,8985,0,0,0,0,0,0,0,0,0,0,0,0,0,0,0,0,0,"bOTU_710"
"711","k__Bacteria","p__Pseudomonadota","c__CFGB26115","o__OFGB26115","f__FGB26115","g__GGB137771","s__GGB137771_SGB173697",0,0,48893,121172,0,0,0,0,0,0,0,0,0,0,0,0,33053,0,0,0,"bOTU_711"
"712","k__Bacteria","p__Pseudomonadota","c__Alphaproteobacteria","o__Rhodospirillales","f__Azospirillaceae","g__GGB75601","s__GGB75601_SGB183829",0,0,6796,0,0,0,0,0,0,0,0,0,0,0,0,0,0,0,0,0,"bOTU_712"
"713","k__Bacteria","p__Bacteroidota","c__CFGB4868","o__OFGB4868","f__FGB4868","g__GGB13988","s__GGB13988_SGB21415",0,0,9446,12968,0,0,0,0,0,0,0,0,0,0,0,0,0,0,0,0,"bOTU_713"
"714","k__Bacteria","p__Bacteroidota","c__Sphingobacteriia","o__Sphingobacteriales","f__Sphingobacteriaceae","g__Pedobacter","s__Pedobacter_psychroterrae",0,0,4619,0,0,0,0,0,0,0,0,0,0,0,0,0,0,0,0,0,"bOTU_714"
"715","k__Bacteria","p__Bacteroidota","c__Sphingobacteriia","o__Sphingobacteriales","f__Sphingobacteriaceae","g__GGB2275","s__GGB2275_SGB136518",0,0,25423,0,0,0,582498,0,0,0,0,0,0,0,0,0,0,0,54648,0,"bOTU_715"
"716","k__Bacteria","p__Actinomycetota","c__CFGB31980","o__OFGB31980","f__FGB31980","g__GGB136636","s__GGB136636_SGB176885",0,0,3873,0,0,0,0,0,0,0,0,0,0,0,0,0,0,0,0,0,"bOTU_716"
"717","k__Bacteria","p__Actinomycetota","c__Actinomycetes","o__Geodermatophilales","f__Geodermatophilaceae","g__Blastococcus","s__Blastococcus_aggregatus",0,0,8973,0,0,0,0,0,0,0,0,0,0,0,0,0,0,0,6900,0,"bOTU_717"
"718","k__Bacteria","p__Pseudomonadota","c__Betaproteobacteria","o__Betaproteobacteria_unclassified","f__Betaproteobacteria_unclassified","g__GGB44506","s__GGB44506_SGB88162",0,0,18443,8255,0,0,0,0,0,0,0,0,0,0,0,0,0,0,0,0,"bOTU_718"
"719","k__Bacteria","p__Actinomycetota","c__Actinomycetes","o__Pseudonocardiales","f__Pseudonocardiaceae","g__Pseudonocardia","s__Pseudonocardia_abyssalis",0,0,66231,0,0,0,0,0,0,0,0,0,0,0,0,0,0,0,0,0,"bOTU_719"
"720","k__Bacteria","p__Bacteroidota","c__Flavobacteriia","o__Flavobacteriales","f__Flavobacteriaceae","g__Flavobacterium","s__Flavobacterium_terrigena",0,0,11500,0,0,0,0,0,0,0,0,0,0,0,0,0,0,0,0,0,"bOTU_720"
"721","k__Bacteria","p__Bacteroidota","c__CFGB38603","o__OFGB38603","f__FGB38603","g__GGB75269","s__GGB75269_SGB103412",0,0,4445,0,0,0,0,0,0,0,0,0,0,0,0,0,3580,0,0,0,"bOTU_721"
"722","k__Bacteria","p__Nitrospirota","c__CFGB13918","o__OFGB13918","f__FGB13918","g__GGB25806","s__GGB25806_SGB37791",0,0,6214,0,4911,0,0,0,0,0,0,0,0,0,0,0,0,0,0,0,"bOTU_722"
"723","k__Bacteria","p__Pseudomonadota","c__Betaproteobacteria","o__Burkholderiales","f__Comamonadaceae","g__Rhodoferax","s__Rhodoferax_SGB88294",0,0,6800,0,0,0,0,0,0,0,0,0,0,0,0,0,25838,0,21281,0,"bOTU_723"
"724","k__Bacteria","p__Actinomycetota","c__Actinomycetes","o__Mycobacteriales","f__Mycobacteriaceae","g__Mycolicibacterium","s__Mycolicibacterium_hippocampi",0,0,12921,0,0,0,0,0,0,0,0,0,0,0,0,0,0,0,17543,0,"bOTU_724"
"725","k__Bacteria","p__Pseudomonadota","c__Alphaproteobacteria","o__Hyphomicrobiales","f__Nitrobacteraceae","g__GGB132239","s__GGB132239_SGB184696",0,0,4287,0,8377,0,0,0,0,0,0,0,0,0,0,0,0,0,0,0,"bOTU_725"
"726","k__Bacteria","p__Bacteroidota","c__CFGB7465","o__OFGB7465","f__FGB7465","g__GGB56494","s__GGB56494_SGB104734",0,0,2880,0,0,0,0,0,0,0,0,0,0,0,0,0,0,0,0,0,"bOTU_726"
"727","k__Bacteria","p__Pseudomonadota","c__Gammaproteobacteria","o__Pseudomonadales","f__Pseudomonadaceae","g__Pseudomonas","s__Pseudomonas_fluorescens",0,0,16673,0,0,0,0,0,0,0,0,0,0,0,0,0,20394,0,0,0,"bOTU_727"
"728","k__Bacteria","p__Pseudomonadota","c__Alphaproteobacteria","o__Hyphomicrobiales","f__Hyphomicrobiaceae","g__GGB92407","s__GGB92407_SGB133007",0,0,8806,0,0,0,0,0,0,0,0,0,0,0,0,0,0,0,0,0,"bOTU_728"
"729","k__Bacteria","p__Pseudomonadota","c__CFGB90334","o__OFGB90334","f__FGB90334","g__GGB122650","s__GGB122650_SGB162661",0,0,2485478,0,10230189,0,0,0,0,0,0,0,0,0,0,0,0,0,0,0,"bOTU_729"
"730","k__Bacteria","p__Pseudomonadota","c__Betaproteobacteria","o__Nitrosomonadales","f__Gallionellaceae","g__Gallionella","s__Gallionella_SGB24822",0,0,768794,0,116042,0,0,0,0,0,0,0,0,0,0,0,0,0,0,0,"bOTU_730"
"731","k__Bacteria","p__Pseudomonadota","c__Betaproteobacteria","o__Burkholderiales","f__Oxalobacteraceae","g__Undibacterium","s__Undibacterium_umbellatum",0,0,847360,0,54445,0,0,0,0,0,0,0,0,0,0,0,0,0,0,0,"bOTU_731"
"732","k__Bacteria","p__Bacteroidota","c__Cytophagia","o__Cytophagales","f__Leadbetterellaceae","g__Lacihabitans","s__Lacihabitans_sp_CS3_21",0,0,595709,0,18436,0,0,0,0,0,0,0,0,0,0,0,0,0,0,0,"bOTU_732"
"733","k__Bacteria","p__Pseudomonadota","c__Betaproteobacteria","o__Burkholderiales","f__Comamonadaceae","g__Hydrogenophaga","s__Hydrogenophaga_aromaticivorans",0,0,513138,0,24246,0,21353,0,0,0,0,0,0,0,0,0,3399329,0,571095,0,"bOTU_733"
"734","k__Bacteria","p__Pseudomonadota","c__Betaproteobacteria","o__Nitrosomonadales","f__Thiobacillaceae","g__GGB8477","s__GGB8477_SGB13187",0,0,2586707,104130,49734,0,1224304,0,0,0,0,0,0,0,0,0,0,0,319321,0,"bOTU_734"
"735","k__Bacteria","p__Bacteroidota","c__Chitinophagia","o__Chitinophagales","f__Chitinophagaceae","g__GGB14036","s__GGB14036_SGB78242",0,0,138330,0,16971,0,387585,0,0,0,0,0,0,0,0,0,0,117898,292861,0,"bOTU_735"
"736","k__Bacteria","p__Nitrospirota","c__Nitrospiria","o__Nitrospirales","f__Nitrospiraceae","g__GGB6360","s__GGB6360_SGB54434",0,0,138851,0,9504,0,6426,0,0,8870,0,0,0,0,0,0,8396,0,0,0,"bOTU_736"
"737","k__Bacteria","p__Pseudomonadota","c__Betaproteobacteria","o__Burkholderiales","f__Comamonadaceae","g__Curvibacter","s__Curvibacter_SGB22463",0,0,933724,0,184138,0,23757,0,0,0,0,0,0,0,0,0,22873,0,0,0,"bOTU_737"
"738","k__Bacteria","p__Thermodesulfobacteriota","c__CFGB5129","o__OFGB5129","f__FGB5129","g__GGB33353","s__GGB33353_SGB167666",0,0,165657,5743,6418,0,33622,0,8407,0,0,0,0,0,0,0,0,0,8196,0,"bOTU_738"
"739","k__Bacteria","p__Campylobacterota","c__Epsilonproteobacteria","o__Campylobacterales","f__Sulfurimonadaceae","g__GGB140791","s__GGB140791_SGB19278",0,0,33337,0,63071,0,53212,0,0,0,0,0,0,0,0,0,0,0,0,0,"bOTU_739"
"740","k__Bacteria","p__Pseudomonadota","c__Betaproteobacteria","o__Nitrosomonadales","f__Methylophilaceae","g__Methylophilus","s__Methylophilus_methylotrophus",0,0,31362,0,33225,0,0,0,0,0,0,0,0,0,0,0,0,0,0,0,"bOTU_740"
"741","k__Bacteria","p__Thermodesulfobacteriota","c__CFGB11088","o__OFGB11088","f__FGB11088","g__GGB33037","s__GGB33037_SGB167762",0,0,66032,20189,0,0,0,0,16082,0,0,0,0,0,0,0,0,0,0,0,"bOTU_741"
"742","k__Bacteria","p__Candidatus_Omnitrophota","c__CFGB1032","o__OFGB1032","f__FGB1032","g__GGB2690","s__GGB2690_SGB3630",0,0,26603,0,7727,0,9025,0,0,0,0,0,0,0,0,0,0,0,0,0,"bOTU_742"
"743","k__Bacteria","p__Pseudomonadota","c__Alphaproteobacteria","o__Hyphomicrobiales","f__Beijerinckiaceae","g__Methylovirgula","s__Methylovirgula_sp_HY1",0,0,31543,0,5809,0,0,0,0,0,0,0,0,0,0,0,0,0,0,0,"bOTU_743"
"744","k__Bacteria","p__Pseudomonadota","c__Betaproteobacteria","o__Burkholderiales","f__Oxalobacteraceae","g__Janthinobacterium","s__Janthinobacterium_tructae",0,0,48281,0,15929,0,0,0,0,0,0,0,0,0,0,0,19594,0,0,0,"bOTU_744"
"745","k__Bacteria","p__Pseudomonadota","c__Betaproteobacteria","o__Burkholderiales","f__Comamonadaceae","g__GGB134097","s__GGB134097_SGB178452",0,0,23716,0,538906,0,0,0,0,0,0,0,0,0,0,0,0,0,0,0,"bOTU_745"
"746","k__Bacteria","p__Nitrospirota","c__CFGB6263","o__OFGB6263","f__FGB6263","g__GGB63478","s__GGB63478_SGB85787",0,0,30015,4930,5655,0,0,0,0,0,0,0,0,0,0,0,6738,0,0,0,"bOTU_746"
"747","k__Bacteria","p__Pseudomonadota","c__Betaproteobacteria","o__Nitrosomonadales","f__Thiobacillaceae","g__GGB8477","s__GGB8477_SGB179631",0,0,762966,45574,17791,0,539490,0,0,0,0,0,0,0,0,0,0,0,248295,0,"bOTU_747"
"748","k__Bacteria","p__Pseudomonadota","c__Betaproteobacteria","o__Burkholderiales","f__Oxalobacteraceae","g__Undibacterium","s__Undibacterium_aquatile",0,0,29803,0,0,0,0,0,0,0,0,0,0,0,0,0,0,0,0,0,"bOTU_748"
"749","k__Bacteria","p__Pseudomonadota","c__Betaproteobacteria","o__Nitrosomonadales","f__Thiobacillaceae","g__GGB8477","s__GGB8477_SGB13188",0,0,1453390,77302,0,0,1559127,0,0,0,0,0,0,0,0,0,0,0,440047,0,"bOTU_749"
"750","k__Bacteria","p__Pseudomonadota","c__Betaproteobacteria","o__Burkholderiales","f__Comamonadaceae","g__GGB73296","s__GGB73296_SGB57043",0,0,40006,0,8482,0,22441,0,0,0,0,0,0,0,0,0,0,0,0,0,"bOTU_750"
"751","k__Bacteria","p__Myxococcota","c__Myxococcota_unclassified","o__Polyangiales","f__Polyangiaceae","g__GGB45095","s__GGB45095_SGB103301",0,0,55897,0,0,0,855004,0,0,0,0,0,0,0,0,0,77437,0,478196,0,"bOTU_751"
"752","k__Bacteria","p__Actinomycetota","c__Acidimicrobiia","o__Acidimicrobiales","f__Iamiaceae","g__Iamia","s__Iamia_sp_SCSIO_61187",0,0,27129,0,0,0,0,0,0,0,0,0,0,0,0,0,0,0,13991,0,"bOTU_752"
"753","k__Bacteria","p__Candidatus_Roizmanbacteria","c__CFGB41011","o__OFGB41011","f__FGB41011","g__GGB12634","s__GGB12634_SGB19612",0,0,5000,0,0,0,0,0,0,0,0,0,0,0,0,0,0,0,0,0,"bOTU_753"
"754","k__Bacteria","p__Thermodesulfobacteriota","c__CFGB11088","o__OFGB11088","f__FGB11088","g__GGB33037","s__GGB33037_SGB55113",0,0,54892,15641,0,0,0,0,0,0,0,0,0,0,0,0,0,0,0,0,"bOTU_754"
"755","k__Bacteria","p__Pseudomonadota","c__Alphaproteobacteria","o__Hyphomicrobiales","f__Methylocystaceae","g__GGB132097","s__GGB132097_SGB184037",0,0,10398,8683,194971,0,68003,0,0,0,0,0,0,0,0,0,0,0,20573,0,"bOTU_755"
"756","k__Bacteria","p__Pseudomonadota","c__CFGB36348","o__OFGB36348","f__FGB36348","g__GGB36348","s__GGB36348_SGB57146",0,0,16516,0,0,0,25572,0,0,0,0,0,0,0,0,0,7013,0,10994,0,"bOTU_756"
"757","k__Bacteria","p__Actinomycetota","c__Thermoleophilia","o__Miltoncostaeales","f__Miltoncostaeaceae","g__GGB74605","s__GGB74605_SGB55804",0,0,9251,8689,19608,0,4883,0,0,0,0,0,0,0,0,0,4710,0,0,0,"bOTU_757"
"758","k__Bacteria","p__Pseudomonadota","c__Betaproteobacteria","o__Rhodocyclales","f__Zoogloeaceae","g__GGB134506","s__GGB134506_SGB179851",0,0,29496,0,145390,0,0,0,0,0,0,0,0,0,0,0,0,0,0,0,"bOTU_758"
"759","k__Bacteria","p__Bacteroidota","c__CFGB6745","o__OFGB6745","f__FGB6745","g__GGB61034","s__GGB61034_SGB153785",0,0,17243,0,0,0,13073,0,523091,0,0,0,0,0,0,0,37940,0,0,0,"bOTU_759"
"760","k__Bacteria","p__Actinomycetota","c__Actinomycetes","o__Mycobacteriales","f__Mycobacteriaceae","g__Mycolicibacterium","s__Mycolicibacterium_pyrenivorans",0,0,19016,0,0,0,0,0,10178,0,0,0,0,0,0,0,0,0,17364,0,"bOTU_760"
"761","k__Bacteria","p__Bacteroidota","c__Cytophagia","o__Cytophagales","f__Spirosomataceae","g__Dyadobacter","s__Dyadobacter_sp_LHD_138",0,0,21047,0,0,0,0,0,0,0,0,0,0,0,0,0,0,0,0,0,"bOTU_761"
"762","k__Bacteria","p__Pseudomonadota","c__CFGB32956","o__OFGB32956","f__FGB32956","g__GGB65141","s__GGB65141_SGB88102",0,0,8234,0,0,0,7464,0,0,0,0,0,0,0,0,0,73614,0,5052,0,"bOTU_762"
"763","k__Bacteria","p__Pseudomonadota","c__CFGB41336","o__OFGB41336","f__FGB41336","g__GGB75623","s__GGB75623_SGB102995",0,0,13174,0,0,0,0,0,0,0,0,0,0,0,0,0,0,0,0,0,"bOTU_763"
"764","k__Bacteria","p__Campylobacterota","c__Epsilonproteobacteria","o__Campylobacterales","f__Sulfurimonadaceae","g__GGB12434","s__GGB12434_SGB19282",0,0,9607,0,0,0,71714,0,0,555820,0,0,0,0,0,0,0,0,840921,0,"bOTU_764"
"765","k__Bacteria","p__Pseudomonadota","c__Alphaproteobacteria","o__Hyphomicrobiales","f__Nitrobacteraceae","g__GGB44752","s__GGB44752_SGB56581",0,0,9246,0,0,0,0,0,0,0,0,0,0,0,0,0,0,0,0,0,"bOTU_765"
"766","k__Bacteria","p__Pseudomonadota","c__Gammaproteobacteria","o__Nevskiales","f__Nevskiaceae","g__Panacagrimonas","s__Panacagrimonas_perspica",0,0,17434,0,18472,0,46614,0,0,0,0,0,0,0,0,0,0,0,0,0,"bOTU_766"
"767","k__Bacteria","p__Pseudomonadota","c__Alphaproteobacteria","o__Hyphomicrobiales","f__Phyllobacteriaceae","g__Aminobacter","s__Aminobacter_anthyllidis",0,0,23593,0,0,0,0,0,0,0,0,0,0,0,0,0,0,0,0,0,"bOTU_767"
"768","k__Bacteria","p__Bacteria_unclassified","c__Bacteria_unclassified","o__Bacteria_unclassified","f__Bacteria_unclassified","g__GGB44734","s__GGB44734_SGB62196",0,0,19462,0,0,0,0,0,0,0,0,0,0,0,0,0,0,0,0,0,"bOTU_768"
"769","k__Bacteria","p__Actinomycetota","c__Acidimicrobiia","o__Acidimicrobiia_unclassified","f__Acidimicrobiia_unclassified","g__Acidimicrobiia_unclassified","s__Acidimicrobiia_unclassified_SGB55946",0,0,32819,0,0,0,0,0,0,0,0,0,0,0,0,0,0,0,0,0,"bOTU_769"
"770","k__Bacteria","p__Actinomycetota","c__CFGB11714","o__OFGB11714","f__FGB11714","g__GGB41274","s__GGB41274_SGB123810",0,0,6493,0,15795,0,7506,0,155637,0,0,0,0,0,0,0,8331,0,13127,0,"bOTU_770"
"771","k__Bacteria","p__Nitrospirota","c__CFGB75857","o__OFGB75857","f__FGB75857","g__GGB79517","s__GGB79517_SGB124759",0,0,5778,0,0,0,0,0,0,8998,0,0,0,0,0,0,0,0,0,0,"bOTU_771"
"772","k__Bacteria","p__Thermodesulfobacteriota","c__CFGB10823","o__OFGB10823","f__FGB10823","g__GGB45018","s__GGB45018_SGB103278",0,0,17593,0,0,0,0,0,0,0,0,0,0,0,0,0,0,0,0,0,"bOTU_772"
"773","k__Bacteria","p__Pseudomonadota","c__Betaproteobacteria","o__Nitrosomonadales","f__Thiobacillaceae","g__Thiobacillus","s__Thiobacillus_SGB38612",0,0,1394381,0,0,0,1745454,0,0,0,0,0,0,0,0,0,0,0,0,0,"bOTU_773"
"774","k__Bacteria","p__Actinomycetota","c__Thermoleophilia","o__Solirubrobacterales","f__Conexibacteraceae","g__GGB94909","s__GGB94909_SGB175045",0,0,41941,0,0,0,0,0,0,0,0,0,0,0,0,0,0,0,0,0,"bOTU_774"
"775","k__Bacteria","p__Thermodesulfobacteriota","c__CFGB2255","o__OFGB2255","f__FGB2255","g__GGB138967","s__GGB138967_SGB8961",0,0,38906,0,0,0,42075,0,29503,37035,0,0,0,0,0,0,38743,0,23559,0,"bOTU_775"
"776","k__Bacteria","p__Firmicutes","c__Clostridia","o__Eubacteriales","f__Clostridiaceae","g__Clostridium","s__Clostridium_gasigenes",0,0,6567,0,0,0,5861,0,0,0,0,0,0,0,0,0,0,0,0,0,"bOTU_776"
"777","k__Bacteria","p__Pseudomonadota","c__Gammaproteobacteria","o__Pseudomonadales","f__Perlucidibacaceae","g__Perlucidibaca","s__Perlucidibaca_aquatica",0,0,4829,0,0,0,0,0,0,0,0,0,0,0,0,0,0,0,0,0,"bOTU_777"
"778","k__Bacteria","p__Pseudomonadota","c__Betaproteobacteria","o__Burkholderiales","f__Comamonadaceae","g__Rhodoferax","s__Rhodoferax_sp_TS_BS_61_7",0,0,26812,0,0,0,0,0,0,0,0,0,0,0,0,0,0,0,0,0,"bOTU_778"
"779","k__Bacteria","p__Thermodesulfobacteriota","c__CFGB11088","o__OFGB11088","f__FGB11088","g__GGB33037","s__GGB33037_SGB127733",0,0,34273,0,0,0,0,0,0,0,0,0,0,0,0,0,0,0,0,0,"bOTU_779"
"780","k__Bacteria","p__Thermodesulfobacteriota","c__Desulfobaccia","o__Desulfobaccales","f__Desulfobaccaceae","g__GGB35296","s__GGB35296_SGB85585",0,0,22436,17651,0,0,50606,27831,31357,0,0,0,0,0,0,0,20970,0,23336,0,"bOTU_780"
"781","k__Bacteria","p__Pseudomonadota","c__Alphaproteobacteria","o__Rhodobacterales","f__Paracoccaceae","g__Cereibacter","s__Cereibacter_changlensis",0,0,15969,0,0,0,0,0,0,0,0,0,0,0,0,0,0,0,0,0,"bOTU_781"
"782","k__Bacteria","p__Pseudomonadota","c__Alphaproteobacteria","o__Rhodospirillales","f__Shumkoniaceae","g__Shumkonia","s__Shumkonia_mesophila",0,0,8676,0,0,0,0,0,0,0,0,0,0,0,0,0,0,0,0,0,"bOTU_782"
"783","k__Bacteria","p__Pseudomonadota","c__Alphaproteobacteria","o__Caulobacterales","f__Caulobacteraceae","g__Brevundimonas","s__Brevundimonas_SGB206490",0,0,9537,0,0,0,0,0,0,0,0,0,0,0,0,0,0,0,0,0,"bOTU_783"
"784","k__Bacteria","p__Bacteroidota","c__Cytophagia","o__Cytophagales","f__Spirosomataceae","g__Dyadobacter","s__Dyadobacter_SGB3405",0,0,9436,0,8654,0,0,0,0,0,0,0,0,0,0,0,0,0,0,0,"bOTU_784"
"785","k__Bacteria","p__Pseudomonadota","c__Alphaproteobacteria","o__Caulobacterales","f__Caulobacteraceae","g__Brevundimonas","s__Brevundimonas_sp_MF30_B",0,0,4613,0,0,0,0,0,0,0,0,0,0,0,0,0,0,0,0,0,"bOTU_785"
"786","k__Bacteria","p__Actinomycetota","c__CFGB34497","o__OFGB34497","f__FGB34497","g__GGB44142","s__GGB44142_SGB61537",0,0,4660,0,0,0,0,0,0,0,0,0,0,0,0,0,15434,0,3769,0,"bOTU_786"
"787","k__Bacteria","p__Chloroflexota","c__CFGB12167","o__OFGB12167","f__FGB12167","g__GGB73631","s__GGB73631_SGB52369",0,0,3437,0,4622,0,0,0,0,0,0,0,0,0,0,0,0,0,0,0,"bOTU_787"
"788","k__Bacteria","p__Pseudomonadota","c__Betaproteobacteria","o__Burkholderiales","f__Oxalobacteraceae","g__Undibacterium","s__Undibacterium_amnicola",0,0,5582,0,6195,0,0,0,0,0,0,0,0,0,0,0,0,0,23280,0,"bOTU_788"
"789","k__Bacteria","p__Pseudomonadota","c__Betaproteobacteria","o__Nitrosomonadales","f__Gallionellaceae","g__GGB91138","s__GGB91138_SGB209144",0,0,18415,0,30104,0,0,0,0,0,0,0,0,0,0,0,0,0,0,0,"bOTU_789"
"790","k__Bacteria","p__Pseudomonadota","c__Alphaproteobacteria","o__Caulobacterales","f__Caulobacteraceae","g__Brevundimonas","s__Brevundimonas_SGB38291",0,0,40526,0,0,0,0,0,0,0,0,0,0,0,0,0,0,0,0,0,"bOTU_790"
"791","k__Bacteria","p__Actinomycetota","c__Actinomycetes","o__Mycobacteriales","f__Nocardiaceae","g__Rhodococcus","s__Rhodococcus_cerastii",0,0,15494,0,0,0,0,0,0,0,0,0,0,0,0,0,0,0,0,0,"bOTU_791"
"792","k__Bacteria","p__Actinomycetota","c__Actinomycetes","o__Mycobacteriales","f__Dietziaceae","g__Dietzia","s__Dietzia_kunjamensis",0,0,13877,0,0,0,0,0,0,0,0,0,0,0,0,0,0,0,0,0,"bOTU_792"
"793","k__Bacteria","p__Actinomycetota","c__Actinomycetes","o__Micrococcales","f__Microbacteriaceae","g__Microbacterium","s__Microbacterium_profundi",0,0,11632,0,0,0,0,0,0,0,0,0,0,0,0,0,0,0,0,0,"bOTU_793"
"794","k__Bacteria","p__Pseudomonadota","c__Alphaproteobacteria","o__Hyphomicrobiales","f__Hyphomicrobiaceae","g__GGB72424","s__GGB72424_SGB99616",0,0,16075,0,0,0,0,0,0,0,0,0,0,0,0,0,0,0,0,0,"bOTU_794"
"795","k__Bacteria","p__Actinomycetota","c__Actinomycetes","o__Mycobacteriales","f__Nocardiaceae","g__Antrihabitans","s__Antrihabitans_stalagmiti",0,0,6033,0,0,0,0,0,0,0,0,0,0,0,0,0,0,0,0,0,"bOTU_795"
"796","k__Bacteria","p__Actinomycetota","c__Actinomycetes","o__Propionibacteriales","f__Nocardioidaceae","g__Nocardioides","s__Nocardioides_szechwanensis",0,0,21645,16804,0,26681,0,0,0,0,0,0,0,0,0,0,0,0,0,0,"bOTU_796"
"797","k__Bacteria","p__Actinomycetota","c__Actinomycetes","o__Micrococcales","f__Micrococcaceae","g__Arthrobacter","s__Arthrobacter_subterraneus",0,0,5042,0,0,0,0,0,0,0,0,0,0,0,0,0,0,0,0,0,"bOTU_797"
"798","k__Bacteria","p__Pseudomonadota","c__Alphaproteobacteria","o__Hyphomicrobiales","f__Nitrobacteraceae","g__Rhodopseudomonas","s__Rhodopseudomonas_sp_P2A_2r",0,0,14774,0,0,0,0,0,0,0,0,0,0,0,0,0,0,0,0,0,"bOTU_798"
"799","k__Bacteria","p__Pseudomonadota","c__Alphaproteobacteria","o__Rhodospirillales","f__Azospirillaceae","g__Skermanella","s__Skermanella_aerolata",0,0,7782,0,0,0,0,0,0,0,0,0,0,0,0,0,0,0,0,0,"bOTU_799"
"800","k__Bacteria","p__Candidatus_Roizmanbacteria","c__CFGB41011","o__OFGB41011","f__FGB41011","g__GGB12633","s__GGB12633_SGB19611",0,0,3341,0,0,0,0,0,0,0,0,0,0,0,0,0,0,0,0,0,"bOTU_800"
"801","k__Bacteria","p__Pseudomonadota","c__Betaproteobacteria","o__Betaproteobacteria_unclassified","f__Betaproteobacteria_unclassified","g__GGB32166","s__GGB32166_SGB57177",0,0,8593,0,27434,0,11484,0,0,0,0,0,0,0,0,0,0,0,0,0,"bOTU_801"
"802","k__Bacteria","p__Actinomycetota","c__Acidimicrobiia","o__Acidimicrobiales","f__Iamiaceae","g__GGB64208","s__GGB64208_SGB86622",0,0,25311,0,0,0,0,0,0,0,0,0,0,0,0,0,0,0,0,0,"bOTU_802"
"803","k__Bacteria","p__Pseudomonadota","c__Alphaproteobacteria","o__Sphingomonadales","f__Sphingosinicellaceae","g__Sphingosinicella","s__Sphingosinicella_microcystinivorans",0,0,13381,0,0,0,0,0,0,0,0,0,0,0,0,0,0,0,0,0,"bOTU_803"
"804","k__Bacteria","p__Thermodesulfobacteriota","c__Desulfobulbia","o__Desulfobulbales","f__Thiovibrionaceae","g__Thiovibrio","s__Thiovibrio_SGB38688",0,0,8985,0,0,0,0,0,0,0,0,0,0,0,0,0,0,0,0,0,"bOTU_804"
"805","k__Bacteria","p__Pseudomonadota","c__CFGB26115","o__OFGB26115","f__FGB26115","g__GGB137771","s__GGB137771_SGB173697",0,0,48893,121172,0,0,0,0,0,0,0,0,0,0,0,0,33053,0,0,0,"bOTU_805"
"806","k__Bacteria","p__Pseudomonadota","c__Alphaproteobacteria","o__Rhodospirillales","f__Azospirillaceae","g__GGB75601","s__GGB75601_SGB183829",0,0,6796,0,0,0,0,0,0,0,0,0,0,0,0,0,0,0,0,0,"bOTU_806"
"807","k__Bacteria","p__Bacteroidota","c__CFGB4868","o__OFGB4868","f__FGB4868","g__GGB13988","s__GGB13988_SGB21415",0,0,9446,12968,0,0,0,0,0,0,0,0,0,0,0,0,0,0,0,0,"bOTU_807"
"808","k__Bacteria","p__Bacteroidota","c__Sphingobacteriia","o__Sphingobacteriales","f__Sphingobacteriaceae","g__Pedobacter","s__Pedobacter_psychroterrae",0,0,4619,0,0,0,0,0,0,0,0,0,0,0,0,0,0,0,0,0,"bOTU_808"
"809","k__Bacteria","p__Bacteroidota","c__Sphingobacteriia","o__Sphingobacteriales","f__Sphingobacteriaceae","g__GGB2275","s__GGB2275_SGB136518",0,0,25423,0,0,0,582498,0,0,0,0,0,0,0,0,0,0,0,54648,0,"bOTU_809"
"810","k__Bacteria","p__Actinomycetota","c__CFGB31980","o__OFGB31980","f__FGB31980","g__GGB136636","s__GGB136636_SGB176885",0,0,3873,0,0,0,0,0,0,0,0,0,0,0,0,0,0,0,0,0,"bOTU_810"
"811","k__Bacteria","p__Actinomycetota","c__Actinomycetes","o__Geodermatophilales","f__Geodermatophilaceae","g__Blastococcus","s__Blastococcus_aggregatus",0,0,8973,0,0,0,0,0,0,0,0,0,0,0,0,0,0,0,6900,0,"bOTU_811"
"812","k__Bacteria","p__Pseudomonadota","c__Betaproteobacteria","o__Betaproteobacteria_unclassified","f__Betaproteobacteria_unclassified","g__GGB44506","s__GGB44506_SGB88162",0,0,18443,8255,0,0,0,0,0,0,0,0,0,0,0,0,0,0,0,0,"bOTU_812"
"813","k__Bacteria","p__Actinomycetota","c__Actinomycetes","o__Pseudonocardiales","f__Pseudonocardiaceae","g__Pseudonocardia","s__Pseudonocardia_abyssalis",0,0,66231,0,0,0,0,0,0,0,0,0,0,0,0,0,0,0,0,0,"bOTU_813"
"814","k__Bacteria","p__Bacteroidota","c__Flavobacteriia","o__Flavobacteriales","f__Flavobacteriaceae","g__Flavobacterium","s__Flavobacterium_terrigena",0,0,11500,0,0,0,0,0,0,0,0,0,0,0,0,0,0,0,0,0,"bOTU_814"
"815","k__Bacteria","p__Bacteroidota","c__CFGB38603","o__OFGB38603","f__FGB38603","g__GGB75269","s__GGB75269_SGB103412",0,0,4445,0,0,0,0,0,0,0,0,0,0,0,0,0,3580,0,0,0,"bOTU_815"
"816","k__Bacteria","p__Nitrospirota","c__CFGB13918","o__OFGB13918","f__FGB13918","g__GGB25806","s__GGB25806_SGB37791",0,0,6214,0,4911,0,0,0,0,0,0,0,0,0,0,0,0,0,0,0,"bOTU_816"
"817","k__Bacteria","p__Pseudomonadota","c__Betaproteobacteria","o__Burkholderiales","f__Comamonadaceae","g__Rhodoferax","s__Rhodoferax_SGB88294",0,0,6800,0,0,0,0,0,0,0,0,0,0,0,0,0,25838,0,21281,0,"bOTU_817"
"818","k__Bacteria","p__Actinomycetota","c__Actinomycetes","o__Mycobacteriales","f__Mycobacteriaceae","g__Mycolicibacterium","s__Mycolicibacterium_hippocampi",0,0,12921,0,0,0,0,0,0,0,0,0,0,0,0,0,0,0,0,0,"bOTU_818"
"819","k__Bacteria","p__Pseudomonadota","c__Alphaproteobacteria","o__Hyphomicrobiales","f__Nitrobacteraceae","g__GGB132239","s__GGB132239_SGB184696",0,0,4287,0,8377,0,0,0,0,0,0,0,0,0,0,0,0,0,0,0,"bOTU_819"
"820","k__Bacteria","p__Bacteroidota","c__CFGB7465","o__OFGB7465","f__FGB7465","g__GGB56494","s__GGB56494_SGB104734",0,0,2880,0,0,0,0,0,0,0,0,0,0,0,0,0,0,0,0,0,"bOTU_820"
"821","k__Bacteria","p__Pseudomonadota","c__Gammaproteobacteria","o__Pseudomonadales","f__Pseudomonadaceae","g__Pseudomonas","s__Pseudomonas_fluorescens",0,0,16673,0,0,0,0,0,0,0,0,0,0,0,0,0,20394,0,0,0,"bOTU_821"
"822","k__Bacteria","p__Pseudomonadota","c__Alphaproteobacteria","o__Hyphomicrobiales","f__Hyphomicrobiaceae","g__GGB92407","s__GGB92407_SGB133007",0,0,8806,0,0,0,0,0,0,0,0,0,0,0,0,0,0,0,0,0,"bOTU_822"
"823","k__Bacteria","p__Pseudomonadota","c__Betaproteobacteria","o__Nitrosomonadales","f__Methylophilaceae","g__GGB15284","s__GGB15284_SGB23319",0,0,0,183028,9027,0,0,0,0,0,0,0,0,0,0,0,14641,0,0,0,"bOTU_823"
"824","k__Bacteria","p__Pseudomonadota","c__Betaproteobacteria","o__Nitrosomonadales","f__Gallionellaceae","g__Candidatus_Nitrotoga","s__Candidatus_Nitrotoga_sp_1052",0,0,0,503528,0,0,0,0,0,0,0,0,0,0,0,0,9846,0,0,0,"bOTU_824"
"825","k__Bacteria","p__Pseudomonadota","c__Betaproteobacteria","o__Nitrosomonadales","f__Gallionellaceae","g__Candidatus_Nitrotoga","s__Candidatus_Nitrotoga_SGB177999",0,0,0,338703,0,0,0,0,0,0,0,0,0,0,0,0,0,0,0,0,"bOTU_825"
"826","k__Bacteria","p__Pseudomonadota","c__Gammaproteobacteria","o__Methylococcales","f__Methylococcaceae","g__GGB124699","s__GGB124699_SGB165315",0,0,0,60575,0,0,0,0,0,0,0,0,0,0,0,103631,140524,16821915,0,0,"bOTU_826"
"827","k__Bacteria","p__Pseudomonadota","c__Betaproteobacteria","o__Nitrosomonadales","f__Gallionellaceae","g__Candidatus_Nitrotoga","s__Candidatus_Nitrotoga_SGB178002",0,0,0,250769,0,0,0,0,0,0,0,0,0,0,0,0,0,0,0,0,"bOTU_827"
"828","k__Bacteria","p__Pseudomonadota","c__Betaproteobacteria","o__Burkholderiales","f__Comamonadaceae","g__Polaromonas","s__Polaromonas_sp_AER18D_145",0,0,0,432669,0,0,0,0,0,0,0,0,0,0,0,0,906257,0,0,0,"bOTU_828"
"829","k__Bacteria","p__Candidatus_Roizmanbacteria","c__CFGB4327","o__OFGB4327","f__FGB4327","g__GGB12721","s__GGB12721_SGB19720",0,0,0,23776,0,0,0,0,0,0,0,0,0,0,0,0,0,0,0,0,"bOTU_829"
"830","k__Bacteria","p__Pseudomonadota","c__Betaproteobacteria","o__Burkholderiales","f__Comamonadaceae","g__Polaromonas","s__Polaromonas_sp_AET17H_212",0,0,0,315098,0,0,0,0,0,0,0,0,0,0,0,0,646114,0,0,0,"bOTU_830"
"831","k__Bacteria","p__Kiritimatiellota","c__CFGB56764","o__OFGB56764","f__FGB56764","g__GGB61882","s__GGB61882_SGB186790",0,0,0,44241,0,0,0,0,67610,23430,0,0,0,0,0,0,0,0,5976,0,"bOTU_831"
"832","k__Bacteria","p__Pseudomonadota","c__Betaproteobacteria","o__Nitrosomonadales","f__Thiobacillaceae","g__Thiobacillus","s__Thiobacillus_SGB13200",0,0,0,23014,19312,0,0,0,88521,0,0,0,0,0,0,0,0,0,0,0,"bOTU_832"
"833","k__Bacteria","p__Pseudomonadota","c__Alphaproteobacteria","o__Rhodospirillales","f__Azospirillaceae","g__GGB40753","s__GGB40753_SGB183858",0,0,0,84145,318857,0,0,0,0,0,0,0,0,0,0,0,21290,0,0,0,"bOTU_833"
"834","k__Bacteria","p__Candidatus_Parcubacteria","c__CFGB3846","o__OFGB3846","f__FGB3846","g__GGB11805","s__GGB11805_SGB18551",0,0,0,4238,0,0,0,0,0,2646,0,0,0,0,0,0,0,0,0,0,"bOTU_834"
"835","k__Bacteria","p__Pseudomonadota","c__Betaproteobacteria","o__Nitrosomonadales","f__Gallionellaceae","g__GGB16415","s__GGB16415_SGB24821",0,0,0,9995,0,0,0,0,0,0,0,0,0,0,0,0,0,0,0,0,"bOTU_835"
"836","k__Bacteria","p__Pseudomonadota","c__Betaproteobacteria","o__Nitrosomonadales","f__Thiobacillaceae","g__Thiobacillus","s__Thiobacillus_SGB179653",0,0,0,13349,0,0,0,0,0,0,0,0,0,0,0,0,0,0,0,0,"bOTU_836"
"837","k__Bacteria","p__Candidatus_Saccharibacteria","c__CFGB3514","o__OFGB3514","f__FGB3514","g__GGB11252","s__GGB11252_SGB17968",0,0,0,3779,0,0,0,0,0,0,0,0,0,0,0,0,0,0,0,0,"bOTU_837"
"838","k__Bacteria","p__Candidatus_Saccharibacteria","c__CFGB3566","o__OFGB3566","f__FGB3566","g__GGB11327","s__GGB11327_SGB189142",0,0,0,2767,0,0,0,0,0,0,0,0,0,0,0,0,0,0,0,0,"bOTU_838"
"839","k__Bacteria","p__Pseudomonadota","c__Betaproteobacteria","o__Burkholderiales","f__Comamonadaceae","g__Polaromonas","s__Polaromonas_SGB179186",0,0,0,429167,0,0,341055,0,0,0,0,0,0,0,0,0,2200255,0,0,0,"bOTU_839"
"840","k__Bacteria","p__Pseudomonadota","c__Betaproteobacteria","o__Nitrosomonadales","f__Sulfuricellaceae","g__Sulfuriferula","s__Sulfuriferula_sp_AH1",0,0,0,3598,0,0,6119,0,0,0,0,0,0,0,0,0,0,0,3677,0,"bOTU_840"
"841","k__Bacteria","p__Candidatus_Saccharibacteria","c__CFGB4227","o__OFGB4227","f__FGB4227","g__GGB12535","s__GGB12535_SGB19485",0,0,0,4319,0,0,0,0,0,0,0,0,0,0,0,0,0,0,0,0,"bOTU_841"
"842","k__Bacteria","p__Thermodesulfobacteriota","c__CFGB13264","o__OFGB13264","f__FGB13264","g__GGB39235","s__GGB39235_SGB167205",0,0,0,8154,0,0,0,0,0,0,0,0,0,0,0,0,0,0,0,0,"bOTU_842"
"843","k__Bacteria","p__Pseudomonadota","c__Betaproteobacteria","o__Rhodocyclales","f__Zoogloeaceae","g__GGB75664","s__GGB75664_SGB103121",0,0,0,7189,0,0,13208,0,0,0,0,0,0,0,0,0,7959,0,7679,0,"bOTU_843"
"844","k__Bacteria","p__Actinomycetota","c__Actinomycetes","o__Propionibacteriales","f__Nocardioidaceae","g__Nocardioides","s__Nocardioides_allogilvus",0,0,0,8340,0,0,0,0,0,0,0,0,0,0,0,0,0,0,0,0,"bOTU_844"
"845","k__Bacteria","p__Pseudomonadota","c__Gammaproteobacteria","o__Methylococcales","f__Methylococcaceae","g__GGB34912","s__GGB34912_SGB125034",0,0,0,327847,0,0,0,0,0,0,0,0,0,0,0,0,286545,0,0,0,"bOTU_845"
"846","k__Bacteria","p__Candidatus_Roizmanbacteria","c__CFGB12714","o__OFGB12714","f__FGB12714","g__GGB12718","s__GGB12718_SGB19717",0,0,0,3217,0,0,0,0,0,0,0,0,0,0,0,0,0,0,0,0,"bOTU_846"
"847","k__Bacteria","p__Pseudomonadota","c__Betaproteobacteria","o__Nitrosomonadales","f__Gallionellaceae","g__Candidatus_Nitrotoga","s__Candidatus_Nitrotoga_sp_AM1P",0,0,0,74734,0,0,0,0,0,0,0,0,0,0,0,0,0,0,0,0,"bOTU_847"
"848","k__Bacteria","p__Candidatus_Roizmanbacteria","c__Candidatus_Roizmanbacteria_unclassified","o__Candidatus_Roizmanbacteria_unclassified","f__Candidatus_Roizmanbacteria_unclassified","g__Candidatus_Roizmanbacteria_unclassified","s__Candidatus_Roizmanbacteria_bacterium",0,0,0,3734,0,0,0,0,0,3189,0,0,0,0,0,0,0,0,0,0,"bOTU_848"
"849","k__Bacteria","p__Planctomycetota","c__Planctomycetia","o__Planctomycetales","f__Planctomycetaceae","g__Planctellipticum","s__Planctellipticum_variicoloris",0,0,0,8051,0,0,19716,0,0,0,0,0,0,0,0,0,10314,0,16476,0,"bOTU_849"
"850","k__Bacteria","p__Nitrospirota","c__CFGB13538","o__OFGB13538","f__FGB13538","g__GGB14415","s__GGB14415_SGB21929",0,0,0,3100,0,0,0,0,0,62280,0,0,0,0,0,0,3483,0,0,0,"bOTU_850"
"851","k__Bacteria","p__Pseudomonadota","c__Betaproteobacteria","o__Nitrosomonadales","f__Methylophilaceae","g__GGB15284","s__GGB15284_SGB23319",0,0,0,183028,9027,0,0,0,0,0,0,0,0,0,0,0,14641,0,0,0,"bOTU_851"
"852","k__Bacteria","p__Pseudomonadota","c__Betaproteobacteria","o__Nitrosomonadales","f__Gallionellaceae","g__Candidatus_Nitrotoga","s__Candidatus_Nitrotoga_sp_1052",0,0,0,503528,0,0,0,0,0,0,0,0,0,0,0,0,9846,0,0,0,"bOTU_852"
"853","k__Bacteria","p__Pseudomonadota","c__Betaproteobacteria","o__Nitrosomonadales","f__Gallionellaceae","g__Candidatus_Nitrotoga","s__Candidatus_Nitrotoga_SGB177999",0,0,0,338703,0,0,0,0,0,0,0,0,0,0,0,0,0,0,0,0,"bOTU_853"
"854","k__Bacteria","p__Pseudomonadota","c__Gammaproteobacteria","o__Methylococcales","f__Methylococcaceae","g__GGB124699","s__GGB124699_SGB165315",0,0,0,60575,0,0,0,0,0,0,0,0,0,0,0,103631,140524,16821915,0,0,"bOTU_854"
"855","k__Bacteria","p__Pseudomonadota","c__Betaproteobacteria","o__Nitrosomonadales","f__Gallionellaceae","g__Candidatus_Nitrotoga","s__Candidatus_Nitrotoga_SGB178002",0,0,0,250769,0,0,0,0,0,0,0,0,0,0,0,0,0,0,0,0,"bOTU_855"
"856","k__Bacteria","p__Pseudomonadota","c__Betaproteobacteria","o__Burkholderiales","f__Comamonadaceae","g__Polaromonas","s__Polaromonas_sp_AER18D_145",0,0,0,432669,0,0,0,0,0,0,0,0,0,0,0,0,906257,0,0,0,"bOTU_856"
"857","k__Bacteria","p__Candidatus_Roizmanbacteria","c__CFGB4327","o__OFGB4327","f__FGB4327","g__GGB12721","s__GGB12721_SGB19720",0,0,0,23776,0,0,0,0,0,0,0,0,0,0,0,0,0,0,0,0,"bOTU_857"
"858","k__Bacteria","p__Pseudomonadota","c__Betaproteobacteria","o__Burkholderiales","f__Comamonadaceae","g__Polaromonas","s__Polaromonas_sp_AET17H_212",0,0,0,315098,0,0,0,0,0,0,0,0,0,0,0,0,646114,0,0,0,"bOTU_858"
"859","k__Bacteria","p__Kiritimatiellota","c__CFGB56764","o__OFGB56764","f__FGB56764","g__GGB61882","s__GGB61882_SGB186790",0,0,0,44241,0,0,0,0,67610,23430,0,0,0,0,0,0,0,0,5976,0,"bOTU_859"
"860","k__Bacteria","p__Pseudomonadota","c__Betaproteobacteria","o__Nitrosomonadales","f__Thiobacillaceae","g__Thiobacillus","s__Thiobacillus_SGB13200",0,0,0,23014,19312,0,0,0,88521,0,0,0,0,0,0,0,0,0,0,0,"bOTU_860"
"861","k__Bacteria","p__Pseudomonadota","c__Alphaproteobacteria","o__Rhodospirillales","f__Azospirillaceae","g__GGB40753","s__GGB40753_SGB183858",0,0,0,84145,318857,0,0,0,0,0,0,0,0,0,0,0,21290,0,0,0,"bOTU_861"
"862","k__Bacteria","p__Candidatus_Parcubacteria","c__CFGB3846","o__OFGB3846","f__FGB3846","g__GGB11805","s__GGB11805_SGB18551",0,0,0,4238,0,0,0,0,0,2646,0,0,0,0,0,0,0,0,0,0,"bOTU_862"
"863","k__Bacteria","p__Pseudomonadota","c__Betaproteobacteria","o__Nitrosomonadales","f__Gallionellaceae","g__GGB16415","s__GGB16415_SGB24821",0,0,0,9995,0,0,0,0,0,0,0,0,0,0,0,0,0,0,0,0,"bOTU_863"
"864","k__Bacteria","p__Pseudomonadota","c__Betaproteobacteria","o__Nitrosomonadales","f__Thiobacillaceae","g__Thiobacillus","s__Thiobacillus_SGB179653",0,0,0,13349,0,0,0,0,0,0,0,0,0,0,0,0,0,0,0,0,"bOTU_864"
"865","k__Bacteria","p__Candidatus_Saccharibacteria","c__CFGB3514","o__OFGB3514","f__FGB3514","g__GGB11252","s__GGB11252_SGB17968",0,0,0,3779,0,0,0,0,0,0,0,0,0,0,0,0,0,0,0,0,"bOTU_865"
"866","k__Bacteria","p__Pseudomonadota","c__Gammaproteobacteria","o__Methylococcales","f__Methylococcaceae","g__Methylobacter","s__Methylobacter_tundripaludum",0,0,0,1906974,0,0,0,0,0,0,0,0,0,0,0,0,69501,0,6829,0,"bOTU_866"
"867","k__Bacteria","p__Candidatus_Saccharibacteria","c__CFGB3566","o__OFGB3566","f__FGB3566","g__GGB11327","s__GGB11327_SGB189142",0,0,0,2767,0,0,0,0,0,0,0,0,0,0,0,0,0,0,0,0,"bOTU_867"
"868","k__Bacteria","p__Pseudomonadota","c__Betaproteobacteria","o__Burkholderiales","f__Comamonadaceae","g__Polaromonas","s__Polaromonas_SGB179186",0,0,0,429167,0,0,341055,0,0,0,0,0,0,0,0,0,2200255,0,0,0,"bOTU_868"
"869","k__Bacteria","p__Pseudomonadota","c__Betaproteobacteria","o__Nitrosomonadales","f__Sulfuricellaceae","g__Sulfuriferula","s__Sulfuriferula_sp_AH1",0,0,0,3598,0,0,6119,0,0,0,0,0,0,0,0,0,0,0,3677,0,"bOTU_869"
"870","k__Bacteria","p__Candidatus_Saccharibacteria","c__CFGB4227","o__OFGB4227","f__FGB4227","g__GGB12535","s__GGB12535_SGB19485",0,0,0,4319,0,0,0,0,0,0,0,0,0,0,0,0,0,0,0,0,"bOTU_870"
"871","k__Bacteria","p__Thermodesulfobacteriota","c__CFGB13264","o__OFGB13264","f__FGB13264","g__GGB39235","s__GGB39235_SGB167205",0,0,0,8154,0,0,0,0,0,0,0,0,0,0,0,0,0,0,0,0,"bOTU_871"
"872","k__Bacteria","p__Pseudomonadota","c__Betaproteobacteria","o__Rhodocyclales","f__Zoogloeaceae","g__GGB75664","s__GGB75664_SGB103121",0,0,0,7189,0,0,13208,0,0,0,0,0,0,0,0,0,7959,0,7679,0,"bOTU_872"
"873","k__Bacteria","p__Actinomycetota","c__Actinomycetes","o__Propionibacteriales","f__Nocardioidaceae","g__Nocardioides","s__Nocardioides_allogilvus",0,0,0,8340,0,0,0,0,0,0,0,0,0,0,0,0,0,0,0,0,"bOTU_873"
"874","k__Bacteria","p__Pseudomonadota","c__Gammaproteobacteria","o__Methylococcales","f__Methylococcaceae","g__GGB34912","s__GGB34912_SGB125034",0,0,0,327847,0,0,0,0,0,0,0,0,0,0,0,0,286545,0,0,0,"bOTU_874"
"875","k__Bacteria","p__Candidatus_Roizmanbacteria","c__CFGB12714","o__OFGB12714","f__FGB12714","g__GGB12718","s__GGB12718_SGB19717",0,0,0,3217,0,0,0,0,0,0,0,0,0,0,0,0,0,0,0,0,"bOTU_875"
"876","k__Bacteria","p__Pseudomonadota","c__Betaproteobacteria","o__Nitrosomonadales","f__Gallionellaceae","g__Candidatus_Nitrotoga","s__Candidatus_Nitrotoga_sp_AM1P",0,0,0,74734,0,0,0,0,0,0,0,0,0,0,0,0,0,0,0,0,"bOTU_876"
"877","k__Bacteria","p__Candidatus_Roizmanbacteria","c__Candidatus_Roizmanbacteria_unclassified","o__Candidatus_Roizmanbacteria_unclassified","f__Candidatus_Roizmanbacteria_unclassified","g__Candidatus_Roizmanbacteria_unclassified","s__Candidatus_Roizmanbacteria_bacterium",0,0,0,3734,0,0,0,0,0,3189,0,0,0,0,0,0,0,0,0,0,"bOTU_877"
"878","k__Bacteria","p__Planctomycetota","c__Planctomycetia","o__Planctomycetales","f__Planctomycetaceae","g__Planctellipticum","s__Planctellipticum_variicoloris",0,0,0,8051,0,0,19716,0,0,0,0,0,0,0,0,0,10314,0,16476,0,"bOTU_878"
"879","k__Bacteria","p__Nitrospirota","c__CFGB13538","o__OFGB13538","f__FGB13538","g__GGB14415","s__GGB14415_SGB21929",0,0,0,3100,0,0,0,0,0,62280,0,0,0,0,0,0,3483,0,0,0,"bOTU_879"
"880","k__Bacteria","p__Pseudomonadota","c__Gammaproteobacteria","o__Nevskiales","f__Nevskiaceae","g__GGB15914","s__GGB15914_SGB24187",0,0,0,0,785968,0,0,0,0,0,0,0,0,0,0,0,0,0,0,0,"bOTU_880"
"881","k__Bacteria","p__Pseudomonadota","c__Alphaproteobacteria","o__Sphingomonadales","f__Sphingomonadaceae","g__GGB26228","s__GGB26228_SGB38255",0,0,0,0,9040,0,0,0,0,0,0,0,0,0,0,0,0,0,0,0,"bOTU_881"
"882","k__Bacteria","p__Pseudomonadota","c__Alphaproteobacteria","o__Sphingomonadales","f__Sphingomonadaceae","g__GGB44662","s__GGB44662_SGB62118",0,0,0,0,4510,0,0,0,0,0,0,0,0,0,0,0,0,0,0,0,"bOTU_882"
"883","k__Bacteria","p__Pseudomonadota","c__Alphaproteobacteria","o__Hyphomicrobiales","f__Parvibaculaceae","g__GGB7499","s__GGB7499_SGB93881",0,0,0,0,323743,0,0,0,0,0,0,0,0,0,0,0,0,0,0,0,"bOTU_883"
"884","k__Bacteria","p__Pseudomonadota","c__Betaproteobacteria","o__Rhodocyclales","f__Rhodocyclaceae","g__Rhodocyclaceae_unclassified","s__Rhodocyclaceae_unclassified_SGB12607",0,0,0,0,48063,0,0,0,0,0,0,0,0,0,0,0,0,0,0,0,"bOTU_884"
"885","k__Bacteria","p__Pseudomonadota","c__Alphaproteobacteria","o__Sphingomonadales","f__Erythrobacteraceae","g__Erythrobacter","s__Erythrobacter_donghaensis",0,0,0,0,15250,0,0,0,0,0,0,0,0,0,0,0,0,0,0,0,"bOTU_885"
"886","k__Bacteria","p__Pseudomonadota","c__Betaproteobacteria","o__Burkholderiales","f__Comamonadaceae","g__GGB134124","s__GGB134124_SGB61857",0,0,0,0,67931,0,0,0,0,0,0,0,0,0,0,0,0,0,0,0,"bOTU_886"
"887","k__Bacteria","p__Pseudomonadota","c__Alphaproteobacteria","o__Hyphomicrobiales","f__Boseaceae","g__Bosea","s__Bosea_rubneri",0,0,0,0,21193,0,0,0,0,0,0,0,0,0,0,0,0,0,0,0,"bOTU_887"
"888","k__Bacteria","p__Chloroflexota","c__CFGB32338","o__OFGB32338","f__FGB32338","g__GGB135264","s__GGB135264_SGB174268",0,0,0,0,6166,0,0,0,0,0,0,0,0,0,0,0,0,0,0,0,"bOTU_888"
"889","k__Bacteria","p__Pseudomonadota","c__Betaproteobacteria","o__Burkholderiales","f__Comamonadaceae","g__GGB75630","s__GGB75630_SGB103032",0,0,0,0,66169,0,0,0,0,0,0,0,0,0,0,0,0,0,0,0,"bOTU_889"
"890","k__Bacteria","p__Pseudomonadota","c__Betaproteobacteria","o__Rhodocyclales","f__Zoogloeaceae","g__GGB75656","s__GGB75656_SGB179853",0,0,0,0,20197,0,0,0,0,0,0,0,0,0,0,0,0,0,0,0,"bOTU_890"
"891","k__Bacteria","p__Pseudomonadota","c__Alphaproteobacteria","o__Acetobacterales","f__Roseomonadaceae","g__Roseomonas","s__Roseomonas_oleicola",0,0,0,0,7469,0,0,0,0,0,0,0,0,0,0,0,0,0,0,0,"bOTU_891"
"892","k__Bacteria","p__Pseudomonadota","c__CFGB81068","o__OFGB81068","f__FGB81068","g__GGB92268","s__GGB92268_SGB132872",0,0,0,0,15163,0,0,0,0,0,0,0,0,0,0,0,0,0,0,0,"bOTU_892"
"893","k__Bacteria","p__Pseudomonadota","c__Alphaproteobacteria","o__Rhodospirillales","f__Azospirillaceae","g__GGB40753","s__GGB40753_SGB183854",0,0,0,0,200518,0,0,0,0,0,0,0,0,0,0,0,0,0,0,0,"bOTU_893"
"894","k__Bacteria","p__Pseudomonadota","c__Gammaproteobacteria","o__Legionellales","f__Legionellaceae","g__Legionella","s__Legionella_antarctica",0,0,0,0,3721,0,0,0,0,0,0,0,0,0,0,0,0,0,0,0,"bOTU_894"
"895","k__Bacteria","p__Pseudomonadota","c__Gammaproteobacteria","o__Nevskiales","f__Nevskiaceae","g__GGB15914","s__GGB15914_SGB24187",0,0,0,0,785968,0,0,0,0,0,0,0,0,0,0,0,0,0,0,0,"bOTU_895"
"896","k__Bacteria","p__Pseudomonadota","c__Alphaproteobacteria","o__Sphingomonadales","f__Sphingomonadaceae","g__GGB26228","s__GGB26228_SGB38255",0,0,0,0,9040,0,0,0,0,0,0,0,0,0,0,0,0,0,0,0,"bOTU_896"
"897","k__Bacteria","p__Pseudomonadota","c__Alphaproteobacteria","o__Sphingomonadales","f__Sphingomonadaceae","g__GGB44662","s__GGB44662_SGB62118",0,0,0,0,4510,0,0,0,0,0,0,0,0,0,0,0,0,0,0,0,"bOTU_897"
"898","k__Bacteria","p__Pseudomonadota","c__Alphaproteobacteria","o__Hyphomicrobiales","f__Parvibaculaceae","g__GGB7499","s__GGB7499_SGB93881",0,0,0,0,323743,0,0,0,0,0,0,0,0,0,0,0,0,0,0,0,"bOTU_898"
"899","k__Bacteria","p__Pseudomonadota","c__Betaproteobacteria","o__Rhodocyclales","f__Rhodocyclaceae","g__Rhodocyclaceae_unclassified","s__Rhodocyclaceae_unclassified_SGB12607",0,0,0,0,48063,0,0,0,0,0,0,0,0,0,0,0,0,0,0,0,"bOTU_899"
"900","k__Bacteria","p__Pseudomonadota","c__Alphaproteobacteria","o__Sphingomonadales","f__Erythrobacteraceae","g__Erythrobacter","s__Erythrobacter_donghaensis",0,0,0,0,15250,0,0,0,0,0,0,0,0,0,0,0,0,0,0,0,"bOTU_900"
"901","k__Bacteria","p__Pseudomonadota","c__Betaproteobacteria","o__Burkholderiales","f__Comamonadaceae","g__GGB134124","s__GGB134124_SGB61857",0,0,0,0,67931,0,0,0,0,0,0,0,0,0,0,0,0,0,0,0,"bOTU_901"
"902","k__Bacteria","p__Pseudomonadota","c__Alphaproteobacteria","o__Hyphomicrobiales","f__Boseaceae","g__Bosea","s__Bosea_rubneri",0,0,0,0,21193,0,0,0,0,0,0,0,0,0,0,0,0,0,0,0,"bOTU_902"
"903","k__Bacteria","p__Chloroflexota","c__CFGB32338","o__OFGB32338","f__FGB32338","g__GGB135264","s__GGB135264_SGB174268",0,0,0,0,6166,0,0,0,0,0,0,0,0,0,0,0,0,0,0,0,"bOTU_903"
"904","k__Bacteria","p__Pseudomonadota","c__Betaproteobacteria","o__Burkholderiales","f__Comamonadaceae","g__GGB75630","s__GGB75630_SGB103032",0,0,0,0,66169,0,0,0,0,0,0,0,0,0,0,0,0,0,0,0,"bOTU_904"
"905","k__Bacteria","p__Pseudomonadota","c__Betaproteobacteria","o__Rhodocyclales","f__Zoogloeaceae","g__GGB75656","s__GGB75656_SGB179853",0,0,0,0,20197,0,0,0,0,0,0,0,0,0,0,0,0,0,0,0,"bOTU_905"
"906","k__Bacteria","p__Pseudomonadota","c__Alphaproteobacteria","o__Acetobacterales","f__Roseomonadaceae","g__Roseomonas","s__Roseomonas_oleicola",0,0,0,0,7469,0,0,0,0,0,0,0,0,0,0,0,0,0,0,0,"bOTU_906"
"907","k__Bacteria","p__Pseudomonadota","c__CFGB81068","o__OFGB81068","f__FGB81068","g__GGB92268","s__GGB92268_SGB132872",0,0,0,0,15163,0,0,0,0,0,0,0,0,0,0,0,0,0,0,0,"bOTU_907"
"908","k__Bacteria","p__Pseudomonadota","c__Alphaproteobacteria","o__Rhodospirillales","f__Azospirillaceae","g__GGB40753","s__GGB40753_SGB183854",0,0,0,0,200518,0,0,0,0,0,0,0,0,0,0,0,0,0,0,0,"bOTU_908"
"909","k__Bacteria","p__Pseudomonadota","c__Gammaproteobacteria","o__Legionellales","f__Legionellaceae","g__Legionella","s__Legionella_antarctica",0,0,0,0,3721,0,0,0,0,0,0,0,0,0,0,0,0,0,0,0,"bOTU_909"
"910","k__Bacteria","p__Pseudomonadota","c__Betaproteobacteria","o__Rhodocyclales","f__Zoogloeaceae","g__GGB134501","s__GGB134501_SGB179864",0,0,0,0,0,916233,0,0,0,0,0,0,0,0,0,0,0,0,0,0,"bOTU_910"
"911","k__Bacteria","p__Bacteroidota","c__CFGB87134","o__OFGB87134","f__FGB87134","g__GGB109387","s__GGB109387_SGB197278",0,0,0,0,0,191740,0,6178,0,0,0,0,0,0,0,0,0,0,0,71955,"bOTU_911"
"912","k__Bacteria","p__Pseudomonadota","c__Betaproteobacteria","o__Rhodocyclales","f__Zoogloeaceae","g__GGB134501","s__GGB134501_SGB179864",0,0,0,0,0,916233,0,0,0,0,0,0,0,0,0,0,0,0,0,0,"bOTU_912"
"913","k__Bacteria","p__Bacteroidota","c__CFGB87134","o__OFGB87134","f__FGB87134","g__GGB109387","s__GGB109387_SGB197278",0,0,0,0,0,191740,0,6178,0,0,0,0,0,0,0,0,0,0,0,71955,"bOTU_913"
"914","k__Bacteria","p__Pseudomonadota","c__Betaproteobacteria","o__Burkholderiales","f__Burkholderiaceae","g__Polynucleobacter","s__Polynucleobacter_SGB163281",0,0,0,0,0,0,275259,0,0,0,0,0,0,0,0,0,0,0,162600,0,"bOTU_914"
"915","k__Bacteria","p__Pseudomonadota","c__Betaproteobacteria","o__Nitrosomonadales","f__Sterolibacteriaceae","g__Rugosibacter","s__Rugosibacter_SGB177919",0,0,0,0,0,0,81576,0,0,0,0,0,0,0,0,0,413942,0,0,0,"bOTU_915"
"916","k__Bacteria","p__Pseudomonadota","c__Betaproteobacteria","o__Burkholderiales","f__Comamonadaceae","g__Acidovorax","s__Acidovorax_SGB178611",0,0,0,0,0,0,218258,0,0,0,0,0,0,0,0,0,0,0,0,0,"bOTU_916"
"917","k__Bacteria","p__Pseudomonadota","c__Gammaproteobacteria","o__Nevskiales","f__Nevskiaceae","g__Nevskia","s__Nevskia_ramosa",0,0,0,0,0,0,140767,0,0,0,0,0,0,0,0,0,0,0,0,0,"bOTU_917"
"918","k__Bacteria","p__Pseudomonadota","c__Betaproteobacteria","o__Burkholderiales","f__Comamonadaceae","g__Acidovorax","s__Acidovorax_temperans",0,0,0,0,0,0,41217,0,0,13204,0,0,0,0,0,0,0,0,0,0,"bOTU_918"
"919","k__Bacteria","p__Bacteroidota","c__Chitinophagia","o__Chitinophagales","f__Chitinophagaceae","g__GGB77179","s__GGB77179_SGB136227",0,0,0,0,0,0,150781,0,0,0,0,0,0,0,0,0,0,0,0,0,"bOTU_919"
"920","k__Bacteria","p__Bacteroidota","c__Chitinophagia","o__Chitinophagales","f__Chitinophagaceae","g__GGB77179","s__GGB77179_SGB104459",0,0,0,0,0,0,141814,0,0,0,0,0,0,0,0,0,0,0,0,0,"bOTU_920"
"921","k__Bacteria","p__Verrucomicrobiota","c__Opitutia","o__Opitutales","f__Opitutaceae","g__GGB140106","s__GGB140106_SGB187373",0,0,0,0,0,0,96836,0,0,0,0,0,0,0,0,0,0,0,0,0,"bOTU_921"
"922","k__Bacteria","p__Planctomycetota","c__CFGB10927","o__OFGB10927","f__FGB10927","g__GGB32813","s__GGB32813_SGB52658",0,0,0,0,0,0,9490,0,0,0,0,0,0,0,0,0,0,0,0,0,"bOTU_922"
"923","k__Bacteria","p__Pseudomonadota","c__Betaproteobacteria","o__Burkholderiales","f__Comamonadaceae","g__Hydrogenophaga","s__Hydrogenophaga_SGB178660",0,0,0,0,0,0,44570,0,0,0,0,0,0,0,0,0,0,0,21775,0,"bOTU_923"
"924","k__Bacteria","p__Pseudomonadota","c__Betaproteobacteria","o__Burkholderiales","f__Burkholderiales_unclassified","g__Aquabacterium","s__Aquabacterium_sp_CECT_9606",0,0,0,0,0,0,17987,0,0,0,0,0,0,0,0,0,0,0,317701,0,"bOTU_924"
"925","k__Bacteria","p__Firmicutes","c__Clostridia","o__Eubacteriales","f__Clostridiaceae","g__Clostridium","s__Clostridium_sp_CS001",0,0,0,0,0,0,9281,0,0,0,0,0,0,0,0,0,0,0,0,0,"bOTU_925"
"926","k__Bacteria","p__Pseudomonadota","c__Alphaproteobacteria","o__Hyphomicrobiales","f__Parvibaculaceae","g__GGB69664","s__GGB69664_SGB93877",0,0,0,0,0,0,9130,0,0,0,0,0,0,0,0,0,0,0,0,0,"bOTU_926"
"927","k__Bacteria","p__Ignavibacteriota","c__CFGB44273","o__OFGB44273","f__FGB44273","g__GGB122994","s__GGB122994_SGB153961",0,0,0,0,0,0,4813,0,0,0,0,0,0,0,0,0,0,0,0,0,"bOTU_927"
"928","k__Bacteria","p__Pseudomonadota","c__Alphaproteobacteria","o__Acetobacterales","f__Roseomonadaceae","g__Humitalea","s__Humitalea_rosea",0,0,0,0,0,0,5483,0,0,0,0,0,0,0,0,0,0,0,8211,0,"bOTU_928"
"929","k__Bacteria","p__Thermodesulfobacteriota","c__Desulfobacteria","o__Desulfobacterales","f__Desulfobacteraceae","g__GGB36147","s__GGB36147_SGB166890",0,0,0,0,0,0,5812,0,0,0,0,0,0,0,0,0,11439,0,0,0,"bOTU_929"
"930","k__Bacteria","p__Bacteroidota","c__Chitinophagia","o__Chitinophagales","f__Chitinophagaceae","g__Chitinophagaceae_unclassified","s__Chitinophagaceae_unclassified_SGB58341",0,0,0,0,0,0,9225,0,0,0,0,0,0,0,0,0,0,0,0,0,"bOTU_930"
"931","k__Bacteria","p__Verrucomicrobiota","c__Opitutia","o__Opitutales","f__Opitutaceae","g__GGB140106","s__GGB140106_SGB187372",0,0,0,0,0,0,51482,0,0,0,0,0,0,0,0,0,0,0,0,0,"bOTU_931"
"932","k__Bacteria","p__Pseudomonadota","c__Alphaproteobacteria","o__Caulobacterales","f__Caulobacteraceae","g__Brevundimonas","s__Brevundimonas_SGB185047",0,0,0,0,0,0,23884,0,0,0,0,0,0,0,0,0,0,0,0,0,"bOTU_932"
"933","k__Bacteria","p__Firmicutes","c__CFGB8996","o__OFGB8996","f__FGB8996","g__GGB4172","s__GGB4172_SGB5654",0,0,0,0,0,0,4027,0,80212,0,0,0,0,0,0,0,3665,0,6136,0,"bOTU_933"
"934","k__Bacteria","p__Mycoplasmatota","c__Mollicutes","o__Acholeplasmatales","f__Acholeplasmataceae","g__GGB4921","s__GGB4921_SGB6873",0,0,0,0,0,0,4335,0,0,0,0,0,0,0,0,0,0,0,0,0,"bOTU_934"
"935","k__Bacteria","p__Pseudomonadota","c__Alphaproteobacteria","o__Sphingomonadales","f__Sphingomonadaceae","g__Sphingopyxis","s__Sphingopyxis_sp_OPL5",0,0,0,0,0,0,14480,0,0,0,0,0,0,0,0,0,0,0,0,0,"bOTU_935"
"936","k__Bacteria","p__Candidatus_Saccharibacteria","c__CFGB3534","o__OFGB3534","f__FGB3534","g__GGB11502","s__GGB11502_SGB18230",0,0,0,0,0,0,1082,0,2421,0,0,0,0,0,0,0,3143,0,0,0,"bOTU_936"
"937","k__Bacteria","p__Pseudomonadota","c__Betaproteobacteria","o__Burkholderiales","f__Comamonadaceae","g__Hydrogenophaga","s__Hydrogenophaga_sp_RAC07",0,0,0,0,0,0,113356,0,0,0,0,0,0,0,0,0,0,0,0,0,"bOTU_937"
"938","k__Bacteria","p__Pseudomonadota","c__Betaproteobacteria","o__Burkholderiales","f__Comamonadaceae","g__Polaromonas","s__Polaromonas_sp_SM01",0,0,0,0,0,0,17985,0,0,0,0,0,0,0,0,0,0,0,0,0,"bOTU_938"
"939","k__Bacteria","p__Thermodesulfobacteriota","c__CFGB36043","o__OFGB36043","f__FGB36043","g__GGB139429","s__GGB139429_SGB167121",0,0,0,0,0,0,7176,0,8106,7556,0,0,0,0,0,0,0,0,15081,0,"bOTU_939"
"940","k__Bacteria","p__Pseudomonadota","c__Betaproteobacteria","o__Burkholderiales","f__Oxalobacteraceae","g__Herminiimonas","s__Herminiimonas_fonticola",0,0,0,0,0,0,4751,0,0,0,0,0,0,0,0,16139,0,0,0,0,"bOTU_940"
"941","k__Bacteria","p__Pseudomonadota","c__Betaproteobacteria","o__Burkholderiales","f__Burkholderiaceae","g__Polynucleobacter","s__Polynucleobacter_SGB163281",0,0,0,0,0,0,275259,0,0,0,0,0,0,0,0,0,0,0,162600,0,"bOTU_941"
"942","k__Bacteria","p__Pseudomonadota","c__Betaproteobacteria","o__Nitrosomonadales","f__Sterolibacteriaceae","g__Rugosibacter","s__Rugosibacter_SGB177919",0,0,0,0,0,0,81576,0,0,0,0,0,0,0,0,0,413942,0,0,0,"bOTU_942"
"943","k__Bacteria","p__Pseudomonadota","c__Betaproteobacteria","o__Burkholderiales","f__Comamonadaceae","g__Acidovorax","s__Acidovorax_SGB178611",0,0,0,0,0,0,218258,0,0,0,0,0,0,0,0,0,0,0,0,0,"bOTU_943"
"944","k__Bacteria","p__Pseudomonadota","c__Gammaproteobacteria","o__Nevskiales","f__Nevskiaceae","g__Nevskia","s__Nevskia_ramosa",0,0,0,0,0,0,140767,0,0,0,0,0,0,0,0,0,0,0,0,0,"bOTU_944"
"945","k__Bacteria","p__Pseudomonadota","c__Betaproteobacteria","o__Burkholderiales","f__Comamonadaceae","g__Acidovorax","s__Acidovorax_temperans",0,0,0,0,0,0,41217,0,0,13204,0,0,0,0,0,0,0,0,0,0,"bOTU_945"
"946","k__Bacteria","p__Bacteroidota","c__Chitinophagia","o__Chitinophagales","f__Chitinophagaceae","g__GGB77179","s__GGB77179_SGB136227",0,0,0,0,0,0,150781,0,0,0,0,0,0,0,0,0,0,0,0,0,"bOTU_946"
"947","k__Bacteria","p__Bacteroidota","c__Chitinophagia","o__Chitinophagales","f__Chitinophagaceae","g__GGB77179","s__GGB77179_SGB104459",0,0,0,0,0,0,141814,0,0,0,0,0,0,0,0,0,0,0,0,0,"bOTU_947"
"948","k__Bacteria","p__Verrucomicrobiota","c__Opitutia","o__Opitutales","f__Opitutaceae","g__GGB140106","s__GGB140106_SGB187373",0,0,0,0,0,0,96836,0,0,0,0,0,0,0,0,0,0,0,0,0,"bOTU_948"
"949","k__Bacteria","p__Planctomycetota","c__CFGB10927","o__OFGB10927","f__FGB10927","g__GGB32813","s__GGB32813_SGB52658",0,0,0,0,0,0,9490,0,0,0,0,0,0,0,0,0,0,0,0,0,"bOTU_949"
"950","k__Bacteria","p__Pseudomonadota","c__Betaproteobacteria","o__Burkholderiales","f__Comamonadaceae","g__Hydrogenophaga","s__Hydrogenophaga_SGB178660",0,0,0,0,0,0,44570,0,0,0,0,0,0,0,0,0,0,0,21775,0,"bOTU_950"
"951","k__Bacteria","p__Pseudomonadota","c__Betaproteobacteria","o__Burkholderiales","f__Burkholderiales_unclassified","g__Aquabacterium","s__Aquabacterium_sp_CECT_9606",0,0,0,0,0,0,17987,0,0,0,0,0,0,0,0,0,0,0,317701,0,"bOTU_951"
"952","k__Bacteria","p__Firmicutes","c__Clostridia","o__Eubacteriales","f__Clostridiaceae","g__Clostridium","s__Clostridium_sp_CS001",0,0,0,0,0,0,9281,0,0,0,0,0,0,0,0,0,0,0,0,0,"bOTU_952"
"953","k__Bacteria","p__Pseudomonadota","c__Alphaproteobacteria","o__Hyphomicrobiales","f__Parvibaculaceae","g__GGB69664","s__GGB69664_SGB93877",0,0,0,0,0,0,9130,0,0,0,0,0,0,0,0,0,0,0,0,0,"bOTU_953"
"954","k__Bacteria","p__Ignavibacteriota","c__CFGB44273","o__OFGB44273","f__FGB44273","g__GGB122994","s__GGB122994_SGB153961",0,0,0,0,0,0,4813,0,0,0,0,0,0,0,0,0,0,0,0,0,"bOTU_954"
"955","k__Bacteria","p__Pseudomonadota","c__Alphaproteobacteria","o__Acetobacterales","f__Roseomonadaceae","g__Humitalea","s__Humitalea_rosea",0,0,0,0,0,0,5483,0,0,0,0,0,0,0,0,0,0,0,8211,0,"bOTU_955"
"956","k__Bacteria","p__Thermodesulfobacteriota","c__Desulfobacteria","o__Desulfobacterales","f__Desulfobacteraceae","g__GGB36147","s__GGB36147_SGB166890",0,0,0,0,0,0,5812,0,0,0,0,0,0,0,0,0,11439,0,0,0,"bOTU_956"
"957","k__Bacteria","p__Bacteroidota","c__Chitinophagia","o__Chitinophagales","f__Chitinophagaceae","g__Chitinophagaceae_unclassified","s__Chitinophagaceae_unclassified_SGB58341",0,0,0,0,0,0,9225,0,0,0,0,0,0,0,0,0,0,0,0,0,"bOTU_957"
"958","k__Bacteria","p__Verrucomicrobiota","c__Opitutia","o__Opitutales","f__Opitutaceae","g__GGB140106","s__GGB140106_SGB187372",0,0,0,0,0,0,51482,0,0,0,0,0,0,0,0,0,0,0,0,0,"bOTU_958"
"959","k__Bacteria","p__Pseudomonadota","c__Alphaproteobacteria","o__Caulobacterales","f__Caulobacteraceae","g__Brevundimonas","s__Brevundimonas_SGB185047",0,0,0,0,0,0,23884,0,0,0,0,0,0,0,0,0,0,0,0,0,"bOTU_959"
"960","k__Bacteria","p__Firmicutes","c__CFGB8996","o__OFGB8996","f__FGB8996","g__GGB4172","s__GGB4172_SGB5654",0,0,0,0,0,0,4027,0,80212,0,0,0,0,0,0,0,3665,0,6136,0,"bOTU_960"
"961","k__Bacteria","p__Mycoplasmatota","c__Mollicutes","o__Acholeplasmatales","f__Acholeplasmataceae","g__GGB4921","s__GGB4921_SGB6873",0,0,0,0,0,0,4335,0,0,0,0,0,0,0,0,0,0,0,0,0,"bOTU_961"
"962","k__Bacteria","p__Pseudomonadota","c__Alphaproteobacteria","o__Sphingomonadales","f__Sphingomonadaceae","g__Sphingopyxis","s__Sphingopyxis_sp_OPL5",0,0,0,0,0,0,14480,0,0,0,0,0,0,0,0,0,0,0,0,0,"bOTU_962"
"963","k__Bacteria","p__Candidatus_Saccharibacteria","c__CFGB3534","o__OFGB3534","f__FGB3534","g__GGB11502","s__GGB11502_SGB18230",0,0,0,0,0,0,1082,0,2421,0,0,0,0,0,0,0,3143,0,0,0,"bOTU_963"
"964","k__Bacteria","p__Pseudomonadota","c__Betaproteobacteria","o__Burkholderiales","f__Comamonadaceae","g__Hydrogenophaga","s__Hydrogenophaga_sp_RAC07",0,0,0,0,0,0,113356,0,0,0,0,0,0,0,0,0,0,0,0,0,"bOTU_964"
"965","k__Bacteria","p__Pseudomonadota","c__Betaproteobacteria","o__Burkholderiales","f__Comamonadaceae","g__Polaromonas","s__Polaromonas_sp_SM01",0,0,0,0,0,0,17985,0,0,0,0,0,0,0,0,0,0,0,0,0,"bOTU_965"
"966","k__Bacteria","p__Thermodesulfobacteriota","c__CFGB36043","o__OFGB36043","f__FGB36043","g__GGB139429","s__GGB139429_SGB167121",0,0,0,0,0,0,7176,0,8106,7556,0,0,0,0,0,0,0,0,15081,0,"bOTU_966"
"967","k__Bacteria","p__Pseudomonadota","c__Betaproteobacteria","o__Burkholderiales","f__Oxalobacteraceae","g__Herminiimonas","s__Herminiimonas_fonticola",0,0,0,0,0,0,4751,0,0,0,0,0,0,0,0,16139,0,0,0,0,"bOTU_967"
"968","k__Bacteria","p__Pseudomonadota","c__CFGB2779","o__OFGB2779","f__FGB2779","g__GGB25939","s__GGB25939_SGB37929",0,0,0,0,0,0,0,202575,0,0,0,0,0,0,0,0,0,0,0,0,"bOTU_968"
"969","k__Bacteria","p__Pseudomonadota","c__Alphaproteobacteria","o__Caulobacterales","f__Caulobacteraceae","g__Caulobacter","s__Caulobacter_SGB24458",0,0,0,0,0,0,0,13456,0,0,0,0,0,0,0,0,0,0,0,0,"bOTU_969"
"970","k__Bacteria","p__Pseudomonadota","c__CFGB2779","o__OFGB2779","f__FGB2779","g__GGB40048","s__GGB40048_SGB57947",0,0,0,0,0,0,0,167168,0,0,0,0,0,0,0,0,70253,0,0,0,"bOTU_970"
"971","k__Bacteria","p__Pseudomonadota","c__CFGB2779","o__OFGB2779","f__FGB2779","g__GGB124676","s__GGB124676_SGB165255",0,0,0,0,0,0,0,374539,0,0,0,0,0,0,0,0,0,0,0,0,"bOTU_971"
"972","k__Bacteria","p__Pseudomonadota","c__CFGB2779","o__OFGB2779","f__FGB2779","g__GGB25939","s__GGB25939_SGB37929",0,0,0,0,0,0,0,202575,0,0,0,0,0,0,0,0,0,0,0,0,"bOTU_972"
"973","k__Bacteria","p__Pseudomonadota","c__Alphaproteobacteria","o__Caulobacterales","f__Caulobacteraceae","g__Caulobacter","s__Caulobacter_SGB24458",0,0,0,0,0,0,0,13456,0,0,0,0,0,0,0,0,0,0,0,0,"bOTU_973"
"974","k__Bacteria","p__Pseudomonadota","c__CFGB2779","o__OFGB2779","f__FGB2779","g__GGB40048","s__GGB40048_SGB57947",0,0,0,0,0,0,0,167168,0,0,0,0,0,0,0,0,70253,0,0,0,"bOTU_974"
"975","k__Bacteria","p__Pseudomonadota","c__CFGB2779","o__OFGB2779","f__FGB2779","g__GGB124676","s__GGB124676_SGB165255",0,0,0,0,0,0,0,374539,0,0,0,0,0,0,0,0,0,0,0,0,"bOTU_975"
"976","k__Bacteria","p__Candidatus_Zixiibacteriota","c__CFGB72753","o__OFGB72753","f__FGB72753","g__GGB62353","s__GGB62353_SGB49392",0,0,0,0,0,0,0,0,134480,0,0,0,0,0,0,0,0,0,12851,0,"bOTU_976"
"977","k__Bacteria","p__Actinomycetota","c__CFGB33775","o__OFGB33775","f__FGB33775","g__GGB60936","s__GGB60936_SGB82976",0,0,0,0,0,0,0,0,51088,0,0,0,0,0,0,0,4671,0,0,0,"bOTU_977"
"978","k__Bacteria","p__Candidatus_Omnitrophota","c__CFGB3379","o__OFGB3379","f__FGB3379","g__GGB11057","s__GGB11057_SGB76621",0,0,0,0,0,0,0,0,30213,2453,0,0,0,0,0,0,0,0,0,0,"bOTU_978"
"979","k__Bacteria","p__Candidatus_Omnitrophota","c__CFGB94351","o__OFGB94351","f__FGB94351","g__GGB113315","s__GGB113315_SGB155162",0,0,0,0,0,0,0,0,18864,0,0,0,0,0,0,0,0,0,0,0,"bOTU_979"
"980","k__Bacteria","p__Thermodesulfobacteriota","c__CFGB34348","o__OFGB34348","f__FGB34348","g__GGB34582","s__GGB34582_SGB85253",0,0,0,0,0,0,0,0,40041,0,0,0,0,0,0,0,26585,0,10145,0,"bOTU_980"
"981","k__Bacteria","p__Candidatus_Saccharibacteria","c__CFGB11522","o__OFGB11522","f__FGB11522","g__GGB11522","s__GGB11522_SGB18250",0,0,0,0,0,0,0,0,14686,0,0,0,0,0,0,0,0,0,0,0,"bOTU_981"
"982","k__Bacteria","p__Bacteroidota","c__CFGB11592","o__OFGB11592","f__FGB11592","g__GGB33899","s__GGB33899_SGB136693",0,0,0,0,0,0,0,0,10524,0,0,0,0,0,0,0,0,0,0,0,"bOTU_982"
"983","k__Bacteria","p__Candidatus_Parcubacteria","c__CFGB3846","o__OFGB3846","f__FGB3846","g__GGB11808","s__GGB11808_SGB18555",0,0,0,0,0,0,0,0,3981,0,0,0,0,0,0,0,0,0,0,0,"bOTU_983"
"984","k__Bacteria","p__Pseudomonadota","c__Betaproteobacteria","o__Burkholderiales","f__Comamonadaceae","g__Rhodoferax","s__Rhodoferax_sp_BAB1",0,0,0,0,0,0,0,0,75491,0,0,0,0,0,0,0,0,0,0,0,"bOTU_984"
"985","k__Bacteria","p__Actinomycetota","c__Actinomycetota_unclassified","o__Candidatus_Hakubellales","f__Candidatus_Hakubellaceae","g__Candidatus_Hakubella","s__Candidatus_Hakubella_thermalkaliphila",0,0,0,0,0,0,0,0,12353,0,0,0,0,0,0,0,0,0,0,0,"bOTU_985"
"986","k__Bacteria","p__Planctomycetota","c__CFGB73079","o__OFGB73079","f__FGB73079","g__GGB90736","s__GGB90736_SGB127470",0,0,0,0,0,0,0,0,7377,0,0,0,0,0,0,0,0,0,0,0,"bOTU_986"
"987","k__Bacteria","p__Planctomycetota","c__CFGB34599","o__OFGB34599","f__FGB34599","g__GGB126818","s__GGB126818_SGB154989",0,0,0,0,0,0,0,0,5158,0,0,0,0,0,0,0,0,0,0,0,"bOTU_987"
"988","k__Bacteria","p__Firmicutes","c__Clostridia","o__Eubacteriales","f__Clostridiaceae","g__Clostridium","s__Clostridium_vincentii",0,0,0,0,0,0,0,0,7668,0,0,0,0,0,0,0,0,0,0,0,"bOTU_988"
"989","k__Bacteria","p__Planctomycetota","c__CFGB8476","o__OFGB8476","f__FGB8476","g__GGB62386","s__GGB62386_SGB84560",0,0,0,0,0,0,0,0,6389,0,0,0,0,0,0,0,0,0,0,0,"bOTU_989"
"990","k__Bacteria","p__Thermodesulfobacteriota","c__CFGB11088","o__OFGB11088","f__FGB11088","g__GGB140964","s__GGB140964_SGB167760",0,0,0,0,0,0,0,0,7665,0,0,0,0,0,0,0,0,0,0,0,"bOTU_990"
"991","k__Bacteria","p__Chloroflexota","c__CFGB31944","o__OFGB31944","f__FGB31944","g__GGB9866","s__GGB9866_SGB15524",0,0,0,0,0,0,0,0,5991,0,0,0,0,0,0,0,0,0,6676,0,"bOTU_991"
"992","k__Bacteria","p__Candidatus_Methylomirabilota","c__CFGB10892","o__OFGB10892","f__FGB10892","g__GGB90920","s__GGB90920_SGB127757",0,0,0,0,0,0,0,0,11024,10332,0,0,0,0,0,0,0,0,0,0,"bOTU_992"
"993","k__Bacteria","p__Actinomycetota","c__CFGB11714","o__OFGB11714","f__FGB11714","g__GGB41274","s__GGB41274_SGB65135",0,0,0,0,0,0,0,0,33982,0,0,0,0,0,0,0,0,0,0,0,"bOTU_993"
"994","k__Bacteria","p__Candidatus_Omnitrophota","c__CFGB94354","o__OFGB94354","f__FGB94354","g__GGB11056","s__GGB11056_SGB17753",0,0,0,0,0,0,0,0,2328,0,0,0,0,0,0,0,0,0,0,0,"bOTU_994"
"995","k__Bacteria","p__Planctomycetota","c__CFGB36096","o__OFGB36096","f__FGB36096","g__GGB40378","s__GGB40378_SGB53297",0,0,0,0,0,0,0,0,6335,0,0,0,0,0,0,0,0,0,0,0,"bOTU_995"
"996","k__Bacteria","p__Bacteroidota","c__CFGB37905","o__OFGB37905","f__FGB37905","g__GGB37905","s__GGB37905_SGB48973",0,0,0,0,0,0,0,0,5393,0,0,0,0,0,0,0,0,0,0,0,"bOTU_996"
"997","k__Bacteria","p__Candidatus_Saccharibacteria","c__CFGB3511","o__OFGB3511","f__FGB3511","g__GGB11245","s__GGB11245_SGB17961",0,0,0,0,0,0,0,0,1670,0,0,0,0,0,0,0,0,0,0,0,"bOTU_997"
"998","k__Archaea","p__Candidatus_Bathyarchaeota","c__CFGB18683","o__OFGB18683","f__FGB18683","g__GGB103486","s__GGB103486_SGB148256",0,0,0,0,0,0,0,0,4736,0,0,0,0,0,0,0,0,0,0,0,"aOTU_998"
"999","k__Bacteria","p__Thermodesulfobacteriota","c__Desulfobulbia","o__Desulfobulbales","f__Desulfobulbaceae","g__GGB139199","s__GGB139199_SGB167700",0,0,0,0,0,0,0,0,6490,0,0,0,0,0,0,0,0,0,0,7169,"bOTU_999"
"1000","k__Bacteria","p__Nitrospirota","c__CFGB5000","o__OFGB5000","f__FGB5000","g__GGB14410","s__GGB14410_SGB21924",0,0,0,0,0,0,0,0,4470,0,0,0,0,0,0,0,0,0,0,0,"bOTU_1000"
"1001","k__Bacteria","p__Planctomycetota","c__CFGB91573","o__OFGB91573","f__FGB91573","g__GGB126831","s__GGB126831_SGB154981",0,0,0,0,0,0,0,0,3131,0,0,0,0,0,0,0,0,0,0,0,"bOTU_1001"
"1002","k__Bacteria","p__Bacteroidota","c__CFGB54686","o__OFGB54686","f__FGB54686","g__GGB98955","s__GGB98955_SGB139373",0,0,0,0,0,0,0,0,5388,0,0,0,0,0,0,0,0,0,0,0,"bOTU_1002"
"1003","k__Bacteria","p__Candidatus_Zixiibacteriota","c__CFGB72753","o__OFGB72753","f__FGB72753","g__GGB62353","s__GGB62353_SGB49392",0,0,0,0,0,0,0,0,134480,0,0,0,0,0,0,0,0,0,12851,0,"bOTU_1003"
"1004","k__Bacteria","p__Actinomycetota","c__CFGB33775","o__OFGB33775","f__FGB33775","g__GGB60936","s__GGB60936_SGB82976",0,0,0,0,0,0,0,0,51088,0,0,0,0,0,0,0,4671,0,0,0,"bOTU_1004"
"1005","k__Bacteria","p__Candidatus_Omnitrophota","c__CFGB3379","o__OFGB3379","f__FGB3379","g__GGB11057","s__GGB11057_SGB76621",0,0,0,0,0,0,0,0,30213,2453,0,0,0,0,0,0,0,0,0,0,"bOTU_1005"
"1006","k__Bacteria","p__Candidatus_Omnitrophota","c__CFGB94351","o__OFGB94351","f__FGB94351","g__GGB113315","s__GGB113315_SGB155162",0,0,0,0,0,0,0,0,18864,0,0,0,0,0,0,0,0,0,0,0,"bOTU_1006"
"1007","k__Bacteria","p__Thermodesulfobacteriota","c__CFGB34348","o__OFGB34348","f__FGB34348","g__GGB34582","s__GGB34582_SGB85253",0,0,0,0,0,0,0,0,40041,0,0,0,0,0,0,0,26585,0,10145,0,"bOTU_1007"
"1008","k__Bacteria","p__Candidatus_Saccharibacteria","c__CFGB11522","o__OFGB11522","f__FGB11522","g__GGB11522","s__GGB11522_SGB18250",0,0,0,0,0,0,0,0,14686,0,0,0,0,0,0,0,0,0,0,0,"bOTU_1008"
"1009","k__Bacteria","p__Bacteroidota","c__CFGB11592","o__OFGB11592","f__FGB11592","g__GGB33899","s__GGB33899_SGB136693",0,0,0,0,0,0,0,0,10524,0,0,0,0,0,0,0,0,0,0,0,"bOTU_1009"
"1010","k__Bacteria","p__Candidatus_Parcubacteria","c__CFGB3846","o__OFGB3846","f__FGB3846","g__GGB11808","s__GGB11808_SGB18555",0,0,0,0,0,0,0,0,3981,0,0,0,0,0,0,0,0,0,0,0,"bOTU_1010"
"1011","k__Bacteria","p__Pseudomonadota","c__Betaproteobacteria","o__Burkholderiales","f__Comamonadaceae","g__Rhodoferax","s__Rhodoferax_sp_BAB1",0,0,0,0,0,0,0,0,75491,0,0,0,0,0,0,0,0,0,0,0,"bOTU_1011"
"1012","k__Bacteria","p__Actinomycetota","c__Actinomycetota_unclassified","o__Candidatus_Hakubellales","f__Candidatus_Hakubellaceae","g__Candidatus_Hakubella","s__Candidatus_Hakubella_thermalkaliphila",0,0,0,0,0,0,0,0,12353,0,0,0,0,0,0,0,0,0,0,0,"bOTU_1012"
"1013","k__Bacteria","p__Planctomycetota","c__CFGB73079","o__OFGB73079","f__FGB73079","g__GGB90736","s__GGB90736_SGB127470",0,0,0,0,0,0,0,0,7377,0,0,0,0,0,0,0,0,0,0,0,"bOTU_1013"
"1014","k__Bacteria","p__Planctomycetota","c__CFGB34599","o__OFGB34599","f__FGB34599","g__GGB126818","s__GGB126818_SGB154989",0,0,0,0,0,0,0,0,5158,0,0,0,0,0,0,0,0,0,0,0,"bOTU_1014"
"1015","k__Bacteria","p__Firmicutes","c__Clostridia","o__Eubacteriales","f__Clostridiaceae","g__Clostridium","s__Clostridium_vincentii",0,0,0,0,0,0,0,0,7668,0,0,0,0,0,0,0,0,0,0,0,"bOTU_1015"
"1016","k__Bacteria","p__Planctomycetota","c__CFGB8476","o__OFGB8476","f__FGB8476","g__GGB62386","s__GGB62386_SGB84560",0,0,0,0,0,0,0,0,6389,0,0,0,0,0,0,0,0,0,0,0,"bOTU_1016"
"1017","k__Bacteria","p__Thermodesulfobacteriota","c__CFGB11088","o__OFGB11088","f__FGB11088","g__GGB140964","s__GGB140964_SGB167760",0,0,0,0,0,0,0,0,7665,0,0,0,0,0,0,0,0,0,0,0,"bOTU_1017"
"1018","k__Bacteria","p__Chloroflexota","c__CFGB31944","o__OFGB31944","f__FGB31944","g__GGB9866","s__GGB9866_SGB15524",0,0,0,0,0,0,0,0,5991,0,0,0,0,0,0,0,0,0,6676,0,"bOTU_1018"
"1019","k__Bacteria","p__Candidatus_Methylomirabilota","c__CFGB10892","o__OFGB10892","f__FGB10892","g__GGB90920","s__GGB90920_SGB127757",0,0,0,0,0,0,0,0,11024,10332,0,0,0,0,0,0,0,0,0,0,"bOTU_1019"
"1020","k__Bacteria","p__Actinomycetota","c__CFGB11714","o__OFGB11714","f__FGB11714","g__GGB41274","s__GGB41274_SGB65135",0,0,0,0,0,0,0,0,33982,0,0,0,0,0,0,0,0,0,0,0,"bOTU_1020"
"1021","k__Bacteria","p__Candidatus_Omnitrophota","c__CFGB94354","o__OFGB94354","f__FGB94354","g__GGB11056","s__GGB11056_SGB17753",0,0,0,0,0,0,0,0,2328,0,0,0,0,0,0,0,0,0,0,0,"bOTU_1021"
"1022","k__Bacteria","p__Planctomycetota","c__CFGB36096","o__OFGB36096","f__FGB36096","g__GGB40378","s__GGB40378_SGB53297",0,0,0,0,0,0,0,0,6335,0,0,0,0,0,0,0,0,0,0,0,"bOTU_1022"
"1023","k__Bacteria","p__Bacteroidota","c__CFGB37905","o__OFGB37905","f__FGB37905","g__GGB37905","s__GGB37905_SGB48973",0,0,0,0,0,0,0,0,5393,0,0,0,0,0,0,0,0,0,0,0,"bOTU_1023"
"1024","k__Bacteria","p__Candidatus_Saccharibacteria","c__CFGB3511","o__OFGB3511","f__FGB3511","g__GGB11245","s__GGB11245_SGB17961",0,0,0,0,0,0,0,0,1670,0,0,0,0,0,0,0,0,0,0,0,"bOTU_1024"
"1025","k__Archaea","p__Candidatus_Bathyarchaeota","c__CFGB18683","o__OFGB18683","f__FGB18683","g__GGB103486","s__GGB103486_SGB148256",0,0,0,0,0,0,0,0,4736,0,0,0,0,0,0,0,0,0,0,0,"aOTU_1025"
"1026","k__Bacteria","p__Thermodesulfobacteriota","c__Desulfobulbia","o__Desulfobulbales","f__Desulfobulbaceae","g__GGB139199","s__GGB139199_SGB167700",0,0,0,0,0,0,0,0,6490,0,0,0,0,0,0,0,0,0,0,7169,"bOTU_1026"
"1027","k__Bacteria","p__Nitrospirota","c__CFGB5000","o__OFGB5000","f__FGB5000","g__GGB14410","s__GGB14410_SGB21924",0,0,0,0,0,0,0,0,4470,0,0,0,0,0,0,0,0,0,0,0,"bOTU_1027"
"1028","k__Bacteria","p__Planctomycetota","c__CFGB91573","o__OFGB91573","f__FGB91573","g__GGB126831","s__GGB126831_SGB154981",0,0,0,0,0,0,0,0,3131,0,0,0,0,0,0,0,0,0,0,0,"bOTU_1028"
"1029","k__Bacteria","p__Bacteroidota","c__CFGB54686","o__OFGB54686","f__FGB54686","g__GGB98955","s__GGB98955_SGB139373",0,0,0,0,0,0,0,0,5388,0,0,0,0,0,0,0,0,0,0,0,"bOTU_1029"
"1030","k__Bacteria","p__Campylobacterota","c__Epsilonproteobacteria","o__Campylobacterales","f__Sulfurimonadaceae","g__GGB12420","s__GGB12420_SGB19267",0,0,0,0,0,0,0,0,0,108442,0,0,0,0,0,0,27647,0,0,0,"bOTU_1030"
"1031","k__Bacteria","p__Pseudomonadota","c__Betaproteobacteria","o__Nitrosomonadales","f__Sulfuricellaceae","g__Sulfurimicrobium","s__Sulfurimicrobium_lacus",0,0,0,0,0,0,0,0,0,2286050,0,0,0,0,0,0,0,0,0,0,"bOTU_1031"
"1032","k__Bacteria","p__Pseudomonadota","c__Betaproteobacteria","o__Nitrosomonadales","f__Sterolibacteriaceae","g__Sulfurisoma","s__Sulfurisoma_sediminicola",0,0,0,0,0,0,0,0,0,203183,0,0,0,0,0,0,0,0,0,0,"bOTU_1032"
"1033","k__Bacteria","p__Thermodesulfobacteriota","c__Desulfobulbia","o__Desulfobulbales","f__Thiovibrionaceae","g__Thiovibrio","s__Thiovibrio_SGB167704",0,0,0,0,0,0,0,0,0,24159,0,0,0,0,0,0,0,0,0,0,"bOTU_1033"
"1034","k__Archaea","p__Thermoplasmatota","c__CFGB9271","o__OFGB9271","f__FGB9271","g__GGB103615","s__GGB103615_SGB147461",0,0,0,0,0,0,0,0,0,5130,0,0,0,0,0,0,4089,0,0,0,"aOTU_1034"
"1035","k__Bacteria","p__Thermodesulfobacteriota","c__Desulfuromonadia","o__Geobacterales","f__Geobacteraceae","g__GGB72056","s__GGB72056_SGB167423",0,0,0,0,0,0,0,0,0,6729,0,0,0,0,0,0,0,0,0,0,"bOTU_1035"
"1036","k__Bacteria","p__Candidatus_Methylomirabilota","c__Candidatus_Methylomirabilia","o__Candidatus_Methylomirabilales","f__Candidatus_Methylomirabilaceae","g__Candidatus_Methylomirabilis","s__Candidatus_Methylomirabilis_limnetica",0,0,0,0,0,0,0,0,0,5172,0,0,0,0,0,0,0,0,0,0,"bOTU_1036"
"1037","k__Bacteria","p__Pseudomonadota","c__Betaproteobacteria","o__Nitrosomonadales","f__Thiobacillaceae","g__GGB8488","s__GGB8488_SGB13210",0,0,0,0,0,0,0,0,0,44141,0,0,0,0,0,0,0,0,0,0,"bOTU_1037"
"1038","k__Bacteria","p__Candidatus_Roizmanbacteria","c__CFGB3972","o__OFGB3972","f__FGB3972","g__GGB12033","s__GGB12033_SGB18792",0,0,0,0,0,0,0,0,0,3002,0,0,0,0,0,0,0,0,0,0,"bOTU_1038"
"1039","k__Bacteria","p__Pseudomonadota","c__Betaproteobacteria","o__Rhodocyclales","f__Zoogloeaceae","g__GGB44549","s__GGB44549_SGB103119",0,0,0,0,0,0,0,0,0,80843,0,0,0,0,0,0,0,0,0,0,"bOTU_1039"
"1040","k__Bacteria","p__Elusimicrobiota","c__CFGB3937","o__OFGB3937","f__FGB3937","g__GGB11972","s__GGB11972_SGB18724",0,0,0,0,0,0,0,0,0,2952,0,0,0,0,0,0,2499,0,2613,0,"bOTU_1040"
"1041","k__Bacteria","p__Thermodesulfobacteriota","c__CFGB40977","o__OFGB40977","f__FGB40977","g__GGB43649","s__GGB43649_SGB166407",0,0,0,0,0,0,0,0,0,25367,0,0,0,0,0,0,0,0,0,0,"bOTU_1041"
"1042","k__Bacteria","p__Actinomycetota","c__Actinomycetes","o__Propionibacteriales","f__Propionibacteriaceae","g__Tessaracoccus","s__Tessaracoccus_sp_MC1627",0,0,0,0,0,0,0,0,0,7692,0,0,0,0,0,0,0,0,0,0,"bOTU_1042"
"1043","k__Bacteria","p__Candidatus_Omnitrophota","c__CFGB6121","o__OFGB6121","f__FGB6121","g__GGB6121","s__GGB6121_SGB8765",0,0,0,0,0,0,0,0,0,3882,0,0,0,0,0,0,0,0,0,0,"bOTU_1043"
"1044","k__Bacteria","p__Gemmatimonadota","c__CFGB24752","o__OFGB24752","f__FGB24752","g__GGB135394","s__GGB135394_SGB172604",0,0,0,0,0,0,0,0,0,3447,0,0,0,0,0,0,0,0,0,0,"bOTU_1044"
"1045","k__Bacteria","p__Pseudomonadota","c__Gammaproteobacteria","o__Acidiferrobacterales","f__Acidiferrobacteraceae","g__GGB97246","s__GGB97246_SGB56953",0,0,0,0,0,0,0,0,0,8941,0,0,0,0,0,0,0,0,0,0,"bOTU_1045"
"1046","k__Archaea","p__Methanobacteriota","c__Methanomicrobia","o__Methanomicrobiales","f__Methanoregulaceae","g__GGB54138","s__GGB54138_SGB75334",0,0,0,0,0,0,0,0,0,4275,0,0,0,0,0,0,0,0,0,0,"aOTU_1046"
"1047","k__Archaea","p__Methanobacteriota","c__Methanomicrobia","o__Methanosarcinales","f__Candidatus_Methanoperedenaceae","g__GGB102940","s__GGB102940_SGB147707",0,0,0,0,0,0,0,0,0,8331,0,0,0,0,0,0,0,0,0,0,"aOTU_1047"
"1048","k__Bacteria","p__Actinomycetota","c__Thermoleophilia","o__Gaiellales","f__Gaiellaceae","g__GGB135948","s__GGB135948_SGB174756",0,0,0,0,0,0,0,0,0,9005,0,0,0,0,0,0,0,0,0,0,"bOTU_1048"
"1049","k__Bacteria","p__Pseudomonadota","c__Alphaproteobacteria","o__Hyphomicrobiales","f__Phreatobacteraceae","g__Phreatobacter","s__Phreatobacter_cathodiphilus",0,0,0,0,0,0,0,0,0,19461,0,0,0,0,0,0,0,0,0,0,"bOTU_1049"
"1050","k__Bacteria","p__Thermodesulfobacteriota","c__CFGB72811","o__OFGB72811","f__FGB72811","g__GGB139143","s__GGB139143_SGB167545",0,0,0,0,0,0,0,0,0,6026,0,0,0,0,0,0,11162,0,0,0,"bOTU_1050"
"1051","k__Bacteria","p__Pseudomonadota","c__CFGB44639","o__OFGB44639","f__FGB44639","g__GGB44639","s__GGB44639_SGB178005",0,0,0,0,0,0,0,0,0,2522,0,0,0,0,0,0,0,0,0,0,"bOTU_1051"
"1052","k__Bacteria","p__Campylobacterota","c__Epsilonproteobacteria","o__Campylobacterales","f__Sulfurimonadaceae","g__GGB12420","s__GGB12420_SGB19267",0,0,0,0,0,0,0,0,0,108442,0,0,0,0,0,0,27647,0,0,0,"bOTU_1052"
"1053","k__Bacteria","p__Pseudomonadota","c__Betaproteobacteria","o__Nitrosomonadales","f__Sulfuricellaceae","g__Sulfurimicrobium","s__Sulfurimicrobium_lacus",0,0,0,0,0,0,0,0,0,2286050,0,0,0,0,0,0,0,0,0,0,"bOTU_1053"
"1054","k__Bacteria","p__Pseudomonadota","c__Betaproteobacteria","o__Nitrosomonadales","f__Sterolibacteriaceae","g__Sulfurisoma","s__Sulfurisoma_sediminicola",0,0,0,0,0,0,0,0,0,203183,0,0,0,0,0,0,0,0,0,0,"bOTU_1054"
"1055","k__Bacteria","p__Thermodesulfobacteriota","c__Desulfobulbia","o__Desulfobulbales","f__Thiovibrionaceae","g__Thiovibrio","s__Thiovibrio_SGB167704",0,0,0,0,0,0,0,0,0,24159,0,0,0,0,0,0,0,0,0,0,"bOTU_1055"
"1056","k__Archaea","p__Thermoplasmatota","c__CFGB9271","o__OFGB9271","f__FGB9271","g__GGB103615","s__GGB103615_SGB147461",0,0,0,0,0,0,0,0,0,5130,0,0,0,0,0,0,4089,0,0,0,"aOTU_1056"
"1057","k__Bacteria","p__Thermodesulfobacteriota","c__Desulfuromonadia","o__Geobacterales","f__Geobacteraceae","g__GGB72056","s__GGB72056_SGB167423",0,0,0,0,0,0,0,0,0,6729,0,0,0,0,0,0,0,0,0,0,"bOTU_1057"
"1058","k__Bacteria","p__Candidatus_Methylomirabilota","c__Candidatus_Methylomirabilia","o__Candidatus_Methylomirabilales","f__Candidatus_Methylomirabilaceae","g__Candidatus_Methylomirabilis","s__Candidatus_Methylomirabilis_limnetica",0,0,0,0,0,0,0,0,0,5172,0,0,0,0,0,0,0,0,0,0,"bOTU_1058"
"1059","k__Bacteria","p__Pseudomonadota","c__Betaproteobacteria","o__Nitrosomonadales","f__Thiobacillaceae","g__GGB8488","s__GGB8488_SGB13210",0,0,0,0,0,0,0,0,0,44141,0,0,0,0,0,0,0,0,0,0,"bOTU_1059"
"1060","k__Bacteria","p__Candidatus_Roizmanbacteria","c__CFGB3972","o__OFGB3972","f__FGB3972","g__GGB12033","s__GGB12033_SGB18792",0,0,0,0,0,0,0,0,0,3002,0,0,0,0,0,0,0,0,0,0,"bOTU_1060"
"1061","k__Bacteria","p__Pseudomonadota","c__Betaproteobacteria","o__Rhodocyclales","f__Zoogloeaceae","g__GGB44549","s__GGB44549_SGB103119",0,0,0,0,0,0,0,0,0,80843,0,0,0,0,0,0,0,0,0,0,"bOTU_1061"
"1062","k__Bacteria","p__Elusimicrobiota","c__CFGB3937","o__OFGB3937","f__FGB3937","g__GGB11972","s__GGB11972_SGB18724",0,0,0,0,0,0,0,0,0,2952,0,0,0,0,0,0,2499,0,2613,0,"bOTU_1062"
"1063","k__Bacteria","p__Thermodesulfobacteriota","c__CFGB40977","o__OFGB40977","f__FGB40977","g__GGB43649","s__GGB43649_SGB166407",0,0,0,0,0,0,0,0,0,25367,0,0,0,0,0,0,0,0,0,0,"bOTU_1063"
"1064","k__Bacteria","p__Actinomycetota","c__Actinomycetes","o__Propionibacteriales","f__Propionibacteriaceae","g__Tessaracoccus","s__Tessaracoccus_sp_MC1627",0,0,0,0,0,0,0,0,0,7692,0,0,0,0,0,0,0,0,0,0,"bOTU_1064"
"1065","k__Bacteria","p__Candidatus_Omnitrophota","c__CFGB6121","o__OFGB6121","f__FGB6121","g__GGB6121","s__GGB6121_SGB8765",0,0,0,0,0,0,0,0,0,3882,0,0,0,0,0,0,0,0,0,0,"bOTU_1065"
"1066","k__Bacteria","p__Gemmatimonadota","c__CFGB24752","o__OFGB24752","f__FGB24752","g__GGB135394","s__GGB135394_SGB172604",0,0,0,0,0,0,0,0,0,3447,0,0,0,0,0,0,0,0,0,0,"bOTU_1066"
"1067","k__Bacteria","p__Pseudomonadota","c__Gammaproteobacteria","o__Acidiferrobacterales","f__Acidiferrobacteraceae","g__GGB97246","s__GGB97246_SGB56953",0,0,0,0,0,0,0,0,0,8941,0,0,0,0,0,0,0,0,0,0,"bOTU_1067"
"1068","k__Archaea","p__Methanobacteriota","c__Methanomicrobia","o__Methanomicrobiales","f__Methanoregulaceae","g__GGB54138","s__GGB54138_SGB75334",0,0,0,0,0,0,0,0,0,4275,0,0,0,0,0,0,0,0,0,0,"aOTU_1068"
"1069","k__Archaea","p__Methanobacteriota","c__Methanomicrobia","o__Methanosarcinales","f__Candidatus_Methanoperedenaceae","g__GGB102940","s__GGB102940_SGB147707",0,0,0,0,0,0,0,0,0,8331,0,0,0,0,0,0,0,0,0,0,"aOTU_1069"
"1070","k__Bacteria","p__Actinomycetota","c__Thermoleophilia","o__Gaiellales","f__Gaiellaceae","g__GGB135948","s__GGB135948_SGB174756",0,0,0,0,0,0,0,0,0,9005,0,0,0,0,0,0,0,0,0,0,"bOTU_1070"
"1071","k__Bacteria","p__Pseudomonadota","c__Alphaproteobacteria","o__Hyphomicrobiales","f__Phreatobacteraceae","g__Phreatobacter","s__Phreatobacter_cathodiphilus",0,0,0,0,0,0,0,0,0,19461,0,0,0,0,0,0,0,0,0,0,"bOTU_1071"
"1072","k__Bacteria","p__Thermodesulfobacteriota","c__CFGB72811","o__OFGB72811","f__FGB72811","g__GGB139143","s__GGB139143_SGB167545",0,0,0,0,0,0,0,0,0,6026,0,0,0,0,0,0,11162,0,0,0,"bOTU_1072"
"1073","k__Bacteria","p__Pseudomonadota","c__CFGB44639","o__OFGB44639","f__FGB44639","g__GGB44639","s__GGB44639_SGB178005",0,0,0,0,0,0,0,0,0,2522,0,0,0,0,0,0,0,0,0,0,"bOTU_1073"
"1074","k__Bacteria","p__Pseudomonadota","c__Gammaproteobacteria","o__Pseudomonadales","f__Pseudomonadaceae","g__Pseudomonas","s__Pseudomonas_yamanorum",0,0,0,0,0,0,0,0,0,0,0,0,0,0,0,23828151,0,0,0,0,"bOTU_1074"
"1075","k__Bacteria","p__Pseudomonadota","c__Alphaproteobacteria","o__Caulobacterales","f__Caulobacteraceae","g__Caulobacter","s__Caulobacter_SGB185167",0,0,0,0,0,0,0,0,0,0,0,0,0,0,0,4512983,0,0,0,0,"bOTU_1075"
"1076","k__Bacteria","p__Pseudomonadota","c__Alphaproteobacteria","o__Hyphomicrobiales","f__Methylobacteriaceae","g__Methylobacterium","s__Methylobacterium_sp_Leaf99",0,0,0,0,0,0,0,0,0,0,0,0,0,0,0,832994,0,0,0,0,"bOTU_1076"
"1077","k__Bacteria","p__Bacteria_unclassified","c__Bacteria_unclassified","o__Bacteria_unclassified","f__Bacteria_unclassified","g__Bacteria_unclassified","s__bacterium",0,0,0,0,0,0,0,0,0,0,0,0,0,0,0,1642877,31258,0,0,0,"bOTU_1077"
"1078","k__Bacteria","p__Pseudomonadota","c__Betaproteobacteria","o__Burkholderiales","f__Comamonadaceae","g__Variovorax","s__Variovorax_SGB99275",0,0,0,0,0,0,0,0,0,0,0,0,0,0,0,300440,0,0,0,0,"bOTU_1078"
"1079","k__Bacteria","p__Pseudomonadota","c__Betaproteobacteria","o__Burkholderiales","f__Oxalobacteraceae","g__Massilia","s__Massilia_sp_CF038",0,0,0,0,0,0,0,0,0,0,0,0,0,0,0,112175,0,0,0,0,"bOTU_1079"
"1080","k__Bacteria","p__Pseudomonadota","c__Alphaproteobacteria","o__Hyphomicrobiales","f__Nitrobacteraceae","g__Tardiphaga","s__Tardiphaga_sp_vice154",0,0,0,0,0,0,0,0,0,0,0,0,0,0,0,129965,0,0,0,0,"bOTU_1080"
"1081","k__Bacteria","p__Actinomycetota","c__Actinomycetes","o__Micrococcales","f__Microbacteriaceae","g__Microbacterium","s__Microbacterium_sp_W4I20",0,0,0,0,0,0,0,0,0,0,0,0,0,0,0,58219,0,0,0,0,"bOTU_1081"
"1082","k__Bacteria","p__Pseudomonadota","c__Betaproteobacteria","o__Burkholderiales","f__Oxalobacteraceae","g__Massilia","s__Massilia_aquatica",0,0,0,0,0,0,0,0,0,0,0,0,0,0,0,72809,0,0,0,0,"bOTU_1082"
"1083","k__Bacteria","p__Pseudomonadota","c__Betaproteobacteria","o__Burkholderiales","f__Comamonadaceae","g__GGB77982","s__GGB77982_SGB108211",0,0,0,0,0,0,0,0,0,0,0,0,0,0,0,24954,0,0,0,0,"bOTU_1083"
"1084","k__Bacteria","p__Pseudomonadota","c__Alphaproteobacteria","o__Hyphomicrobiales","f__Methylobacteriaceae","g__Methylobacterium","s__Methylobacterium_sp_10",0,0,0,0,0,0,0,0,0,0,0,0,0,0,0,72828,0,0,0,0,"bOTU_1084"
"1085","k__Bacteria","p__Pseudomonadota","c__Betaproteobacteria","o__Burkholderiales","f__Comamonadaceae","g__Variovorax","s__Variovorax_sp_J2L1_63",0,0,0,0,0,0,0,0,0,0,0,0,0,0,0,116736,0,0,0,0,"bOTU_1085"
"1086","k__Bacteria","p__Pseudomonadota","c__Alphaproteobacteria","o__Hyphomicrobiales","f__Methylobacteriaceae","g__Methylobacterium","s__Methylobacterium_sp_W2",0,0,0,0,0,0,0,0,0,0,0,0,0,0,0,61637,0,0,0,0,"bOTU_1086"
"1087","k__Bacteria","p__Actinomycetota","c__Actinomycetes","o__Micrococcales","f__Microbacteriaceae","g__Agreia","s__Agreia_sp_Leaf244",0,0,0,0,0,0,0,0,0,0,0,0,0,0,0,11719,0,0,0,0,"bOTU_1087"
"1088","k__Bacteria","p__Actinomycetota","c__Actinomycetes","o__Mycobacteriales","f__Nocardiaceae","g__Rhodococcoides","s__Rhodococcoides_fascians",0,0,0,0,0,0,0,0,0,0,0,0,0,0,0,26234,86735,0,0,0,"bOTU_1088"
"1089","k__Bacteria","p__Pseudomonadota","c__Alphaproteobacteria","o__Sphingomonadales","f__Sphingomonadaceae","g__Sphingomonas","s__Sphingomonas_aliaeris",0,0,0,0,0,0,0,0,0,0,0,0,0,0,0,7027,0,0,0,0,"bOTU_1089"
"1090","k__Bacteria","p__Pseudomonadota","c__Alphaproteobacteria","o__Hyphomicrobiales","f__Aurantimonadaceae","g__Aureimonas","s__Aureimonas_sp_Leaf427",0,0,0,0,0,0,0,0,0,0,0,0,0,0,0,7892,0,0,0,0,"bOTU_1090"
"1091","k__Bacteria","p__Pseudomonadota","c__Gammaproteobacteria","o__Pseudomonadales","f__Pseudomonadaceae","g__Pseudomonas","s__Pseudomonas_abietaniphila",0,0,0,0,0,0,0,0,0,0,0,0,0,0,0,11579,0,0,0,0,"bOTU_1091"
"1092","k__Bacteria","p__Actinomycetota","c__Actinomycetes","o__Propionibacteriales","f__Nocardioidaceae","g__Aeromicrobium","s__Aeromicrobium_fastidiosum",0,0,0,0,0,0,0,0,0,0,0,0,0,0,0,7488,6161,0,0,0,"bOTU_1092"
"1093","k__Bacteria","p__Actinomycetota","c__Actinomycetes","o__Mycobacteriales","f__Nocardiaceae","g__Rhodococcus","s__Rhodococcus_qingshengii",0,0,0,0,0,0,0,0,0,0,0,0,0,0,0,23093,0,0,0,0,"bOTU_1093"
"1094","k__Bacteria","p__Actinomycetota","c__Thermoleophilia","o__Solirubrobacterales","f__Patulibacteraceae","g__Patulibacter","s__Patulibacter_minatonensis",0,0,0,0,0,0,0,0,0,0,0,0,0,0,0,98965,0,0,0,0,"bOTU_1094"
"1095","k__Bacteria","p__Pseudomonadota","c__Gammaproteobacteria","o__Pseudomonadales","f__Pseudomonadaceae","g__Pseudomonas","s__Pseudomonas_yamanorum",0,0,0,0,0,0,0,0,0,0,0,0,0,0,0,23828151,0,0,0,0,"bOTU_1095"
"1096","k__Bacteria","p__Pseudomonadota","c__Alphaproteobacteria","o__Caulobacterales","f__Caulobacteraceae","g__Caulobacter","s__Caulobacter_SGB185167",0,0,0,0,0,0,0,0,0,0,0,0,0,0,0,4512983,0,0,0,0,"bOTU_1096"
"1097","k__Bacteria","p__Pseudomonadota","c__Alphaproteobacteria","o__Hyphomicrobiales","f__Methylobacteriaceae","g__Methylobacterium","s__Methylobacterium_sp_Leaf99",0,0,0,0,0,0,0,0,0,0,0,0,0,0,0,832994,0,0,0,0,"bOTU_1097"
"1098","k__Bacteria","p__Bacteria_unclassified","c__Bacteria_unclassified","o__Bacteria_unclassified","f__Bacteria_unclassified","g__Bacteria_unclassified","s__bacterium",0,0,0,0,0,0,0,0,0,0,0,0,0,0,0,1642877,0,0,0,0,"bOTU_1098"
"1099","k__Bacteria","p__Pseudomonadota","c__Betaproteobacteria","o__Burkholderiales","f__Comamonadaceae","g__Variovorax","s__Variovorax_SGB99275",0,0,0,0,0,0,0,0,0,0,0,0,0,0,0,300440,0,0,0,0,"bOTU_1099"
"1100","k__Bacteria","p__Pseudomonadota","c__Betaproteobacteria","o__Burkholderiales","f__Oxalobacteraceae","g__Massilia","s__Massilia_sp_CF038",0,0,0,0,0,0,0,0,0,0,0,0,0,0,0,112175,0,0,0,0,"bOTU_1100"
"1101","k__Bacteria","p__Pseudomonadota","c__Alphaproteobacteria","o__Hyphomicrobiales","f__Nitrobacteraceae","g__Tardiphaga","s__Tardiphaga_sp_vice154",0,0,0,0,0,0,0,0,0,0,0,0,0,0,0,129965,0,0,0,0,"bOTU_1101"
"1102","k__Bacteria","p__Actinomycetota","c__Actinomycetes","o__Micrococcales","f__Microbacteriaceae","g__Microbacterium","s__Microbacterium_sp_W4I20",0,0,0,0,0,0,0,0,0,0,0,0,0,0,0,58219,0,0,0,0,"bOTU_1102"
"1103","k__Bacteria","p__Pseudomonadota","c__Betaproteobacteria","o__Burkholderiales","f__Oxalobacteraceae","g__Massilia","s__Massilia_aquatica",0,0,0,0,0,0,0,0,0,0,0,0,0,0,0,72809,0,0,0,0,"bOTU_1103"
"1104","k__Bacteria","p__Pseudomonadota","c__Betaproteobacteria","o__Burkholderiales","f__Comamonadaceae","g__GGB77982","s__GGB77982_SGB108211",0,0,0,0,0,0,0,0,0,0,0,0,0,0,0,24954,0,0,0,0,"bOTU_1104"
"1105","k__Bacteria","p__Pseudomonadota","c__Alphaproteobacteria","o__Hyphomicrobiales","f__Methylobacteriaceae","g__Methylobacterium","s__Methylobacterium_sp_10",0,0,0,0,0,0,0,0,0,0,0,0,0,0,0,72828,0,0,0,0,"bOTU_1105"
"1106","k__Bacteria","p__Pseudomonadota","c__Betaproteobacteria","o__Burkholderiales","f__Comamonadaceae","g__Variovorax","s__Variovorax_sp_J2L1_63",0,0,0,0,0,0,0,0,0,0,0,0,0,0,0,116736,0,0,0,0,"bOTU_1106"
"1107","k__Bacteria","p__Pseudomonadota","c__Alphaproteobacteria","o__Hyphomicrobiales","f__Methylobacteriaceae","g__Methylobacterium","s__Methylobacterium_sp_W2",0,0,0,0,0,0,0,0,0,0,0,0,0,0,0,61637,0,0,0,0,"bOTU_1107"
"1108","k__Bacteria","p__Actinomycetota","c__Actinomycetes","o__Micrococcales","f__Microbacteriaceae","g__Agreia","s__Agreia_sp_Leaf244",0,0,0,0,0,0,0,0,0,0,0,0,0,0,0,11719,0,0,0,0,"bOTU_1108"
"1109","k__Bacteria","p__Actinomycetota","c__Actinomycetes","o__Mycobacteriales","f__Nocardiaceae","g__Rhodococcoides","s__Rhodococcoides_fascians",0,0,0,0,0,0,0,0,0,0,0,0,0,0,0,26234,86735,0,0,0,"bOTU_1109"
"1110","k__Bacteria","p__Pseudomonadota","c__Alphaproteobacteria","o__Sphingomonadales","f__Sphingomonadaceae","g__Sphingomonas","s__Sphingomonas_aliaeris",0,0,0,0,0,0,0,0,0,0,0,0,0,0,0,7027,0,0,0,0,"bOTU_1110"
"1111","k__Bacteria","p__Pseudomonadota","c__Alphaproteobacteria","o__Hyphomicrobiales","f__Aurantimonadaceae","g__Aureimonas","s__Aureimonas_sp_Leaf427",0,0,0,0,0,0,0,0,0,0,0,0,0,0,0,7892,0,0,0,0,"bOTU_1111"
"1112","k__Bacteria","p__Pseudomonadota","c__Gammaproteobacteria","o__Pseudomonadales","f__Pseudomonadaceae","g__Pseudomonas","s__Pseudomonas_abietaniphila",0,0,0,0,0,0,0,0,0,0,0,0,0,0,0,11579,0,0,0,0,"bOTU_1112"
"1113","k__Bacteria","p__Actinomycetota","c__Actinomycetes","o__Propionibacteriales","f__Nocardioidaceae","g__Aeromicrobium","s__Aeromicrobium_fastidiosum",0,0,0,0,0,0,0,0,0,0,0,0,0,0,0,7488,6161,0,0,0,"bOTU_1113"
"1114","k__Bacteria","p__Actinomycetota","c__Actinomycetes","o__Mycobacteriales","f__Nocardiaceae","g__Rhodococcus","s__Rhodococcus_qingshengii",0,0,0,0,0,0,0,0,0,0,0,0,0,0,0,23093,0,0,0,0,"bOTU_1114"
"1115","k__Bacteria","p__Actinomycetota","c__Thermoleophilia","o__Solirubrobacterales","f__Patulibacteraceae","g__Patulibacter","s__Patulibacter_minatonensis",0,0,0,0,0,0,0,0,0,0,0,0,0,0,0,98965,0,0,0,0,"bOTU_1115"
"1116","k__Bacteria","p__Actinomycetota","c__Actinomycetes","o__Micrococcales","f__Microbacteriaceae","g__Salinibacterium","s__Salinibacterium_metalliresistens",0,0,0,0,0,0,0,0,0,0,0,0,0,0,0,0,0,14607,5246,0,"bOTU_1116"
"1117","k__Bacteria","p__Actinomycetota","c__Actinomycetes","o__Mycobacteriales","f__Mycobacteriaceae","g__Mycolicibacterium","s__Mycolicibacterium_doricum",0,0,0,0,0,0,0,0,0,0,0,0,0,0,0,0,0,20054,0,0,"bOTU_1117"
"1118","k__Bacteria","p__Actinomycetota","c__Actinomycetes","o__Mycobacteriales","f__Mycobacteriaceae","g__Mycolicibacterium","s__Mycolicibacterium_austroafricanum",0,0,0,0,0,0,0,0,0,0,0,0,0,0,0,0,0,12078,0,0,"bOTU_1118"
"1119","k__Bacteria","p__Bacteria_unclassified","c__Candidatus_Babeliae","o__Candidatus_Babeliales","f__Candidatus_Babeliaceae","g__Candidatus_Babela","s__Candidatus_Babela_massiliensis",0,0,0,0,0,0,0,0,0,0,0,0,0,0,0,0,0,3299,0,0,"bOTU_1119"
"1120","k__Bacteria","p__Pseudomonadota","c__Alphaproteobacteria","o__Hyphomicrobiales","f__Xanthobacteraceae","g__Ancylobacter","s__Ancylobacter_SGB24407",0,0,0,0,0,0,0,0,0,0,0,0,0,0,0,0,0,9858,0,0,"bOTU_1120"
"1121","k__Bacteria","p__Actinomycetota","c__Actinomycetes","o__Mycobacteriales","f__Mycobacteriaceae","g__Mycobacterium","s__Mycobacterium_sp_MS1601",0,0,0,0,0,0,0,0,0,0,0,0,0,0,0,0,0,7714,0,0,"bOTU_1121"
"1122","k__Bacteria","p__Actinomycetota","c__Actinomycetes","o__Micrococcales","f__Microbacteriaceae","g__Salinibacterium","s__Salinibacterium_metalliresistens",0,0,0,0,0,0,0,0,0,0,0,0,0,0,0,0,0,14607,5246,0,"bOTU_1122"
"1123","k__Bacteria","p__Actinomycetota","c__Actinomycetes","o__Mycobacteriales","f__Mycobacteriaceae","g__Mycolicibacterium","s__Mycolicibacterium_doricum",0,0,0,0,0,0,0,0,0,0,0,0,0,0,0,0,0,20054,0,0,"bOTU_1123"
"1124","k__Bacteria","p__Actinomycetota","c__Actinomycetes","o__Mycobacteriales","f__Mycobacteriaceae","g__Mycolicibacterium","s__Mycolicibacterium_austroafricanum",0,0,0,0,0,0,0,0,0,0,0,0,0,0,0,0,0,12078,0,0,"bOTU_1124"
"1125","k__Bacteria","p__Bacteria_unclassified","c__Candidatus_Babeliae","o__Candidatus_Babeliales","f__Candidatus_Babeliaceae","g__Candidatus_Babela","s__Candidatus_Babela_massiliensis",0,0,0,0,0,0,0,0,0,0,0,0,0,0,0,0,0,3299,0,0,"bOTU_1125"
"1126","k__Bacteria","p__Pseudomonadota","c__Alphaproteobacteria","o__Hyphomicrobiales","f__Xanthobacteraceae","g__Ancylobacter","s__Ancylobacter_SGB24407",0,0,0,0,0,0,0,0,0,0,0,0,0,0,0,0,0,9858,0,0,"bOTU_1126"
"1127","k__Bacteria","p__Actinomycetota","c__Actinomycetes","o__Mycobacteriales","f__Mycobacteriaceae","g__Mycobacterium","s__Mycobacterium_sp_MS1601",0,0,0,0,0,0,0,0,0,0,0,0,0,0,0,0,0,7714,0,0,"bOTU_1127"
"1128","k__Bacteria","p__Pseudomonadota","c__Gammaproteobacteria","o__Methylococcales","f__Methylococcaceae","g__Methylicorpusculum","s__Methylicorpusculum_oleiharenae",0,0,0,0,0,0,0,0,0,0,0,0,0,0,0,0,0,0,362719,0,"bOTU_1128"
"1129","k__Bacteria","p__Pseudomonadota","c__Betaproteobacteria","o__Burkholderiales","f__Comamonadaceae","g__Curvibacter","s__Curvibacter_sp_PAE_UM",0,0,0,0,0,0,0,0,0,0,0,0,0,0,0,0,0,0,124309,0,"bOTU_1129"
"1130","k__Bacteria","p__Pseudomonadota","c__Alphaproteobacteria","o__Hyphomicrobiales","f__Xanthobacteraceae","g__Xanthobacter","s__Xanthobacter_autotrophicus",0,0,0,0,0,0,0,0,0,0,0,0,0,0,0,0,0,0,87443,0,"bOTU_1130"
"1131","k__Bacteria","p__Candidatus_Roizmanbacteria","c__CFGB3888","o__OFGB3888","f__FGB3888","g__GGB11892","s__GGB11892_SGB18642",0,0,0,0,0,0,0,0,0,0,0,0,0,0,0,0,0,0,5142,0,"bOTU_1131"
"1132","k__Bacteria","p__Pseudomonadota","c__Alphaproteobacteria","o__Rhodobacterales","f__Paracoccaceae","g__Paracoccus","s__Paracoccus_marcusii",0,0,0,0,0,0,0,0,0,0,0,0,0,0,0,0,0,0,15743,0,"bOTU_1132"
"1133","k__Bacteria","p__Pseudomonadota","c__Gammaproteobacteria","o__Immundisolibacterales","f__Immundisolibacteraceae","g__GGB37707","s__GGB37707_SGB62008",0,0,0,0,0,0,0,0,0,0,0,0,0,0,0,0,0,0,7780,0,"bOTU_1133"
"1134","k__Bacteria","p__Pseudomonadota","c__Alphaproteobacteria","o__Hyphomicrobiales","f__Phyllobacteriaceae","g__Mesorhizobium","s__Mesorhizobium_sp_BE184",0,0,0,0,0,0,0,0,0,0,0,0,0,0,0,0,0,0,6244,0,"bOTU_1134"
"1135","k__Bacteria","p__Actinomycetota","c__Actinomycetes","o__Micrococcales","f__Micrococcaceae","g__Arthrobacter","s__Arthrobacter_sp_Bz4",0,0,0,0,0,0,0,0,0,0,0,0,0,0,0,0,0,0,5679,0,"bOTU_1135"
"1136","k__Bacteria","p__Verrucomicrobiota","c__Opitutia","o__Opitutales","f__Opitutaceae","g__GGB140175","s__GGB140175_SGB187450",0,0,0,0,0,0,0,0,0,0,0,0,0,0,0,0,0,0,7376,0,"bOTU_1136"
"1137","k__Bacteria","p__Actinomycetota","c__Thermoleophilia","o__Solirubrobacterales","f__Baekduiaceae","g__Svornostia","s__Svornostia_abyssi",0,0,0,0,0,0,0,0,0,0,0,0,0,0,0,0,0,0,7231,0,"bOTU_1137"
"1138","k__Bacteria","p__Thermodesulfobacteriota","c__CFGB35538","o__OFGB35538","f__FGB35538","g__GGB63067","s__GGB63067_SGB85311",0,0,0,0,0,0,0,0,0,0,0,0,0,0,0,0,0,0,28289,0,"bOTU_1138"
"1139","k__Bacteria","p__Spirochaetota","c__CFGB2903","o__OFGB2903","f__FGB2903","g__GGB9221","s__GGB9221_SGB14162",0,0,0,0,0,0,0,0,0,0,0,0,0,0,0,0,0,0,4845,0,"bOTU_1139"
"1140","k__Bacteria","p__Bacteroidota","c__CFGB41857","o__OFGB41857","f__FGB41857","g__GGB56419","s__GGB56419_SGB77832",0,0,0,0,0,0,0,0,0,0,0,0,0,0,0,0,0,0,3609,0,"bOTU_1140"
"1141","k__Bacteria","p__Pseudomonadota","c__Gammaproteobacteria","o__Methylococcales","f__Methylococcaceae","g__Methylicorpusculum","s__Methylicorpusculum_oleiharenae",0,0,0,0,0,0,0,0,0,0,0,0,0,0,0,0,0,0,362719,0,"bOTU_1141"
"1142","k__Bacteria","p__Pseudomonadota","c__Betaproteobacteria","o__Burkholderiales","f__Comamonadaceae","g__Curvibacter","s__Curvibacter_sp_PAE_UM",0,0,0,0,0,0,0,0,0,0,0,0,0,0,0,0,0,0,124309,0,"bOTU_1142"
"1143","k__Bacteria","p__Pseudomonadota","c__Alphaproteobacteria","o__Hyphomicrobiales","f__Xanthobacteraceae","g__Xanthobacter","s__Xanthobacter_autotrophicus",0,0,0,0,0,0,0,0,0,0,0,0,0,0,0,0,0,0,87443,0,"bOTU_1143"
"1144","k__Bacteria","p__Candidatus_Roizmanbacteria","c__CFGB3888","o__OFGB3888","f__FGB3888","g__GGB11892","s__GGB11892_SGB18642",0,0,0,0,0,0,0,0,0,0,0,0,0,0,0,0,0,0,5142,0,"bOTU_1144"
"1145","k__Bacteria","p__Actinomycetota","c__Actinomycetes","o__Mycobacteriales","f__Mycobacteriaceae","g__Mycolicibacterium","s__Mycolicibacterium_hippocampi",0,0,0,0,0,0,0,0,0,0,0,0,0,0,0,0,0,0,17543,0,"bOTU_1145"
"1146","k__Bacteria","p__Pseudomonadota","c__Alphaproteobacteria","o__Rhodobacterales","f__Paracoccaceae","g__Paracoccus","s__Paracoccus_marcusii",0,0,0,0,0,0,0,0,0,0,0,0,0,0,0,0,0,0,15743,0,"bOTU_1146"
"1147","k__Bacteria","p__Pseudomonadota","c__Gammaproteobacteria","o__Immundisolibacterales","f__Immundisolibacteraceae","g__GGB37707","s__GGB37707_SGB62008",0,0,0,0,0,0,0,0,0,0,0,0,0,0,0,0,0,0,7780,0,"bOTU_1147"
"1148","k__Bacteria","p__Pseudomonadota","c__Alphaproteobacteria","o__Hyphomicrobiales","f__Phyllobacteriaceae","g__Mesorhizobium","s__Mesorhizobium_sp_BE184",0,0,0,0,0,0,0,0,0,0,0,0,0,0,0,0,0,0,6244,0,"bOTU_1148"
"1149","k__Bacteria","p__Actinomycetota","c__Actinomycetes","o__Micrococcales","f__Micrococcaceae","g__Arthrobacter","s__Arthrobacter_sp_Bz4",0,0,0,0,0,0,0,0,0,0,0,0,0,0,0,0,0,0,5679,0,"bOTU_1149"
"1150","k__Bacteria","p__Verrucomicrobiota","c__Opitutia","o__Opitutales","f__Opitutaceae","g__GGB140175","s__GGB140175_SGB187450",0,0,0,0,0,0,0,0,0,0,0,0,0,0,0,0,0,0,7376,0,"bOTU_1150"
"1151","k__Bacteria","p__Actinomycetota","c__Thermoleophilia","o__Solirubrobacterales","f__Baekduiaceae","g__Svornostia","s__Svornostia_abyssi",0,0,0,0,0,0,0,0,0,0,0,0,0,0,0,0,0,0,7231,0,"bOTU_1151"
"1152","k__Bacteria","p__Thermodesulfobacteriota","c__CFGB35538","o__OFGB35538","f__FGB35538","g__GGB63067","s__GGB63067_SGB85311",0,0,0,0,0,0,0,0,0,0,0,0,0,0,0,0,0,0,28289,0,"bOTU_1152"
"1153","k__Bacteria","p__Spirochaetota","c__CFGB2903","o__OFGB2903","f__FGB2903","g__GGB9221","s__GGB9221_SGB14162",0,0,0,0,0,0,0,0,0,0,0,0,0,0,0,0,0,0,4845,0,"bOTU_1153"
"1154","k__Bacteria","p__Bacteroidota","c__CFGB41857","o__OFGB41857","f__FGB41857","g__GGB56419","s__GGB56419_SGB77832",0,0,0,0,0,0,0,0,0,0,0,0,0,0,0,0,0,0,3609,0,"bOTU_1154"
"1155","k__Bacteria","p__Pseudomonadota","c__Gammaproteobacteria","o__Thiotrichales","f__Piscirickettsiaceae","g__Methylophaga","s__Methylophaga_muralis",0,0,0,0,0,0,0,0,0,0,0,0,0,0,0,0,6736,0,0,4080238,"bOTU_1155"
"1156","k__Archaea","p__Methanobacteriota","c__Methanomicrobia","o__Methanomicrobiales","f__Methanocalculaceae","g__GGB103003","s__GGB103003_SGB147816",0,0,0,0,0,0,0,0,0,0,0,0,0,0,0,0,0,0,0,140257,"aOTU_1156"
"1157","k__Bacteria","p__Chloroflexota","c__CFGB23707","o__OFGB23707","f__FGB23707","g__GGB61328","s__GGB61328_SGB123362",0,0,0,0,0,0,0,0,0,0,0,0,0,0,0,0,0,0,0,3773,"bOTU_1157"
"1158","k__Bacteria","p__Pseudomonadota","c__Betaproteobacteria","o__Burkholderiales","f__Comamonadaceae","g__Hydrogenophaga","s__Hydrogenophaga_SGB22460",0,0,0,0,0,0,0,0,0,0,0,0,0,0,0,0,0,0,0,372552,"bOTU_1158"
"1159","k__Bacteria","p__Pseudomonadota","c__Gammaproteobacteria","o__Methylococcales","f__Methylococcaceae","g__Methylobacter","s__Methylobacter_psychrophilus",0,0,0,0,0,0,0,0,0,0,0,0,0,0,0,0,0,0,0,9532,"bOTU_1159"
"1160","k__Bacteria","p__Bacteroidota","c__Cytophagia","o__Cytophagales","f__Cytophagaceae","g__Rhodonellum","s__Rhodonellum_psychrophilum",0,0,0,0,0,0,0,0,0,0,0,0,0,0,0,0,0,0,0,4627,"bOTU_1160"
"1161","k__Bacteria","p__Pseudomonadota","c__Gammaproteobacteria","o__Pseudomonadales","f__Pseudomonadaceae","g__Halopseudomonas","s__Halopseudomonas_pelagia",0,0,0,0,0,0,0,0,0,0,0,0,0,0,0,0,0,0,0,8054,"bOTU_1161"
"1162","k__Bacteria","p__Pseudomonadota","c__Gammaproteobacteria","o__Thiotrichales","f__Piscirickettsiaceae","g__Methylophaga","s__Methylophaga_muralis",0,0,0,0,0,0,0,0,0,0,0,0,0,0,0,0,6736,0,0,4080238,"bOTU_1162"
"1163","k__Archaea","p__Methanobacteriota","c__Methanomicrobia","o__Methanomicrobiales","f__Methanocalculaceae","g__GGB103003","s__GGB103003_SGB147816",0,0,0,0,0,0,0,0,0,0,0,0,0,0,0,0,0,0,0,140257,"aOTU_1163"
"1164","k__Bacteria","p__Chloroflexota","c__CFGB23707","o__OFGB23707","f__FGB23707","g__GGB61328","s__GGB61328_SGB123362",0,0,0,0,0,0,0,0,0,0,0,0,0,0,0,0,0,0,0,3773,"bOTU_1164"
"1165","k__Bacteria","p__Pseudomonadota","c__Betaproteobacteria","o__Burkholderiales","f__Comamonadaceae","g__Hydrogenophaga","s__Hydrogenophaga_SGB22460",0,0,0,0,0,0,0,0,0,0,0,0,0,0,0,0,0,0,0,372552,"bOTU_1165"
"1166","k__Bacteria","p__Pseudomonadota","c__Gammaproteobacteria","o__Methylococcales","f__Methylococcaceae","g__Methylobacter","s__Methylobacter_psychrophilus",0,0,0,0,0,0,0,0,0,0,0,0,0,0,0,0,0,0,0,9532,"bOTU_1166"
"1167","k__Bacteria","p__Bacteroidota","c__Cytophagia","o__Cytophagales","f__Cytophagaceae","g__Rhodonellum","s__Rhodonellum_psychrophilum",0,0,0,0,0,0,0,0,0,0,0,0,0,0,0,0,0,0,0,4627,"bOTU_1167"
"1168","k__Bacteria","p__Pseudomonadota","c__Gammaproteobacteria","o__Pseudomonadales","f__Pseudomonadaceae","g__Halopseudomonas","s__Halopseudomonas_pelagia",0,0,0,0,0,0,0,0,0,0,0,0,0,0,0,0,0,0,0,8054,"bOTU_1168"
"1169","k__Bacteria","p__Pseudomonadota","c__Gammaproteobacteria","o__Moraxellales","f__Moraxellaceae","g__Moraxellaceae_unclassified","s__Moraxellaceae_unclassified_SGB165575",0,0,0,0,0,0,0,0,0,0,0,0,0,0,0,0,3535739,0,0,0,"bOTU_1169"
"1170","k__Bacteria","p__Bacteroidota","c__Flavobacteriia","o__Flavobacteriales","f__Flavobacteriaceae","g__Flavobacterium","s__Flavobacterium_lacustre",0,0,0,0,0,0,0,0,0,0,0,0,0,0,0,0,176906,0,0,0,"bOTU_1170"
"1171","k__Bacteria","p__Pseudomonadota","c__CFGB8809","o__OFGB8809","f__FGB8809","g__GGB124109","s__GGB124109_SGB164210",0,0,0,0,0,0,0,0,0,0,0,0,0,0,0,0,267812,0,0,0,"bOTU_1171"
"1172","k__Bacteria","p__Pseudomonadota","c__Betaproteobacteria","o__Burkholderiales","f__Comamonadaceae","g__Hydrogenophaga","s__Hydrogenophaga_sp_SL48",0,0,0,0,0,0,0,0,0,0,0,0,0,0,0,0,146339,0,0,0,"bOTU_1172"
"1173","k__Bacteria","p__Pseudomonadota","c__Gammaproteobacteria","o__Methylococcales","f__Methylococcaceae","g__GGB74243","s__GGB74243_SGB165308",0,0,0,0,0,0,0,0,0,0,0,0,0,0,0,0,81020,0,0,0,"bOTU_1173"
"1174","k__Bacteria","p__Pseudomonadota","c__Betaproteobacteria","o__Nitrosomonadales","f__Methylophilaceae","g__GGB34875","s__GGB34875_SGB163110",0,0,0,0,0,0,0,0,0,0,0,0,0,0,0,0,30157,0,0,0,"bOTU_1174"
"1175","k__Bacteria","p__Pseudomonadota","c__Gammaproteobacteria","o__Methylococcales","f__Methylococcaceae","g__Methylomonas","s__Methylomonas_methanica",0,0,0,0,0,0,0,0,0,0,0,0,0,0,0,0,80001,0,0,0,"bOTU_1175"
"1176","k__Bacteria","p__Pseudomonadota","c__Alphaproteobacteria","o__Sphingomonadales","f__Sphingomonadaceae","g__GGB66403","s__GGB66403_SGB106858",0,0,0,0,0,0,0,0,0,0,0,0,0,0,0,0,27940,0,0,0,"bOTU_1176"
"1177","k__Bacteria","p__Pseudomonadota","c__Betaproteobacteria","o__Betaproteobacteria_unclassified","f__Betaproteobacteria_unclassified","g__Betaproteobacteria_unclassified","s__beta_proteobacterium_CB",0,0,0,0,0,0,0,0,0,0,0,0,0,0,0,0,21511,0,0,0,"bOTU_1177"
"1178","k__Bacteria","p__Pseudomonadota","c__Betaproteobacteria","o__Burkholderiales","f__Comamonadaceae","g__GGB65441","s__GGB65441_SGB178327",0,0,0,0,0,0,0,0,0,0,0,0,0,0,0,0,24626,0,0,0,"bOTU_1178"
"1179","k__Bacteria","p__Nitrospirota","c__CFGB10821","o__OFGB10821","f__FGB10821","g__GGB73932","s__GGB73932_SGB50253",0,0,0,0,0,0,0,0,0,0,0,0,0,0,0,0,18003,0,0,0,"bOTU_1179"
"1180","k__Bacteria","p__Bacteroidota","c__CFGB4833","o__OFGB4833","f__FGB4833","g__GGB47342","s__GGB47342_SGB65298",0,0,0,0,0,0,0,0,0,0,0,0,0,0,0,0,13913,0,0,0,"bOTU_1180"
"1181","k__Bacteria","p__Candidatus_Saccharibacteria","c__CFGB52877","o__OFGB52877","f__FGB52877","g__GGB54342","s__GGB54342_SGB155265",0,0,0,0,0,0,0,0,0,0,0,0,0,0,0,0,9908,0,0,0,"bOTU_1181"
"1182","k__Archaea","p__Methanobacteriota","c__Methanomicrobia","o__Methanomicrobiales","f__Methanoregulaceae","g__GGB103014","s__GGB103014_SGB147860",0,0,0,0,0,0,0,0,0,0,0,0,0,0,0,0,21419,0,0,0,"aOTU_1182"
"1183","k__Bacteria","p__Pseudomonadota","c__Betaproteobacteria","o__Burkholderiales","f__Oxalobacteraceae","g__Undibacterium","s__Undibacterium_parvum",0,0,0,0,0,0,0,0,0,0,0,0,0,0,0,0,22628,0,0,0,"bOTU_1183"
"1184","k__Bacteria","p__Bacteroidota","c__CFGB7452","o__OFGB7452","f__FGB7452","g__GGB109391","s__GGB109391_SGB197422",0,0,0,0,0,0,0,0,0,0,0,0,0,0,0,0,128328,0,0,0,"bOTU_1184"
"1185","k__Bacteria","p__Pseudomonadota","c__Betaproteobacteria","o__Burkholderiales","f__Comamonadaceae","g__GGB14851","s__GGB14851_SGB88291",0,0,0,0,0,0,0,0,0,0,0,0,0,0,0,0,68182,0,0,0,"bOTU_1185"
"1186","k__Bacteria","p__Candidatus_Saccharibacteria","c__CFGB1597","o__OFGB1597","f__FGB1597","g__GGB106825","s__GGB106825_SGB189029",0,0,0,0,0,0,0,0,0,0,0,0,0,0,0,0,12748,0,0,0,"bOTU_1186"
"1187","k__Bacteria","p__Pseudomonadota","c__Alphaproteobacteria","o__Hyphomicrobiales","f__Methylobacteriaceae","g__Methylobacterium","s__Methylobacterium_bullatum",0,0,0,0,0,0,0,0,0,0,0,0,0,0,0,0,25040,0,0,0,"bOTU_1187"
"1188","k__Bacteria","p__Pseudomonadota","c__Betaproteobacteria","o__Burkholderiales","f__Oxalobacteraceae","g__Undibacterium","s__Undibacterium_piscinae",0,0,0,0,0,0,0,0,0,0,0,0,0,0,0,0,20223,0,0,0,"bOTU_1188"
"1189","k__Bacteria","p__Pseudomonadota","c__Alphaproteobacteria","o__Caulobacterales","f__Caulobacteraceae","g__Caulobacter","s__Caulobacter_sp_B11",0,0,0,0,0,0,0,0,0,0,0,0,0,0,0,0,18538,0,0,0,"bOTU_1189"
"1190","k__Bacteria","p__Pseudomonadota","c__Betaproteobacteria","o__Burkholderiales","f__Comamonadaceae","g__GGB26426","s__GGB26426_SGB38584",0,0,0,0,0,0,0,0,0,0,0,0,0,0,0,0,29828,0,0,0,"bOTU_1190"
"1191","k__Bacteria","p__Actinomycetota","c__Actinomycetes","o__Micrococcales","f__Micrococcaceae","g__Arthrobacter","s__Arthrobacter_SGB175522",0,0,0,0,0,0,0,0,0,0,0,0,0,0,0,0,37119,0,0,0,"bOTU_1191"
"1192","k__Bacteria","p__Pseudomonadota","c__Betaproteobacteria","o__Burkholderiales","f__Comamonadaceae","g__GGB14851","s__GGB14851_SGB178981",0,0,0,0,0,0,0,0,0,0,0,0,0,0,0,0,27033,0,0,0,"bOTU_1192"
"1193","k__Bacteria","p__Pseudomonadota","c__Betaproteobacteria","o__Burkholderiales","f__Comamonadaceae","g__GGB65312","s__GGB65312_SGB179008",0,0,0,0,0,0,0,0,0,0,0,0,0,0,0,0,22519,0,0,0,"bOTU_1193"
"1194","k__Bacteria","p__Pseudomonadota","c__Betaproteobacteria","o__Burkholderiales","f__Oxalobacteraceae","g__Lacisediminimonas","s__Lacisediminimonas_profundi",0,0,0,0,0,0,0,0,0,0,0,0,0,0,0,0,11323,0,0,0,"bOTU_1194"
"1195","k__Bacteria","p__Pseudomonadota","c__Alphaproteobacteria","o__Hyphomicrobiales","f__Nitrobacteraceae","g__Bradyrhizobium","s__Bradyrhizobium_sp_G127",0,0,0,0,0,0,0,0,0,0,0,0,0,0,0,0,16653,0,0,0,"bOTU_1195"
"1196","k__Bacteria","p__Pseudomonadota","c__Betaproteobacteria","o__Burkholderiales","f__Comamonadaceae","g__Simplicispira","s__Simplicispira_SGB61893",0,0,0,0,0,0,0,0,0,0,0,0,0,0,0,0,19933,0,0,0,"bOTU_1196"
"1197","k__Bacteria","p__Candidatus_Parcubacteria","c__CFGB14508","o__OFGB14508","f__FGB14508","g__GGB40114","s__GGB40114_SGB190254",0,0,0,0,0,0,0,0,0,0,0,0,0,0,0,0,2590,0,0,0,"bOTU_1197"
"1198","k__Bacteria","p__Pseudomonadota","c__Gammaproteobacteria","o__Moraxellales","f__Moraxellaceae","g__Acinetobacter","s__Acinetobacter_johnsonii",0,0,0,0,0,0,0,0,0,0,0,0,0,0,0,0,15109,0,0,0,"bOTU_1198"
"1199","k__Bacteria","p__Bacteria_unclassified","c__Bacteria_unclassified","o__Bacteria_unclassified","f__Bacteria_unclassified","g__Bacteria_unclassified","s__Bacteria_unclassified_SGB111735",0,0,0,0,0,0,0,0,0,0,0,0,0,0,0,0,18053,0,0,0,"bOTU_1199"
"1200","k__Bacteria","p__Pseudomonadota","c__Alphaproteobacteria","o__Hyphomicrobiales","f__Methylobacteriaceae","g__Methylobacterium","s__Methylobacterium_sp_Leaf86",0,0,0,0,0,0,0,0,0,0,0,0,0,0,0,0,18358,0,0,0,"bOTU_1200"
"1201","k__Bacteria","p__Pseudomonadota","c__Gammaproteobacteria","o__Methylococcales","f__Methylococcaceae","g__Methylobacter","s__Methylobacter_SGB81193",0,0,0,0,0,0,0,0,0,0,0,0,0,0,0,0,116183,0,0,0,"bOTU_1201"
"1202","k__Bacteria","p__Pseudomonadota","c__Betaproteobacteria","o__Burkholderiales","f__Comamonadaceae","g__GGB14856","s__GGB14856_SGB22425",0,0,0,0,0,0,0,0,0,0,0,0,0,0,0,0,13143,0,0,0,"bOTU_1202"
"1203","k__Bacteria","p__Pseudomonadota","c__Alphaproteobacteria","o__Hyphomicrobiales","f__Devosiaceae","g__Devosia","s__Devosia_SGB184147",0,0,0,0,0,0,0,0,0,0,0,0,0,0,0,0,11168,0,0,0,"bOTU_1203"
"1204","k__Bacteria","p__Pseudomonadota","c__Betaproteobacteria","o__Rhodocyclales","f__Zoogloeaceae","g__GGB75646","s__GGB75646_SGB103098",0,0,0,0,0,0,0,0,0,0,0,0,0,0,0,0,11826,0,0,0,"bOTU_1204"
"1205","k__Bacteria","p__Pseudomonadota","c__Betaproteobacteria","o__Burkholderiales","f__Comamonadaceae","g__GGB14851","s__GGB14851_SGB22419",0,0,0,0,0,0,0,0,0,0,0,0,0,0,0,0,124001,0,0,0,"bOTU_1205"
"1206","k__Bacteria","p__Lentisphaerota","c__CFGB88027","o__OFGB88027","f__FGB88027","g__GGB113176","s__GGB113176_SGB152724",0,0,0,0,0,0,0,0,0,0,0,0,0,0,0,0,4134,0,0,0,"bOTU_1206"
"1207","k__Bacteria","p__Pseudomonadota","c__Betaproteobacteria","o__Burkholderiales","f__Comamonadaceae","g__GGB65310","s__GGB65310_SGB88295",0,0,0,0,0,0,0,0,0,0,0,0,0,0,0,0,33395,0,0,0,"bOTU_1207"
"1208","k__Bacteria","p__Pseudomonadota","c__Alphaproteobacteria","o__Caulobacterales","f__Caulobacteraceae","g__Phenylobacterium","s__Phenylobacterium_sp_CCH12_B4",0,0,0,0,0,0,0,0,0,0,0,0,0,0,0,0,221888,0,0,0,"bOTU_1208"
"1209","k__Bacteria","p__Pseudomonadota","c__Betaproteobacteria","o__Burkholderiales","f__Oxalobacteraceae","g__Noviherbaspirillum","s__Noviherbaspirillum_suwonense",0,0,0,0,0,0,0,0,0,0,0,0,0,0,0,0,7885,0,0,0,"bOTU_1209"
"1210","k__Bacteria","p__Pseudomonadota","c__Betaproteobacteria","o__Burkholderiales","f__Comamonadaceae","g__GGB78018","s__GGB78018_SGB108254",0,0,0,0,0,0,0,0,0,0,0,0,0,0,0,0,51833,0,0,0,"bOTU_1210"
"1211","k__Bacteria","p__Bacteroidota","c__CFGB14526","o__OFGB14526","f__FGB14526","g__GGB13952","s__GGB13952_SGB2454",0,0,0,0,0,0,0,0,0,0,0,0,0,0,0,0,5693,0,0,0,"bOTU_1211"
"1212","k__Bacteria","p__Pseudomonadota","c__Alphaproteobacteria","o__Sphingomonadales","f__Sphingomonadaceae","g__Sphingobium","s__Sphingobium_sp_BS19",0,0,0,0,0,0,0,0,0,0,0,0,0,0,0,0,6532,0,0,0,"bOTU_1212"
"1213","k__Bacteria","p__Acidobacteriota","c__CFGB8775","o__OFGB8775","f__FGB8775","g__GGB63485","s__GGB63485_SGB85795",0,0,0,0,0,0,0,0,0,0,0,0,0,0,0,0,6972,0,0,0,"bOTU_1213"
"1214","k__Bacteria","p__Pseudomonadota","c__Alphaproteobacteria","o__Rhodobacterales","f__Paracoccaceae","g__GGB15926","s__GGB15926_SGB24199",0,0,0,0,0,0,0,0,0,0,0,0,0,0,0,0,7384,0,0,0,"bOTU_1214"
"1215","k__Bacteria","p__Pseudomonadota","c__Gammaproteobacteria","o__Pseudomonadales","f__Pseudomonadaceae","g__Pseudomonas","s__Pseudomonas_leptonychotis",0,0,0,0,0,0,0,0,0,0,0,0,0,0,0,0,10476,0,0,0,"bOTU_1215"
"1216","k__Bacteria","p__Pseudomonadota","c__Alphaproteobacteria","o__Caulobacterales","f__Caulobacteraceae","g__Phenylobacterium","s__Phenylobacterium_glaciei",0,0,0,0,0,0,0,0,0,0,0,0,0,0,0,0,18775,0,0,0,"bOTU_1216"
"1217","k__Bacteria","p__Acidobacteriota","c__Acidobacteriota_unclassified","o__Acidobacteriota_unclassified","f__Acidobacteriota_unclassified","g__GGB25760","s__GGB25760_SGB103248",0,0,0,0,0,0,0,0,0,0,0,0,0,0,0,0,13617,0,0,0,"bOTU_1217"
"1218","k__Bacteria","p__Bacteroidota","c__Flavobacteriia","o__Flavobacteriales","f__Flavobacteriaceae","g__Flavobacterium","s__Flavobacterium_franklandianum",0,0,0,0,0,0,0,0,0,0,0,0,0,0,0,0,7452,0,0,0,"bOTU_1218"
"1219","k__Bacteria","p__Pseudomonadota","c__Alphaproteobacteria","o__Hyphomicrobiales","f__Rhizobiaceae","g__Agrobacterium","s__Agrobacterium_rosae",0,0,0,0,0,0,0,0,0,0,0,0,0,0,0,0,8273,0,0,0,"bOTU_1219"
"1220","k__Bacteria","p__Thermodesulfobacteriota","c__CFGB2259","o__OFGB2259","f__FGB2259","g__GGB39917","s__GGB39917_SGB85364",0,0,0,0,0,0,0,0,0,0,0,0,0,0,0,0,4025,0,0,0,"bOTU_1220"
"1221","k__Bacteria","p__Lentisphaerota","c__CFGB36411","o__OFGB36411","f__FGB36411","g__GGB61857","s__GGB61857_SGB168188",0,0,0,0,0,0,0,0,0,0,0,0,0,0,0,0,7263,0,0,0,"bOTU_1221"
"1222","k__Bacteria","p__Pseudomonadota","c__Betaproteobacteria","o__Burkholderiales","f__Comamonadaceae","g__GGB134354","s__GGB134354_SGB179105",0,0,0,0,0,0,0,0,0,0,0,0,0,0,0,0,4913,0,0,0,"bOTU_1222"
"1223","k__Bacteria","p__Pseudomonadota","c__Betaproteobacteria","o__Burkholderiales","f__Comamonadaceae","g__Hydrogenophaga","s__Hydrogenophaga_sp_A37",0,0,0,0,0,0,0,0,0,0,0,0,0,0,0,0,15767,0,0,0,"bOTU_1223"
"1224","k__Bacteria","p__Verrucomicrobiota","c__CFGB41492","o__OFGB41492","f__FGB41492","g__GGB139998","s__GGB139998_SGB186964",0,0,0,0,0,0,0,0,0,0,0,0,0,0,0,0,8993,0,0,0,"bOTU_1224"
"1225","k__Bacteria","p__Nitrospirota","c__CFGB6263","o__OFGB6263","f__FGB6263","g__GGB73596","s__GGB73596_SGB126134",0,0,0,0,0,0,0,0,0,0,0,0,0,0,0,0,8989,0,0,0,"bOTU_1225"
"1226","k__Bacteria","p__Bacteroidota","c__CFGB7452","o__OFGB7452","f__FGB7452","g__GGB109391","s__GGB109391_SGB197421",0,0,0,0,0,0,0,0,0,0,0,0,0,0,0,0,31406,0,0,0,"bOTU_1226"
"1227","k__Bacteria","p__Pseudomonadota","c__Gammaproteobacteria","o__Moraxellales","f__Moraxellaceae","g__Moraxellaceae_unclassified","s__Moraxellaceae_unclassified_SGB165575",0,0,0,0,0,0,0,0,0,0,0,0,0,0,0,0,3535739,0,0,0,"bOTU_1227"
"1228","k__Bacteria","p__Bacteroidota","c__Flavobacteriia","o__Flavobacteriales","f__Flavobacteriaceae","g__Flavobacterium","s__Flavobacterium_lacustre",0,0,0,0,0,0,0,0,0,0,0,0,0,0,0,0,176906,0,0,0,"bOTU_1228"
"1229","k__Bacteria","p__Pseudomonadota","c__CFGB8809","o__OFGB8809","f__FGB8809","g__GGB124109","s__GGB124109_SGB164210",0,0,0,0,0,0,0,0,0,0,0,0,0,0,0,0,267812,0,0,0,"bOTU_1229"
"1230","k__Bacteria","p__Pseudomonadota","c__Betaproteobacteria","o__Burkholderiales","f__Comamonadaceae","g__Hydrogenophaga","s__Hydrogenophaga_sp_SL48",0,0,0,0,0,0,0,0,0,0,0,0,0,0,0,0,146339,0,0,0,"bOTU_1230"
"1231","k__Bacteria","p__Pseudomonadota","c__Gammaproteobacteria","o__Methylococcales","f__Methylococcaceae","g__GGB74243","s__GGB74243_SGB165308",0,0,0,0,0,0,0,0,0,0,0,0,0,0,0,0,81020,0,0,0,"bOTU_1231"
"1232","k__Bacteria","p__Pseudomonadota","c__Betaproteobacteria","o__Nitrosomonadales","f__Methylophilaceae","g__GGB34875","s__GGB34875_SGB163110",0,0,0,0,0,0,0,0,0,0,0,0,0,0,0,0,30157,0,0,0,"bOTU_1232"
"1233","k__Bacteria","p__Pseudomonadota","c__Gammaproteobacteria","o__Methylococcales","f__Methylococcaceae","g__Methylomonas","s__Methylomonas_methanica",0,0,0,0,0,0,0,0,0,0,0,0,0,0,0,0,80001,0,0,0,"bOTU_1233"
"1234","k__Bacteria","p__Pseudomonadota","c__Alphaproteobacteria","o__Sphingomonadales","f__Sphingomonadaceae","g__GGB66403","s__GGB66403_SGB106858",0,0,0,0,0,0,0,0,0,0,0,0,0,0,0,0,27940,0,0,0,"bOTU_1234"
"1235","k__Bacteria","p__Pseudomonadota","c__Betaproteobacteria","o__Betaproteobacteria_unclassified","f__Betaproteobacteria_unclassified","g__Betaproteobacteria_unclassified","s__beta_proteobacterium_CB",0,0,0,0,0,0,0,0,0,0,0,0,0,0,0,0,21511,0,0,0,"bOTU_1235"
"1236","k__Bacteria","p__Pseudomonadota","c__Betaproteobacteria","o__Burkholderiales","f__Comamonadaceae","g__GGB65441","s__GGB65441_SGB178327",0,0,0,0,0,0,0,0,0,0,0,0,0,0,0,0,24626,0,0,0,"bOTU_1236"
"1237","k__Bacteria","p__Nitrospirota","c__CFGB10821","o__OFGB10821","f__FGB10821","g__GGB73932","s__GGB73932_SGB50253",0,0,0,0,0,0,0,0,0,0,0,0,0,0,0,0,18003,0,0,0,"bOTU_1237"
"1238","k__Bacteria","p__Bacteroidota","c__CFGB4833","o__OFGB4833","f__FGB4833","g__GGB47342","s__GGB47342_SGB65298",0,0,0,0,0,0,0,0,0,0,0,0,0,0,0,0,13913,0,0,0,"bOTU_1238"
"1239","k__Bacteria","p__Candidatus_Saccharibacteria","c__CFGB52877","o__OFGB52877","f__FGB52877","g__GGB54342","s__GGB54342_SGB155265",0,0,0,0,0,0,0,0,0,0,0,0,0,0,0,0,9908,0,0,0,"bOTU_1239"
"1240","k__Archaea","p__Methanobacteriota","c__Methanomicrobia","o__Methanomicrobiales","f__Methanoregulaceae","g__GGB103014","s__GGB103014_SGB147860",0,0,0,0,0,0,0,0,0,0,0,0,0,0,0,0,21419,0,0,0,"aOTU_1240"
"1241","k__Bacteria","p__Pseudomonadota","c__Betaproteobacteria","o__Burkholderiales","f__Oxalobacteraceae","g__Undibacterium","s__Undibacterium_parvum",0,0,0,0,0,0,0,0,0,0,0,0,0,0,0,0,22628,0,0,0,"bOTU_1241"
"1242","k__Bacteria","p__Bacteroidota","c__CFGB7452","o__OFGB7452","f__FGB7452","g__GGB109391","s__GGB109391_SGB197422",0,0,0,0,0,0,0,0,0,0,0,0,0,0,0,0,128328,0,0,0,"bOTU_1242"
"1243","k__Bacteria","p__Pseudomonadota","c__Betaproteobacteria","o__Burkholderiales","f__Comamonadaceae","g__GGB14851","s__GGB14851_SGB88291",0,0,0,0,0,0,0,0,0,0,0,0,0,0,0,0,68182,0,0,0,"bOTU_1243"
"1244","k__Bacteria","p__Candidatus_Saccharibacteria","c__CFGB1597","o__OFGB1597","f__FGB1597","g__GGB106825","s__GGB106825_SGB189029",0,0,0,0,0,0,0,0,0,0,0,0,0,0,0,0,12748,0,0,0,"bOTU_1244"
"1245","k__Bacteria","p__Pseudomonadota","c__Alphaproteobacteria","o__Hyphomicrobiales","f__Methylobacteriaceae","g__Methylobacterium","s__Methylobacterium_bullatum",0,0,0,0,0,0,0,0,0,0,0,0,0,0,0,0,25040,0,0,0,"bOTU_1245"
"1246","k__Bacteria","p__Pseudomonadota","c__Betaproteobacteria","o__Burkholderiales","f__Oxalobacteraceae","g__Undibacterium","s__Undibacterium_piscinae",0,0,0,0,0,0,0,0,0,0,0,0,0,0,0,0,20223,0,0,0,"bOTU_1246"
"1247","k__Bacteria","p__Pseudomonadota","c__Alphaproteobacteria","o__Caulobacterales","f__Caulobacteraceae","g__Caulobacter","s__Caulobacter_sp_B11",0,0,0,0,0,0,0,0,0,0,0,0,0,0,0,0,18538,0,0,0,"bOTU_1247"
"1248","k__Bacteria","p__Pseudomonadota","c__Betaproteobacteria","o__Burkholderiales","f__Comamonadaceae","g__GGB26426","s__GGB26426_SGB38584",0,0,0,0,0,0,0,0,0,0,0,0,0,0,0,0,29828,0,0,0,"bOTU_1248"
"1249","k__Bacteria","p__Actinomycetota","c__Actinomycetes","o__Micrococcales","f__Micrococcaceae","g__Arthrobacter","s__Arthrobacter_SGB175522",0,0,0,0,0,0,0,0,0,0,0,0,0,0,0,0,37119,0,0,0,"bOTU_1249"
"1250","k__Bacteria","p__Pseudomonadota","c__Betaproteobacteria","o__Burkholderiales","f__Comamonadaceae","g__GGB14851","s__GGB14851_SGB178981",0,0,0,0,0,0,0,0,0,0,0,0,0,0,0,0,27033,0,0,0,"bOTU_1250"
"1251","k__Bacteria","p__Pseudomonadota","c__Betaproteobacteria","o__Burkholderiales","f__Comamonadaceae","g__GGB65312","s__GGB65312_SGB179008",0,0,0,0,0,0,0,0,0,0,0,0,0,0,0,0,22519,0,0,0,"bOTU_1251"
"1252","k__Bacteria","p__Pseudomonadota","c__Betaproteobacteria","o__Burkholderiales","f__Oxalobacteraceae","g__Lacisediminimonas","s__Lacisediminimonas_profundi",0,0,0,0,0,0,0,0,0,0,0,0,0,0,0,0,11323,0,0,0,"bOTU_1252"
"1253","k__Bacteria","p__Pseudomonadota","c__Alphaproteobacteria","o__Hyphomicrobiales","f__Nitrobacteraceae","g__Bradyrhizobium","s__Bradyrhizobium_sp_G127",0,0,0,0,0,0,0,0,0,0,0,0,0,0,0,0,16653,0,0,0,"bOTU_1253"
"1254","k__Bacteria","p__Pseudomonadota","c__Betaproteobacteria","o__Burkholderiales","f__Comamonadaceae","g__Simplicispira","s__Simplicispira_SGB61893",0,0,0,0,0,0,0,0,0,0,0,0,0,0,0,0,19933,0,0,0,"bOTU_1254"
"1255","k__Bacteria","p__Candidatus_Parcubacteria","c__CFGB14508","o__OFGB14508","f__FGB14508","g__GGB40114","s__GGB40114_SGB190254",0,0,0,0,0,0,0,0,0,0,0,0,0,0,0,0,2590,0,0,0,"bOTU_1255"
"1256","k__Bacteria","p__Pseudomonadota","c__Gammaproteobacteria","o__Moraxellales","f__Moraxellaceae","g__Acinetobacter","s__Acinetobacter_johnsonii",0,0,0,0,0,0,0,0,0,0,0,0,0,0,0,0,15109,0,0,0,"bOTU_1256"
"1257","k__Bacteria","p__Bacteria_unclassified","c__Bacteria_unclassified","o__Bacteria_unclassified","f__Bacteria_unclassified","g__Bacteria_unclassified","s__Bacteria_unclassified_SGB111735",0,0,0,0,0,0,0,0,0,0,0,0,0,0,0,0,18053,0,0,0,"bOTU_1257"
"1258","k__Bacteria","p__Pseudomonadota","c__Alphaproteobacteria","o__Hyphomicrobiales","f__Methylobacteriaceae","g__Methylobacterium","s__Methylobacterium_sp_Leaf86",0,0,0,0,0,0,0,0,0,0,0,0,0,0,0,0,18358,0,0,0,"bOTU_1258"
"1259","k__Bacteria","p__Pseudomonadota","c__Gammaproteobacteria","o__Methylococcales","f__Methylococcaceae","g__Methylobacter","s__Methylobacter_SGB81193",0,0,0,0,0,0,0,0,0,0,0,0,0,0,0,0,116183,0,0,0,"bOTU_1259"
"1260","k__Bacteria","p__Pseudomonadota","c__Betaproteobacteria","o__Burkholderiales","f__Comamonadaceae","g__GGB14856","s__GGB14856_SGB22425",0,0,0,0,0,0,0,0,0,0,0,0,0,0,0,0,13143,0,0,0,"bOTU_1260"
"1261","k__Bacteria","p__Bacteria_unclassified","c__Bacteria_unclassified","o__Bacteria_unclassified","f__Bacteria_unclassified","g__Bacteria_unclassified","s__bacterium",0,0,0,0,0,0,0,0,0,0,0,0,0,0,0,0,13726,0,0,0,"bOTU_1261"
"1262","k__Bacteria","p__Pseudomonadota","c__Alphaproteobacteria","o__Hyphomicrobiales","f__Devosiaceae","g__Devosia","s__Devosia_SGB184147",0,0,0,0,0,0,0,0,0,0,0,0,0,0,0,0,11168,0,0,0,"bOTU_1262"
"1263","k__Bacteria","p__Pseudomonadota","c__Betaproteobacteria","o__Rhodocyclales","f__Zoogloeaceae","g__GGB75646","s__GGB75646_SGB103098",0,0,0,0,0,0,0,0,0,0,0,0,0,0,0,0,11826,0,0,0,"bOTU_1263"
"1264","k__Bacteria","p__Pseudomonadota","c__Betaproteobacteria","o__Burkholderiales","f__Comamonadaceae","g__GGB14851","s__GGB14851_SGB22419",0,0,0,0,0,0,0,0,0,0,0,0,0,0,0,0,124001,0,0,0,"bOTU_1264"
"1265","k__Bacteria","p__Lentisphaerota","c__CFGB88027","o__OFGB88027","f__FGB88027","g__GGB113176","s__GGB113176_SGB152724",0,0,0,0,0,0,0,0,0,0,0,0,0,0,0,0,4134,0,0,0,"bOTU_1265"
"1266","k__Bacteria","p__Pseudomonadota","c__Betaproteobacteria","o__Burkholderiales","f__Comamonadaceae","g__GGB65310","s__GGB65310_SGB88295",0,0,0,0,0,0,0,0,0,0,0,0,0,0,0,0,33395,0,0,0,"bOTU_1266"
"1267","k__Bacteria","p__Pseudomonadota","c__Alphaproteobacteria","o__Caulobacterales","f__Caulobacteraceae","g__Phenylobacterium","s__Phenylobacterium_sp_CCH12_B4",0,0,0,0,0,0,0,0,0,0,0,0,0,0,0,0,221888,0,0,0,"bOTU_1267"
"1268","k__Bacteria","p__Pseudomonadota","c__Betaproteobacteria","o__Burkholderiales","f__Oxalobacteraceae","g__Noviherbaspirillum","s__Noviherbaspirillum_suwonense",0,0,0,0,0,0,0,0,0,0,0,0,0,0,0,0,7885,0,0,0,"bOTU_1268"
"1269","k__Bacteria","p__Pseudomonadota","c__Betaproteobacteria","o__Burkholderiales","f__Comamonadaceae","g__GGB78018","s__GGB78018_SGB108254",0,0,0,0,0,0,0,0,0,0,0,0,0,0,0,0,51833,0,0,0,"bOTU_1269"
"1270","k__Bacteria","p__Bacteroidota","c__CFGB14526","o__OFGB14526","f__FGB14526","g__GGB13952","s__GGB13952_SGB2454",0,0,0,0,0,0,0,0,0,0,0,0,0,0,0,0,5693,0,0,0,"bOTU_1270"
"1271","k__Bacteria","p__Bacteria_unclassified","c__Bacteria_unclassified","o__Bacteria_unclassified","f__Bacteria_unclassified","g__Bacteria_unclassified","s__bacterium",0,0,0,0,0,0,0,0,0,0,0,0,0,0,0,0,17532,0,0,0,"bOTU_1271"
"1272","k__Bacteria","p__Pseudomonadota","c__Alphaproteobacteria","o__Sphingomonadales","f__Sphingomonadaceae","g__Sphingobium","s__Sphingobium_sp_BS19",0,0,0,0,0,0,0,0,0,0,0,0,0,0,0,0,6532,0,0,0,"bOTU_1272"
"1273","k__Bacteria","p__Acidobacteriota","c__CFGB8775","o__OFGB8775","f__FGB8775","g__GGB63485","s__GGB63485_SGB85795",0,0,0,0,0,0,0,0,0,0,0,0,0,0,0,0,6972,0,0,0,"bOTU_1273"
"1274","k__Bacteria","p__Pseudomonadota","c__Alphaproteobacteria","o__Rhodobacterales","f__Paracoccaceae","g__GGB15926","s__GGB15926_SGB24199",0,0,0,0,0,0,0,0,0,0,0,0,0,0,0,0,7384,0,0,0,"bOTU_1274"
"1275","k__Bacteria","p__Pseudomonadota","c__Gammaproteobacteria","o__Pseudomonadales","f__Pseudomonadaceae","g__Pseudomonas","s__Pseudomonas_leptonychotis",0,0,0,0,0,0,0,0,0,0,0,0,0,0,0,0,10476,0,0,0,"bOTU_1275"
"1276","k__Bacteria","p__Pseudomonadota","c__Alphaproteobacteria","o__Caulobacterales","f__Caulobacteraceae","g__Phenylobacterium","s__Phenylobacterium_glaciei",0,0,0,0,0,0,0,0,0,0,0,0,0,0,0,0,18775,0,0,0,"bOTU_1276"
"1277","k__Bacteria","p__Acidobacteriota","c__Acidobacteriota_unclassified","o__Acidobacteriota_unclassified","f__Acidobacteriota_unclassified","g__GGB25760","s__GGB25760_SGB103248",0,0,0,0,0,0,0,0,0,0,0,0,0,0,0,0,13617,0,0,0,"bOTU_1277"
"1278","k__Bacteria","p__Bacteroidota","c__Flavobacteriia","o__Flavobacteriales","f__Flavobacteriaceae","g__Flavobacterium","s__Flavobacterium_franklandianum",0,0,0,0,0,0,0,0,0,0,0,0,0,0,0,0,7452,0,0,0,"bOTU_1278"
"1279","k__Bacteria","p__Pseudomonadota","c__Alphaproteobacteria","o__Hyphomicrobiales","f__Rhizobiaceae","g__Agrobacterium","s__Agrobacterium_rosae",0,0,0,0,0,0,0,0,0,0,0,0,0,0,0,0,8273,0,0,0,"bOTU_1279"
"1280","k__Bacteria","p__Thermodesulfobacteriota","c__CFGB2259","o__OFGB2259","f__FGB2259","g__GGB39917","s__GGB39917_SGB85364",0,0,0,0,0,0,0,0,0,0,0,0,0,0,0,0,4025,0,0,0,"bOTU_1280"
"1281","k__Bacteria","p__Lentisphaerota","c__CFGB36411","o__OFGB36411","f__FGB36411","g__GGB61857","s__GGB61857_SGB168188",0,0,0,0,0,0,0,0,0,0,0,0,0,0,0,0,7263,0,0,0,"bOTU_1281"
"1282","k__Bacteria","p__Pseudomonadota","c__Betaproteobacteria","o__Burkholderiales","f__Comamonadaceae","g__GGB134354","s__GGB134354_SGB179105",0,0,0,0,0,0,0,0,0,0,0,0,0,0,0,0,4913,0,0,0,"bOTU_1282"
"1283","k__Bacteria","p__Pseudomonadota","c__Betaproteobacteria","o__Burkholderiales","f__Comamonadaceae","g__Rhodoferax","s__Rhodoferax_ferrireducens",0,0,0,0,0,0,0,0,0,0,0,0,0,0,0,0,125206,0,0,0,"bOTU_1283"
"1284","k__Bacteria","p__Pseudomonadota","c__Betaproteobacteria","o__Burkholderiales","f__Comamonadaceae","g__Hydrogenophaga","s__Hydrogenophaga_sp_A37",0,0,0,0,0,0,0,0,0,0,0,0,0,0,0,0,15767,0,0,0,"bOTU_1284"
"1285","k__Bacteria","p__Verrucomicrobiota","c__CFGB41492","o__OFGB41492","f__FGB41492","g__GGB139998","s__GGB139998_SGB186964",0,0,0,0,0,0,0,0,0,0,0,0,0,0,0,0,8993,0,0,0,"bOTU_1285"
"1286","k__Bacteria","p__Nitrospirota","c__CFGB6263","o__OFGB6263","f__FGB6263","g__GGB73596","s__GGB73596_SGB126134",0,0,0,0,0,0,0,0,0,0,0,0,0,0,0,0,8989,0,0,0,"bOTU_1286"
"1287","k__Bacteria","p__Bacteroidota","c__CFGB7452","o__OFGB7452","f__FGB7452","g__GGB109391","s__GGB109391_SGB197421",0,0,0,0,0,0,0,0,0,0,0,0,0,0,0,0,31406,0,0,0,"bOTU_1287"
"1288","d__Unassigned","d__Unassigned","d__Unassigned","d__Unassigned","d__Unassigned","d__Unassigned","d__Unassigned",29684460,13489680,73814785,66517437,83372415,-303610,55000918,36938279,56799683,67608248,11470416,104351252,48989379,18652066,6644197,70445860,106476011,11411279,60288872,35590376,"uOTU_1"
