"","Kingdom","Phylum","Class","Order","Family","Genus","Species","C1","C10","C12","C13","C15","C17","C18","C19","C20","C21","C3","C4","C5","C8","C9","E1","E10","E2","E6","E9","OTUs"
"1","d__Bacteria","p__Pseudomonadota","c__Gammaproteobacteria","o__Burkholderiales","f__Nitrosomonadaceae","g__Nitrosomonas","s__Nitrosomonas sp016708955",32.635401937193,0.0004418773581268,0.311938807879331,1.00154174812759,0.779717478555483,0.00389,6.5939371290083,0,0.0055763850797411,0,0,0,19.6184152562586,0,0,0.0009547019853244,0.251660821675902,0,8.9722791434681,0,"aOTU_1"
"2","d__Bacteria","p__Pseudomonadota","c__Gammaproteobacteria","o__Burkholderiales","f__Methylophilaceae","g__Methylotenera","s__Methylotenera sp030652995",15.3092093320708,3.67574796603103,1.85256881841555,2.68187015382321,2.02821805676561,35.18691,4.06905102603125,39.0796639779081,1.90043357137001,0,22.4982418279923,5.91068394738715,0.0006105452364033,0,61.869406956571,0.150737896462875,2.72418122847158,24.2864517354143,4.69560417488097,0,"aOTU_2"
"3","d__Bacteria","p__Pseudomonadota","c__Alphaproteobacteria","o__Parvibaculales","f__Parvibaculaceae","g__Parvibaculum","s__Parvibaculum sp030694575",13.4523837126218,0,0.0501058733571801,0.0588406996175066,1.8537812133494,0.05024,0.0003069897398325,0.0438381464878961,0,0.101162336522763,0.0411559065341262,0.0127677798920222,0.0004696501818487,0,1.30213560680652,0.0013715885189161,0,0.183918020469316,0,0,"aOTU_3"
"4","d__Bacteria","p__Pseudomonadota","c__Gammaproteobacteria","o__Burkholderiales","f__Burkholderiaceae","g__Hydrogenophaga","s__Hydrogenophaga sp018333605",4.5488225863786,0.0203086833795099,0.0388948494503493,0.001918129504383,0.0040093698966161,0.17765,0.118106137779824,0,0.0178336788955136,0.0949989097100609,0,0,0.0467301930939502,48.9372797321854,0,0,0,3.42074662666092,0.0049448135796417,0.0139255798820934,"aOTU_4"
"5","d__Bacteria","p__Pseudomonadota","c__Gammaproteobacteria","o__Burkholderiales","f__Methylophilaceae","g__Methylotenera","s__Methylotenera sp030684185",4.13939921729854,16.0144220002145,0.0121562930216166,0.388885404753042,0.20361748492128,22.04803,0.232770071455569,20.99279135774,0.0015377304310801,0,20.5291328001849,0.0198935171313872,0.0300857906492306,0.0008784176351526,4.74838610612792,0.589716233994953,0.0047668531630932,33.4420981949404,0,0,"aOTU_5"
"6","d__Bacteria","p__Myxococcota","c__Myxococcia","o__Myxococcales","f__Myxococcaceae","g__Archangium_A","s__Archangium_A sp030695565",1.53044179934415,0,0.0144566682100465,0.0034316817875026,0,0,0.920910434228249,0,0,0,0,0,0.451681365891213,0.0137210196498653,0,0,0,0,0.0020745217901566,0,"aOTU_6"
"7","d__Bacteria","p__Pseudomonadota","c__Gammaproteobacteria","o__Pseudomonadales","f__Pseudohongiellaceae","g__Pseudohongiella","s__Pseudohongiella sp030651695",1.5263083989757,8.83754716253698e-05,0.0094493860110935,0,0.0167120173544787,0,0,0,0,0,0,0,0,0.0084505138389493,0.0036392834175699,0,0.0001116359054588,0.0051335924632395,0,1.01724911575867,"aOTU_7"
"8","d__Bacteria","p__Pseudomonadota","c__Gammaproteobacteria","o__Burkholderiales","f__Burkholderiaceae","g__Hydrogenophaga","s__Hydrogenophaga sp022844385",1.48663085161864,3.19277601359838,0.0139807285158886,1.58856884699442,0.0881028921488173,0.00286,1.38453679003788,2.28115506220431,0.532644627740672,0,0.0783319753538277,0.0244521875141551,1.62640797274584,0.0826597804117697,4.59103591797362,0.0750554877462561,0,0.999302195001993,0.68521776716736,0.0204911096414612,"aOTU_8"
"9","d__Bacteria","p__Pseudomonadota","c__Gammaproteobacteria","o__Pseudomonadales","f__Pseudohongiellaceae","g__UBA5078","s__UBA5078 sp030682575",0.651111183882416,0,0.389219515718222,0,0.749542237994513,0,0,0,0,0,0,0,0,0,0,0,0,0,0,0,"aOTU_9"
"10","d__Bacteria","p__Pseudomonadota","c__Gammaproteobacteria","o__Burkholderiales","f__Burkholderiaceae","g__Hydrogenophaga","s__Hydrogenophaga sp030656115",0.557087936175388,0.260813691860791,0.385236825916415,0.0412741011621113,0.0681799373578211,0.01859,0.0886089959695329,0.0425986970415874,0.0456434031650876,0.0011518154595165,1.24139738809666,1.21890889629167,0.0030527261820168,0.840100921718533,1.39737831673463,0.013754073268574,0,0.22688079011576,0.0084958797038123,0,"aOTU_10"
"11","d__Bacteria","p__Pseudomonadota","c__Gammaproteobacteria","o__Methylococcales","f__Methylomonadaceae","g__Methylicorpusculum","s__Methylicorpusculum sp030651835",0.368600235104028,2.87816817215923,0,0.05452400515849,0.0004129823069475,0.0474,0.0159242762917382,0.0187245398495928,0.0001689813660527,0.0014928204030764,0,0,1.93501510723866,0,0,0.0706829526534701,0.023982183390199,0.213176926428415,1.20034314684821,29.9251155948304,"aOTU_11"
"12","d__Bacteria","p__Pseudomonadota","c__Gammaproteobacteria","o__Burkholderiales","f__Methylophilaceae","g__Methylotenera","s__Methylotenera mobilis_B",0.335649138908357,0.0348464484618833,0.0541546658942874,0,0.0501188444673135,0,21.0530689630646,0,0,0,0,7.91965145404996,0,0,0,0,0.0002148991180083,0.0010370028181168,0,0,"aOTU_12"
"13","d__Bacteria","p__Cloacimonadota","c__Cloacimonadia","o__Cloacimonadales","f__Cloacimonadaceae","g__JAUYAR01","s__JAUYAR01 sp030693415",0.2337074107202,0,0,0,0.0011116107095339,0,0,0.457504399193439,0,0,0,0,0,0,0,0,0,0.0748698894137906,0,0,"aOTU_13"
"14","d__Bacteria","p__Actinomycetota","c__Aquicultoria","o__Aquicultorales","f__Aquicultoraceae","g__Aquicultor","s__Aquicultor sp018333515",0.112592587564536,0,0,0,0.0005644091528283,0,0,0,0.0005038717096845,0,0,0,0.0123048347644371,0,0,0,0,0.0060848925691153,0,0,"aOTU_14"
"15","d__Bacteria","p__Pseudomonadota","c__Gammaproteobacteria","o__Burkholderiales","f__Burkholderiaceae","g__UBA2334","s__UBA2334 sp030695205",0.0710108894759418,0,0.0006048400279923,0,0,0.02696,0.125898451814297,0,0.0483317430795633,0,0.0070153071576302,0,0,5.28279003893011,0,0,0,0.183943731282989,0,0,"aOTU_15"
"16","d__Bacteria","p__Bacteroidota","c__Bacteroidia","o__UBA7662","f__UBA7662","g__PNNG01","s__",0.0668465273069799,0.0045159866000563,0,0,0,0,0,0,0,0,0,0,0,0,0,0,0,0,0,0,"aOTU_16"
"17","d__Bacteria","p__Pseudomonadota","c__Alphaproteobacteria","o__Caulobacterales","f__Hyphomonadaceae","g__Hyphomonas","s__Hyphomonas sp002841155",0.0431530094646147,0,0,0,0,0,0,0,0,0,0,0,0,0.0001498076587082,0.0018906521169326,0,0,0,0,0,"aOTU_17"
"18","d__Bacteria","p__Pseudomonadota","c__Gammaproteobacteria","o__Burkholderiales","f__SG8-41","g__Ga0077527","s__Ga0077527 sp030684405",0.041078568830262,0.0002916390563637,0.011168057128886,0.0019361909874752,0.271559957452607,0,0.325376465739517,0,0,0,0,0,0.104760169563181,0.0169282654340274,0,0,0,0,0.0568078583335586,0,"aOTU_18"
"19","d__Bacteria","p__Nitrospirota","c__Thermodesulfovibrionia","o__Thermodesulfovibrionales","f__UBA1546","g__UBA1546","s__UBA1546 sp018896985",0.0362872302009173,0,0.10606514392515,0.0521868492463698,0.0671233909558802,0,0.0515089593259425,0.386339343484546,0.0615322601567577,0.0465170861244345,0,0,0.0006762962618621,0,0.0425529870825127,0,0.0072926155240998,0.0029224624874201,0.002870291789485,0,"aOTU_19"
"20","d__Bacteria","p__Bacteroidota","c__Bacteroidia","o__Bacteroidales","f__Lentimicrobiaceae","g__Lentimicrobium","s__Lentimicrobium sp002412885",0.0329433557455427,0.0091115111245756,0,0,0,0.0817,0,0,0.0042875181150296,0,0,0,0,0.0142112992601831,0.0021746937495234,0,0,0,0.0015179427732853,0.0174901847555359,"aOTU_20"
"21","d__Bacteria","p__Pseudomonadota","c__Gammaproteobacteria","o__Burkholderiales","f__Rhodocyclaceae","g__Sulfuricystis","s__Sulfuricystis sp013791905",0.0236625560418524,0.0652476107010105,0.0033018316282205,0,0.0068864799683509,0,5.87852693296327e-05,0.0003688837637823,0.0457325024308245,0,0,0,0.002409305432884,0.0008852270741848,0,0.0006460150100695,0,0.0052450059891529,0.0308004388179359,0.0018413546258897,"aOTU_21"
"22","d__Bacteria","p__Campylobacterota","c__Campylobacteria","o__Campylobacterales","f__Sulfurimonadaceae","g__Sulfuricurvum","s__Sulfuricurvum sp030693335",0.0150242136988013,2.14953892124954,0,0,0,0,0.0238472242580543,5.57295572739372,8.41223190103279,0.0005458190582676,0,0,0,0.0103299190118341,0.0105184167068789,0.0021830852064418,0,0,0,0,"aOTU_22"
"23","d__Bacteria","p__Pseudomonadota","c__Gammaproteobacteria","o__Burkholderiales","f__Burkholderiaceae","g__Polaromonas","s__Polaromonas sp029945925",0.0147068552435458,0,0.0101632955523304,5.70358878580435,0.0436522298443593,0.47003,5.45723903446416,0,0,0,0.236437774047006,0.513661070752945,0.14575123743494,0.0002791870003198,0,0,0.038095752737835,0.0130525230743135,0.65655624771178,0,"aOTU_23"
"24","d__Bacteria","p__Pseudomonadota","c__Gammaproteobacteria","o__Burkholderiales","f__Burkholderiaceae","g__Methylibium","s__Methylibium sp001425905",0.0140256956322658,0,0.261370215375053,0,0,0,0.0374592799561603,0,0,0,0,0,0.0912342443259374,0,0.0251820659893801,0,0,0,0,0,"aOTU_24"
"25","d__Bacteria","p__Bacteroidota","c__Bacteroidia","o__Flavobacteriales","f__Flavobacteriaceae","g__Flavobacterium","s__Flavobacterium azooxidireducens",0.0129884753150894,0,0,0,0,0,0,0,0,0,0,0,0,0,0,0,0,0,0,0,"aOTU_25"
"26","d__Bacteria","p__Desulfobacterota","c__Desulfobulbia","o__Desulfobulbales","f__Desulfurivibrionaceae","g__Thiovibrio","s__Thiovibrio sp002841785",0.0123073157038094,0.39736263306915,0.0056716146887151,0,0,0,0,0,0.0499478194167225,1.12421095097393,0,0,0,0.0015865992945005,0,0,0.0476908588120238,0.0013026812260641,0.0931694874936218,0,"aOTU_26"
"27","d__Bacteria","p__Pseudomonadota","c__Gammaproteobacteria","o__Pseudomonadales","f__Moraxellaceae","g__Perlucidibaca","s__Perlucidibaca sp030680295",0.0122840943534248,0,0.0068680741976398,0.179715369063207,1.44400640231912,0,0,0.0011730503688279,8.29544887895373e-05,0.0153272748315866,0,0,0,0,0.0088407958143893,0,0,0,0,0.0402628562512338,"aOTU_27"
"28","d__Bacteria","p__Pseudomonadota","c__Gammaproteobacteria","o__Burkholderiales","f__Rhodocyclaceae","g__Methyloversatilis","s__Methyloversatilis sp030696805",0.0106353784761221,0,0.0617002931287493,0.0026297519382125,0.0011460259017795,0,0.125153838402788,0,0.0005699280618688,0.721977144545005,0,0.144976727035731,0.57651438422661,0.867134394676332,0,0,0,0,0.0919275343154792,0,"aOTU_28"
"29","d__Bacteria","p__Bacillota_B","c__Desulfotomaculia","o__Ammonifexales","f__Desulforudaceae","g__SURF-60","s__SURF-60 sp019084485",0.0101554705681748,0.0086519586721237,0,0,0,0,0,0.0882074855956389,0.200677661741549,0,0,0,0,0,0,0,0,0,0,0,"aOTU_29"
"30","d__Archaea","p__Thermoplasmatota","c__JASEFT01","o__JASEFT01","f__JAUWIS01","g__JASEEW01","s__",0.0100935469671493,0.0003269892450138,0,0,0,0,0,0.0021911695568672,0,0.002422929862136,0.0104217784216718,0,0,0,0.0008343722957355,0,0,0,0,0,"aOTU_30"
"31","d__Bacteria","p__Nitrospirota","c__Thermodesulfovibrionia","o__Thermodesulfovibrionales","f__UBA1546","g__UBA1546","s__UBA1546 sp001805105",0.0093659446551002,0,0.0103715191685244,0.0399989604558076,0,0,0.0188766031514042,0,0.0015699905100538,0.0026583605197641,0,0,0,0,0,0,0,0,0,0,"aOTU_31"
"32","d__Bacteria","p__Pseudomonadota","c__Gammaproteobacteria","o__Burkholderiales","f__Burkholderiaceae","g__Hydrogenophaga","s__Hydrogenophaga sp030653975",0.0076707860770283,0.0743591218255861,0,0,0,0.46955,0.110764510810212,0,0,0,21.9359126817789,0.0495599028221001,0,0,0.441427325949195,0,0.0061957927529665,2.08154747491088,0,0,"aOTU_32"
"33","d__Bacteria","p__Desulfobacterota","c__BSN033","o__BSN033","f__UBA1163","g__RBG-16-49-23","s__RBG-16-49-23 sp018333715",0.0074617939235674,0,0.0027928405664127,0.0007405208067768,0.0072925792368493,0,0.0015480120923469,0.0139364285956977,0.1853234003443,0.0139674780287844,0.002057373733728,0,0.0006669032582252,0,0.0014645896680464,0,0.0292234891514923,0,0.0223505573799806,0,"aOTU_33"
"34","d__Bacteria","p__Pseudomonadota","c__Gammaproteobacteria","o__Pseudomonadales","f__Pseudomonadaceae","g__Pseudomonas_E","s__Pseudomonas_E sihuiensis",0.0062465432534428,0.0010251554708542,0,0,0,0.00535,0.0010646665445255,0,0,0.0171167589781316,0,0,0,0,0.0456863213420302,0,0,0,0,0,"aOTU_34"
"35","d__Bacteria","p__Pseudomonadota","c__Gammaproteobacteria","o__Pseudomonadales","f__Moraxellaceae","g__Perlucidibaca","s__",0.0061226960513919,0,0,0,0,0,0,0,0,0,0,0,0,0.0031187230767435,0,0,0,0,0,0.0650218286553259,"aOTU_35"
"36","d__Bacteria","p__Pseudomonadota","c__Gammaproteobacteria","o__Burkholderiales","f__Thiobacillaceae","g__Thiobacillus","s__Thiobacillus sp019459055",0.0057511544452392,0.201672826249094,0,0,0,0.00233,0,0.000730389852289,0.310235962324738,0,0,0,0,0,0,0,1.67371247618246,0,0,0,"aOTU_36"
"37","d__Bacteria","p__Pseudomonadota","c__Gammaproteobacteria","o__Burkholderiales","f__Methylophilaceae","g__Methylotenera","s__Methylotenera sp000744605",0.0055963454426756,0,0,0,0,0,0.0007184866251399,0,0,0,0,0,0,0,0,0,0,0,0,0,"aOTU_37"
"38","d__Bacteria","p__Pseudomonadota","c__Alphaproteobacteria","o__Reyranellales","f__Reyranellaceae","g__Reyranella","s__",0.0044739801740892,0,0,0.0001770025343027,0.000794990940874,0,0.0018811286185482,0.0002729739851989,0,0.0043612737518449,0,0,0.0007044752727731,0,0.0047754499479332,0,0,0,4.59982658571325e-05,0,"aOTU_38"
"39","d__Bacteria","p__Bacteroidota","c__Bacteroidia","o__Flavobacteriales","f__Flavobacteriaceae","g__Flavobacterium","s__Flavobacterium orientale",0.0032277677034519,0,0,0,0,0,0,0,0,0,0,0,0,0,0.0005148254590708,0,0,0,0,0,"aOTU_39"
"40","d__Bacteria","p__Actinomycetota","c__Actinomycetes","o__Propionibacteriales","f__Propionibacteriaceae","g__Cutibacterium","s__Cutibacterium acnes",0.0029181496983246,0,0.0041446415032918,0,0.0055133137977502,0,0.0002743312568716,0,0,0.0050242802674969,0,0.0005954794462671,0.0041704936148168,0,0,0,0.006642336374802,0,0,0,"aOTU_40"
"41","d__Bacteria","p__Nitrospirota","c__Thermodesulfovibrionia","o__Thermodesulfovibrionales","f__UBA1546","g__SCSY01","s__SCSY01 sp919901705",0.0027788215960173,0,0.0355665767280089,0.0193221746119493,0.0005368769990318,0,0.919884957863276,0,0.0542384099202258,0.0288481736308793,0,0,0.0003898096509344,0,0,0,0.32525958324729,0,0.0819505104510672,0,"aOTU_41"
"42","d__Bacteria","p__Patescibacteria","c__Paceibacteria","o__JAHIHE01","f__JAHIHE01","g__JAHIHE01","s__JAHIHE01 sp018899995",0.0024305013402491,0,0,0,0,0,0,0,0,0.0323648530952694,0,0,0,0,0,0,0,0,0,0,"aOTU_42"
"43","d__Bacteria","p__Bacillota_D","c__Dethiobacteria","o__Dethiobacterales","f__Dethiobacteraceae","g__UBA7523","s__UBA7523 sp018335855",0.0023995395397364,0,0,0,0,0,0,0,0,0,0,0,0,0,0,0,0,0,0,0,"aOTU_43"
"44","d__Bacteria","p__Desulfobacterota","c__Syntrophia","o__Syntrophales","f__UBA5619","g__JAHJXP01","s__JAHJXP01 sp018827585",0.0022911732379418,0,0.0016757043398476,0,0.0055546120284449,0,9.14437522905397e-05,0.0010476298891419,0.0988525629466284,0,0,0,0,0,0,0,0.0603866521603323,0,0.0039834498232276,0.0103717117703178,"aOTU_44"
"45","d__Bacteria","p__Pseudomonadota","c__Gammaproteobacteria","o__Burkholderiales","f__Thiobacillaceae","g__Thiobacillus","s__Thiobacillus denitrificans_C",0.0021982878364036,0,0.0001024592397145,0.0055773859788464,0.0002959706533124,0,0,0,0,0,0,0,0.0001596810618285,0,0,0,0,0,0,0,"aOTU_45"
"46","d__Bacteria","p__Bacillota_B","c__TC1","o__TC1","f__TC1","g__WTXA01","s__",0.0020279979335836,0,0,0,0,0,0,0,0,0,0,0,0.0002301285891058,0,0,0,0,0,0,0,"aOTU_46"
"47","d__Bacteria","p__Bacteroidota","c__Bacteroidia","o__Flavobacteriales","f__Flavobacteriaceae","g__Lutibacter","s__Lutibacter sp030683995",0.0019196316317891,0.53001421597883,0,0.0300868185348525,0,0,0.0642588310738806,0,0,0,3.96372443079715,0.0004678767077813,0,0.0895100760781541,0.176150193711403,0.0012983947000412,0.0029025335419302,0,0.0742228017870689,0,"aOTU_47"
"48","d__Bacteria","p__Actinomycetota","c__Actinomycetes","o__Mycobacteriales","f__Mycobacteriaceae","g__Rhodococcus","s__Rhodococcus sp001942265",0.0016641967775591,0,0,0,0,0,0,0,0,0,0,0,0.0123142277680741,0.0129992191124531,0,0,0,0,0.004779219822556,0,"aOTU_48"
"49","d__Bacteria","p__Bacteroidota","c__UBA10030","o__UBA10030","f__BY39","g__JAHJRJ01","s__JAHJRJ01 sp018830765",0.0014087619233291,0,0.001821130357507,0.0015894105121065,0.005151954279171,0,0,0.0028625380069511,0.0083184917925063,0,0,0,0,0,0.0027161481116497,0,0,0,0.011789355539183,0,"aOTU_49"
"50","d__Bacteria","p__Pseudomonadota","c__Gammaproteobacteria","o__Methylococcales","f__Methylomonadaceae","g__JABFRC01","s__JABFRC01 sp030693065",0.00127717427115,0.0301713860129012,0,0.0215003894728589,0,19.0767,0,0.784792829771704,0,0,5.80433191884212,0.0022317969162617,0,0.0016002181725649,12.149676679149,0.068410761928398,0.0063492921229725,1.07850007138396,0,0,"aOTU_50"
"51","d__Bacteria","p__Nitrospirota","c__Nitrospiria","o__Nitrospirales","f__Nitrospiraceae","g__Nitrospira_D","s__Nitrospira_D sp030653545",0.0010139989667918,0.0007865416974657,0.089565901194342,0.0837221987252103,0.0116392180174726,0,0.587258308906438,0,0.0088469426099804,0,0,0,0,0,0,0,0,0,0.739307127988762,0,"aOTU_51"
"52","d__Bacteria","p__Pseudomonadota","c__Alphaproteobacteria","o__Parvibaculales","f__Parvibaculaceae","g__Parvibaculum","s__Parvibaculum sp019635935",0.0008282281637154,0,0,0,0.0062257082772347,0,0,0,0,0,0,0,0,0,0,0,0,0,0,0,"aOTU_52"
"53","d__Bacteria","p__Pseudomonadota","c__Gammaproteobacteria","o__Pseudomonadales","f__Pseudohongiellaceae","g__Pseudohongiella","s__Pseudohongiella sp004535785",0.0008050068133309,0.0002828015092011,0,0.0004370878908292,3.09736730210686e-05,0,0,0,0,0.000351562372153,0,0,0,0.0036158121260935,0,0,0,0,0,0,"aOTU_53"
"54","d__Bacteria","p__Nitrospirota","c__Thermodesulfovibrionia","o__Thermodesulfovibrionales","f__UBA1546","g__UBA1546","s__UBA1546 sp001871685",0.0008050068133309,0,0.0015203629118933,0.0013618358251458,0,0,0.0016721143275984,0,0,0,0,0,0,0,0,0,0,0,0,0,"aOTU_54"
"55","d__Bacteria","p__Bacteroidota","c__Bacteroidia","o__Cytophagales","f__Cyclobacteriaceae","g__Algoriphagus","s__Algoriphagus sp030694375",0.0007817854629463,0.334704423686763,0,0.0114256942040747,0.0063220708155225,0,1.02273958410036,3.68883763782364e-05,0,0,0,0,0.0090501590042253,2.01724864721344,0.0727412868463061,0.170099252725255,0,0.0722816675041106,0.319917939036356,0.0029579778392573,"aOTU_55"
"56","d__Bacteria","p__Actinomycetota","c__Actinomycetes","o__Mycobacteriales","f__Mycobacteriaceae","g__Rhodococcus","s__Rhodococcus sp001647195",0.0007198618619209,0,0,0,0,0,0,0,0,0,0,0,0.0049125409021378,0,0,0,0,0,0,0,"aOTU_56"
"57","d__Bacteria","p__Desulfobacterota","c__UBA8473","o__UBA8473","f__UBA8473","g__UBA8473","s__UBA8473 sp002782605",0.0006734191611518,0,0.015035067143919,0.0140951814050899,0.0015039439011341,0,0.0105682850861495,0,0.0093277714061124,0,0.0001349097530313,0,0.0030104576656504,0,0,0,0.0003544439998318,0,0.0077461079703411,0,"aOTU_57"
"58","d__Bacteria","p__Pseudomonadota","c__Gammaproteobacteria","o__Pseudomonadales","f__Pseudomonadaceae","g__Stutzerimonas","s__Stutzerimonas songnenensis",0.0006424573606391,0,0,0,0,0,0,0,0,0,0,0,0,0,0,0,0,0,0,0,"aOTU_58"
"59","d__Bacteria","p__Actinomycetota","c__Thermoleophilia","o__Miltoncostaeales","f__Miltoncostaeaceae","g__Miltoncostaea","s__Miltoncostaea oceani",0.0005805337596136,0,0.0002313595735489,0,0,0,0,0,0,0,0,0,0,0,0,0,0,0,5.05980924428457e-05,0,"aOTU_59"
"60","d__Bacteria","p__Desulfobacterota","c__Desulfobacteria","o__Desulfobacterales","f__Desulfosarcinaceae","g__Desulfatitalea","s__",0.0005186101585881,0,0,0,0,0,0,0,0,0,0,0,0,0,0,0,0,0,0,0,"aOTU_60"
"61","d__Bacteria","p__Pseudomonadota","c__Gammaproteobacteria","o__Burkholderiales","f__Burkholderiaceae","g__Acidovorax","s__",0.0005186101585881,0.0102780673500305,0,0,0,0,0.0130568614877706,0,0.0015346580426064,0.0002998309720464,0.003617267753153,0,0.0014136470473647,0,0.0621341071292426,5.72821191194662e-05,0,0.0008827379360829,0,0,"aOTU_61"
"62","d__Bacteria","p__Pseudomonadota","c__Gammaproteobacteria","o__Burkholderiales","f__Burkholderiaceae","g__Hydrogenophaga","s__Hydrogenophaga sp002127265",0.0004489461074345,0.0009279424520663,0.105605729914817,0.0185491431356066,0.0495682013913834,0,0.280973992305868,0,0.0011736523969482,0,0,0,0.0669955984407236,0,0.0005325780611077,0,0.0046468445647249,0,0.030717641939393,0,"aOTU_62"
"63","d__Bacteria","p__Pseudomonadota","c__Gammaproteobacteria","o__Burkholderiales","f__Burkholderiaceae","g__Giesbergeria","s__Giesbergeria sp001770955",0.0003870225064091,0.0004772275467769,0,0,0,0,0.0259700256505132,0,0.0013364889860536,0,0,0,0.0118962391062287,0,0,0,0,0,0.0292778962180648,0,"aOTU_63"
"64","d__Bacteria","p__Pseudomonadota","c__Alphaproteobacteria","o__Rhizobiales","f__Rhizobiaceae","g__Hoeflea","s__Hoeflea sp019084245",0.00034057980564,0,0,0,0,0,0,0,0,0,0,0,0,0.0001838548538691,0,0,0,0,0,0,"aOTU_64"
"65","d__Bacteria","p__Pseudomonadota","c__Gammaproteobacteria","o__Burkholderiales","f__Sulfuriferulaceae","g__Sulfuriferula","s__Sulfuriferula sp003455595",0.0002631753043581,0,6.30794275466748,0.0009608709005007,0.0468700503193259,0,0,0,0,0,0,0,0,0,0,0,0,0,0,0,"aOTU_65"
"66","d__Bacteria","p__Desulfobacterota","c__BSN033","o__BSN033","f__UBA1163","g__RBG-16-49-23","s__RBG-16-49-23 sp018333535",0.0002399539539736,0,0,0,0,0,0,0.0006639907748082,0.0166692436639864,0,0,0,0,0,0,0,0.0009209962200355,0,0.0012787517908282,0,"aOTU_66"
"67","d__Bacteria","p__Pseudomonadota","c__Alphaproteobacteria","o__Parvibaculales","f__Parvibaculaceae","g__Parvibaculum","s__Parvibaculum lavamentivorans",0.0001780303529481,0,0,0,0,0,0,0,0,0,0,0,0,0,0,0,0,0,0,0,"aOTU_67"
"68","d__Bacteria","p__Pseudomonadota","c__Gammaproteobacteria","o__Burkholderiales","f__Thiobacillaceae","g__PFJX01","s__PFJX01 sp030653935",0.0001625494526918,0.109541397079646,0.89351067304618,0,0.691951855290672,0.00308,0,0,0,0.0027892726343196,0,0,0,0,0,0,0,1.98512335336847,0,0,"aOTU_68"
"69","d__Bacteria","p__Pseudomonadota","c__Alphaproteobacteria","o__Rhizobiales","f__Xanthobacteraceae","g__Bradyrhizobium","s__Bradyrhizobium sp030693485",0.0001548090025636,0.0003446643393389,0.712825456377953,0.0037387270000687,0.384032247230556,0,0.472398424332928,0,0,0,0,0.0303619457161846,0.0326688666493987,0,0,0.0223432087965428,0.0171109934092063,0,0.014388257560111,0,"aOTU_69"
"70","d__Bacteria","p__Pseudomonadota","c__Alphaproteobacteria","o__Rhodobacterales","f__Rhodobacteraceae","g__Pseudotabrizicola","s__Pseudotabrizicola sp030684215",0.0001470685524354,0.583030661406889,0,0.120502602894002,0,0.00932,0,0,0.0052967977286356,0,0,0,0,0,0,0.0112591187469261,0,0.0290789302633919,0,0.344752048746398,"aOTU_70"
"71","d__Bacteria","p__Desulfobacterota","c__Syntrophia","o__Syntrophales","f__UBA5619","g__UBA5619","s__UBA5619 sp018896355",0.000131587652179,0,0.0039033665194478,0.0156990411036701,0.0013043357861094,0,0.0027433125687161,0,0.0297437928137596,0.0051520251534745,0,0,0,0,0,0,0.0046133537930872,0,0.0012051545654568,0.0126586420053879,"aOTU_71"
"72","d__Bacteria","p__Riflebacteria","c__Ozemobacteria","o__Ozemobacterales","f__Ozemobacteraceae","g__Rifleibacterium","s__Rifleibacterium sp018818125",0.000131587652179,0,0,0,0,0,0,0,0.0008925288516059,0,0,0,0,0,0,0,0,0,0.0020239236977138,0.0068554223243767,"aOTU_72"
"73","d__Bacteria","p__Pseudomonadota","c__Gammaproteobacteria","o__Burkholderiales","f__Nitrosomonadaceae","g__Nitrosomonas","s__Nitrosomonas sp902826115",0.0001083663017945,0,0,0,0,0,0,0,0,0,0,0,0,0,0,0,0,0,0,0,"aOTU_73"
"74","d__Bacteria","p__Pseudomonadota","c__Gammaproteobacteria","o__Burkholderiales","f__Burkholderiaceae","g__Acidovorax","s__Acidovorax defluvii",7.74045012818202e-05,0,0,0,0,0,0.070104699523883,0,0,0.0106133829647293,0,0,0.0303863667656138,0,0,0,0,0,0.0320101932099784,0,"aOTU_74"
"75","d__Bacteria","p__Pseudomonadota","c__Gammaproteobacteria","o__Burkholderiales","f__Burkholderiaceae","g__Polaromonas","s__Polaromonas eurypsychrophila",5.41831508972742e-05,0,0.0003139879926736,0,0,0,0.0053559912055887,0,0,0.0584395902347189,0,0,0,0,0,0,0,0,0,0,"aOTU_75"
"76","d__Bacteria","p__Desulfobacterota","c__Desulfovibrionia","o__Desulfovibrionales","f__Desulfovibrionaceae","g__Pseudodesulfovibrio","s__Pseudodesulfovibrio sp030282845",1.54809002563641e-05,0,0,0,0,0,0,0,0,0,0,0,0,0,0,0,0,0,0,0,"aOTU_76"
"77","d__Bacteria","p__Pseudomonadota","c__Gammaproteobacteria","o__Burkholderiales","f__Burkholderiaceae","g__Rhodoferax","s__Rhodoferax sp030653815",0,0,1.85282661908322,0,4.09161532304471,7.18473,0.869728059731915,0.0007820335792186,0.0003256731782107,0,7.200504521104,0.000813154706037,0,0,0.357617291732865,0,0.0099300137905653,0.604204121299479,0.0223873559926663,0,"aOTU_77"
"78","d__Bacteria","p__Pseudomonadota","c__Alphaproteobacteria","o__Rhodobacterales","f__Rhodobacteraceae","g__UBA6213","s__UBA6213 sp030684035",0,0.576976941600552,0.110150292966672,0,1.1682271422972,0.001,0,0,0,0,0.404324529834957,0,0,0,0,0,0,0,0,0,"aOTU_78"
"79","d__Bacteria","p__Pseudomonadota","c__Gammaproteobacteria","o__Methylococcales","f__Methylomonadaceae","g__Methylobacter_A","s__Methylobacter_A sp030684815",0,54.5429814620858,0.0100377003552609,0,0.0008225230946705,13.64836,0.0006727647489946,2.27233874024991,0.0005714642561057,0,0.119580632343163,0.0001150926660852,0,0,0.727918817621114,0.003245986750103,0.0030309148332079,0.24126170522981,0,0,"aOTU_79"
"80","d__Bacteria","p__Pseudomonadota","c__Alphaproteobacteria","o__Sphingomonadales","f__Sphingomonadaceae","g__Novosphingobium","s__Novosphingobium arvoryzae",0,0,0,0.0013293251555799,0,0,0.0001894192011732,0,0,0,0.0847739160610747,0,0,0,0,0,0,0,0,0,"aOTU_80"
"81","d__Bacteria","p__Pseudomonadota","c__Gammaproteobacteria","o__Pseudomonadales","f__Halomonadaceae","g__Vreelandella","s__Vreelandella sp002966495",0,0,0,0,0,0,0,0,0,0,0.067050147256581,0,0.739257565240837,0.002281162075784,0.0111220051761344,0.0306522984088165,0.0623095806318611,0,0,0,"aOTU_81"
"82","d__Bacteria","p__Pseudomonadota","c__Gammaproteobacteria","o__Burkholderiales","f__Burkholderiaceae","g__Polaromonas","s__Polaromonas sp002278925",0,0,0,0.023443805053571,0,0,0.0020117625503918,0,0,0,0.054385494190763,0,0,0,0,0,0.049083516732623,0,0,0,"aOTU_82"
"83","d__Bacteria","p__Pseudomonadota","c__Gammaproteobacteria","o__Burkholderiales","f__Burkholderiaceae","g__PHCI01","s__PHCI01 sp002842205",0,0.539797380687759,0.0014046831251188,0,0.0097154087709418,0.00418,0,0,0,0,0.0113661466928912,0,0,0.0087909857905589,0,0,0,0,0,0,"aOTU_83"
"84","d__Bacteria","p__Desulfobacterota","c__Desulfovibrionia","o__Desulfovibrionales","f__Desulfomicrobiaceae","g__Desulfomicrobium","s__Desulfomicrobium sp018902545",0,0,0,0,0,0.03269,0,0.0255636448301178,0.0198107608783309,0,0.0072345355063061,0,0,0.345143226785646,0,0.0065174322198148,0,0.0465451430181201,0.0573230389111584,0.0026788220359154,"aOTU_84"
"85","d__Bacteria","p__Pseudomonadota","c__Gammaproteobacteria","o__Xanthomonadales","f__Xanthomonadaceae","g__GCA-002840015","s__GCA-002840015 sp030681035",0,0.64284318060294,0.0050833003445476,0,0.620285658958369,0.00124,0,0,0,0,0.0040557244505049,0,0,0.0137142102108332,0,0,0,0,0,0,"aOTU_85"
"86","d__Bacteria","p__Elusimicrobiota","c__Elusimicrobia","o__Elusimicrobiales","f__UBA9959","g__UBA9959","s__UBA9959 sp001799715",0,0,0,0,0,0,0,0,0,0,0.0040135651526826,0,0,0,0,0,0,0,0,0,"aOTU_86"
"87","d__Bacteria","p__Chloroflexota","c__Anaerolineae","o__Anaerolineales","f__Anaerolineaceae","g__UBA6107","s__UBA6107 sp009773005",0,0,0.0006907735838819,0,0.0088756780801484,0,0.0060548827409521,0,0.0175587001271187,0.0513914509059083,0.0027150587797559,0,0,0.142112992601832,0,0,0,0,0.0338225248847495,0,"aOTU_87"
"88","d__Bacteria","p__Atribacterota","c__JS1","o__SB-45","f__34-128","g__34-128","s__34-128 sp018819665",0,0,0.0021119823928257,0,0.0128540743037434,0,0,0.0005902140220517,0.141652470579319,0,0.001762258648972,0,0,0,0,0,0,0,0,0.0248717084015955,"aOTU_88"
"89","d__Bacteria","p__Bacteroidota","c__Bacteroidia","o__Bacteroidales","f__F082","g__UBA6192","s__UBA6192 sp002422725",0,0,0,0,0,0,0,0,0,0,0.001450279845087,0,0,0.584127299059431,0,0,0,0,0.0015593412125567,0,"aOTU_89"
"90","d__Bacteria","p__Chloroflexota","c__Anaerolineae","o__Anaerolineales","f__Anaerolineaceae","g__UBA6107","s__UBA6107 sp927443345",0,0,0,0,0,0,0,0,0.0393803392614775,0.178408930053382,0.0013659612494424,0,0.106483785730566,0.259800527395193,0,0,0.0005079433698378,0.0172262451604532,0.142925811671282,0,"aOTU_90"
"91","d__Archaea","p__Halobacteriota","c__Methanosarcinia","o__Methanosarcinales","f__Methanoperedenaceae","g__Methanoperedens_A","s__Methanoperedens_A sp002839545",0,0,0,0,0,0,0,0,0,0,0.0008684815351393,0,0,0,0,0,0,0,0,0,"aOTU_91"
"92","d__Bacteria","p__Actinomycetota","c__Actinomycetes","o__Actinomycetales","f__Demequinaceae","g__Demequina","s__",0,0,0,0,0,0,0,0,0,0,0.0006239576077699,0,0,0,0,0,0,0,0,0,"aOTU_92"
"93","d__Bacteria","p__Desulfobacterota","c__QYQD01","o__QYQD01","f__QYQD01","g__QYQD01","s__QYQD01 sp007280345",0,0.0036587445252903,0,0.0020553967758831,0.0085934735037342,0,0.0001698241113967,0.930612581594872,0.160354099218649,0.25926721990573,0.0005986620290766,0,0,0,0.0147790411957412,0,0,0.0033424057774013,0,0,"aOTU_93"
"94","d__Bacteria","p__Pseudomonadota","c__Alphaproteobacteria","o__Caulobacterales","f__Caulobacteraceae","g__Phenylobacterium","s__Phenylobacterium sp024298925",0,0,0.0013055290221692,0,0,0,0.0034487358006717,0,0,0,0,1.96311809131473,0,0,0,0,0.019435811140387,0,0,0,"aOTU_94"
"95","d__Bacteria","p__Bacteroidota","c__Bacteroidia","o__Flavobacteriales","f__Flavobacteriaceae","g__Flavobacterium","s__Flavobacterium sp002754315",0,0,0.0396285898121761,0,0.0014626456704393,0,0,0,0,0,0,1.85600184739208,0,0,0,0,0,0,0,0,"aOTU_95"
"96","d__Bacteria","p__Patescibacteria","c__Paceibacteria","o__Sungbacterales","f__HO2-52-23","g__JAUYPE01","s__JAUYPE01 sp030697705",0,0,0,0,0,0,0,0,0,0,0,1.53841364338776,0,0,0,0,0,0,0,0,"aOTU_96"
"97","d__Bacteria","p__Pseudomonadota","c__Gammaproteobacteria","o__Burkholderiales","f__Burkholderiaceae","g__Polaromonas","s__Polaromonas sp030680935",0,0,0.606036487501271,0,0.746279677769627,0,0.262234554782899,0,0,0,0,0.840957090940111,0,0,0,0,0,0,0,0,"aOTU_97"
"98","d__Bacteria","p__Pseudomonadota","c__Alphaproteobacteria","o__Caulobacterales","f__Caulobacteraceae","g__Phenylobacterium","s__Phenylobacterium sp030693625",0,0,0.90955380690342,0.0143841651345639,0.0217951412491586,0,0.712359893736488,0,0,0,0,0.789883469357542,0.363560902270933,0,0,0,0.455708929673601,0,2.04117304741025,0,"aOTU_98"
"99","d__Archaea","p__Thermoproteota","c__Nitrososphaeria","o__Nitrososphaerales","f__Nitrosopumilaceae","g__VHBM01","s__VHBM01 sp016176745",0,0,0,0,0,0,0,0,0,0,0,0.665198079755535,0,0,0,0,0,0,0,0,"aOTU_99"
"100","d__Bacteria","p__Pseudomonadota","c__Alphaproteobacteria","o__Sphingomonadales","f__Sphingomonadaceae","g__Sphingopyxis","s__Sphingopyxis bauzanensis",0,0,0.0077703765344809,0,0,0,0.0086479662880481,0,0.001626829696817,0,0,0.264850742792478,0.0129482555135699,0.0121957053066545,0,0,0.0006251610705696,0.0063762817907349,0.0055611903421273,0,"aOTU_100"
"101","d__Bacteria","p__Pseudomonadota","c__Gammaproteobacteria","o__Burkholderiales","f__Burkholderiaceae","g__Polaromonas","s__Polaromonas sp000013865",0,0,0,0,0,0,0,0,0,0,0,0.22717040472196,0,0,0,0,0,0,0,0,"aOTU_101"
"102","d__Bacteria","p__Pseudomonadota","c__Alphaproteobacteria","o__Caulobacterales","f__Caulobacteraceae","g__Brevundimonas","s__Brevundimonas mediterranea_A",0,0,0,0,0,0,0,0,0,0,0,0.167785091036452,0,0,0.0103852721916019,0,0,0,0,0,"aOTU_102"
"103","d__Bacteria","p__Desulfobacterota_B","c__Binatia","o__UBA9968","f__UBA9968","g__UBA9968","s__UBA9968 sp001799045",0,0,0.0018277406310369,0,0,0,0,0,0.003322788134292,0,0,0.128203221961046,0,0,0,0,0,0,0,0,"aOTU_103"
"104","d__Bacteria","p__Pseudomonadota","c__Gammaproteobacteria","o__Burkholderiales","f__Burkholderiaceae","g__Variovorax","s__Variovorax boronicumulans",0,0,0,0,0,0,0,0,0,0,0,0.0668763450389698,0,0,0,0,0,0,0,0,"aOTU_104"
"105","d__Bacteria","p__Pseudomonadota","c__Gammaproteobacteria","o__Burkholderiales","f__Methylophilaceae","g__Methylotenera","s__Methylotenera sp013141495",0,0,0,0.0081782395441116,0,0,0,0.0001180428044103,0,0,0,0.0667112120832822,0,0,0.0004171861478677,0,10.1035406420106,0,0,0,"aOTU_105"
"106","d__Bacteria","p__Pseudomonadota","c__Gammaproteobacteria","o__Pseudomonadales","f__Pseudomonadaceae","g__Pseudomonas_E","s__Pseudomonas_E mandelii",0,0,0.0141360699438429,0,0,0,0,0,0,0,0,0.0577464942010334,0,0,0,0,1.76639818668968,0,0,0,"aOTU_106"
"107","d__Bacteria","p__Patescibacteria","c__Paceibacteria","o__UBA11713","f__2-01-FULL-45-33","g__GWA1-44-29","s__GWA1-44-29 sp001778695",0,0,0,0,0,0,0,0,0,0,0,0.0555121952702915,0,0,0,0,0,0,0,0,"aOTU_107"
"108","d__Bacteria","p__Methylomirabilota","c__Methylomirabilia","o__Methylomirabilales","f__Methylomirabilaceae","g__Methylomirabilis","s__",0,0,0,0,0,0,0,0,0,0,0,0.0542311638564731,0,0,0,0,0,0,0,0,"aOTU_108"
"109","d__Bacteria","p__CSP1-3","c__CSP1-3","o__CSP1-3","f__13-1-40CM-64-14","g__JACPRY01","s__JACPRY01 sp020028455",0,0,0,0,0,0,0,0,0,0,0,0.042892034232596,0,0,0,0,0,0,0,0,"aOTU_109"
"110","d__Bacteria","p__Acidobacteriota","c__Vicinamibacteria","o__Vicinamibacterales","f__UBA2999","g__12-FULL-67-14b","s__12-FULL-67-14b sp030697165",0,0,0.276494521211627,0.0148718251780511,0.448777548402263,0,0.105166846830713,0,0,0,0,0.0416785572097406,0.95691224551682,0,0.0067016072689397,0,0,0,0.0548667315143876,0,"aOTU_110"
"111","d__Bacteria","p__Nitrospirota","c__Thermodesulfovibrionia","o__UBA6902","f__BMS3Bbin08","g__JAUXYI01","s__JAUXYI01 sp030694425",0,0,0.0007568763191816,0,0,0,0.262959573104631,0,0.008312347015559,0,0,0.0396369133939675,0,0,0,0,0,0,0,0,"aOTU_111"
"112","d__Bacteria","p__Pseudomonadota","c__Alphaproteobacteria","o__Rhodobacterales","f__Rhodobacteraceae","g__Cypionkella","s__",0,0,0.0765040006991193,0.0009825446802112,0.0033485982054999,0,0.0089549560278807,0,0,0,0,0.038440950472473,0.0596643591020646,0,0,0,0,0,0.0022401155472423,0,"aOTU_112"
"113","d__Bacteria","p__Pseudomonadota","c__Alphaproteobacteria","o__Caulobacterales","f__Caulobacteraceae","g__Brevundimonas","s__Brevundimonas sp004296955",0,0,0,0,0,0,0,0,0,0,0,0.0338747740462648,0,0,0,0,0.0278308312308931,0,0,0,"aOTU_113"
"114","d__Bacteria","p__Patescibacteria","c__Microgenomatia","o__Daviesbacterales","f__UBA10151","g__UBA9644","s__UBA9644 sp003519445",0,0,0,0,0,0,0,0,0,0,0,0.0307472559461221,0,0,0,0,0,0,0,0,"aOTU_114"
"115","d__Bacteria","p__Pseudomonadota","c__Gammaproteobacteria","o__Burkholderiales","f__Burkholderiaceae","g__AVCC01","s__AVCC01 sp000622895",0,0,0,0,0,0,0,0,0,0,0,0.0183622842695573,0,0,0,0,0,0,0,0,"aOTU_115"
"116","d__Bacteria","p__Patescibacteria","c__Microgenomatia","o__Levybacterales","f__UBA12049","g__2-01-FULL-42-15","s__2-01-FULL-42-15 sp001784055",0,0,0,0,0,0,0,0,0,0,0,0.017301430129989,0,0,0,0,0,0,0,0,"aOTU_116"
"117","d__Bacteria","p__Omnitrophota","c__Koll11","o__Gygaellales","f__UBA12090","g__UBA12090","s__UBA12090 sp003510525",0,0,0,0,0,0,0,0,0,0.0017958186037008,0,0.0168936017697304,0,0,0,0,0,0,0,0,"aOTU_117"
"118","d__Bacteria","p__Nitrospirota","c__Nitrospiria","o__","f__","g__","s__",0,0,0,0,0,0,0,0,0,0,0,0.0148119257222754,0,0,0,0,0,0,0,0,"aOTU_118"
"119","d__Bacteria","p__Pseudomonadota","c__Alphaproteobacteria","o__Reyranellales","f__Reyranellaceae","g__Reyranella","s__Reyranella massiliensis_B",0,0,0.195812827641566,0,0.0521665484059286,0,0.103305313301941,0,0,0,0,0.0140963495809628,0.0252483937761885,0,0.0044026453051577,0,0,0,0.0146044494096395,0,"aOTU_119"
"120","d__Bacteria","p__Nitrospirota","c__9FT-COMBO-42-15","o__HDB-SIOI813","f__HDB-SIOI813","g__RBG-16-43-11","s__RBG-16-43-11 sp001805165",0,0,0,0,0,0,0,0,0,0.0100485605349939,0,0.0116568854628515,0.0015357560946453,0,0,0,0,0,0,0,"aOTU_120"
"121","d__Bacteria","p__Pseudomonadota","c__Gammaproteobacteria","o__Xanthomonadales","f__Xanthomonadaceae","g__Arenimonas","s__Arenimonas sp001801685",0,0,0,0,0,0,0,0,0,0,0,0.0098704471240501,0,0,0,0,0,0,0,0,"aOTU_121"
"122","d__Bacteria","p__Patescibacteria","c__Paceibacteria","o__UBA9973","f__UBA9973","g__UBA9973","s__UBA9973 sp943359365",0,0,0,0,0,0,0,0,0,0,0,0.0090122561573709,0,0,0,0,0,0,0,0,"aOTU_122"
"123","d__Bacteria","p__Pseudomonadota","c__Alphaproteobacteria","o__Rhizobiales","f__Xanthobacteraceae","g__Afipia","s__Afipia massiliensis",0,0,0,0,0,0,1.95950897765442e-05,0,0,0,0,0.0087270265066379,0.0043959257021042,0,0,0,0,0,0,0,"aOTU_123"
"124","d__Bacteria","p__Omnitrophota","c__Koll11","o__Pluralincolimonadales","f__Pluralincolimonadaceae","g__Pluralincolimonas","s__Pluralincolimonas sp001805885",0,0,0,0,0,0,0,0,0.0297330394541017,0.103417403270267,0,0.0077837670476349,0,0,0,0,0,0,0,0,"aOTU_124"
"125","d__Bacteria","p__Methylomirabilota","c__Methylomirabilia","o__Methylomirabilales","f__CSP1-5","g__CSP1-5","s__",0,0,0,0,0,0,0,0,0,0,0,0.0075060434403423,0,0,0,0,0,0,0,0,"aOTU_125"
"126","d__Bacteria","p__Pseudomonadota","c__Gammaproteobacteria","o__Pseudomonadales","f__Pseudomonadaceae","g__Pseudomonas_E","s__Pseudomonas_E proteolytica",0,0,0,0,0,0,0,0,0,0,0,0.0071907896158479,0,0,0,0,0,0,0,0,"aOTU_126"
"127","d__Bacteria","p__Planctomycetota","c__Brocadiia","o__Brocadiales","f__Brocadiaceae","g__XYD2-FULL-41-16","s__XYD2-FULL-41-16 sp001828645",0,0,0,0,0,0,0,0,0,0.0080088653307905,0,0.006295068431967,0,0,0,0,0,0,0,0,"aOTU_127"
"128","d__Bacteria","p__Methylomirabilota","c__Methylomirabilia","o__Rokubacteriales","f__CSP1-6","g__CSP1-6","s__CSP1-6 sp001443385",0,0,0,0,0,0,0,0,0,0,0,0.0054218653784072,0,0,0,0,0,0,0,0,"aOTU_128"
"129","d__Bacteria","p__Pseudomonadota","c__Gammaproteobacteria","o__Burkholderiales","f__Rhodocyclaceae","g__Methyloversatilis","s__Methyloversatilis sp024580155",0,0,0,0,0,0,0,0,0,0,0,0.0054118573204868,0,0,0,0,0,0,0,0,"aOTU_129"
"130","d__Bacteria","p__Methylomirabilota","c__Methylomirabilia","o__Rokubacteriales","f__CSP1-6","g__CAMLFJ01","s__",0,0,0,0,0,0,0,0,0,0,0,0.0048088718307793,0,0,0,0,0,0,0,0,"aOTU_130"
"131","d__Archaea","p__Thermoproteota","c__Nitrososphaeria","o__Nitrososphaerales","f__Nitrosopumilaceae","g__CSP1-1","s__CSP1-1 sp001443365",0,0,0,0,0,0,0,0,0,0,0,0.0042834487899553,0,0,0,0,0,0,0,0,"aOTU_131"
"132","d__Bacteria","p__Bacteroidota","c__Bacteroidia","o__Flavobacteriales","f__Flavobacteriaceae","g__Flavobacterium","s__Flavobacterium gawalongense",0,0,0,0,0,0,0,0,0,0,0,0.0040382513709041,0,0,0,0,0,0,0,0,"aOTU_132"
"133","d__Archaea","p__Nanoarchaeota","c__Nanoarchaeia","o__SCGC-AAA011-G17","f__GW2011-AR18","g__GW2011-AR18","s__GW2011-AR18 sp000806155",0,0,0,0,0,0,0,0,0,0,0,0.0038130700676938,0,0,0,0,0,0,0,0,"aOTU_133"
"134","d__Archaea","p__Thermoproteota","c__Nitrososphaeria","o__Nitrososphaerales","f__Nitrosopumilaceae","g__Nitrosarchaeum","s__Nitrosarchaeum sp938049695",0,0,0,0,0,0,0,0,0,0.0344805617853438,0,0.0033401893309523,0,0,0,0,0,0,0,0,"aOTU_134"
"135","d__Bacteria","p__Omnitrophota","c__Koll11","o__Gygaellales","f__UBA12090","g__GWF2-43-52","s__GWF2-43-52 sp001805445",0,0,0,0,0,0,0,0,0,0,0,0.0029673891734153,0,0,0,0,0,0,0,0,"aOTU_135"
"136","d__Bacteria","p__Patescibacteria","c__Paceibacteria","o__UBA6257","f__JACOXY01","g__","s__",0,0,0,0,0,0,0,0,0,0,0,0.00219426669906,0,0,0,0,0,0,0,0,"aOTU_136"
"137","d__Bacteria","p__Pseudomonadota","c__Gammaproteobacteria","o__Burkholderiales","f__Burkholderiaceae","g__Hydrogenophaga","s__Hydrogenophaga sp001428625",0,0,0.0020194385634061,0,0,0,0.0059569072920694,0,0,0,0,0.0018389806428838,0.0002630041018352,0,0,0,0,0,0.0001471944507428,0,"aOTU_137"
"138","d__Bacteria","p__Pseudomonadota","c__Alphaproteobacteria","o__Rhizobiales","f__Aestuariivirgaceae","g__Aestuariivirga","s__Aestuariivirga sp016792825",0,0,0.245531999997243,0.0018531081652514,0.0187769288892166,0,0.0353168834739248,0,0,0.0017704807750772,0,0.0012885374572587,0,0,0,0,0.0032569775417621,0,0,0,"aOTU_138"
"139","d__Bacteria","p__Pseudomonadota","c__Gammaproteobacteria","o__Burkholderiales","f__Burkholderiaceae","g__Variovorax","s__Variovorax sp001426505",0,0,0,0,0,0,0,0,0,0,0,0.000988295719645,0,0,0,0,0,0,0,0,"aOTU_139"
"140","d__Bacteria","p__Pseudomonadota","c__Gammaproteobacteria","o__Burkholderiales","f__SG8-39","g__2-12-FULL-64-23","s__",0,0,0.000221444163254,0.0005418444927635,0,0,0,0,0,0.0003304475149667,0,0.0009507655024433,0,0,0,0,0,0,0,0,"aOTU_140"
"141","d__Archaea","p__Thermoproteota","c__Nitrososphaeria","o__Nitrososphaerales","f__Nitrosopumilaceae","g__Nitrosarchaeum","s__Nitrosarchaeum sp025930495",0,0,0,0,0,0,0,0,0,0.0029370766346242,0,0.0009207413286819,0,0,0,0,0,0,0,0,"aOTU_141"
"142","d__Bacteria","p__Pseudomonadota","c__Gammaproteobacteria","o__Acidiferrobacterales","f__UBA6901","g__","s__",0,0,0,0,0,0,0,0,0,0,0,0.0008181587349973,0,0,0,0,0,0,0,0,"aOTU_142"
"143","d__Bacteria","p__Pseudomonadota","c__Gammaproteobacteria","o__Pseudomonadales","f__Pseudomonadaceae","g__Pseudomonas_E","s__Pseudomonas_E rhizosphaerae",0,0,0,0,0,0,0,0,0,0,0,0.000813154706037,0,0,0,0,0,0,0,0,"aOTU_143"
"144","d__Bacteria","p__Methylomirabilota","c__Methylomirabilia","o__Rokubacteriales","f__CSP1-6","g__UBA12499","s__UBA12499 sp001788395",0,0,0.0068383279667549,0,0,0,0,0,0,0,0,0.0007856325467558,0,0,0,0,0,0,0,0,"aOTU_144"
"145","d__Bacteria","p__Pseudomonadota","c__Gammaproteobacteria","o__Burkholderiales","f__Burkholderiaceae","g__Methylibium","s__Methylibium sp013817365",0,0,0,0,0,0,0,0,0,0,0,0.0007481023295541,0,0,0,0,0,0,0,0,"aOTU_145"
"146","d__Bacteria","p__Acidobacteriota","c__Terriglobia","o__Acidoferrales","f__2-02-FULL-67-57","g__2-02-FULL-67-57","s__2-02-FULL-67-57 sp001766965",0,0,0,0,0,0,0,0,0,0,0,0.000745600315074,0,0,0,0,0,0,0,0,"aOTU_146"
"147","d__Bacteria","p__Cyanobacteriota","c__Vampirovibrionia","o__2-02-FULL-35-15","f__2-02-FULL-35-15","g__SSGW-16","s__SSGW-16 sp004769085",0,0,0,0,0,0,0,0,0,0,0,0.0007230821847529,0,0,0,0,0,0,0,0,"aOTU_147"
"148","d__Bacteria","p__Desulfobacterota_B","c__Binatia","o__UBA9968","f__UBA9968","g__JACPFE01","s__JACPFE01 sp016183145",0,0,0,0,0,0,0,0,0,0,0,0.000615495562108,0,0,0,0,0,0,0,0,"aOTU_148"
"149","d__Archaea","p__Nanoarchaeota","c__Nanoarchaeia","o__SCGC-AAA011-G17","f__GW2011-AR17","g__GW2011-AR17","s__GW2011-AR17 sp10136u",0,0,0,0,0,0,0,0,0,0,0,0.0005229210263438,0,0,0,0,0,0,0,0,"aOTU_149"
"150","d__Bacteria","p__Methylomirabilota","c__Methylomirabilia","o__Methylomirabilales","f__2-02-FULL-66-22","g__2-02-FULL-66-22","s__2-02-FULL-66-22 sp001771285",0,0,0,0,0,0,0,0,0.0003732951995529,0,0,0.0005179169973836,0,0,0,0,0,0,0,0,"aOTU_150"
"151","d__Bacteria","p__Methylomirabilota","c__Methylomirabilia","o__Methylomirabilales","f__CSP1-5","g__CSP1-5","s__CSP1-5 sp023249165",0,0,0,0,0,0,0,0,0,0,0,0.0005079089394631,0,0,0,0,0,0,0,0,"aOTU_151"
"152","d__Bacteria","p__Pseudomonadota","c__Gammaproteobacteria","o__Steroidobacterales","f__Steroidobacteraceae","g__SCUD01","s__",0,0,0,0,0,0,0,0,0,0,0,0.0004078283602585,0,0,0,0,0,0,0,0,"aOTU_152"
"153","d__Bacteria","p__Pseudomonadota","c__Gammaproteobacteria","o__Burkholderiales","f__Burkholderiaceae","g__Aquabacterium_A","s__Aquabacterium_A sp001770815",0,0,0,0,0,0,0,0,0,0,0,0.0003427759837756,0,0,0,0,0.0598312635306745,0,0,0,"aOTU_153"
"154","d__Bacteria","p__Pseudomonadota","c__Gammaproteobacteria","o__Burkholderiales","f__Burkholderiaceae","g__Hydrogenophaga","s__Hydrogenophaga sp010104355",0,0,0.0004065318220932,0,0,0,0.0023840692561462,0,0,0,0,0.0002977397231335,0,0,0,0,0,0,0.0002253915026999,0,"aOTU_154"
"155","d__Bacteria","p__Pseudomonadota","c__Alphaproteobacteria","o__Rhizobiales","f__Xanthobacteraceae","g__Bradyrhizobium","s__Bradyrhizobium sp001464035",0,0,0,0.0001517164579738,0.0018756279773869,0,0,0,0,0,0,0.0002552054769716,0,0,0,0,0,0,0.0001425946241571,0,"aOTU_155"
"156","d__Bacteria","p__Pseudomonadota","c__Alphaproteobacteria","o__Sphingomonadales","f__Sphingomonadaceae","g__Sphingopyxis","s__Sphingopyxis sp002454115",0,0,0.0347997849985323,0,0.0610766416783227,0,0.0085173323562045,0.0012246940957574,0,0.0184955591524016,0,0.0002476994335312,0,0,0,0,0,0,0,0,"aOTU_156"
"157","d__Bacteria","p__Pseudomonadota","c__Gammaproteobacteria","o__Pseudomonadales","f__Pseudomonadaceae","g__Pseudomonas_E","s__Pseudomonas_E sp002840155",0,0.0230483229998964,0,0,0,0.03685,0.0004572187614526,0,0,0,0,0.0001926551149687,0,0,0,0,0,0.002913892216196,0,0,"aOTU_157"
"158","d__Bacteria","p__Pseudomonadota","c__Alphaproteobacteria","o__Rhizobiales","f__Rhizobiaceae","g__Rhizobium_E","s__Rhizobium_E sp024707525",0,0,0,0,0,0,0,0,0,0,0,0.0001476188543267,0,0,0,0,0,0,0,0,"aOTU_158"
"159","d__Bacteria","p__Patescibacteria","c__Gracilibacteria","o__UBA1369","f__2-02-FULL-48-14","g__CALRGE01","s__CALRGE01 sp943357175",0,0,0,0,0,0,0,0,0,0,0,0.0001251007240057,0,0,0,0,0,0,0,0,"aOTU_159"
"160","d__Bacteria","p__Acidobacteriota","c__Polarisedimenticolia","o__Gp22-AA2","f__Gp22-AA2","g__Gp22-AA3","s__",0,0,0,0,0,0,0,0,0,0,0,0.0001200966950454,0,0,0,0,0,0,0,0,"aOTU_160"
"161","d__Bacteria","p__Pseudomonadota","c__Alphaproteobacteria","o__Sphingomonadales","f__Sphingomonadaceae","g__Sphingomonas","s__Sphingomonas alpina_A",0,0,0,0,0,0,0,0,0,0,0,0.0001050846081647,0,0,0,0,0,0,0,0,"aOTU_161"
"162","d__Bacteria","p__Pseudomonadota","c__Alphaproteobacteria","o__Rhizobiales","f__Xanthobacteraceae","g__Bradyrhizobium","s__Bradyrhizobium sp018736105",0,0,0,0,0,0,0,0,0,0,0,0.0001000805792045,0,0,0,0,0,0,0,0,"aOTU_162"
"163","d__Bacteria","p__Pseudomonadota","c__Alphaproteobacteria","o__Sphingomonadales","f__Sphingomonadaceae","g__Novosphingobium","s__Novosphingobium sp009707465",0,0,0,0,0,0,0,0,0,0,0,5.0040289602282e-05,0,0,0,0,0,0,0,0,"aOTU_163"
"164","d__Bacteria","p__Pseudomonadota","c__Alphaproteobacteria","o__Caulobacterales","f__Caulobacteraceae","g__Caulobacter","s__Caulobacter sp903858185",0,0,0,0.0085575306890461,0,0,0,0,0,0,0,3.50282027215974e-05,0,0,0,0,0.0313361986623012,0,0,0,"aOTU_164"
"165","d__Bacteria","p__Pseudomonadota","c__Gammaproteobacteria","o__Burkholderiales","f__Burkholderiaceae","g__Rhodoferax_C","s__Rhodoferax_C sp017798165",0,0,0,0,0,0,0,0,0,0,0,3.00241737613692e-05,0,0,0,0,0,0,0,0,"aOTU_165"
"166","d__Bacteria","p__Nitrospirota","c__Nitrospiria","o__Nitrospirales","f__Nitrospiraceae","g__VGXG01","s__VGXG01 sp016873395",0,0,0,0,0,0,0,0,0,0,0,2.25181303210269e-05,0,0,0,0,0,0,0,0,"aOTU_166"
"167","d__Bacteria","p__Chloroflexota","c__Dehalococcoidia","o__UBA3495","f__UBA3495","g__SHYG01","s__SHYG01 sp009692925",0,0,0,0,0,0,0,0,0,0,0,2.00161158409128e-05,0,0,0,0,0,0,0,0,"aOTU_167"
"168","d__Bacteria","p__Desulfobacterota_B","c__Binatia","o__UBA9968","f__UBA9968","g__","s__",0,0,0,0,0,0,0,0,0,0,0,1.50120868806846e-05,0,0,0,0,0,0,0,0,"aOTU_168"
"169","d__Bacteria","p__Pseudomonadota","c__Gammaproteobacteria","o__Burkholderiales","f__Methylophilaceae","g__Methylophilus","s__Methylophilus sp030696695",0,0,0,0.0217207395665828,0,0,0.0058458684500023,0,0,0,0,0,7.45512836012881,0,0,0,0,0,0.504996561539115,0,"aOTU_169"
"170","d__Bacteria","p__Pseudomonadota","c__Gammaproteobacteria","o__Burkholderiales","f__Gallionellaceae","g__Nitrotoga","s__Nitrotoga sp003402375",0,0,2.44156071561979,0.049495688265644,4.73605356392107,0,10.5534450714921,0,0,0,0,0,5.37712355852448,0,0,0,0.025930229940456,0,9.42888092949893,0,"aOTU_170"
"171","d__Bacteria","p__Bacteroidota","c__Bacteroidia","o__Chitinophagales","f__Chitinophagaceae","g__Sediminibacterium","s__Sediminibacterium sp002281575",0,0,0,0.0130837383519313,0,0,0.029418761451185,0,0,0.0054793054398632,0,0,2.09200037702342,1.35014152410772,0,0,0,0,0,0,"aOTU_171"
"172","d__Archaea","p__Methanobacteriota","c__Methanobacteria","o__Methanobacteriales","f__Methanobacteriaceae","g__UBA349","s__UBA349 sp023249725",0,0,0.0012923084751093,0.0060578214290968,0,0.01703,0.0452319989008562,0.439296296613142,0.0021138032698963,3.09042222919736,0,0,1.15391640729691,3.95050967340383,0,0.0041975063954764,0.0004660799052907,0.199121681620881,4.61565918882127,0.0005905218916847,"aOTU_172"
"173","d__Bacteria","p__Bacteroidota","c__Bacteroidia","o__Bacteroidales","f__Prolixibacteraceae","g__UBA6024","s__UBA6024 sp013824715",0,0,0,0.0102119625402843,0,0,0.0546180469038209,0,0,0.0423363444015331,0,0,0.722702396330669,0.0088999368150739,0,0,0,0,0,0,"aOTU_173"
"174","d__Bacteria","p__Pseudomonadota","c__Alphaproteobacteria","o__Sphingomonadales","f__Sphingomonadaceae","g__Novosphingobium","s__Novosphingobium sp030696665",0,0,0,0.0008163790357637,0,0,0.0387590875780044,0,0,0.254316841638386,0,0,0.482598437362316,0,0.0116279543341868,0,0,0,0,0,"aOTU_174"
"175","d__Bacteria","p__Pseudomonadota","c__Alphaproteobacteria","o__Rhizobiales","f__Beijerinckiaceae","g__Methylocystis","s__Methylocystis rosea",0,0.0041448096192298,0.0035100552444146,0.0025538937092256,0.000275321537965,0,0.0619988640529859,0,0,0,0,0,0.467513273521334,0,0.0060625135956103,0.0008337730671833,0.0078340496655753,0,0,0,"aOTU_175"
"176","d__Bacteria","p__Pseudomonadota","c__Alphaproteobacteria","o__Rhizobiales","f__Beijerinckiaceae","g__Bosea","s__Bosea sp001713455",0,0,0.0038273483738532,0,0.0001892835573509,0,0.0367407933310204,0,0,0,0,0,0.437526109410292,0,0.039570549940309,0,0,0,0,0,"aOTU_176"
"177","d__Bacteria","p__Pseudomonadota","c__Gammaproteobacteria","o__Burkholderiales","f__Sulfuricellaceae","g__Sulfurimicrobium","s__Sulfurimicrobium sp030652035",0,0.35726668159272,0.19708200015932,0.290471995680701,0.108459478362108,0,0.257165958227366,0.0082703739840006,0.501278613812805,0,0,0,0.321348743926367,0,0,0,0,0.197476189545852,2.9559865587769,0,"aOTU_177"
"178","d__Bacteria","p__Actinomycetota","c__Coriobacteriia","o__Anaerosomatales","f__Anaerosomataceae","g__WSXY01","s__WSXY01 sp009773565",0,0,0,0.0004479247806845,0,0,0.00425213448151,0,0,0.0015899487461337,0,0,0.311641074667554,0.215736647417884,0,0,0,0,0.388887738862541,0,"aOTU_178"
"179","d__Bacteria","p__Bacteroidota","c__Bacteroidia","o__Chitinophagales","f__Chitinophagaceae","g__Sediminibacterium","s__Sediminibacterium sp023229465",0,0,4.08175466606444,21.6076204979769,0.0080565965047023,0,4.98548071639726,0,0,0.0172624514927175,0,0,0.284889800309449,0,0,0,0,0,0,0,"aOTU_179"
"180","d__Bacteria","p__Nitrospirota","c__Nitrospiria","o__Nitrospirales","f__Nitrospiraceae","g__Palsa-1315","s__Palsa-1315 sp030684575",0,0,0.286261200352159,0.501711877332893,0.849731745659996,0,0,0,0,0,0,0,0.237201520844528,0,0,0,0.0060143844065959,0,0,0,"aOTU_180"
"181","d__Bacteria","p__Pseudomonadota","c__Gammaproteobacteria","o__Burkholderiales","f__Burkholderiaceae","g__Acidovorax","s__Acidovorax sp001714725",0,0,0,0,0,0,0,0,0,0,0,0,0.137649771798049,0,0,0,0,0,0,0,"aOTU_181"
"182","d__Bacteria","p__Bacteroidota","c__Bacteroidia","o__Bacteroidales","f__UBA932","g__Bact-08","s__",0,0,0,0,0,0,8.49120556983583e-05,0,0,0,0,0,0.0745757523757623,0.066078796368384,0,0,0.031886005496686,0,0,0,"aOTU_182"
"183","d__Bacteria","p__Bacteroidota","c__Bacteroidia","o__Bacteroidales","f__UBA932","g__Bact-08","s__Bact-08 sp002842515",0,0,0,0,0,0,0,0,0.0007911400319742,0,0,0,0.0315088307002323,0.0349528505522377,0,0,0,0,0.0114765673313545,0,"aOTU_183"
"184","d__Bacteria","p__Actinomycetota","c__Actinomycetes","o__Mycobacteriales","f__Mycobacteriaceae","g__Nocardia","s__Nocardia salmonicida",0,0,0,0,0,0,0,0,0,0,0,0,0.0282776374491129,0,0,0,0,0,0,0,"aOTU_184"
"185","d__Bacteria","p__Pseudomonadota","c__Gammaproteobacteria","o__Burkholderiales","f__Nitrosomonadaceae","g__Nitrosospira","s__Nitrosospira multiformis_D",0,0,0.0013253598427591,0,0,0,0,0,0,0,0,0,0.0278878277981785,0,0,0,0,0,0.0019273273394138,0,"aOTU_185"
"186","d__Bacteria","p__Actinomycetota","c__Actinomycetes","o__Propionibacteriales","f__Nocardioidaceae","g__Nocardioides","s__",0,0,0.0033282727223403,0.0001408795681185,0,0.00274,0,0,0,0,0,0,0.0258072774925885,0,0,0,0,0,0,0,"aOTU_186"
"187","d__Bacteria","p__Bacillota_A","c__Clostridia","o__Eubacteriales","f__Eubacteriaceae","g__Acetobacterium","s__",0,0,0,0,0,0,0,0,3.68686616842388e-05,0.0026456916054522,0,0,0.0204908374340607,0.0158183268717803,0,0,0,0,0.0006853741612712,0,"aOTU_187"
"188","d__Bacteria","p__Desulfobacterota","c__Desulfobulbia","o__Desulfobulbales","f__Desulfocapsaceae","g__UBA2270","s__UBA2270 sp002347745",0,0.008970110369975,0.0010113718500855,0.0030523906425681,0.000220257230372,8e-05,0.0440236350313026,0,0.144875406088216,0,0,0,0.0151790938773514,0,0,0,0,0,3.96207902891045,0,"aOTU_188"
"189","d__Bacteria","p__Bacteroidota","c__Ignavibacteria","o__Ignavibacteriales","f__Melioribacteraceae","g__XYB12-FULL-38-5","s__XYB12-FULL-38-5 sp001803165",0,0,0.0132403778805319,0,0,0,0,0,0,0,0,0,0.0122156012298858,0,0,0,0,0,0,0,"aOTU_189"
"190","d__Bacteria","p__Spirochaetota","c__Leptospirae","o__Leptospirales","f__Leptospiraceae","g__GCA-2786225","s__GCA-2786225 sp028462125",0,0,0,0,0,0,0,0,0,0,0,0,0.0118304880807699,0,0,0,0,0,0,0,"aOTU_190"
"191","d__Bacteria","p__Pseudomonadota","c__Gammaproteobacteria","o__Burkholderiales","f__Burkholderiaceae","g__Aquabacterium","s__",0,0,0,0,0,0,5.22535727374513e-05,0,0,0,0,0,0.0108113471861581,0,0,0,0.0113505806875293,0,0.264623423649497,0,"aOTU_191"
"192","d__Bacteria","p__Desulfobacterota","c__Syntrophia","o__Syntrophales","f__UBA5619","g__JAHJXP01","s__JAHJXP01 sp018819165",0,0,0.0473857457995971,0.0067838930494,0.0039130073583283,0,0.0276225448883351,0.002132148154662,0.17073877225971,0,0,0,0.0104591095497715,0,0,0,0.149893530259607,0,0.054250354751902,0.001132728355868,"aOTU_192"
"193","d__Bacteria","p__Campylobacterota","c__Campylobacteria","o__Campylobacterales","f__Sulfurimonadaceae","g__Sulfurimonas","s__Sulfurimonas sp001829675",0,0,0,0,0,0,0,0,0,0,0,0,0.0089891044805849,0,0,0,0.0693761334474068,0,0.0017341346228138,0,"aOTU_193"
"194","d__Bacteria","p__Bacillota_I","c__Bacilli_A","o__Erysipelotrichales","f__Erysipelotrichaceae","g__UBA2212","s__UBA2212 sp009773735",0,0,0,0,0,0,0.0001632924148045,0,0,0.171622614953683,0,0,0.0080404111132505,0.0711586378863987,0,0,0,0,0.0077231088374125,0,"aOTU_194"
"195","d__Bacteria","p__Pseudomonadota","c__Gammaproteobacteria","o__UBA5335","f__UBA5335","g__Macondimonas","s__Macondimonas sp002862435",0,0,0.0386403539194454,0,0,0,0.008968019421065,0,0,0,0,0,0.0066173710622488,0,0,0,0.0035890943605022,0,0,0,"aOTU_195"
"196","d__Bacteria","p__Krumholzibacteriota","c__Krumholzibacteria","o__LZORAL124-64-63","f__LZORAL124-64-63","g__PNOJ01","s__PNOJ01 sp016719645",0,0,0.0002809366250237,0,0,0,0,0,0,0.0078473366733147,0,0,0.0059457713022051,0,0,0,0.456278272791441,0,0.24167948863996,0,"aOTU_196"
"197","d__Bacteria","p__Pseudomonadota","c__Gammaproteobacteria","o__Burkholderiales","f__Burkholderiaceae","g__Hydrogenophaga","s__Hydrogenophaga sp005503365",0,0,0,0,0,0,0.0008425888603914,0,0,0,0,0,0.0059035027858387,0,0,0,0,0,0,0,"aOTU_197"
"198","d__Bacteria","p__Pseudomonadota","c__Alphaproteobacteria","o__UBA6184","f__UBA6184","g__UBA6184","s__UBA6184 sp014896945",0,0.0003269892450138,0,0,3.7856711470195e-05,0,0,0,0,0,0,0,0.0058565377676538,0,0,0.0116314525212027,0,0.0064791250454241,0,0,"aOTU_198"
"199","d__Bacteria","p__Bacillota_I","c__Bacilli_A","o__Erysipelotrichales","f__Erysipelotrichaceae","g__UBA2227","s__UBA2227 sp030694975",0,0,0,0,0,0,0,0,0,0.524670417309821,0,0,0.0049031478985009,1.17026338263336,0,0,0,0,0.0029530886680279,0,"aOTU_199"
"200","d__Bacteria","p__Pseudomonadota","c__Alphaproteobacteria","o__Caulobacterales","f__Caulobacteraceae","g__Brevundimonas","s__Brevundimonas sp001427825",0,0,0.0272905142684852,0,0.0002133741919229,0,0.0039059545621244,0,0,0,0,0,0.0048749688875899,0,0,0,0,0,0.0461868587471467,0,"aOTU_200"
"201","d__Bacteria","p__Caldisericota","c__Caldisericia","o__Cryosericales","f__Cryosericaceae","g__Cryosericum","s__Cryosericum sp013824685",0,0,0,0,0,0,0,0,0,0,0,0,0.0045180347493849,0,0,0,4.74452598200143e-05,0,0,0,"aOTU_201"
"202","d__Bacteria","p__Bacillota_A","c__Clostridia","o__Eubacteriales","f__Eubacteriaceae","g__Acetobacterium","s__Acetobacterium dehalogenans",0,0,0,0,0,0,0,0,0,0,0,0,0.0043583536875563,0,0,0,0,0,0.0011959549122854,0,"aOTU_202"
"203","d__Bacteria","p__Bacillota_I","c__Bacilli_A","o__Izemoplasmatales","f__UBA5603","g__UBA12489","s__UBA12489 sp903844055",0,0,0,0,0,0,0.0088177903994448,0,0.0001305765101316,0,0,0,0.0042597271493681,0,0,0,0.0006502791492978,0,0,0,"aOTU_203"
"204","d__Bacteria","p__Chloroflexota","c__Anaerolineae","o__Anaerolineales","f__Villigracilaceae","g__Villigracilis","s__",0,0,0.0172594241867542,0.147042146149563,0.0129091386113364,0,0,0,0.0015269770714222,0,0,0,0.0042503341457311,0,0,0,0,0,0,0,"aOTU_204"
"205","d__Bacteria","p__Pseudomonadota","c__Gammaproteobacteria","o__Pseudomonadales","f__Halomonadaceae","g__Halomonas","s__Halomonas alkalicola",0,0,0,0,0,0,0,0,0,0,0,0,0.0038135594766118,0,0,0,0,0,0,0,"aOTU_205"
"206","d__Bacteria","p__Actinomycetota","c__Thermoleophilia","o__UBA2241","f__UBA2241","g__CAIXSE01","s__",0,0,0.0058699228946142,0,0,0,0,0,0,0,0,0,0.0036069133965983,0,0,0,0,0,0,0,"aOTU_206"
"207","d__Bacteria","p__Pseudomonadota","c__Alphaproteobacteria","o__Sphingomonadales","f__Sphingomonadaceae","g__Sphingosinicella","s__Sphingosinicella sp013911755",0,0,0.0003602599073834,0,0.0006710962487898,0,0,0,0,0,0,0,0.0035975203929613,0,0,0,0,0,0,0,"aOTU_207"
"208","d__Archaea","p__Methanobacteriota","c__Methanobacteria","o__Methanobacteriales","f__Methanobacteriaceae","g__UBA349","s__UBA349 sp002509745",0,0,0,0,0,0.00405,0,0.0329118094046625,0,0.0064273625275313,0,0,0.0027897220801815,0.0007013722203157,0,0,0.0279340944434425,0.0410001775361234,0.0009107656639712,13.73091702469,"aOTU_208"
"209","d__Bacteria","p__Pseudomonadota","c__Alphaproteobacteria","o__Rhodobacterales","f__Rhodobacteraceae","g__Tabrizicola","s__Tabrizicola sp013824055",0,0,0,0,0,0,0.0447029314768895,0,0,0,0,0,0.0026629165310823,0,0,0,0,0,0.0001057960114714,0,"aOTU_209"
"210","d__Bacteria","p__Pseudomonadota","c__Alphaproteobacteria","o__Caulobacterales","f__Caulobacteraceae","g__Brevundimonas","s__",0,0,0,0,0,0,0,0,0,0,0,0,0.0023482509092437,0.0063055405438091,0,0,0,0,0,0,"aOTU_210"
"211","d__Bacteria","p__Desulfobacterota","c__Syntrophia","o__Syntrophales","f__UBA8958","g__UBA8958","s__UBA8958 sp903885795",0,0,0,0,0,0,0,0,0,0,0,0,0.002216748858326,0,0,0,0.0003153714329212,0,0,0,"aOTU_211"
"212","d__Bacteria","p__Desulfobacterota","c__Syntrophia","o__Syntrophales","f__UBA5619","g__UBA5619","s__UBA5619 sp003141195",0,0,0,0,0,0,0,0,0,0,0,0,0.0021040328146823,0,0,0,0.0004688708029272,0,0.0048068187820703,0,"aOTU_212"
"213","d__Bacteria","p__Desulfobacterota","c__Desulfobaccia","o__Desulfobaccales","f__0-14-0-80-60-11","g__0-14-0-80-60-11","s__0-14-0-80-60-11 sp018897875",0,0,0.0424082098315289,0.0778197060507057,0.0003510349609054,0,0.0270346921950388,0.0009000763836289,0.0035685792121869,0,0,0,0.0020993363128638,0.0003268530735451,0,0,0.0062097472411489,0,0.0759201377971971,0,"aOTU_213"
"214","d__Bacteria","p__Desulfobacterota","c__Desulfobulbia","o__Desulfobulbales","f__Desulfocapsaceae","g__UBA2270","s__UBA2270 sp903891045",0,0,0.0013749368942339,0,0,0,0,0,0,0,0,0,0.0019725307637647,0.0031663891499689,0,0,0.0035974670534116,0,0.0269549837922796,0,"aOTU_214"
"215","d__Bacteria","p__Campylobacterota","c__Campylobacteria","o__Campylobacterales","f__Sulfurimonadaceae","g__Sulfuricurvum","s__Sulfuricurvum sp028714915",0,0,0,0,0,0,0,0,0,0,0,0,0.0019631377601277,0,0,0,0.004297982360166,0,0,0,"aOTU_215"
"216","d__Bacteria","p__Pseudomonadota","c__Alphaproteobacteria","o__Reyranellales","f__Reyranellaceae","g__Reyranella","s__Reyranella sp002281855",0,0,0,0,0,0,0,0,0,0,0,0,0.0017940636946622,0,0,0,0.0001311721889141,0,0,0,"aOTU_216"
"217","d__Bacteria","p__Desulfobacterota","c__Syntrophia","o__Syntrophales","f__UBA5619","g__UBA5619","s__UBA5619 sp026388375",0,0,0.0206009174561546,0,0.0001892835573509,0,0.0010189446683802,0,0.0019709372058699,0.0094330624480112,0,0,0.0017470986764773,0,0,0,0.0172170475193922,0,0.006688147855627,0,"aOTU_217"
"218","d__Bacteria","p__Pseudomonadota","c__Gammaproteobacteria","o__Burkholderiales","f__Sulfuricellaceae","g__Sulfuricella","s__Sulfuricella sp000971475",0,0,0.0005056859250427,0,0,0,0,0,0,9.71283430573065e-05,0,0,0.0016437756364706,0.002172211051269,0,0,0,0,4.13984392714192e-05,0,"aOTU_218"
"219","d__Bacteria","p__Bacillota_B","c__Desulfitobacteriia","o__Desulfitobacteriales","f__Desulfitobacteriaceae","g__Desulfosporosinus","s__Desulfosporosinus fructosivorans",0,0,0.0193019987075153,0,0.0003820086339265,0,0,0,0,0,0,0,0.0015874176146487,0,0,0,0,0,0,0,"aOTU_219"
"220","d__Bacteria","p__Pseudomonadota","c__Gammaproteobacteria","o__Burkholderiales","f__Burkholderiaceae","g__Hylemonella","s__Hylemonella sp016185015",0,0,0.0077703765344809,0,0,0,0.0225604800293945,0,0,0,0,0,0.0013713785309983,0,0,0,0,0,0.0001839930634285,0,"aOTU_220"
"221","d__Bacteria","p__Bacteroidota","c__Bacteroidia","o__Sphingobacteriales","f__Sphingobacteriaceae","g__Daejeonella","s__Daejeonella sp002257025",0,0,0.0074960501829871,0,0,0,0.196800018322426,0,0,0,0,0,0.0013056275055395,0,0,0,0,0,0.0131463043819684,0,"aOTU_221"
"222","d__Bacteria","p__Actinomycetota","c__Actinomycetes","o__Actinomycetales","f__Microbacteriaceae","g__Pseudolysinimonas","s__Pseudolysinimonas yzui",0,0,0,0,0,0,0,0,0,0,0,0,0.0012633589891731,0,0,0,0,0,0,0,"aOTU_222"
"223","d__Bacteria","p__Bacillota","c__Bacilli","o__Bacillales_H","f__Salisediminibacteriaceae","g__Alkalicoccus","s__Alkalicoccus saliphilus",0,0,0,0,0,0,0,0,0,0,0,0,0.0010708024146151,0,0,0,6.41906456388429e-05,0,0,0,"aOTU_223"
"224","d__Bacteria","p__Actinomycetota","c__Actinomycetes","o__Propionibacteriales","f__Nocardioidaceae","g__Marmoricola","s__Marmoricola ginsengisoli",0,0,0,0,0,0,0,0,0,0,0,0,0.0010097478909748,0,0,0,0,0,0,0,"aOTU_224"
"225","d__Bacteria","p__Bacillota_A","c__Clostridia","o__Eubacteriales","f__Eubacteriaceae","g__Acetobacterium","s__Acetobacterium bakii",0,0,0,0,0,0,0,0,0,0,0,0,0.0009768723782453,0,0,0,0,0,0,0,"aOTU_225"
"226","d__Bacteria","p__Pseudomonadota","c__Alphaproteobacteria","o__Rhizobiales","f__Beijerinckiaceae","g__Methylocystis","s__Methylocystis hirsuta",0,0,0.0078728357741954,0,0.0325670964220413,0,0,0,0,0,0,0,0.0007561367927764,0,0,0,0,0,0,0,"aOTU_226"
"227","d__Bacteria","p__Pseudomonadota","c__Gammaproteobacteria","o__Pseudomonadales","f__Pseudomonadaceae","g__Pseudomonas_E","s__Pseudomonas_E brenneri",0,0,0,0,0,0,0,0,0,0,0,0,0.0007561367927764,0,0,0,0,0,0,0,"aOTU_227"
"228","d__Bacteria","p__Pseudomonadota","c__Gammaproteobacteria","o__Burkholderiales","f__SG8-41","g__Ga0077527","s__Ga0077527 sp019744975",0,0,0.0960505795272435,0,0.001961665958001,0,0.032586634298393,0,0,0,0,0,0.00071386827641,0,0,0,0,0,0,0,"aOTU_228"
"229","d__Bacteria","p__Desulfobacterota","c__Desulfobulbia","o__Desulfobulbales","f__Desulfocapsaceae","g__Desulforhopalus","s__Desulforhopalus sp903875445",0,0,0,0,0,0,0,0,0,0,0,0,0.0007091717745916,0,0,0,0.0001479175747329,0,0,0,"aOTU_229"
"230","d__Bacteria","p__Pseudomonadota","c__Gammaproteobacteria","o__Burkholderiales","f__Burkholderiaceae","g__Herminiimonas","s__Herminiimonas arsenitoxidans",0,0,0,0,0,0,0.02203794430202,0,0,0,0,0,0.0005870627273109,0.0109563874027957,0,0,0,0,0,0,"aOTU_230"
"231","d__Bacteria","p__Pseudomonadota","c__Gammaproteobacteria","o__Burkholderiales","f__Rhodocyclaceae","g__Sulfuritalea","s__",0,0,0.0003305136764985,7.58582289869016e-05,2.40906345719422e-05,0,0,0,0,0,0,0,0.0005823662254924,0,0,0,0,0,0,0,"aOTU_231"
"232","d__Bacteria","p__Pseudomonadota","c__Gammaproteobacteria","o__Burkholderiales","f__Burkholderiaceae","g__Ramlibacter","s__Ramlibacter sp001044395",0,0,0,0,0,0,0,0,0,0,0,0,0.0004508641745747,0,0,0,0.0001451266770965,0,0,0,"aOTU_232"
"233","d__Bacteria","p__Planctomycetota","c__Phycisphaerae","o__Sedimentisphaerales","f__UBA12454","g__GWC2-45-44","s__GWC2-45-44 sp001824555",0,0,0.0011006105427401,0,0,0,0,0,0,0,0,0,0.0003616306400235,0,0,0,0,0,0,0,"aOTU_233"
"234","d__Bacteria","p__Chloroflexota","c__Limnocylindria","o__Limnocylindrales","f__CSP1-4","g__CAIXZV01","s__",0,0,0.164711490683052,0.0078856435180193,0.103238693698446,0,0.0004441553682683,0.0003983944648849,0.0042967352804506,0.007158992329039,0,0,0.0003287551272941,0,0.0006923514794401,0,0.0006419064563884,0,0.0120883442672544,0,"aOTU_234"
"235","d__Bacteria","p__Pseudomonadota","c__Alphaproteobacteria","o__Caulobacterales","f__Caulobacteraceae","g__Phenylobacterium","s__Phenylobacterium sp001429025",0,0,0,0,0,0,0,0,0,0,0,0,0.0002911831127462,0,0,0,0.00014233577946,0,0,0,"aOTU_235"
"236","d__Bacteria","p__Desulfobacterota","c__Syntrophia","o__Syntrophales","f__UBA5619","g__UBA5619","s__UBA5619 sp030654195",0,0,0.0137625894893996,0.0161939257403942,0.0004336314222949,0,0.298955753024143,0,0.03919906834153,0.100312463521011,0,0,0.0002207355854689,0,0,0,0.731890577983541,0,0.009158254732155,0,"aOTU_236"
"237","d__Archaea","p__Halobacteriota","c__Methanomicrobia","o__Methanomicrobiales","f__Methanospirillaceae","g__Methanoregula","s__Methanoregula sp030651815",0,0,0,0,0,0,0.0003069897398325,0,0,0.69832744875341,0,0,0.0001972530763764,0.0271560428603787,0,0,0.0018168743613429,0,0.0078657034615696,1.12758007864872,"aOTU_237"
"238","d__Bacteria","p__Pseudomonadota","c__Gammaproteobacteria","o__Burkholderiales","f__Burkholderiaceae","g__Methylibium","s__Methylibium petroleiphilum",0,0,0.0003404290867935,0,0,0,0,0,0,0,0,0,0.0001925565745579,0,0,0,0,0,0,0,"aOTU_238"
"239","d__Bacteria","p__Desulfobacterota","c__Desulfobulbia","o__Desulfobulbales","f__Desulfocapsaceae","g__UBA2270","s__UBA2270 sp903887485",0,0,0,0,0,0,0,0,0,0,0,0,0.0001174125454621,0,0,0,0.0009991413538567,0,0.0019641259520995,0,"aOTU_239"
"240","d__Bacteria","p__Pseudomonadota","c__Alphaproteobacteria","o__Caulobacterales","f__Caulobacteraceae","g__Phenylobacterium","s__Phenylobacterium sp002363865",0,0,0,0,0.0006573301718915,0,0,0.0004205274907118,0,0,0,0,0.0001174125454621,0,0.0022368278566527,0,0,0,0,0,"aOTU_240"
"241","d__Bacteria","p__Bacteroidota","c__Bacteroidia","o__Flavobacteriales","f__Flavobacteriaceae","g__Lutibacter","s__Lutibacter sp001800975",0,0,0,0.0013293251555799,0,0,0,0,0,0,0,0,7.98405309142868e-05,0.0249906412481419,0,0,0.207129258988364,0,0.0022355157206566,0,"aOTU_241"
"242","d__Bacteria","p__Pseudomonadota","c__Alphaproteobacteria","o__Rhizobiales","f__Xanthobacteraceae","g__Afipia","s__Afipia massiliensis_A",0,0,0,0,0,0,0,0,0,0,0,0,7.51440290957994e-05,0,0,0,0,0,0,0,"aOTU_242"
"243","d__Bacteria","p__Pseudomonadota","c__Alphaproteobacteria","o__Rhizobiales","f__Beijerinckiaceae","g__Bosea","s__Bosea sp001426225",0,0,0,0,0,0,0,0,0,0,0,0,6.1054523640337e-05,0,0,0,0,0,0,0,"aOTU_243"
"244","d__Bacteria","p__Pseudomonadota","c__Alphaproteobacteria","o__Caulobacterales","f__Caulobacteraceae","g__Brevundimonas","s__Brevundimonas denitrificans",0,0,0.0064648475123116,0,0,0,0,0,0,0,0,0,3.28755127294122e-05,0,0,0,0.0057241310524029,0,0,0,"aOTU_244"
"245","d__Bacteria","p__Bacillota","c__Bacilli","o__Bacillales_H","f__Salisediminibacteriaceae","g__Alkalicoccus","s__Alkalicoccus luteus",0,0,0,0,0,0,0,0,0,0,0,0,3.28755127294122e-05,0,0,0,0,0,0,0,"aOTU_245"
"246","d__Bacteria","p__Myxococcota","c__Myxococcia","o__Myxococcales","f__Myxococcaceae","g__JAEUJQ01","s__JAEUJQ01 sp022843845",0,0.0006363033957026,0.203269216183373,0.0147381702031694,0.0008500552484671,0,0.339955212533266,0,0,0,0,0,0,1.23712526449044,0,0,0,0,0.0920701289396363,0,"aOTU_246"
"247","d__Bacteria","p__Riflebacteria","c__Ozemobacteria","o__Ozemobacterales","f__Ozemobacteraceae","g__Rifleibacterium","s__Rifleibacterium sp002839445",0,0,0,0,0,0,0,0,0,0,0,0,0,0.0913350057387814,0,0,0,0,0,0,"aOTU_247"
"248","d__Bacteria","p__Bacteroidota","c__Bacteroidia","o__Flavobacteriales","f__Flavobacteriaceae","g__Lutibacter","s__Lutibacter sp030656195",0,0.0314793429929567,0,0,0.0066696642572034,0.09733,0,0.0225904416940319,0,0,0,0,0,0.0903340182010493,0.0034440047951637,0.19918902221809,0.0014233577946004,0.205455112055495,0.0286063215365506,0.0050301728409874,"aOTU_248"
"249","d__Bacteria","p__Pseudomonadota","c__Alphaproteobacteria","o__Rhodobacterales","f__Rhodobacteraceae","g__Cypionkella","s__Cypionkella sp009773375",0,0,0.0043065932047761,0,0,0,0.0076812751924053,0,0,0,0,0,0,0.0256375379562001,0,0,0.0142363688436407,0,0.0005657786700427,0,"aOTU_249"
"250","d__Bacteria","p__Pseudomonadota","c__Alphaproteobacteria","o__Rhodobacterales","f__Rhodobacteraceae","g__Frigidibacter","s__Frigidibacter albus",0,0,0,0,0,0,0,0,0,0,0,0,0,0.0208505023165696,0,0,0,0,0,0,"aOTU_250"
"251","d__Bacteria","p__Pseudomonadota","c__Gammaproteobacteria","o__Burkholderiales","f__Burkholderiaceae","g__Limnobacter","s__Limnobacter sp018815245",0,0,0.0035001398341196,0,0.0647246520563596,0,0.210934609747906,0,0,0,0,0,0,0.0165605557262891,0,0,0,0,0,0,"aOTU_251"
"252","d__Bacteria","p__Pseudomonadota","c__Alphaproteobacteria","o__Sphingomonadales","f__Sphingomonadaceae","g__Erythrobacter","s__Erythrobacter sp002842735",0,0.745897818065283,0.0078893614580203,0,0.02808623839166,0,0,0.0013279815496165,0,0.0021948894045232,0,0,0,0.0114126198179525,0,0,0,0,0,0,"aOTU_252"
"253","d__Bacteria","p__Pseudomonadota","c__Gammaproteobacteria","o__Burkholderiales","f__Burkholderiaceae","g__Rhodoferax","s__Rhodoferax sp012927445",0,0,0,0,0,0,0,0,0,0,0,0,0,0.0099826376211923,0,0,0.0334237900943818,0,0,0,"aOTU_253"
"254","d__Bacteria","p__Pseudomonadota","c__Gammaproteobacteria","o__Xanthomonadales","f__Xanthomonadaceae","g__Alcalisalibacterium","s__Alcalisalibacterium limoincola",0,0,0,0,0,0,0,0,0,0,0,0,0,0.0091382671812006,0,0,0,0,0,0.0001825249483389,"aOTU_254"
"255","d__Bacteria","p__Pseudomonadota","c__Gammaproteobacteria","o__Xanthomonadales","f__Xanthomonadaceae","g__UBA11164","s__",0,0.0005832781127274,0.0005552629765175,0,0.0002615554610668,0,0,0,0,0.0030669330063203,0,0,0,0.0079602342286315,0,0,0,0,0,0,"aOTU_255"
"256","d__Bacteria","p__Pseudomonadota","c__Alphaproteobacteria","o__Rhodobacterales","f__Rhodobacteraceae","g__Frigidibacter","s__Frigidibacter mobilis",0,0,0,0,0,0,0,0,0,0,0,0,0,0.0059923063483283,0,0,0,0,0,0,"aOTU_256"
"257","d__Bacteria","p__Pseudomonadota","c__Gammaproteobacteria","o__Burkholderiales","f__Rhodocyclaceae","g__Azonexus","s__Azonexus sp018780195",0,0,0,0,0,0,0,0,0,0,0,0,0,0.0056041683234934,0,0,0.0004437527241989,0,0,0,"aOTU_257"
"258","d__Bacteria","p__Pseudomonadota","c__Gammaproteobacteria","o__Burkholderiales","f__Burkholderiaceae","g__Rhodoferax","s__Rhodoferax ferrireducens",0,0,0.0049775359680681,0.0113101007122851,0,0,0.0013520611945815,0,0,0,0,0,0,0.0054815984209139,0,0,0.0365886680141404,0,0,0,"aOTU_258"
"259","d__Bacteria","p__Gemmatimonadota","c__Gemmatimonadetes","o__Gemmatimonadales","f__GWC2-71-9","g__Palsa-1233","s__",0,0.0014140075460059,0.0005056859250427,0,0,0,0,0,0,0,0,0,0,0.004521467517375,0,0,0,0,0,0,"aOTU_259"
"260","d__Bacteria","p__Bacillota_H","c__UBA994","o__UBA994","f__UBA994","g__WSXW01","s__WSXW01 sp009773495",0,0,0,0,0,0,0,0,0,0,0,0,0,0.003527289418675,0,0,0,0,0,0,"aOTU_260"
"261","d__Bacteria","p__Spirochaetota","c__GWE2-31-10","o__GWE2-31-10","f__GWE2-31-10","g__GWE2-31-10","s__GWE2-31-10 sp001829315",0,0,0,0,0,0,0,0,0,0,0,0,0,0.0031391513938401,0,0,0,0,0,0,"aOTU_261"
"262","d__Bacteria","p__Desulfobacterota","c__Desulfuromonadia","o__Geobacterales","f__Pseudopelobacteraceae","g__JACRCG01","s__JACRCG01 sp013336525",0,0,0,0,0,0,0,0,0,0,0,0,0,0.0020292128315929,0,0,0,0,0,0,"aOTU_262"
"263","d__Bacteria","p__Pseudomonadota","c__Alphaproteobacteria","o__Caulobacterales","f__Caulobacteraceae","g__Brevundimonas","s__Brevundimonas halotolerans",0,0,0,0,0,0,0,0,0,0,0,0,0,0.0016070276115971,0,0,0,0,0,0,"aOTU_263"
"264","d__Bacteria","p__Desulfobacterota","c__Desulfovibrionia","o__Desulfovibrionales","f__Desulfovibrionaceae","g__Humidesulfovibrio","s__Humidesulfovibrio sp002840405",0,0,0,0,0,0,0,0,0,0,0,0,0,0.0015729804164361,0,0,0,0,0.000206992196357,0,"aOTU_264"
"265","d__Bacteria","p__Actinomycetota","c__Nitriliruptoria","o__Nitriliruptorales","f__Nitriliruptoraceae","g__Nitriliruptor","s__Nitriliruptor alkaliphilus",0,0,0,0,0,0,0,0,0,0,0,0,0,0.0013278406112772,0,0,0,0,0,0,"aOTU_265"
"266","d__Bacteria","p__Actinomycetota","c__Actinomycetes","o__Mycobacteriales","f__Mycobacteriaceae","g__Dietzia","s__Dietzia cercidiphylli",0,0,0.0005189064721027,0,0,0,0,0,0,0,0,0,0,0.000892036513217,0,0,0,0,0.0015041432935282,0,"aOTU_266"
"267","d__Bacteria","p__Bacteroidota","c__Bacteroidia","o__Bacteroidales","f__F082","g__CAJBPB01","s__CAJBPB01 sp903957365",0,0,0,0,0,0,0,0,0,0,0,0,0,0.0008443704399917,0,0,0.0029025335419302,0,0,0,"aOTU_267"
"268","d__Bacteria","p__Pseudomonadota","c__Alphaproteobacteria","o__Rhizobiales","f__Rhizobiaceae","g__Aquibium","s__Aquibium carbonis",0,0,0,0,0,0,0,0,0,0,0,0,0,0.0008375610009595,0,0,0,0,0,0,"aOTU_268"
"269","d__Bacteria","p__Actinomycetota","c__Actinomycetes","o__Actinomycetales","f__Micrococcaceae","g__Nesterenkonia","s__Nesterenkonia salmonea",0,0,0,0,0,0,0,0,0,0,0,0,0,0.0007762760496698,0,0,0,0,0,0,"aOTU_269"
"270","d__Bacteria","p__Pseudomonadota","c__Alphaproteobacteria","o__Caulobacterales","f__Caulobacteraceae","g__Brevundimonas","s__Brevundimonas abyssalis",0,0,0,0,0,0,0,0,0,0,0,0,0,0.0006877533422513,0,0,0,0,0,0,"aOTU_270"
"271","d__Bacteria","p__Pseudomonadota","c__Gammaproteobacteria","o__Burkholderiales","f__Sulfuricellaceae","g__Sulfuricella","s__Sulfuricella sp018823025",0,0,0,0,0,0,0,0,0,0,0,0,0,0.0006741344641869,0,0,0,0,0,0,"aOTU_271"
"272","d__Bacteria","p__Pseudomonadota","c__Gammaproteobacteria","o__Burkholderiales","f__Rhodocyclaceae","g__Azonexus","s__Azonexus denitrificans_A",0,0,0,0,0,0,0,0,0,0,0,0,0,0.0003745191467705,0,0,0,0,0,0,"aOTU_272"
"273","d__Bacteria","p__Bacillota_A","c__Clostridia","o__Tissierellales","f__Dethiosulfatibacteraceae","g__38-11","s__38-11 sp001509345",0,0,0,0,0,0,0,0,0,0,0,0,0,0.0003336625125773,0,0,0,0,0,0,"aOTU_273"
"274","d__Bacteria","p__Actinomycetota","c__Actinomycetes","o__Actinomycetales","f__Cellulomonadaceae","g__Actinotalea","s__Actinotalea sp000526515",0,0,0,0,0,0,0,0,0,0.0147339473446496,0,0,0,0.0003268530735451,0,0,0,0,0,0,"aOTU_274"
"275","d__Bacteria","p__Pseudomonadota","c__Alphaproteobacteria","o__Rhodobacterales","f__Rhodobacteraceae","g__Cypionkella","s__Cypionkella sp030652235",0,0,1.00526395734387,0,0.097866482188903,0,0,0,0,0,0,0,0,0.0002042831709657,0,0,0,0,0.714012681593925,0,"aOTU_275"
"276","d__Bacteria","p__Bacteroidota","c__Ignavibacteria","o__Ignavibacteriales","f__Melioribacteraceae","g__JAHBUP01","s__JAHBUP01 sp019638015",0,0,0,0,0,0,0.0002482044705028,0,0.0008003571973953,0,0,0,0,0.0001225699025794,0,0,0,0,0.0006485755485855,0,"aOTU_276"
"277","d__Bacteria","p__Pseudomonadota","c__Alphaproteobacteria","o__Caulobacterales","f__Caulobacteraceae","g__Brevundimonas","s__Brevundimonas aurantiaca",0,0,0.0019599461016364,0,0.0036445688588124,0,0,0,0,0.0194098324685715,0,0,0,0,0.272768730297375,0,0,0,0,0,"aOTU_277"
"278","d__Bacteria","p__Pseudomonadota","c__Gammaproteobacteria","o__Pseudomonadales","f__Pseudomonadaceae","g__Stutzerimonas","s__Stutzerimonas stutzeri",0,0,0.0022210519060702,0,0.000220257230372,0,0.0019203187981013,0,0,0,0,0,0,0,0.0830999301348527,0,0,0,0,0,"aOTU_278"
"279","d__Bacteria","p__Bacteroidota","c__Bacteroidia","o__Cytophagales","f__Spirosomataceae","g__Rhabdobacter","s__Rhabdobacter roseus",0,0,0,0,0,0,0,0,0,0,0,0,0,0,0.0309427853503628,0,0,0,0,0,"aOTU_279"
"280","d__Bacteria","p__Pseudomonadota","c__Alphaproteobacteria","o__Caulobacterales","f__Caulobacteraceae","g__Brevundimonas","s__Brevundimonas sp003938605",0,0,0.0166512790219969,0,0,0,0.001730899596928,0,0,0,0,0,0,0,0.0262560984126142,0,0,0,0,0,"aOTU_280"
"281","d__Bacteria","p__Actinomycetota","c__Actinomycetes","o__Actinomycetales","f__Microbacteriaceae","g__Microbacterium","s__Microbacterium chocolatum",0,0,0,0,0,0,0,0,0,0,0,0,0,0,0.0200160587966345,0,0,0.0006427703418079,0,0,"aOTU_281"
"282","d__Bacteria","p__Omnitrophota","c__Koll11","o__Gygaellales","f__Profunditerraquicolaceae","g__UBA6249","s__UBA6249 sp018897555",0,0,0,0.0508286257178424,0,0,0,0.228294783729629,0.0497711570794855,0.321343844290802,0,0,0,0,0.0191195523937697,0,0.0008177330074861,0,0.0039880496498133,0,"aOTU_282"
"283","d__Bacteria","p__Pseudomonadota","c__Gammaproteobacteria","o__Burkholderiales","f__Burkholderiaceae","g__Limnobacter","s__Limnobacter sp002954425",0,0,0,0,0.0014764117473376,0,0.185173598388343,0,0,0,0,0,0,0,0.0180366436695172,0,0,0,0,0,"aOTU_283"
"284","d__Bacteria","p__Actinomycetota","c__Actinomycetes","o__Actinomycetales","f__Microbacteriaceae","g__Microbacterium","s__Microbacterium lacus",0,0,0,0,0,0,0,0,0,0.006111695412595,0,0,0,0,0.0140423082112088,0,0,0,0.005308199879913,0,"aOTU_284"
"285","d__Bacteria","p__Pseudomonadota","c__Alphaproteobacteria","o__Caulobacterales","f__Caulobacteraceae","g__Phenylobacterium","s__Phenylobacterium sp937910255",0,0,0.0142848010982673,0,0.0573012950889769,0,0.0005813209967041,0,0,0,0,0,0,0,0.0134475960429717,0,0,0.0005313568158945,0,0,"aOTU_285"
"286","d__Bacteria","p__Pseudomonadota","c__Alphaproteobacteria","o__Sphingomonadales","f__Sphingomonadaceae","g__Sphingobium","s__Sphingobium sp001713415",0,0,0,0,0,0,0,0,0,0.0376182295632385,0,0,0,0,0.01230255321159,0,0,0,0,0,"aOTU_286"
"287","d__Bacteria","p__Pseudomonadota","c__Gammaproteobacteria","o__Burkholderiales","f__Rhodocyclaceae","g__Methyloversatilis","s__Methyloversatilis discipulorum_A",0,0,0,0,0,0,0,0,0,0,0,0,0,0,0.0115480676250206,0,0,0,0,0,"aOTU_287"
"288","d__Bacteria","p__Actinomycetota","c__Actinomycetes","o__Actinomycetales","f__Microbacteriaceae","g__Microbacterium","s__Microbacterium sp002812725",0,0,0,0,0,0,0,0,0,0,0,0,0,0,0.0095420235948479,0,0,0,0.0022585148535852,0,"aOTU_288"
"289","d__Bacteria","p__Pseudomonadota","c__Alphaproteobacteria","o__Caulobacterales","f__Caulobacteraceae","g__Brevundimonas","s__Brevundimonas sp023451375",0,0,0,0,0,0,0.0006335745694415,0,0,0.0032453535495452,0,0,0,0,0.00854787788078,0,0,0,0,0,"aOTU_289"
"290","d__Bacteria","p__Pseudomonadota","c__Alphaproteobacteria","o__Rhizobiales","f__Xanthobacteraceae","g__Xanthobacter","s__Xanthobacter tagetidis",0,0,0,0,0,0,0,0,0,0,0,0,0,0,0.0072696905341213,0,0,0,0,0,"aOTU_290"
"291","d__Bacteria","p__Pseudomonadota","c__Alphaproteobacteria","o__Caulobacterales","f__Caulobacteraceae","g__Brevundimonas","s__Brevundimonas diminuta",0,0,0,0,0.0027050341105066,0,0.0003657750091621,0,0,0,0,0,0,0,0.0058228534681118,0,0,0,0,0,"aOTU_291"
"292","d__Bacteria","p__Pseudomonadota","c__Alphaproteobacteria","o__Rhizobiales","f__Rhizobiaceae","g__Agrobacterium","s__Agrobacterium oryzihabitans",0,0,0,0,0,0,0,0,0,0,0,0,0,0,0.0037280464277545,0,0,0,0,0,"aOTU_292"
"293","d__Bacteria","p__Pseudomonadota","c__Alphaproteobacteria","o__Rhizobiales","f__Rhizobiaceae","g__Allorhizobium","s__Allorhizobium rhizophilum",0,0,0,0,0,0,0,0,0,0,0,0,0,0,0.0033641180859975,0,0,0,0,0,"aOTU_293"
"294","d__Bacteria","p__Actinomycetota","c__Actinomycetes","o__Propionibacteriales","f__Nocardioidaceae","g__Nocardioides","s__Nocardioides sp009701885",0,0,0,0,0,3e-05,0,0,0,0.0044383429805751,0,0,0,0,0.0032309735707206,0,0,0,0,0,"aOTU_294"
"295","d__Bacteria","p__Patescibacteria","c__Paceibacteria","o__Paceibacterales","f__GWA2-46-15","g__GWA2-46-15","s__GWA2-46-15 sp018895125",0,0,0,0,0,0,0,0,0.0053152320594777,0,0,0,0,0,0.0030800764534067,0,0,0,0,0,"aOTU_295"
"296","d__Bacteria","p__Dependentiae","c__Babeliae","o__Babeliales","f__Vermiphilaceae","g__Vermiphilus","s__Vermiphilus pyriformis",0,0,0,0,0,0,0,0,0,0,0,0,0,0,0.0027072718106312,0,0,0,0,0,"aOTU_296"
"297","d__Bacteria","p__Actinomycetota","c__Geothermincolia","o__Fen-727","f__Anoxymicrobiaceae","g__JAHIPE01","s__JAHIPE01 sp018894655",0,0,0.0001487311544243,0,0.0031627561673735,0,0,0.0016452215864693,0,0,0,0,0,0,0.0023788486729481,0,0,0,0,0,"aOTU_297"
"298","d__Bacteria","p__Patescibacteria","c__Paceibacteria","o__UBA9983","f__UBA9983","g__JAHIOX01","s__JAHIOX01 sp018895015",0,0,0.0011072208162701,0.0145539430756298,0.0002581139418422,0,0,0.0289721308074668,0,0.521397614445933,0,0,0,0,0.0017397549996187,0.0003946101539341,0,0.0111156417776655,0,0,"aOTU_298"
"299","d__Bacteria","p__Actinomycetota","c__Actinomycetes","o__Actinomycetales","f__Microbacteriaceae","g__Agrococcus","s__Agrococcus sediminis",0,0,0,0,0,0,0,0,0,0,0,0,0,0,0.0016953734945264,0,0,0,0,0,"aOTU_299"
"300","d__Bacteria","p__Bacteroidota","c__Bacteroidia","o__Chitinophagales","f__Chitinophagaceae","g__Sediminibacterium","s__Sediminibacterium sp012270485",0,0,0,0,0,0,0,0,0,0,0,0,0,0,0.0016776208924895,0,0,0,0,0,"aOTU_300"
"301","d__Bacteria","p__Pseudomonadota","c__Alphaproteobacteria","o__Rhizobiales","f__Rhizobiaceae","g__Aliihoeflea","s__Aliihoeflea sp000497755",0,0,0,0,0,0,0,0,0,0,0,0,0,0,0.0013935792598987,0,0,0.0047822113430511,0,0,"aOTU_301"
"302","d__Bacteria","p__Pseudomonadota","c__Alphaproteobacteria","o__Caulobacterales","f__Caulobacteraceae","g__Brevundimonas","s__Brevundimonas sp006547065",0,0,0.0122785830819211,0,0.0313625646934442,0,0.0218093349212937,0,0,0.0448321205209621,0,0,0,0,0.0013136925507325,0,0,0,0,0,"aOTU_302"
"303","d__Bacteria","p__Actinomycetota","c__Actinomycetes","o__Actinomycetales","f__Microbacteriaceae","g__Microbacterium","s__Microbacterium sp002313585",0,0,0,0,0,0,0,0,0,0,0,0,0,0,0.0010562798211971,0,0,0,0,0,"aOTU_303"
"304","d__Bacteria","p__Pseudomonadota","c__Gammaproteobacteria","o__Burkholderiales","f__Methylophilaceae","g__Methylotenera","s__Methylotenera sp029569495",0,0,0,0.0031679841343577,0,0,0,0,0,0,0,0,0,0,0.0008610011987909,0,0,0,0,0,"aOTU_304"
"305","d__Bacteria","p__Pseudomonadota","c__Gammaproteobacteria","o__Methylococcales","f__Methylomonadaceae","g__Methylobacter_A","s__Methylobacter_A tundripaludum",0,0,0.0003239034029685,0.054906908600043,0.0048250099528375,0,0,0,0,0,0,0,0,0,0.000825495994717,0,0.0805760056625666,0,0.003367073060742,0,"aOTU_305"
"306","d__Bacteria","p__Patescibacteria","c__Paceibacteria","o__JAHIHE01","f__JAHIHE01","g__JAHILZ01","s__JAHILZ01 sp018896765",0,0,0,0.0115918598485222,0,0,0,0.0017337536897771,0,0.061356607755016,0,0,0,0,0.0008166196936986,0,0,0,0,0,"aOTU_306"
"307","d__Bacteria","p__Pseudomonadota","c__Alphaproteobacteria","o__Caulobacterales","f__Caulobacteraceae","g__Brevundimonas","s__Brevundimonas sp013912065",0,0,0,0,0,0.00606,0,0,0,0,0,0,0,0,0.0006834751784216,0,0,0,0,0,"aOTU_307"
"308","d__Bacteria","p__Bacteroidota","c__Bacteroidia","o__Chitinophagales","f__Chitinophagaceae","g__Sediminibacterium","s__Sediminibacterium sp013391385",0,0,0,0,0,0,0,0,0,0,0,0,0,0,0.0004349387499046,0,0,0,0,0,"aOTU_308"
"309","d__Bacteria","p__Pseudomonadota","c__Alphaproteobacteria","o__Sphingomonadales","f__Sphingomonadaceae","g__Rhizorhabdus","s__Rhizorhabdus phycosphaerae",0,0,0,0,0,0,0,0,0,0,0,0,0,0,4.43815050923161e-05,0,0,0,0,0,"aOTU_309"
"310","d__Bacteria","p__Desulfobacterota","c__Desulfobulbia","o__Desulfobulbales","f__Desulfurivibrionaceae","g__VMSU01","s__VMSU01 sp013792005",0,0.185455927205838,0.0021813902648904,0,0.012447975035245,0,0,0,0,0,0,0,0,0,0,0,0,0,0,0,"aOTU_310"
"311","d__Bacteria","p__Pseudomonadota","c__Gammaproteobacteria","o__Pseudomonadales","f__Pseudomonadaceae","g__Pseudomonas_E","s__Pseudomonas_E shahriarae",0,0.117442164242954,0,0,0,0,0,0,0,0,0,0,0,0,0,0,0,0.0280504977164991,0,0,"aOTU_311"
"312","d__Bacteria","p__Chloroflexota","c__Anaerolineae","o__Anaerolineales","f__Villigracilaceae","g__Villigracilis","s__Villigracilis sp030583885",0,0.0019972856587333,0.0019599461016364,0,0.044426571669886,0,0,0.000125420479686,0.139037867988212,0,0,0,0,0,0,0,0,0,0,0,"aOTU_312"
"313","d__Archaea","p__Halobacteriota","c__Methanosarcinia","o__Methanosarcinales","f__Methanosarcinaceae","g__Methanosarcina","s__Methanosarcina sp000979455",0,0.000132563207438,0,0,0,0,0,0,0,0,0,0,0,0,0,0,0,0,0,0,"aOTU_313"
"314","d__Bacteria","p__Edwardsbacteria","c__AC1","o__AC1","f__EtOH8","g__UBA2226","s__UBA2226 sp018821925",0,8.83754716253698e-05,0,0,0,0.00489,0,1.47553505512946e-05,0.0053951141597936,0,0,0,0,0,0,0,0,0,0,0,"aOTU_314"
"315","d__Bacteria","p__Pseudomonadota","c__Gammaproteobacteria","o__Burkholderiales","f__Nitrosomonadaceae","g__Nitrosomonas","s__Nitrosomonas sp024235735",0,4.41877358126849e-05,0,0,0,0,0,0,0,0,0,0,0,0,0,0,0,0,0,0,"aOTU_315"
"316","d__Bacteria","p__Desulfobacterota","c__Desulfuromonadia","o__Desulfuromonadales","f__Trichloromonadaceae","g__Trichloromonas","s__Trichloromonas acetexigens",0,3.53501886501479e-05,0,0,0,0,0,0,0,0,0,0,0,0,0,0,0,0,0,0,"aOTU_316"
"317","d__Bacteria","p__Pseudomonadota","c__Gammaproteobacteria","o__Burkholderiales","f__Nitrosomonadaceae","g__Nitrosomonas","s__Nitrosomonas sp030682075",0,0,3.93021745052662,0,10.362035818045,0,0,0,0,0,0,0,0,0,0,0,0,0,0,0,"aOTU_317"
"318","d__Bacteria","p__Pseudomonadota","c__Gammaproteobacteria","o__Burkholderiales","f__Gallionellaceae","g__Gallionella","s__Gallionella sp001801025",0,0,1.16153412872915,0,0.108755449015421,0,0,0,0,0,0,0,0,0,0,0,0,0,0,0,"aOTU_318"
"319","d__Bacteria","p__Pseudomonadota","c__Gammaproteobacteria","o__Burkholderiales","f__Burkholderiaceae","g__Undibacterium","s__Undibacterium umbellatum",0,0,0.586711352836401,0,0.0232922021118435,0,0,0,0,0,0,0,0,0,0,0,0,0,0,0,"aOTU_319"
"320","d__Bacteria","p__Bacteroidota","c__Bacteroidia","o__Cytophagales","f__Spirosomataceae","g__Leadbetterella","s__Leadbetterella sp002256295",0,0,0.501693319830679,0,0.0074199154481582,0,0,0,0,0,0,0,0,0,0,0,0,0,0,0,"aOTU_320"
"321","d__Bacteria","p__Pseudomonadota","c__Gammaproteobacteria","o__Burkholderiales","f__Burkholderiaceae","g__Hydrogenophaga","s__Hydrogenophaga sp001770705",0,0,0.479423308308207,0,0.0062532404310312,0,0.0013194027116206,0,0,0,0,0,0,0,0,0,3.0494966296716,0,0.41687308381002,0,"aOTU_321"
"322","d__Bacteria","p__Pseudomonadota","c__Gammaproteobacteria","o__Burkholderiales","f__Thiobacillaceae","g__Thiobacillus","s__Thiobacillus sp002257045",0,0,0.24263339505435,0.0108007668890874,0.0015590082087271,0,0.023154864419283,0,0,0,0,0,0,0,0,0,0,0,0.0108003928232547,0,"aOTU_322"
"323","d__Bacteria","p__Bacteroidota","c__Bacteroidia","o__Chitinophagales","f__Chitinophagaceae","g__Sediminibacterium","s__Sediminibacterium sp017996795",0,0,0.189371116086609,0,0.0084007484271587,0,0.291189565776039,0,0,0,0,0,0,0,0,0,0,0.146903019052402,0.307176419393931,0,"aOTU_323"
"324","d__Bacteria","p__Nitrospirota","c__Nitrospiria","o__Nitrospirales","f__Nitrospiraceae","g__Palsa-1315","s__Palsa-1315 sp005116885",0,0,0.16759356994212,0,0.0027360077835277,0,0.0001698241113967,0,0,0.0062489419843064,0,0,0,0,0,0,0.0005470159367484,0,0,0,"aOTU_324"
"325","d__Bacteria","p__Pseudomonadota","c__Gammaproteobacteria","o__Burkholderiales","f__Burkholderiaceae","g__Hylemonella","s__Hylemonella sp002633085",0,0,0.120987836419059,0,0.0128781649383154,0,0.000254736167095,0,0,0,0,0,0,0,0,0,0.0007340060783919,0,0,0,"aOTU_325"
"326","d__Bacteria","p__Desulfobacterota","c__Desulfobulbia","o__Desulfobulbales","f__Desulfurivibrionaceae","g__SURF-16","s__SURF-16 sp018897105",0,0,0.0620770787199576,0.0004190264077371,0.0006676547295652,0,0.0061724532796114,0,0.0003195284012634,0,0,0,0,0,0,0,0,0,0.0002299913292856,0,"aOTU_326"
"327","d__Bacteria","p__Campylobacterota","c__Campylobacteria","o__Campylobacterales","f__Sulfurimonadaceae","g__Sulfuricurvum","s__Sulfuricurvum sp002282015",0,0,0.0537977111236689,0,0.0714562636596052,0,0.0001763558079888,0,0,0,0,0,0,0,0,0,0,0,0,0,"aOTU_327"
"328","d__Bacteria","p__Pseudomonadota","c__Gammaproteobacteria","o__Burkholderiales","f__Methylophilaceae","g__Methylophilus","s__Methylophilus methylotrophus",0,0,0.0401805476519287,0,0.0274220251813193,0,0,0,0,0,0,0,0,0,0,0,0,0,0,0,"aOTU_328"
"329","d__Bacteria","p__Desulfobacterota_E","c__Deferrimicrobia","o__Deferrimicrobiales","f__Deferrimicrobiaceae","g__Deferrimicrobium","s__Deferrimicrobium sp024653725",0,0,0.0374438944105207,0.013831483751945,0,0,0,0,0.0008433706360269,0,0,0,0,0,0,0,0,0,0,0,"aOTU_329"
"330","d__Bacteria","p__Omnitrophota","c__Koll11","o__Zapsychrales","f__Zapsychraceae","g__Zapsychrus_A","s__Zapsychrus_A unditaenarius",0,0,0.0346741898014628,0,0.0003097367302106,0,0.0017700897764811,0,0,0,0,0,0,0,0,0,0,0,0,0,"aOTU_330"
"331","d__Bacteria","p__Pseudomonadota","c__Alphaproteobacteria","o__Rhizobiales","f__Beijerinckiaceae","g__Methylovirgula","s__Methylovirgula sp019343105",0,0,0.0338908723881613,0,0.0018997186119588,0,0,0,0,0,0,0,0,0,0,0,0,0,0,0,"aOTU_331"
"332","d__Bacteria","p__Pseudomonadota","c__Gammaproteobacteria","o__Burkholderiales","f__Burkholderiaceae","g__Janthinobacterium","s__Janthinobacterium sp030397665",0,0,0.0294553788495507,0,0.0003166197686598,0,0,0,0,0,0,0,0,0,0,0,0.0024587808177313,0,0,0,"aOTU_332"
"333","d__Bacteria","p__Pseudomonadota","c__Gammaproteobacteria","o__Burkholderiales","f__Burkholderiaceae","g__CADEEN01","s__CADEEN01 sp902825995",0,0,0.0287976566333186,0,0.452046991665598,0,0,0,0,0,0,0,0,0,0,0,0,0,0,0,"aOTU_333"
"334","d__Bacteria","p__Nitrospirota","c__UBA9217","o__UBA9217","f__UBA9217","g__JALNZF01","s__JALNZF01 sp023229435",0,0,0.0281696806479714,0.0012028947739351,0.0014075813628463,0,0,0,0,0,0,0,0,0,0,0,0.0020150280935323,0,0,0,"aOTU_334"
"335","d__Bacteria","p__Pseudomonadota","c__Gammaproteobacteria","o__Burkholderiales","f__Thiobacillaceae","g__Thiobacillus","s__Thiobacillus sp018780105",0,0,0.0260444777080857,0.0015749613256328,4.81812691438845e-05,0,0.0110320355441943,0,0,0,0,0,0,0,0,0,0,0,0.140027920922283,0,"aOTU_335"
"336","d__Bacteria","p__Pseudomonadota","c__Gammaproteobacteria","o__Burkholderiales","f__Burkholderiaceae","g__Undibacterium","s__Undibacterium aquatile",0,0,0.022316283437182,0,0,0,0,0,0,0,0,0,0,0,0,0,0,0,0,0,"aOTU_336"
"337","d__Bacteria","p__Pseudomonadota","c__Gammaproteobacteria","o__Burkholderiales","f__Thiobacillaceae","g__Thiobacillus","s__Thiobacillus sp002279795",0,0,0.021407370826811,0.0033485989652789,0,0,0.0066427354342484,0,0,0,0,0,0,0,0,0,0,0,0.0025713030614137,0,"aOTU_337"
"338","d__Bacteria","p__Pseudomonadota","c__Gammaproteobacteria","o__Burkholderiales","f__Burkholderiaceae","g__Polaromonas","s__Polaromonas sp002256925",0,0,0.0189285182530719,0,2.06491153473791e-05,0,0.0012148955661457,0,0,0,0,0,0,0,0,0,0,0,0,0,"aOTU_338"
"339","d__Bacteria","p__Myxococcota","c__Polyangia","o__Polyangiales","f__Ga0077539","g__SCUS01","s__SCUS01 sp016704445",0,0,0.0171437443999797,0,0,0,0.0446245511177833,0,0,0,0,0,0,0,0,0,0.024367327264032,0,0.0399356944171624,0,"aOTU_339"
"340","d__Bacteria","p__Actinomycetota","c__Acidimicrobiia","o__Acidimicrobiales","f__Iamiaceae","g__Iamia","s__Iamia sp019443745",0,0,0.015256511307173,0,0,0,0,0,0,0,0,0,0,0,0,0,0,0,0.0036108638697848,0,"aOTU_340"
"341","d__Bacteria","p__Patescibacteria","c__Microgenomatia","o__UBA1400","f__CG1-02-47-37","g__CG1-02-47-37","s__",0,0,0.0090891261037101,0,0,0,0,0,0,0,0,0,0,0,0,0,0,0,0,0,"aOTU_341"
"342","d__Bacteria","p__Desulfobacterota_E","c__Deferrimicrobia","o__Deferrimicrobiales","f__Deferrimicrobiaceae","g__Deferrimicrobium","s__Deferrimicrobium sp002279275",0,0,0.0090230233684104,0.0006718871710268,0,0,0,0,0,0,0,0,0,0,0,0,0,0,0,0,"aOTU_342"
"343","d__Bacteria","p__Pseudomonadota","c__Alphaproteobacteria","o__Rhizobiales","f__Beijerinckiaceae","g__28-YEA-48","s__28-YEA-48 sp947498445",0,0,0.0082628419124637,0.0063468051585707,0.0971162309979482,0,0.0387198973984513,0,0,0,0,0,0,0,0,0,0,0,0.0156210110850821,0,"aOTU_343"
"344","d__Bacteria","p__Pseudomonadota","c__Gammaproteobacteria","o__Ga0077536","f__Ga0077536","g__Ga0077536","s__Ga0077536 sp001464935",0,0,0.0070234156255941,0,0,0,0.0062443019421254,0,0,0,0,0,0,0,0,0,0.000633533763479,0,0.0018583299406281,0,"aOTU_344"
"345","d__Bacteria","p__Actinomycetota","c__Thermoleophilia","o__Miltoncostaeales","f__Miltoncostaeaceae","g__Miltoncostaea","s__Miltoncostaea sp001464995",0,0,0.0068779896079348,0.0028573266251732,0.0037787881085703,0,0.0002286093807263,0,0,0,0,0,0,0,0,0,0.0002232718109177,0,0,0,"aOTU_345"
"346","d__Bacteria","p__Bacteroidota","c__UBA10030","o__UBA10030","f__UBA10030","g__UBA9647","s__UBA9647 sp015661185",0,0,0.0067424790005704,0,0,0,0.0005682576035197,0,0.599960659199144,0,0,0,0,0,0,0,0.026326537404835,0,0,0,"aOTU_346"
"347","d__Bacteria","p__Actinomycetota","c__Actinomycetes","o__Mycobacteriales","f__Mycobacteriaceae","g__Mycobacterium","s__Mycobacterium pyrenivorans",0,0,0.0066565454446807,0,0,0,0,0,0.0003963381131055,0,0,0,0,0,0,0,0,0,0.0006439757219998,0,"aOTU_347"
"348","d__Bacteria","p__Bacteroidota","c__Bacteroidia","o__Cytophagales","f__Spirosomataceae","g__Dyadobacter","s__Dyadobacter sp030929615",0,0,0.0065838324358511,0,0,0,0,0,0,0,0,0,0,0,0,0,0,0,0,0,"aOTU_348"
"349","d__Bacteria","p__Pseudomonadota","c__Alphaproteobacteria","o__UBA11222","f__UBA11222","g__UBA11222","s__",0,0,0.0060583156902184,0,0,0,0.0008164620740226,0,0,0,0,0,0,0,0,0,0.0887254267610632,0,0.0008141693056712,0,"aOTU_349"
"350","d__Bacteria","p__Pseudomonadota","c__Gammaproteobacteria","o__Burkholderiales","f__Usitatibacteraceae","g__JAEUNB01","s__",0,0,0.0058963639887341,0,0,0,0,0,0,0,0,0,0,0,0,0,0,0,0,0,"aOTU_350"
"351","d__Bacteria","p__Campylobacterota","c__Campylobacteria","o__Campylobacterales","f__Sulfurimonadaceae","g__Sulfuricurvum","s__Sulfuricurvum kujiense_A",0,0,0.0053972883372213,0,0,0,0.0405553041408543,0,0,0.843766585053133,0,0,0,0,0,0,0,0,0.763318222766185,0,"aOTU_351"
"352","d__Bacteria","p__Pseudomonadota","c__Alphaproteobacteria","o__Rhizobiales","f__Xanthobacteraceae","g__Ga0077548","s__Ga0077548 sp001464215",0,0,0.0049676205577732,0,0,0,0,0,0,0,0,0,0,0,0,0,0,0,0,0,"aOTU_352"
"353","d__Bacteria","p__Pseudomonadota","c__Gammaproteobacteria","o__Nevskiales","f__Nevskiaceae","g__Panacagrimonas","s__Panacagrimonas perspica",0,0,0.0048585510445286,0,0.0029218498216541,0,0.0112018596555911,0,0,0,0,0,0,0,0,0,0,0,0,0,"aOTU_353"
"354","d__Bacteria","p__Pseudomonadota","c__Alphaproteobacteria","o__Rhizobiales","f__Rhizobiaceae","g__Aminobacter","s__Aminobacter anthyllidis",0,0,0.0047990585827589,0,0,0,0,0,0,0,0,0,0,0,0,0,0,0,0,0,"aOTU_354"
"355","d__Bacteria","p__Pseudomonadota","c__Alphaproteobacteria","o__Rhodospirillales_A","f__2-12-FULL-67-15","g__","s__",0,0,0.0044850705900853,0,0,0,0,0,0,0,0,0,0,0,0,0,0,0,0,0,"aOTU_355"
"356","d__Bacteria","p__Actinomycetota","c__Acidimicrobiia","o__Acidimicrobiales","f__JACDCH01","g__UBA9382","s__UBA9382 sp003476595",0,0,0.0043859164871357,0,0,0,0,0,0,0,0,0,0,0,0,0,0,0,0,0,"aOTU_356"
"357","d__Bacteria","p__Actinomycetota","c__Humimicrobiia","o__Humimicrobiales","f__Humimicrobiaceae","g__Hydromicrobium","s__Hydromicrobium sp018894445",0,0,0.0039893000753374,0,0.0104312447696509,0,0.0025473616709507,0,0.367168856936387,0,0,0,0,0,0,0,0.0048756981709155,0,0.0109935855398546,0,"aOTU_357"
"358","d__Bacteria","p__Desulfobacterota","c__JAENJC01","o__JAENJC01","f__JAENJC01","g__JAENJC01","s__",0,0,0.0033679343635202,0,0,0,0,0,0,0.0234079306768108,0,0,0,0,0,0,0,0,0,0,"aOTU_358"
"359","d__Bacteria","p__Krumholzibacteriota","c__Krumholzibacteria","o__LZORAL124-64-63","f__LZORAL124-64-63","g__CAINDZ01","s__CAINDZ01 sp016703265",0,0,0.0033315778591053,0,0,0,0,0,0,0,0,0,0,0,0,0,0,0,0,0,"aOTU_359"
"360","d__Bacteria","p__Pseudomonadota","c__Gammaproteobacteria","o__Burkholderiales","f__Thiobacillaceae","g__Thiobacillus","s__Thiobacillus sp001899305",0,0,0.0032092877988009,0,0,0,0.0002743312568716,0,0,0,0,0,0,0,0,0,0,0,0,0,"aOTU_360"
"361","d__Bacteria","p__Actinomycetota","c__Thermoleophilia","o__Solirubrobacterales","f__Solirubrobacteraceae","g__CADCVQ01","s__CADCVQ01 sp030447505",0,0,0.0031332696532062,0,0,0,0,0,0,0,0,0,0,0,0,0,0,0,0,0,"aOTU_361"
"362","d__Bacteria","p__Desulfobacterota","c__Syntrophia","o__Syntrophales","f__UBA5619","g__UBA5619","s__UBA5619 sp001873745",0,0,0.0031299645164412,0,0,0,0.0003853700989387,0,0.0024533021962387,0.0016543490605521,0,0,0,0,0,0,0.00404959247052,0,0.0014351458947425,0,"aOTU_362"
"363","d__Bacteria","p__Bacillota_A","c__Clostridia","o__Clostridiales","f__Clostridiaceae","g__Clostridium","s__Clostridium gasigenes",0,0,0.0029382665840721,0,0,0,0.0007315500183243,0,0,0,0,0,0,0,0,0,0,0,0,0,"aOTU_363"
"364","d__Bacteria","p__Pseudomonadota","c__Gammaproteobacteria","o__Pseudomonadales","f__Moraxellaceae","g__Perlucidibaca","s__Perlucidibaca aquatica",0,0,0.0028556381649474,0,0,0,0,0,0,0,0,0,0,0,0,0,0,0,0,0,"aOTU_364"
"365","d__Bacteria","p__Pseudomonadota","c__Gammaproteobacteria","o__Burkholderiales","f__Burkholderiaceae","g__Rhodoferax_C","s__Rhodoferax_C sp002943465",0,0,0.0024788525737391,0,0,0,0,0,0,0,0,0,0,0,0,0,0,0,0,0,"aOTU_365"
"366","d__Bacteria","p__Desulfobacterota_E","c__Deferrimicrobia","o__Deferrimicrobiales","f__Deferrimicrobiaceae","g__Deferrimicrobium","s__Deferrimicrobium sp017881405",0,0,0.0024061395649094,0,0,0,0,0,0,0,0,0,0,0,0,0,0,0,0,0,"aOTU_366"
"367","d__Bacteria","p__Desulfobacterota","c__Desulfobaccia","o__Desulfobaccales","f__0-14-0-80-60-11","g__0-14-0-80-60-11","s__0-14-0-80-60-11 sp016875015",0,0,0.0020789310251758,0.0058266344455177,0,0,0.0028347563210067,0.0012837154979626,0.0012274191952377,0,0,0,0,0,0,0,0.0004242164407436,0,0.0042916382044704,0,"aOTU_367"
"368","d__Bacteria","p__Pseudomonadota","c__Alphaproteobacteria","o__Rhodobacterales","f__Rhodobacteraceae","g__Cereibacter","s__Cereibacter changlensis",0,0,0.0018773176825117,0,0,0,0,0,0,0,0,0,0,0,0,0,0,0,0,0,"aOTU_368"
"369","d__Bacteria","p__Pseudomonadota","c__Alphaproteobacteria","o__Rhodospirillales_A","f__JACZKS01","g__JACZKS01","s__JACZKS01 sp026163695",0,0,0.0016360426986678,0,0,0,0,0,0,0,0,0,0,0,0,0,0,0,0,0,"aOTU_369"
"370","d__Bacteria","p__Pseudomonadota","c__Alphaproteobacteria","o__Caulobacterales","f__Caulobacteraceae","g__Brevundimonas","s__Brevundimonas subvibrioides_B",0,0,0.0016327375619028,0,0,0,0,0,0,0,0,0,0,0,0,0,0,0,0,0,"aOTU_370"
"371","d__Bacteria","p__Bacteroidota","c__Bacteroidia","o__Cytophagales","f__Spirosomataceae","g__Dyadobacter","s__Dyadobacter sp001898145",0,0,0.0015699399633681,0,0.001448879593541,0,0,0,0,0,0,0,0,0,0,0,0,0,0,0,"aOTU_371"
"372","d__Bacteria","p__Pseudomonadota","c__Alphaproteobacteria","o__Caulobacterales","f__Caulobacteraceae","g__Brevundimonas","s__Brevundimonas sp004683885",0,0,0.0014377344927686,0,0,0,0,0,0,0,0,0,0,0,0,0,0,0,0,0,"aOTU_372"
"373","d__Bacteria","p__Actinomycetota","c__Thermoleophilia","o__Solirubrobacterales","f__JACPNS01","g__JACPNS01","s__JACPNS01 sp016185345",0,0,0.0013914625780588,0,0,0,0,0,0,0,0,0,0,0,0,0,0.0025090169751878,0,0.0002989887280713,0,"aOTU_373"
"374","d__Bacteria","p__Chloroflexota","c__Dehalococcoidia","o__GIF9","f__AB-539-J10","g__E29-bin54","s__E29-bin54 sp004376695",0,0,0.0013815471677639,0,0.0046357263954865,0,0,0,0,0,0,0,0,0,0,0,0,0,0,0,"aOTU_374"
"375","d__Bacteria","p__Pseudomonadota","c__Gammaproteobacteria","o__Burkholderiales","f__Burkholderiaceae","g__Undibacterium","s__Undibacterium amnicola",0,0,0.0013683266207039,0,0.0011460259017795,0,0,0,0,0,0,0,0,0,0,0,0,0,0.0138730769825111,0,"aOTU_375"
"376","d__Bacteria","p__Pseudomonadota","c__Gammaproteobacteria","o__Burkholderiales","f__Gallionellaceae","g__Gallionella","s__",0,0,0.0012096800559846,0,0.0014901778242358,0,0,0,0,0,0,0,0,0,0,0,0,0,0,0,"aOTU_376"
"377","d__Bacteria","p__Pseudomonadota","c__Alphaproteobacteria","o__Caulobacterales","f__Caulobacteraceae","g__Brevundimonas","s__Brevundimonas sp002343425",0,0,0.00112705163686,0,0,0,0,0,0,0,0,0,0,0,0,0,0,0,0,0,"aOTU_377"
"378","d__Bacteria","p__Actinomycetota","c__Actinomycetes","o__Mycobacteriales","f__Mycobacteriaceae","g__Rhodococcus","s__Rhodococcus sp002259485",0,0,0.0010807797221502,0,0,0,0,0,0,0,0,0,0,0,0,0,0,0,0,0,"aOTU_378"
"379","d__Bacteria","p__Actinomycetota","c__Actinomycetes","o__Mycobacteriales","f__Mycobacteriaceae","g__Dietzia","s__Dietzia maris",0,0,0.0008791663794861,0,0,0,0,0,0,0,0,0,0,0,0,0,0,0,0,0,"aOTU_379"
"380","d__Bacteria","p__Actinomycetota","c__Actinomycetes","o__Actinomycetales","f__Microbacteriaceae","g__Microbacterium","s__Microbacterium profundi",0,0,0.0008593355588962,0,0,0,0,0,0,0,0,0,0,0,0,0,0,0,0,0,"aOTU_380"
"381","d__Bacteria","p__Pseudomonadota","c__Alphaproteobacteria","o__Rhizobiales","f__Hyphomicrobiaceae","g__Hyphomicrobium_C","s__Hyphomicrobium_C sp019744875",0,0,0.0008229790544813,0,0,0,0,0,0,0,0,0,0,0,0,0,0,0,0,0,"aOTU_381"
"382","d__Bacteria","p__Actinomycetota","c__Actinomycetes","o__Mycobacteriales","f__Mycobacteriaceae","g__Antrihabitans","s__Antrihabitans stalagmiti",0,0,0.0007899276868315,0,0,0,0,0,0,0,0,0,0,0,0,0,0,0,0,0,"aOTU_382"
"383","d__Bacteria","p__Actinomycetota","c__Actinomycetes","o__Propionibacteriales","f__Nocardioidaceae","g__Nocardioides","s__Nocardioides szechwanensis",0,0,0.0007833174133015,0.0006321519082241,0,0.00099,0,0,0,0,0,0,0,0,0,0,0,0,0,0,"aOTU_383"
"384","d__Bacteria","p__Actinomycetota","c__Actinomycetes","o__Actinomycetales","f__Micrococcaceae","g__Arthrobacter_D","s__Arthrobacter_D subterraneus",0,0,0.0005916194809324,0,0,0,0,0,0,0,0,0,0,0,0,0,0,0,0,0,"aOTU_384"
"385","d__Bacteria","p__Pseudomonadota","c__Alphaproteobacteria","o__Rhizobiales","f__Xanthobacteraceae","g__Tardiphaga","s__Tardiphaga sp026015985",0,0,0.0005387372926926,0,0,0,0,0,0,0,0,0,0,0,0,0,0,0,0,0,"aOTU_385"
"386","d__Bacteria","p__Pseudomonadota","c__Alphaproteobacteria","o__Azospirillales","f__Azospirillaceae","g__Skermanella","s__Skermanella aerolata",0,0,0.0005321270191626,0,0,0,0,0,0,0,0,0,0,0,0,0,0,0,0,0,"aOTU_386"
"387","d__Bacteria","p__Patescibacteria","c__Microgenomatia","o__UBA1400","f__CG1-02-47-37","g__CG1-02-47-37","s__CG1-02-47-37 sp002772455",0,0,0.0005255167456326,0,0,0,0,0,0,0,0,0,0,0,0,0,0,0,0,0,"aOTU_387"
"388","d__Bacteria","p__Pseudomonadota","c__Gammaproteobacteria","o__Burkholderiales","f__SG8-39","g__RBG-16-66-20","s__RBG-16-66-20 sp005777205",0,0,0.0005222116088677,0,0.0067488191993683,0,0.0013781879809502,0,0,0,0,0,0,0,0,0,0,0,0,0,"aOTU_388"
"389","d__Bacteria","p__Actinomycetota","c__Acidimicrobiia","o__Acidimicrobiales","f__AC-14","g__CADCTB01","s__",0,0,0.0005189064721027,0,0,0,0,0,0,0,0,0,0,0,0,0,0,0,0,0,"aOTU_389"
"390","d__Bacteria","p__Pseudomonadota","c__Alphaproteobacteria","o__Sphingomonadales","f__Sphingomonadaceae","g__Sphingosinicella","s__Sphingosinicella microcystinivorans",0,0,0.0005122961985727,0,0,0,0,0,0,0,0,0,0,0,0,0,0,0,0,0,"aOTU_390"
"391","d__Bacteria","p__Desulfobacterota","c__Desulfobulbia","o__Desulfobulbales","f__Desulfurivibrionaceae","g__Thiovibrio","s__Thiovibrio sp002347095",0,0,0.0004792448309228,0,0,0,0,0,0,0,0,0,0,0,0,0,0,0,0,0,"aOTU_391"
"392","d__Bacteria","p__Myxococcota","c__UBA796","o__UBA796","f__SXON01","g__CAJBVW01","s__CAJBVW01 sp903959175",0,0,0.0004693294206279,0.00478990531603,0,0,0,0,0,0,0,0,0,0,0,0,0.0005135251651107,0,0,0,"aOTU_392"
"393","d__Bacteria","p__Pseudomonadota","c__Alphaproteobacteria","o__Dongiales","f__Dongiaceae","g__Dongia","s__Dongia mobilis_A",0,0,0.0004164472323881,0,0,0,0,0,0,0,0,0,0,0,0,0,0,0,0,0,"aOTU_393"
"394","d__Bacteria","p__Bacteroidota","c__Bacteroidia","o__Bacteroidales","f__F082","g__UBA6244","s__UBA6244 sp002771745",0,0,0.0003635650441484,0.0029765324135812,0,0,0,0,0,0,0,0,0,0,0,0,0,0,0,0,"aOTU_394"
"395","d__Bacteria","p__Bacteroidota","c__Bacteroidia","o__Sphingobacteriales","f__Sphingobacteriaceae","g__Pedobacter","s__Pedobacter psychroterrae",0,0,0.0003503444970884,0,0,0,0,0,0,0,0,0,0,0,0,0,0,0,0,0,"aOTU_395"
"396","d__Bacteria","p__Bacteroidota","c__Bacteroidia","o__Sphingobacteriales","f__Sphingobacteriaceae","g__Daejeonella","s__",0,0,0.0002842417617887,0,0,0,0.035323415170517,0,0,0,0,0,0,0,0,0,0,0,0.0016697370506139,0,"aOTU_396"
"397","d__Bacteria","p__Actinomycetota","c__Actinomycetes","o__S36-B12","f__S36-B12","g__UBA10649","s__UBA10649 sp937902285",0,0,0.0002445801206089,0,0,0,0,0,0,0,0,0,0,0,0,0,0,0,0,0,"aOTU_397"
"398","d__Bacteria","p__Actinomycetota","c__Actinomycetes","o__Mycobacteriales","f__Geodermatophilaceae","g__Blastococcus","s__Blastococcus aggregatus",0,0,0.0002379698470789,0,0,0,0,0,0,0,0,0,0,0,0,0,0,0,0.0001379947975713,0,"aOTU_398"
"399","d__Bacteria","p__Actinomycetota","c__Actinomycetes","o__Mycobacteriales","f__Pseudonocardiaceae","g__Pseudonocardia","s__Pseudonocardia abyssalis",0,0,0.000208223616194,0,0,0,0,0,0,0,0,0,0,0,0,0,0,0,0,0,"aOTU_399"
"400","d__Bacteria","p__Bacteroidota","c__Bacteroidia","o__Flavobacteriales","f__Flavobacteriaceae","g__Flavobacterium","s__Flavobacterium terrigena",0,0,0.0002016133426641,0,0,0,0,0,0,0,0,0,0,0,0,0,0,0,0,0,"aOTU_400"
"401","d__Bacteria","p__Bacteroidota","c__Bacteroidia","o__Bacteroidales","f__VadinHA17","g__LD21","s__LD21 sp016709865",0,0,0.0001751722485442,0,0,0,0,0,0,0,0,0,0,0,0,0,6.41906456388429e-05,0,0,0,"aOTU_401"
"402","d__Bacteria","p__Nitrospirota","c__Thermodesulfovibrionia","o__UBA6902","f__UBA6902","g__UBA6902","s__UBA6902 sp002451135",0,0,0.0001487311544243,0,0.0004680466145405,0,0,0,0,0,0,0,0,0,0,0,0,0,0,0,"aOTU_402"
"403","d__Bacteria","p__Pseudomonadota","c__Gammaproteobacteria","o__Burkholderiales","f__Burkholderiaceae","g__Rhodoferax","s__Rhodoferax sp013791765",0,0,0.0001024592397145,0,0,0,0,0,0,0,0,0,0,0,0,0,0.00586088503659,0,0.0023919098245708,0,"aOTU_403"
"404","d__Bacteria","p__Actinomycetota","c__Actinomycetes","o__Mycobacteriales","f__Mycobacteriaceae","g__Mycobacterium","s__",0,0,7.9323282359652e-05,0,0,0,0,0,0,0,0,0,0,0,0,0,0,0,0,0,"aOTU_404"
"405","d__Bacteria","p__Pseudomonadota","c__Alphaproteobacteria","o__Rhizobiales","f__Kaistiaceae","g__JADLGL01","s__JADLGL01 sp026126065",0,0,7.60181455946665e-05,0,0.0010531048827163,0,0,0,0,0,0,0,0,0,0,0,0,0,0,0,"aOTU_405"
"406","d__Bacteria","p__Bacteroidota","c__Bacteroidia","o__Bacteroidales","f__VadinHA17","g__SR-FBR-E99","s__",0,0,7.60181455946665e-05,0,0,0,0,0,0,0,0,0,0,0,0,0,0,0,0,0,"aOTU_406"
"407","d__Bacteria","p__Pseudomonadota","c__Gammaproteobacteria","o__Pseudomonadales","f__Pseudomonadaceae","g__Pseudomonas_E","s__Pseudomonas_E iridis",0,0,5.9492461769739e-05,0,0,0,0,0,0,0,0,0,0,0,0,0,0.0019368829597111,0,0,0,"aOTU_407"
"408","d__Bacteria","p__Pseudomonadota","c__Alphaproteobacteria","o__Rhizobiales","f__Hyphomicrobiaceae","g__Hyphomicrobium_A","s__",0,0,4.29667779448115e-05,0,0,0,0,0,0,0,0,0,0,0,0,0,0,0,0,0,"aOTU_408"
"409","d__Bacteria","p__Pseudomonadota","c__Gammaproteobacteria","o__Burkholderiales","f__Methylophilaceae","g__Methylotenera","s__Methylotenera sp002842195",0,0,0,0.337442688610067,0.0081323099276427,0,0,0,0,0,0,0,0,0,0,0,0.0206749696909803,0,0,0,"aOTU_409"
"410","d__Bacteria","p__Pseudomonadota","c__Gammaproteobacteria","o__Burkholderiales","f__Gallionellaceae","g__Nitrotoga","s__Nitrotoga sp927312905",0,0,0,0.213829898327602,0,0,0,0,0,0,0,0,0,0,0,0,0.0001004723149129,0,0,0,"aOTU_410"
"411","d__Bacteria","p__Pseudomonadota","c__Gammaproteobacteria","o__Burkholderiales","f__Gallionellaceae","g__Nitrotoga","s__Nitrotoga sp945874105",0,0,0,0.0655017745818802,0,0,0,0,0,0,0,0,0,0,0,0,0,0,0,0,"aOTU_411"
"412","d__Bacteria","p__Pseudomonadota","c__Gammaproteobacteria","o__Methylococcales","f__Methylomonadaceae","g__Methylobacter_A","s__Methylobacter_A titanis",0,0,0,0.0524577714927516,0,0,0,0,0,0,0,0,0,0,0,0.0731174427160475,0.0676932221726145,15.6027444013859,0,0,"aOTU_412"
"413","d__Bacteria","p__Pseudomonadota","c__Gammaproteobacteria","o__Burkholderiales","f__Gallionellaceae","g__Nitrotoga","s__",0,0,0,0.0502470459622762,0,0,0,0,0,0,0,0,0,0,0,0,0,0,0,0,"aOTU_413"
"414","d__Bacteria","p__Pseudomonadota","c__Gammaproteobacteria","o__Burkholderiales","f__Burkholderiaceae","g__Polaromonas","s__Polaromonas sp002379095",0,0,0,0.0496040571641967,0,0,0,0,0,0,0,0,0,0,0,0,0.0116994428920882,0,0,0,"aOTU_414"
"415","d__Bacteria","p__Patescibacteria","c__Microgenomatia","o__UBA1400","f__MFAQ01","g__UBA10133","s__UBA10133 sp001001485",0,0,0,0.0372861256953713,0,0,0,0,0,0,0,0,0,0,0,0,0,0,0,0,"aOTU_415"
"416","d__Bacteria","p__Pseudomonadota","c__Gammaproteobacteria","o__Burkholderiales","f__Burkholderiaceae","g__Polaromonas","s__Polaromonas sp002379085",0,0,0,0.0278363577415744,0,0,0,0,0,0,0,0,0,0,0,0,0.0855242671720305,0,0,0,"aOTU_416"
"417","d__Bacteria","p__Verrucomicrobiota","c__Kiritimatiellia","o__JAAZAB01","f__JAAZAB01","g__VSJD01","s__VSJD01 sp008636095",0,0,0,0.0170861630051449,0,0,0,0,0.0344245766534211,0.0121611019964903,0,0,0,0,0,0,0,0,0.0005887778029712,0,"aOTU_417"
"418","d__Bacteria","p__Pseudomonadota","c__Gammaproteobacteria","o__Burkholderiales","f__Thiobacillaceae","g__Thiobacillus","s__Thiobacillus sp002256995",0,0,0,0.0155473246456963,0.0014247889589691,0,0,0,0.027250549567363,0,0,0,0,0,0,0,0,0,0,0,"aOTU_418"
"419","d__Bacteria","p__Pseudomonadota","c__Alphaproteobacteria","o__Reyranellales","f__Reyranellaceae","g__Reyranella","s__Reyranella sp947474005",0,0,0,0.0125563430456414,0.000653888652667,0,0,0,0,0,0,0,0,0,0,0,0.001066122897132,0,0,0,"aOTU_419"
"420","d__Bacteria","p__Patescibacteria","c__Paceibacteria","o__UBA9973","f__UBA9973","g__UBA9973","s__UBA9973 sp001787205",0,0,0,0.0082866084426643,0,0,0,0,0,0.0025812912910338,0,0,0,0,0,0,0,0,0,0,"aOTU_420"
"421","d__Bacteria","p__Pseudomonadota","c__Gammaproteobacteria","o__Burkholderiales","f__Gallionellaceae","g__39-52-133","s__39-52-133 sp002278935",0,0,0,0.0073076760590715,0,0,0,0,0,0,0,0,0,0,0,0,0,0,0,0,"aOTU_421"
"422","d__Bacteria","p__Pseudomonadota","c__Gammaproteobacteria","o__Burkholderiales","f__Thiobacillaceae","g__Thiobacillus","s__Thiobacillus sp018820765",0,0,0,0.0061842518107416,0,0,0,0,0,0,0,0,0,0,0,0,0,0,0,0,"aOTU_422"
"423","d__Bacteria","p__Patescibacteria","c__ABY1","o__UBA2196","f__GWA2-42-15","g__2-02-FULL-39-13","s__2-02-FULL-39-13 sp002782365",0,0,0,0.0033269251855683,0,0,0,0,0,0,0,0,0,0,0,0,0,0,0,0,"aOTU_423"
"424","d__Bacteria","p__Pseudomonadota","c__Gammaproteobacteria","o__Methylococcales","f__Methylomonadaceae","g__Methylobacter_A","s__Methylobacter_A tundripaludum_A",0,0,0,0.0019253540976199,0,0,0,0,0,0,0,0,0,0,0,0,0.0003572348974683,0,0.0010211615020283,0,"aOTU_424"
"425","d__Bacteria","p__Patescibacteria","c__ABY1","o__UBA1558","f__GWA2-36-10","g__GWA2-36-10","s__GWA2-36-10 sp903855135",0,0,0,0.0018458835720146,0,0,0,0,0,0,0,0,0,0,0,0,0,0,0,0,"aOTU_425"
"426","d__Bacteria","p__Pseudomonadota","c__Gammaproteobacteria","o__Burkholderiales","f__Burkholderiaceae","g__Polaromonas","s__Polaromonas sp029945685",0,0,0,0.0015677367323959,0,0,0.0226584554782772,0,0,0,0,0,0,0,0,0,0.0014428940780557,0,0,0,"aOTU_426"
"427","d__Bacteria","p__Pseudomonadota","c__Gammaproteobacteria","o__Burkholderiales","f__Sulfuriferulaceae","g__Sulfuriferula_A","s__Sulfuriferula_A sp002162035",0,0,0,0.0014015710879484,0,0,0.0026779956027943,0,0,0,0,0,0,0,0,0,0,0,0.0014995434669425,0,"aOTU_427"
"428","d__Bacteria","p__Patescibacteria","c__Gracilibacteria","o__Peribacterales","f__Peribacteraceae","g__GWB1-54-5","s__GWB1-54-5 sp001787755",0,0,0,0.0010728520956718,0,0,0,0,0,0,0,0,0,0,0,0,0,0,0,0,"aOTU_428"
"429","d__Bacteria","p__Desulfobacterota","c__Desulfobacteria","o__Desulfobacterales","f__ETH-SRB1","g__B13-G4","s__B13-G4 sp013792055",0,0,0,0.0009933815700665,0,0,0,0,0,0,0,0,0,0,0,0,0,0,0,0,"aOTU_429"
"430","d__Bacteria","p__Pseudomonadota","c__Gammaproteobacteria","o__Burkholderiales","f__Rhodocyclaceae","g__Methyloversatilis","s__Methyloversatilis sp017984755",0,0,0,0.000827215925619,0,0,0.0043893001099459,0,0,0,0,0,0,0,0,0,0.0009014599365802,0,0.0015317422530425,0,"aOTU_430"
"431","d__Bacteria","p__Actinomycetota","c__Actinomycetes","o__Propionibacteriales","f__Nocardioidaceae","g__Nocardioides","s__Nocardioides allogilvus",0,0,0,0.0004154141111187,0,0,0,0,0,0,0,0,0,0,0,0,0,0,0,0,"aOTU_431"
"432","d__Bacteria","p__Pseudomonadota","c__Gammaproteobacteria","o__Methylococcales","f__Methylomonadaceae","g__Methylobacter_A","s__",0,0,0,0.0002709222463817,0,0,0,0,0,0,0,0,0,0,0,0,0.0003628166927412,0,0,0,"aOTU_432"
"433","d__Bacteria","p__Patescibacteria","c__Microgenomatia","o__UBA1400","f__UBA12108","g__UBA12108","s__UBA12108 sp001002415",0,0,0,0.0001950640173948,0,0,0,0,0,0,0,0,0,0,0,0,0,0,0,0,"aOTU_433"
"434","d__Bacteria","p__Pseudomonadota","c__Gammaproteobacteria","o__Burkholderiales","f__Gallionellaceae","g__Nitrotoga","s__Nitrotoga sp013168275",0,0,0,0.0001011443053158,0,0,0,0,0,0,0,0,0,0,0,0,0,0,0,0,"aOTU_434"
"435","d__Bacteria","p__Patescibacteria","c__Microgenomatia","o__UBA1406","f__GWC2-37-13","g__GWC2-37-13","s__GWC2-37-13 sp902200405",0,0,0,9.75320086974449e-05,0,0,0,0,0,0.0006492818584809,0,0,0,0,0,0,0,0,0,0,"aOTU_435"
"436","d__Bacteria","p__Planctomycetota","c__Planctomycetia","o__Planctomycetales","f__Planctomycetaceae","g__SH412","s__SH412 sp030622045",0,0,0,8.66951188421732e-05,0,0,0.0011234518138552,0,0,0,0,0,0,0,0,0,0.0001618720629153,0,0.0011039583805711,0,"aOTU_436"
"437","d__Bacteria","p__Nitrospirota","c__Thermodesulfovibrionia","o__Thermodesulfovibrionales","f__SM23-35","g__0-14-3-00-41-53","s__0-14-3-00-41-53 sp002780895",0,0,0,2.52860763289672e-05,0,0,0,0,0,0.195735781860518,0,0,0,0,0,0,0.0016689567866099,0,0,0,"aOTU_437"
"438","d__Bacteria","p__Pseudomonadota","c__Gammaproteobacteria","o__Nevskiales","f__Nevskiaceae","g__Polycyclovorans","s__Polycyclovorans sp002706265",0,0,0,0,0.743688213793531,0,0,0,0,0,0,0,0,0,0,0,0,0,0,0,"aOTU_438"
"439","d__Bacteria","p__Pseudomonadota","c__Alphaproteobacteria","o__Sphingomonadales","f__Sphingomonadaceae","g__Sphingomonas","s__Sphingomonas sp002403415",0,0,0,0,0.0023299085150292,0,0,0,0,0,0,0,0,0,0,0,0,0,0,0,"aOTU_439"
"440","d__Bacteria","p__Pseudomonadota","c__Alphaproteobacteria","o__Sphingomonadales","f__Sphingomonadaceae","g__Sphingomonas","s__Sphingomonas sp021732445",0,0,0,0,0.0018033560736711,0,0,0,0,0,0,0,0,0,0,0,0,0,0,0,"aOTU_440"
"441","d__Bacteria","p__Pseudomonadota","c__Alphaproteobacteria","o__Parvibaculales","f__Parvibaculaceae","g__Parvibaculum","s__",0,0,0,0,0.0013869322474989,0,0,0,0,0,0,0,0,0,0,0,0,0,0,0,"aOTU_441"
"442","d__Bacteria","p__Pseudomonadota","c__Gammaproteobacteria","o__Burkholderiales","f__Rhodocyclaceae","g__Desulfobacillus","s__Desulfobacillus sp002840845",0,0,0,0,0.0007158359987091,0,0,0,0,0,0,0,0,0,0,0,0,0,0,0,"aOTU_442"
"443","d__Bacteria","p__Pseudomonadota","c__Alphaproteobacteria","o__Sphingomonadales","f__Sphingomonadaceae","g__Blastomonas","s__Blastomonas delafieldii_A",0,0,0,0,0.0006986284025863,0,0,0,0,0,0,0,0,0,0,0,0,0,0,0,"aOTU_443"
"444","d__Bacteria","p__Pseudomonadota","c__Gammaproteobacteria","o__Burkholderiales","f__Burkholderiaceae","g__Rubrivivax","s__Rubrivivax sp016709385",0,0,0,0,0.0005127863644599,0,0,0,0,0,0,0,0,0,0,0,0,0,0,0,"aOTU_444"
"445","d__Bacteria","p__Pseudomonadota","c__Alphaproteobacteria","o__Rhizobiales","f__Beijerinckiaceae","g__Bosea","s__Bosea sp023452965",0,0,0,0,0.0004611635760914,0,0,0,0,0,0,0,0,0,0,0,0,0,0,0,"aOTU_445"
"446","d__Bacteria","p__Chloroflexota","c__Dehalococcoidia","o__UBA2979","f__UBA2979","g__SHYQ01","s__SHYQ01 sp947479915",0,0,0,0,0.0004542805376423,0,0,0,0,0,0,0,0,0,0,0,0,0,0,0,"aOTU_446"
"447","d__Bacteria","p__Pseudomonadota","c__Gammaproteobacteria","o__Burkholderiales","f__Burkholderiaceae","g__JAUXWC01","s__JAUXWC01 sp016718405",0,0,0,0,0.0003716840762528,0,0,0,0,0,0,0,0,0,0,0,0,0,0,0,"aOTU_447"
"448","d__Bacteria","p__Pseudomonadota","c__Gammaproteobacteria","o__Burkholderiales","f__Rhodocyclaceae","g__Sulfuritalea","s__Sulfuritalea sp903932755",0,0,0,0,0.0003338273647826,0,0,0,0,0,0,0,0,0,0,0,0,0,0,0,"aOTU_448"
"449","d__Bacteria","p__Pseudomonadota","c__Alphaproteobacteria","o__Acetobacterales","f__Acetobacteraceae","g__Falsiroseomonas","s__Falsiroseomonas oleicola",0,0,0,0,0.0002615554610668,0,0,0,0,0,0,0,0,0,0,0,0,0,0,0,"aOTU_449"
"450","d__Bacteria","p__Pseudomonadota","c__Alphaproteobacteria","o__SMXQ01","f__SMXQ01","g__CAMAVH01","s__",0,0,0,0,0.0002236987495966,0,0,0,0,0,0,0,0,0,0,0,0,0,0,0,"aOTU_450"
"451","d__Bacteria","p__Pseudomonadota","c__Alphaproteobacteria","o__Reyranellales","f__Reyranellaceae","g__Reyranella","s__Reyranella sp010032545",0,0,0,0,0.0001996081150246,0,0,0,0,0,0,0,0,0,0,0,0,0,0,0,"aOTU_451"
"452","d__Bacteria","p__Pseudomonadota","c__Gammaproteobacteria","o__Legionellales","f__Legionellaceae","g__Legionella","s__Legionella antarctica",0,0,0,0,2.40906345719422e-05,0,0,0,0,0,0,0,0,0,0,0,0,0,0,0,"aOTU_452"
"453","d__Bacteria","p__Pseudomonadota","c__Gammaproteobacteria","o__Burkholderiales","f__Rhodocyclaceae","g__Sulfuricystis","s__Sulfuricystis sp030681195",0,0,0,0,0,0.99999,0,0,0,0,0,0,0,0,0,0,0,0,0,0,"aOTU_453"
"454","d__Bacteria","p__Bacteroidota","c__Bacteroidia","o__Bacteroidales","f__JAAYJT01","g__JAAYJT01","s__JAAYJT01 sp030684735",0,0,0,0,0,0.27716,0,0.0002729739851989,0,0,0,0,0,0,0,0,0,0,0,0.132239325071552,"aOTU_454"
"455","d__Bacteria","p__Pseudomonadota","c__Gammaproteobacteria","o__Burkholderiales","f__Burkholderiaceae","g__Polynucleobacter","s__Polynucleobacter sp030693775",0,0,0,0,0,0,0.313586753390629,0,0,0,0,0,0,0,0,0,0,0,0.255635362501014,0,"aOTU_455"
"456","d__Bacteria","p__Pseudomonadota","c__Gammaproteobacteria","o__Burkholderiales","f__Rhodocyclaceae","g__Rugosibacter","s__Rugosibacter sp030645365",0,0,0,0,0,0,0.0721817790401967,0,0,0,0,0,0,0,0,0,0.611086573788875,0,0,0,"aOTU_456"
"457","d__Bacteria","p__Pseudomonadota","c__Gammaproteobacteria","o__Burkholderiales","f__Burkholderiaceae","g__Acidovorax","s__Acidovorax sp018828125",0,0,0,0,0,0,0.0325474441188399,0,0,0,0,0,0,0,0,0,0,0,0,0,"aOTU_457"
"458","d__Bacteria","p__Pseudomonadota","c__Gammaproteobacteria","o__Nevskiales","f__Nevskiaceae","g__Nevskia","s__Nevskia ramosa",0,0,0,0,0,0,0.031939996335767,0,0,0,0,0,0,0,0,0,0,0,0,0,"aOTU_458"
"459","d__Bacteria","p__Pseudomonadota","c__Gammaproteobacteria","o__Burkholderiales","f__Burkholderiaceae","g__Acidovorax","s__Acidovorax temperans",0,0,0,0,0,0,0.0201045621107343,0,0,0.0040244917797223,0,0,0,0,0,0,0,0,0,0,"aOTU_459"
"460","d__Bacteria","p__Bacteroidota","c__Bacteroidia","o__Chitinophagales","f__Chitinophagaceae","g__Sediminibacterium","s__",0,0,0,0,0,0,0.0185957401979404,0,0,0,0,0,0,0,0,0,0,0,0,0,"aOTU_460"
"461","d__Bacteria","p__Bacteroidota","c__Bacteroidia","o__Chitinophagales","f__Chitinophagaceae","g__Sediminibacterium","s__Sediminibacterium sp004297075",0,0,0,0,0,0,0.0165970410407329,0,0,0,0,0,0,0,0,0,0,0,0,0,"aOTU_461"
"462","d__Bacteria","p__Verrucomicrobiota","c__Verrucomicrobiae","o__Opitutales","f__Opitutaceae","g__ER46","s__ER46 sp903948415",0,0,0,0,0,0,0.0139517039208994,0,0,0,0,0,0,0,0,0,0,0,0,0,"aOTU_462"
"463","d__Bacteria","p__Planctomycetota","c__Brocadiia","o__Brocadiales","f__Bathyanammoxibiaceae","g__2-12-FULL-52-36","s__2-12-FULL-52-36 sp001828545",0,0,0,0,0,0,0.00425213448151,0,0,0,0,0,0,0,0,0,0,0,0,0,"aOTU_463"
"464","d__Bacteria","p__Pseudomonadota","c__Gammaproteobacteria","o__Burkholderiales","f__Burkholderiaceae","g__Hydrogenophaga","s__Hydrogenophaga sp030158645",0,0,0,0,0,0,0.0037426621473199,0,0,0,0,0,0,0,0,0,0,0,0.000528980057357,0,"aOTU_464"
"465","d__Bacteria","p__Pseudomonadota","c__Gammaproteobacteria","o__Burkholderiales","f__Burkholderiaceae","g__Aquabacterium","s__Aquabacterium sp918741295",0,0,0,0,0,0,0.0024689813118445,0,0,0,0,0,0,0,0,0,0,0,0.0022539150269994,0,"aOTU_465"
"466","d__Bacteria","p__Bacillota_A","c__Clostridia","o__Clostridiales","f__Clostridiaceae","g__JAIZZN01","s__JAIZZN01 sp020443565",0,0,0,0,0,0,0.0009666910956428,0,0,0,0,0,0,0,0,0,0,0,0,0,"aOTU_466"
"467","d__Bacteria","p__Pseudomonadota","c__Alphaproteobacteria","o__Parvibaculales","f__Parvibaculaceae","g__Parvibaculum","s__Parvibaculum sp030649335",0,0,0,0,0,0,0.0007903352876539,0,0,0,0,0,0,0,0,0,0,0,0,0,"aOTU_467"
"468","d__Bacteria","p__Bacteroidota","c__Ignavibacteria","o__Ignavibacteriales","f__Melioribacteraceae","g__DSXH01","s__DSXH01 sp020061355",0,0,0,0,0,0,0.0006792964455868,0,0,0,0,0,0,0,0,0,0,0,0,0,"aOTU_468"
"469","d__Bacteria","p__Pseudomonadota","c__Alphaproteobacteria","o__Acetobacterales","f__Acetobacteraceae","g__Humitalea","s__Humitalea rosea",0,0,0,0,0,0,0.0005029406375979,0,0,0,0,0,0,0,0,0,0,0,0.0034130713265992,0,"aOTU_469"
"470","d__Bacteria","p__Desulfobacterota","c__Desulfobacteria","o__Desulfobacterales","f__Desulfobacteraceae","g__Desulfobacula","s__Desulfobacula sp023701135",0,0,0,0,0,0,0.000470282154637,0,0,0,0,0,0,0,0,0,0.0003265350234671,0,0,0,"aOTU_470"
"471","d__Bacteria","p__Bacteroidota","c__Bacteroidia","o__Chitinophagales","f__Chitinophagaceae","g__JJ008","s__JJ008 sp001464625",0,0,0,0,0,0,0.0004114968853074,0,0,0,0,0,0,0,0,0,0,0,0,0,"aOTU_471"
"472","d__Bacteria","p__Verrucomicrobiota","c__Verrucomicrobiae","o__Opitutales","f__Opitutaceae","g__ER46","s__ER46 sp947461205",0,0,0,0,0,0,0.0003788384023465,0,0,0,0,0,0,0,0,0,0,0,0,0,"aOTU_472"
"473","d__Bacteria","p__Pseudomonadota","c__Alphaproteobacteria","o__Caulobacterales","f__Caulobacteraceae","g__Brevundimonas","s__Brevundimonas sp018826515",0,0,0,0,0,0,0.0003723067057543,0,0,0,0,0,0,0,0,0,0,0,0,0,"aOTU_473"
"474","d__Bacteria","p__Atribacterota","c__JS1","o__SB-45","f__34-128","g__CG2-30-33-13","s__CG2-30-33-13 sp002782675",0,0,0,0,0,0,0.0003723067057543,0,0.193142629009832,0,0,0,0,0,0,0,0.0012000859836827,0,0.0061821669311986,0,"aOTU_474"
"475","d__Bacteria","p__Bacillota_I","c__Bacilli_A","o__Acholeplasmatales","f__Acholeplasmataceae","g__UBA2284","s__UBA2284 sp003518475",0,0,0,0,0,0,0.000326584829609,0,0,0,0,0,0,0,0,0,0,0,0,0,"aOTU_475"
"476","d__Bacteria","p__Pseudomonadota","c__Alphaproteobacteria","o__Sphingomonadales","f__Sphingomonadaceae","g__Sphingopyxis","s__Sphingopyxis sp001427085",0,0,0,0,0,0,0.000182887504581,0,0,0,0,0,0,0,0,0,0,0,0,0,"aOTU_476"
"477","d__Bacteria","p__Patescibacteria","c__Paceibacteria","o__UBA6257","f__UBA9933","g__UM-FILTER-39-64","s__UM-FILTER-39-64 sp002784365",0,0,0,0,0,0,0.0001436973250279,0,0.0016222211141065,0,0,0,0,0,0,0,0.0074768147681069,0,0,0,"aOTU_477"
"478","d__Bacteria","p__Pseudomonadota","c__Gammaproteobacteria","o__Burkholderiales","f__Burkholderiaceae","g__Hydrogenophaga","s__Hydrogenophaga sp001713375",0,0,0,0,0,0,9.14437522905397e-05,0,0,0,0,0,0,0,0,0,0,0,0,0,"aOTU_478"
"479","d__Bacteria","p__Pseudomonadota","c__Gammaproteobacteria","o__Burkholderiales","f__Burkholderiaceae","g__Polaromonas","s__",0,0,0,0,0,0,7.18486625139955e-05,0,0,0,0,0,0,0,0,0,0,0,0,0,"aOTU_479"
"480","d__Bacteria","p__Desulfobacterota","c__Desulfobacteria","o__Desulfobacterales","f__Desulfatirhabdiaceae","g__RAAP-1","s__RAAP-1 sp903839535",0,0,0,0,0,0,3.2658482960907e-05,0,7.68097118421642e-05,0.0001277448859775,0,0,0,0,0,0,0,0,0.000496781271257,0,"aOTU_480"
"481","d__Bacteria","p__Pseudomonadota","c__Gammaproteobacteria","o__Burkholderiales","f__Burkholderiaceae","g__Herminiimonas","s__Herminiimonas fonticola",0,0,0,0,0,0,1.30633931843628e-05,0,0,0,0,0,0,0,0,0.0040511187577266,0,0,0,0,"aOTU_481"
"482","d__Bacteria","p__Pseudomonadota","c__Gammaproteobacteria","o__Methylococcales","f__Methylomonadaceae","g__UBA4132","s__UBA4132 sp002380945",0,0,0,0,0,0,0,0.0022206802579698,0,0,0,0,0,0,0,0,0,0,0,0,"aOTU_482"
"483","d__Bacteria","p__Pseudomonadota","c__Alphaproteobacteria","o__Caulobacterales","f__Caulobacteraceae","g__Caulobacter","s__Caulobacter sp002280875",0,0,0,0,0,0,0,0.0005164372692953,0,0,0,0,0,0,0,0,0,0,0,0,"aOTU_483"
"484","d__Bacteria","p__Pseudomonadota","c__Gammaproteobacteria","o__Methylococcales","f__Methylomonadaceae","g__UBA4132","s__UBA4132 sp002256685",0,0,0,0,0,0,0,0.0003172400368528,0,0,0,0,0,0,0,0,0.0585111689486235,0,0,0,"aOTU_484"
"485","d__Bacteria","p__Pseudomonadota","c__Gammaproteobacteria","o__Methylococcales","f__Methylomonadaceae","g__UBA4132","s__UBA4132 sp903902705",0,0,0,0,0,0,0,2.95107011025891e-05,0,0,0,0,0,0,0,0,0,0,0,0,"aOTU_485"
"486","d__Bacteria","p__Zixibacteria","c__MSB-5A5","o__MSB-5A5","f__RBG-16-43-9","g__RBG-16-43-9","s__RBG-16-43-9 sp001775355",0,0,0,0,0,0,0,0,0.266899922903389,0,0,0,0,0,0,0,0,0,0.011002785193026,0,"aOTU_486"
"487","d__Bacteria","p__Actinomycetota","c__Geothermincolia","o__Fen-727","f__Anoxymicrobiaceae","g__JAENXM01","s__",0,0,0,0,0,0,0,0,0.109948493919347,0,0,0,0,0,0,0,0.0021936455422665,0,0,0,"aOTU_487"
"488","d__Bacteria","p__Omnitrophota","c__Koll11","o__Gorgyraeales","f__Gorgyraeaceae","g__UBA10183","s__UBA10183 sp018819285",0,0,0,0,0,0,0,0,0.0532229855296723,0.0010040114592119,0,0,0,0,0,0,0,0,0,0,"aOTU_488"
"489","d__Bacteria","p__Omnitrophota","c__Koll11","o__JAHIPI01","f__JAHIPI01","g__JAHIPI01","s__JAHIPI01 sp018894435",0,0,0,0,0,0,0,0,0.0492549958159061,0,0,0,0,0,0,0,0,0,0,0,"aOTU_489"
"490","d__Bacteria","p__Desulfobacterota","c__BSN033","o__BSN033","f__UBA1163","g__UBA1163","s__",0,0,0,0,0,0,0,0,0.0233178923210441,0,0,0,0,0,0,0,0.0103291121525807,0,0.0009429644500712,0,"aOTU_490"
"491","d__Bacteria","p__Patescibacteria","c__Paceibacteria","o__Paceibacterales","f__CG1-02-41-26","g__CG1-02-41-26","s__CG1-02-41-26 sp002773545",0,0,0,0,0,0,0,0,0.0200166109060679,0,0,0,0,0,0,0,0,0,0,0,"aOTU_491"
"492","d__Bacteria","p__Bacteroidota","c__Bacteroidia","o__Bacteroidales","f__FEN-979","g__FEN-979","s__FEN-979 sp017882335",0,0,0,0,0,0,0,0,0.0093584952908492,0,0,0,0,0,0,0,0,0,0,0,"aOTU_492"
"493","d__Bacteria","p__Patescibacteria","c__Paceibacteria","o__UBA9973","f__UBA9973","g__UBA9973","s__UBA9973 sp001786955",0,0,0,0,0,0,0,0,0.0092970475213755,0,0,0,0,0,0,0,0,0,0,0,"aOTU_493"
"494","d__Bacteria","p__Pseudomonadota","c__Gammaproteobacteria","o__Burkholderiales","f__Burkholderiaceae","g__Hylemonella","s__Hylemonella sp013334205",0,0,0,0,0,0,0,0,0.0070449867701632,0,0,0,0,0,0,0,0,0,0,0,"aOTU_494"
"495","d__Bacteria","p__Actinomycetota","c__Humimicrobiia","o__Hakubellales","f__Hakubellaceae","g__Hakubella","s__Hakubella thermalkaliphila",0,0,0,0,0,0,0,0,0.0046485237606877,0,0,0,0,0,0,0,0,0,0,0,"aOTU_495"
"496","d__Bacteria","p__Planctomycetota","c__Phycisphaerae","o__FEN-1346","f__FEN-1346","g__JAPLMM01","s__",0,0,0,0,0,0,0,0,0.0043781535750033,0,0,0,0,0,0,0,0,0,0,0,"aOTU_496"
"497","d__Bacteria","p__Planctomycetota","c__Phycisphaerae","o__Sedimentisphaerales","f__UBA12454","g__UBA12454","s__UBA12454 sp018828825",0,0,0,0,0,0,0,0,0.0036546060894501,0,0,0,0,0,0,0,0,0,0,0,"aOTU_497"
"498","d__Bacteria","p__Bacillota_A","c__Clostridia","o__Clostridiales","f__Clostridiaceae","g__Clostridium","s__Clostridium vincentii",0,0,0,0,0,0,0,0,0.0028880451652653,0,0,0,0,0,0,0,0,0,0,0,"aOTU_498"
"499","d__Bacteria","p__Planctomycetota","c__Phycisphaerae","o__Sedimentisphaerales","f__Anaerohalosphaeraceae","g__UBA7708","s__UBA7708 sp016873215",0,0,0,0,0,0,0,0,0.0028342783669758,0,0,0,0,0,0,0,0,0,0,0,"aOTU_499"
"500","d__Bacteria","p__Desulfobacterota_E","c__Deferrimicrobia","o__Deferrimicrobiales","f__Deferrimicrobiaceae","g__JAKALO01","s__JAKALO01 sp021824125",0,0,0,0,0,0,0,0,0.0026207473680546,0,0,0,0,0,0,0,0,0,0,0,"aOTU_500"
"501","d__Bacteria","p__Chloroflexota","c__Dehalococcoidia","o__SM23-28-2","f__RBG-16-64-32","g__RBG-16-64-32","s__RBG-16-64-32 sp001795235",0,0,0,0,0,0,0,0,0.002038529752291,0,0,0,0,0,0,0,0,0,0.0012143542186282,0,"aOTU_501"
"502","d__Bacteria","p__Methylomirabilota","c__Methylomirabilia","o__Methylomirabilales","f__2-02-FULL-66-22","g__2-02-FULL-66-22","s__2-02-FULL-66-22 sp026387775",0,0,0,0,0,0,0,0,0.0019555752635014,0.0030373722062594,0,0,0,0,0,0,0,0,0,0,"aOTU_502"
"503","d__Bacteria","p__Actinomycetota","c__Humimicrobiia","o__Humimicrobiales","f__Humimicrobiaceae","g__Hydromicrobium","s__Hydromicrobium sp004376325",0,0,0,0,0,0,0,0,0.0010400034983429,0,0,0,0,0,0,0,0,0,0,0,"aOTU_503"
"504","d__Bacteria","p__Omnitrophota","c__Koll11","o__Taenaricolales","f__Taenaricolaceae","g__Taenaricola","s__Taenaricola geyseris",0,0,0,0,0,0,0,0,0.0007849952550269,0,0,0,0,0,0,0,0,0,0,0,"aOTU_504"
"505","d__Bacteria","p__Planctomycetota","c__Phycisphaerae","o__Sedimentisphaerales","f__SG8-4","g__Fen-1362","s__Fen-1362 sp003170415",0,0,0,0,0,0,0,0,0.0007204750970794,0,0,0,0,0,0,0,0,0,0,0,"aOTU_505"
"506","d__Bacteria","p__Bacteroidota","c__UBA10030","o__UBA10030","f__UBA10030","g__Fen-1298","s__Fen-1298 sp003155495",0,0,0,0,0,0,0,0,0.0006636359103162,0,0,0,0,0,0,0,0,0,0,0,"aOTU_506"
"507","d__Bacteria","p__Patescibacteria","c__Paceibacteria","o__Portnoybacterales","f__UBA2143","g__UM-FILTER-43-11-A","s__UM-FILTER-43-11-A sp002791035",0,0,0,0,0,0,0,0,0.0004946545442635,0,0,0,0,0,0,0,0,0,0,0,"aOTU_507"
"508","d__Archaea","p__Thermoproteota","c__Bathyarchaeia","o__Bathyarchaeales","f__UBA233","g__Termiticorpusculum","s__Termiticorpusculum sp003141855",0,0,0,0,0,0,0,0,0.0004946545442635,0,0,0,0,0,0,0,0,0,0,0,"aOTU_508"
"509","d__Bacteria","p__Desulfobacterota","c__Desulfobulbia","o__Desulfobulbales","f__Desulfurivibrionaceae","g__Thiovibrio","s__Thiovibrio sp013791995",0,0,0,0,0,0,0,0,0.0001613003948685,0,0,0,0,0,0,0,0,0,0,0.0003382079925103,"aOTU_509"
"510","d__Bacteria","p__Schekmanbacteria","c__GWA2-38-11","o__GWA2-38-11","f__GWA2-38-11","g__2-02-FULL-38-14-A","s__2-02-FULL-38-14-A sp001790855",0,0,0,0,0,0,0,0,0.0001290403158948,0,0,0,0,0,0,0,0,0,0,0,"aOTU_510"
"511","d__Bacteria","p__Planctomycetota","c__Phycisphaerae","o__Sedimentisphaerales","f__SG8-4","g__CAIYOL01","s__CAIYOL01 sp028714855",0,0,0,0,0,0,0,0,0.0001198231504737,0,0,0,0,0,0,0,0,0,0,0,"aOTU_511"
"512","d__Bacteria","p__Bacteroidota","c__Bacteroidia","o__Bacteroidales","f__FEN-979","g__QYOJ01","s__QYOJ01 sp937900965",0,0,0,0,0,0,0,0,0.0001029250138684,0,0,0,0,0,0,0,0,0,0,0,"aOTU_512"
"513","d__Bacteria","p__Campylobacterota","c__Campylobacteria","o__Campylobacterales","f__Sulfurimonadaceae","g__Sulfurimonas","s__Sulfurimonas sp001829715",0,0,0,0,0,0,0,0,0,0.351716510610537,0,0,0,0,0,0,0.0335800803620242,0,0,0,"aOTU_513"
"514","d__Bacteria","p__Pseudomonadota","c__Gammaproteobacteria","o__Burkholderiales","f__Sulfuricellaceae","g__Sulfurimicrobium","s__Sulfurimicrobium lacus",0,0,0,0,0,0,0,0,0,0.119286274188684,0,0,0,0,0,0,0,0,0,0,"aOTU_514"
"515","d__Bacteria","p__Pseudomonadota","c__Gammaproteobacteria","o__Burkholderiales","f__Rhodocyclaceae","g__Sulfurisoma","s__Sulfurisoma sediminicola",0,0,0,0,0,0,0,0,0,0.0124862707971604,0,0,0,0,0,0,0,0,0,0,"aOTU_515"
"516","d__Bacteria","p__Desulfobacterota","c__Desulfobulbia","o__Desulfobulbales","f__Desulfurivibrionaceae","g__Thiovibrio","s__Thiovibrio sp903869265",0,0,0,0,0,0,0,0,0,0.0078652843019231,0,0,0,0,0,0,0,0,0,0,"aOTU_516"
"517","d__Archaea","p__Thermoplasmatota","c__E2","o__DHVEG-1","f__DHVEG-1","g__SM1-50","s__SM1-50 sp014894395",0,0,0,0,0,0,0,0,0,0.0046568817524541,0,0,0,0,0,0,0.000870760062579,0,0,0,"aOTU_517"
"518","d__Bacteria","p__Desulfobacterota","c__Desulfuromonadia","o__Geobacterales","f__Pseudopelobacteraceae","g__JACRCG01","s__JACRCG01 sp021850095",0,0,0,0,0,0,0,0,0,0.004398224751921,0,0,0,0,0,0,0,0,0,0,"aOTU_518"
"519","d__Bacteria","p__Methylomirabilota","c__Methylomirabilia","o__Methylomirabilales","f__Methylomirabilaceae","g__Methylomirabilis","s__Methylomirabilis limnetica",0,0,0,0,0,0,0,0,0,0.0031946778922979,0,0,0,0,0,0,0,0,0,0,"aOTU_519"
"520","d__Bacteria","p__Pseudomonadota","c__Gammaproteobacteria","o__Burkholderiales","f__Thiobacillaceae","g__PFJX01","s__PFJX01 sp002784045",0,0,0,0,0,0,0,0,0,0.0027734364914298,0,0,0,0,0,0,0,0,0,0,"aOTU_520"
"521","d__Bacteria","p__Patescibacteria","c__Microgenomatia","o__Daviesbacterales","f__UBA10151","g__2-01-FULL-40-24","s__2-01-FULL-40-24 sp001776975",0,0,0,0,0,0,0,0,0,0.0021716630616182,0,0,0,0,0,0,0,0,0,0,"aOTU_521"
"522","d__Bacteria","p__Pseudomonadota","c__Gammaproteobacteria","o__Burkholderiales","f__Rhodocyclaceae","g__Sulfuritalea","s__Sulfuritalea sp016712985",0,0,0,0,0,0,0,0,0,0.0021336563186827,0,0,0,0,0,0,0,0,0,0,"aOTU_522"
"523","d__Bacteria","p__Elusimicrobiota","c__UBA8919","o__UBA8919","f__UBA8919","g__UBA8919","s__UBA8919 sp002780205",0,0,0,0,0,0,0,0,0,0.0019700161754884,0,0,0,0,0,0,0.0012056677789556,0,0.0008049696524998,0,"aOTU_523"
"524","d__Bacteria","p__Desulfobacterota","c__QYQD01","o__QYQD01","f__QYQD01","g__QYQD01","s__QYQD01 sp031082315",0,0,0,0,0,0,0,0,0,0.0015466632889016,0,0,0,0,0,0,0,0,0,0,"aOTU_524"
"525","d__Bacteria","p__Actinomycetota","c__Actinomycetes","o__Propionibacteriales","f__Propionibacteriaceae","g__Arachnia","s__Arachnia sp014164775",0,0,0,0,0,0,0,0,0,0.0013070096598363,0,0,0,0,0,0,0,0,0,0,"aOTU_525"
"526","d__Bacteria","p__Omnitrophota","c__Koll11","o__Velamenicoccales","f__Velamenicoccaceae","g__Phelpsiimicrobium","s__Phelpsiimicrobium noxiivivens",0,0,0,0,0,0,0,0,0,0.0010758019736456,0,0,0,0,0,0,0,0,0,0,"aOTU_526"
"527","d__Bacteria","p__Gemmatimonadota","c__Gemmatimonadetes","o__Longimicrobiales","f__UBA6960","g__UBA2982","s__UBA2982 sp009692205",0,0,0,0,0,0,0,0,0,0.001047296916444,0,0,0,0,0,0,0,0,0,0,"aOTU_527"
"528","d__Bacteria","p__Pseudomonadota","c__Gammaproteobacteria","o__Acidiferrobacterales","f__Sulfurifustaceae","g__Sulfuricaulis","s__Sulfuricaulis sp001785195",0,0,0,0,0,0,0,0,0,0.000875210830375,0,0,0,0,0,0,0,0,0,0,"aOTU_528"
"529","d__Archaea","p__Halobacteriota","c__Methanomicrobia","o__Methanomicrobiales","f__Methanospirillaceae","g__MVRE01","s__",0,0,0,0,0,0,0,0,0,0.0006524490870588,0,0,0,0,0,0,0,0,0,0,"aOTU_529"
"530","d__Archaea","p__Halobacteriota","c__Methanosarcinia","o__Methanosarcinales","f__Methanoperedenaceae","g__Methanoperedens","s__Methanoperedens sp027460525",0,0,0,0,0,0,0,0,0,0.0006059964012488,0,0,0,0,0,0,0,0,0,0,"aOTU_530"
"531","d__Bacteria","p__Actinomycetota","c__Thermoleophilia","o__Gaiellales","f__Gaiellaceae","g__Gaiella","s__",0,0,0,0,0,0,0,0,0,0.0005722126297506,0,0,0,0,0,0,0,0,0,0,"aOTU_531"
"532","d__Bacteria","p__Pseudomonadota","c__Alphaproteobacteria","o__Rhizobiales","f__Phreatobacteraceae","g__Phreatobacter","s__Phreatobacter cathodiphilus",0,0,0,0,0,0,0,0,0,0.0003198900863735,0,0,0,0,0,0,0,0,0,0,"aOTU_532"
"533","d__Bacteria","p__Desulfobacterota","c__Desulfobulbia","o__Desulfobulbales","f__Desulfocapsaceae","g__CAIUQR01","s__CAIUQR01 sp903901335",0,0,0,0,0,0,0,0,0,0.0002681586862669,0,0,0,0,0,0,0.0004493345194719,0,0,0,"aOTU_533"
"534","d__Bacteria","p__Pseudomonadota","c__Gammaproteobacteria","o__Burkholderiales","f__Gallionellaceae","g__Nitrotoga","s__Nitrotoga sp947475825",0,0,0,0,0,0,0,0,0,0.0002628799719703,0,0,0,0,0,0,0,0,0,0,"aOTU_534"
"535","d__Bacteria","p__Pseudomonadota","c__Gammaproteobacteria","o__Pseudomonadales","f__Pseudomonadaceae","g__Pseudomonas_E","s__Pseudomonas_E yamanorum",0,0,0,0,0,0,0,0,0,0,0,0,0,0,0,17.4281483888966,0,0,0,0,"aOTU_535"
"536","d__Bacteria","p__Pseudomonadota","c__Alphaproteobacteria","o__Caulobacterales","f__Caulobacteraceae","g__Caulobacter","s__Caulobacter sp004144935",0,0,0,0,0,0,0,0,0,0,0,0,0,0,0,9.06700842438304,0,0,0,0,"aOTU_536"
"537","d__Bacteria","p__Pseudomonadota","c__Alphaproteobacteria","o__Rhizobiales","f__Beijerinckiaceae","g__Methylobacterium","s__Methylobacterium sp001422375",0,0,0,0,0,0,0,0,0,0,0,0,0,0,0,1.62531011853593,0,0,0,0,"aOTU_537"
"538","d__Bacteria","p__Pseudomonadota","c__Alphaproteobacteria","o__Sphingomonadales","f__Sphingomonadaceae","g__Sphingopyxis","s__",0,0,0,0,0,0,0,0,0,0,0,0,0,0,0,1.18591807681021,0,0,0,0,"aOTU_538"
"539","d__Bacteria","p__Pseudomonadota","c__Gammaproteobacteria","o__Burkholderiales","f__Burkholderiaceae","g__Variovorax","s__",0,0,0,0,0,0,0,0,0,0,0,0,0,0,0,0.0255160017277711,0,0,0,0,"aOTU_539"
"540","d__Bacteria","p__Pseudomonadota","c__Gammaproteobacteria","o__Burkholderiales","f__Burkholderiaceae","g__Telluria","s__Telluria sp900129765",0,0,0,0,0,0,0,0,0,0,0,0,0,0,0,0.175786094217837,0,0,0,0,"aOTU_540"
"541","d__Bacteria","p__Pseudomonadota","c__Alphaproteobacteria","o__Rhizobiales","f__Xanthobacteraceae","g__Tardiphaga","s__Tardiphaga sp007018905",0,0,0,0,0,0,0,0,0,0,0,0,0,0,0,0.118672639115778,0,0,0,0,"aOTU_541"
"542","d__Bacteria","p__Actinomycetota","c__Actinomycetes","o__Actinomycetales","f__Microbacteriaceae","g__Microbacterium","s__Microbacterium sp030816505",0,0,0,0,0,0,0,0,0,0,0,0,0,0,0,0.0852962577088362,0,0,0,0,"aOTU_542"
"543","d__Bacteria","p__Pseudomonadota","c__Gammaproteobacteria","o__Burkholderiales","f__Burkholderiaceae","g__Telluria","s__Telluria aquatica",0,0,0,0,0,0,0,0,0,0,0,0,0,0,0,0.041765029517993,0,0,0,0,"aOTU_543"
"544","d__Bacteria","p__Pseudomonadota","c__Alphaproteobacteria","o__Rhizobiales","f__Beijerinckiaceae","g__Methylobacterium","s__Methylobacterium sp000519085",0,0,0,0,0,0,0,0,0,0,0,0,0,0,0,0.024615399521615,0,0,0,0,"aOTU_544"
"545","d__Bacteria","p__Pseudomonadota","c__Gammaproteobacteria","o__Burkholderiales","f__Burkholderiaceae","g__Variovorax","s__Variovorax sp030317205",0,0,0,0,0,0,0,0,0,0,0,0,0,0,0,0.0194631911408141,0,0,0,0,"aOTU_545"
"546","d__Bacteria","p__Pseudomonadota","c__Alphaproteobacteria","o__Rhizobiales","f__Beijerinckiaceae","g__Methylobacterium","s__Methylobacterium sp020662345",0,0,0,0,0,0,0,0,0,0,0,0,0,0,0,0.012073797774403,0,0,0,0,"aOTU_546"
"547","d__Bacteria","p__Actinomycetota","c__Actinomycetes","o__Actinomycetales","f__Microbacteriaceae","g__Agreia","s__Agreia sp001422485",0,0,0,0,0,0,0,0,0,0,0,0,0,0,0,0.0056168300136587,0,0,0,0,"aOTU_547"
"548","d__Bacteria","p__Actinomycetota","c__Actinomycetes","o__Mycobacteriales","f__Mycobacteriaceae","g__Rhodococcus","s__Rhodococcus fascians",0,0,0,0,0,0,0,0,0,0,0,0,0,0,0,0.0022530966853656,0.0568729120360148,0,0,0,"aOTU_548"
"549","d__Bacteria","p__Pseudomonadota","c__Alphaproteobacteria","o__Sphingomonadales","f__Sphingomonadaceae","g__Sphingomonas","s__Sphingomonas aliaeris",0,0,0,0,0,0,0,0,0,0,0,0,0,0,0,0.0012442949208728,0,0,0,0,"aOTU_549"
"550","d__Bacteria","p__Pseudomonadota","c__Alphaproteobacteria","o__Rhizobiales","f__Rhizobiaceae","g__Aureimonas_A","s__Aureimonas_A sp001425485",0,0,0,0,0,0,0,0,0,0,0,0,0,0,0,0.0011010896230741,0,0,0,0,"aOTU_550"
"551","d__Bacteria","p__Pseudomonadota","c__Gammaproteobacteria","o__Pseudomonadales","f__Pseudomonadaceae","g__Pseudomonas_E","s__Pseudomonas_E abietaniphila",0,0,0,0,0,0,0,0,0,0,0,0,0,0,0,0.000703297129189,0,0,0,0,"aOTU_551"
"552","d__Bacteria","p__Actinomycetota","c__Actinomycetes","o__Propionibacteriales","f__Nocardioidaceae","g__Aeromicrobium","s__Aeromicrobium sp001426485",0,0,0,0,0,0,0,0,0,0,0,0,0,0,0,0.0004837156725643,0.0005637613225672,0,0,0,"aOTU_552"
"553","d__Bacteria","p__Actinomycetota","c__Actinomycetes","o__Mycobacteriales","f__Mycobacteriaceae","g__Rhodococcus","s__Rhodococcus erythropolis",0,0,0,0,0,0,0,0,0,0,0,0,0,0,0,0.0002227637965757,0,0,0,0,"aOTU_553"
"554","d__Bacteria","p__Actinomycetota","c__Thermoleophilia","o__Solirubrobacterales","f__Solirubrobacteraceae","g__Patulibacter","s__Patulibacter minatonensis",0,0,0,0,0,0,0,0,0,0,0,0,0,0,0,0.000197305076967,0,0,0,0,"aOTU_554"
"555","d__Bacteria","p__Actinomycetota","c__Actinomycetes","o__Actinomycetales","f__Microbacteriaceae","g__Rhodoglobus","s__Rhodoglobus sp029211225",0,0,0,0,0,0,0,0,0,0,0,0,0,0,0,0,0,0.0105414336056504,0.0006347760688284,0,"aOTU_555"
"556","d__Bacteria","p__Actinomycetota","c__Actinomycetes","o__Mycobacteriales","f__Mycobacteriaceae","g__Mycobacterium","s__Mycobacterium doricum",0,0,0,0,0,0,0,0,0,0,0,0,0,0,0,0,0,0.0103014660113755,0,0,"aOTU_556"
"557","d__Bacteria","p__Actinomycetota","c__Actinomycetes","o__Mycobacteriales","f__Mycobacteriaceae","g__Mycobacterium","s__Mycobacterium austroafricanum",0,0,0,0,0,0,0,0,0,0,0,0,0,0,0,0,0,0.0009684406483239,0,0,"aOTU_557"
"558","d__Bacteria","p__Dependentiae","c__Babeliae","o__Babeliales","f__Babeliaceae","g__Babela","s__Babela massiliensis",0,0,0,0,0,0,0,0,0,0,0,0,0,0,0,0,0,0.0004713649173258,0,0,"aOTU_558"
"559","d__Bacteria","p__Pseudomonadota","c__Alphaproteobacteria","o__Rhizobiales","f__Xanthobacteraceae","g__Ancylobacter","s__Ancylobacter novellum_A",0,0,0,0,0,0,0,0,0,0,0,0,0,0,0,0,0,0.000411373018757,0,0,"aOTU_559"
"560","d__Bacteria","p__Actinomycetota","c__Actinomycetes","o__Mycobacteriales","f__Mycobacteriaceae","g__Mycobacterium","s__Mycobacterium sp001984215",0,0,0,0,0,0,0,0,0,0,0,0,0,0,0,0,0,0.0002656784079472,0,0,"aOTU_560"
"561","d__Bacteria","p__Pseudomonadota","c__Gammaproteobacteria","o__Methylococcales","f__Methylomonadaceae","g__Methylicorpusculum","s__Methylicorpusculum oleiharenae",0,0,0,0,0,0,0,0,0,0,0,0,0,0,0,0,0,0,0.0898484126987368,0,"aOTU_561"
"562","d__Bacteria","p__Pseudomonadota","c__Gammaproteobacteria","o__Burkholderiales","f__Burkholderiaceae","g__Hylemonella","s__Hylemonella sp001432305",0,0,0,0,0,0,0,0,0,0,0,0,0,0,0,0,0,0,0.0544297479887448,0,"aOTU_562"
"563","d__Bacteria","p__Pseudomonadota","c__Alphaproteobacteria","o__Rhizobiales","f__Xanthobacteraceae","g__Xanthobacter","s__Xanthobacter autotrophicus_A",0,0,0,0,0,0,0,0,0,0,0,0,0,0,0,0,0,0,0.0371435996796344,0,"aOTU_563"
"564","d__Bacteria","p__Patescibacteria","c__Microgenomatia","o__GWA2-44-7","f__UBA8517","g__GWF1-31-35","s__GWF1-31-35 sp001029755",0,0,0,0,0,0,0,0,0,0,0,0,0,0,0,0,0,0,0.0046320253718132,0,"aOTU_564"
"565","d__Bacteria","p__Actinomycetota","c__Actinomycetes","o__Mycobacteriales","f__Mycobacteriaceae","g__Mycobacterium","s__Mycobacterium hippocampi_A",0,0,0,0,0,0,0,0,0,0,0,0,0,0,0,0,0,0,0.0041168447942133,0,"aOTU_565"
"566","d__Bacteria","p__Pseudomonadota","c__Alphaproteobacteria","o__Rhodobacterales","f__Rhodobacteraceae","g__Paracoccus","s__Paracoccus marcusii",0,0,0,0,0,0,0,0,0,0,0,0,0,0,0,0,0,0,0.0028932909224136,0,"aOTU_566"
"567","d__Bacteria","p__Pseudomonadota","c__Gammaproteobacteria","o__Pseudomonadales","f__Porticoccaceae","g__JAGPUQ01","s__JAGPUQ01 sp016708925",0,0,0,0,0,0,0,0,0,0,0,0,0,0,0,0,0,0,0.0019227275128281,0,"aOTU_567"
"568","d__Bacteria","p__Pseudomonadota","c__Alphaproteobacteria","o__Rhizobiales","f__Rhizobiaceae","g__Mesorhizobium","s__Mesorhizobium sp001427025",0,0,0,0,0,0,0,0,0,0,0,0,0,0,0,0,0,0,0.0014535452010853,0,"aOTU_568"
"569","d__Bacteria","p__Actinomycetota","c__Actinomycetes","o__Actinomycetales","f__Micrococcaceae","g__Arthrobacter_D","s__Arthrobacter_D sp003075455",0,0,0,0,0,0,0,0,0,0,0,0,0,0,0,0,0,0,0.0011407569932568,0,"aOTU_569"
"570","d__Bacteria","p__Verrucomicrobiota","c__Verrucomicrobiae","o__Opitutales","f__Opitutaceae","g__UBA2377","s__UBA2377 sp903952145",0,0,0,0,0,0,0,0,0,0,0,0,0,0,0,0,0,0,0.000432383699057,0,"aOTU_570"
"571","d__Bacteria","p__Actinomycetota","c__Thermoleophilia","o__Solirubrobacterales","f__Solirubrobacteraceae","g__SYBY01","s__SYBY01 sp024666565",0,0,0,0,0,0,0,0,0,0,0,0,0,0,0,0,0,0,0.0002575902887999,0,"aOTU_571"
"572","d__Bacteria","p__Desulfobacterota","c__Desulfobacteria","o__Desulfobacterales","f__UBA2174_A","g__SpSt-501","s__",0,0,0,0,0,0,0,0,0,0,0,0,0,0,0,0,0,0,0.0002161918495285,0,"aOTU_572"
"573","d__Bacteria","p__Spirochaetota","c__Spirochaetia","o__Treponematales","f__UBA12059","g__UBA12059","s__UBA12059 sp001829185",0,0,0,0,0,0,0,0,0,0,0,0,0,0,0,0,0,0,0.0001379947975713,0,"aOTU_573"
"574","d__Bacteria","p__Bacteroidota","c__Bacteroidia","o__Bacteroidales","f__UBA1402","g__UBA8389","s__",0,0,0,0,0,0,0,0,0,0,0,0,0,0,0,0,0,0,0.0001379947975713,0,"aOTU_574"
"575","d__Bacteria","p__Pseudomonadota","c__Gammaproteobacteria","o__Nitrosococcales","f__Methylophagaceae","g__Methylophaga","s__Methylophaga muralis",0,0,0,0,0,0,0,0,0,0,0,0,0,0,0,0,0.0054562048793016,0,0,6.83384680180692,"aOTU_575"
"576","d__Archaea","p__Halobacteriota","c__Methanomicrobia","o__Methanomicrobiales","f__Methanocorpusculaceae","g__Methanocalculus","s__Methanocalculus sp030651615",0,0,0,0,0,0,0,0,0,0,0,0,0,0,0,0,0,0,0,0.337112842820331,"aOTU_576"
"577","d__Bacteria","p__Chloroflexota","c__Dehalococcoidia","o__Dehalococcoidales","f__UBA5760","g__UBA5760","s__UBA5760 sp030639215",0,0,0,0,0,0,0,0,0,0,0,0,0,0,0,0,0,0,0,0.0031888182150977,"aOTU_577"
"578","d__Bacteria","p__Pseudomonadota","c__Gammaproteobacteria","o__Burkholderiales","f__Burkholderiaceae","g__Hydrogenophaga","s__Hydrogenophaga sp002840835",0,0,0,0,0,0,0,0,0,0,0,0,0,0,0,0,0,0,0,0.0029526094584238,"aOTU_578"
"579","d__Bacteria","p__Pseudomonadota","c__Gammaproteobacteria","o__Methylococcales","f__Methylomonadaceae","g__Methylobacter_C","s__Methylobacter_C psychrophilus",0,0,0,0,0,0,0,0,0,0,0,0,0,0,0,0,0,0,0,0.0011703070217025,"aOTU_579"
"580","d__Bacteria","p__Bacteroidota","c__Bacteroidia","o__Cytophagales","f__Cyclobacteriaceae","g__Rhodonellum","s__Rhodonellum psychrophilum",0,0,0,0,0,0,0,0,0,0,0,0,0,0,0,0,0,0,0,0.0006173637958522,"aOTU_580"
"581","d__Bacteria","p__Pseudomonadota","c__Gammaproteobacteria","o__Pseudomonadales","f__Pseudomonadaceae","g__Halopseudomonas","s__Halopseudomonas pelagia",0,0,0,0,0,0,0,0,0,0,0,0,0,0,0,0,0,0,0,0.0003650498966778,"aOTU_581"
"582","d__Bacteria","p__Pseudomonadota","c__Gammaproteobacteria","o__Pseudomonadales","f__Moraxellaceae","g__Agitococcus","s__Agitococcus sp030646715",0,0,0,0,0,0,0,0,0,0,0,0,0,0,0,0,2.92399554475475,0,0,0,"aOTU_582"
"583","d__Bacteria","p__Bacteroidota","c__Bacteroidia","o__Flavobacteriales","f__Flavobacteriaceae","g__Flavobacterium","s__Flavobacterium lacustre",0,0,0,0,0,0,0,0,0,0,0,0,0,0,0,0,0.214212557189728,0,0,0,"aOTU_583"
"584","d__Bacteria","p__Pseudomonadota","c__Gammaproteobacteria","o__Pseudomonadales","f__Pseudohongiellaceae","g__UBA5078","s__UBA5078 sp903876785",0,0,0,0,0,0,0,0,0,0,0,0,0,0,0,0,0.198371422205116,0,0,0,"aOTU_584"
"585","d__Bacteria","p__Pseudomonadota","c__Gammaproteobacteria","o__Burkholderiales","f__Burkholderiaceae","g__Hydrogenophaga","s__Hydrogenophaga sp021729865",0,0,0,0,0,0,0,0,0,0,0,0,0,0,0,0,0.07800279804174,0,0,0,"aOTU_585"
"586","d__Bacteria","p__Pseudomonadota","c__Gammaproteobacteria","o__Methylococcales","f__Methylomonadaceae","g__Methylobacter_A","s__Methylobacter_A sp026399025",0,0,0,0,0,0,0,0,0,0,0,0,0,0,0,0,0.0642018092293887,0,0,0,"aOTU_586"
"587","d__Bacteria","p__Pseudomonadota","c__Gammaproteobacteria","o__Burkholderiales","f__Methylophilaceae","g__Methylotenera","s__Methylotenera sp903951385",0,0,0,0,0,0,0,0,0,0,0,0,0,0,0,0,0.0616900013565644,0,0,0,"aOTU_587"
"588","d__Bacteria","p__Pseudomonadota","c__Gammaproteobacteria","o__Methylococcales","f__Methylomonadaceae","g__Methylomonas","s__Methylomonas methanica_A",0,0,0,0,0,0,0,0,0,0,0,0,0,0,0,0,0.0501356851415727,0,0,0,"aOTU_588"
"589","d__Bacteria","p__Pseudomonadota","c__Alphaproteobacteria","o__Sphingomonadales","f__Sphingomonadaceae","g__Sphingorhabdus_B","s__",0,0,0,0,0,0,0,0,0,0,0,0,0,0,0,0,0.0396307464378943,0,0,0,"aOTU_589"
"590","d__Bacteria","p__Pseudomonadota","c__Gammaproteobacteria","o__Burkholderiales","f__Burkholderiaceae","g__Polynucleobacter","s__Polynucleobacter sp000342265",0,0,0,0,0,0,0,0,0,0,0,0,0,0,0,0,0.0356202265342848,0,0,0,"aOTU_590"
"591","d__Bacteria","p__Pseudomonadota","c__Gammaproteobacteria","o__Burkholderiales","f__Burkholderiaceae","g__PBB1","s__PBB1 sp903905475",0,0,0,0,0,0,0,0,0,0,0,0,0,0,0,0,0.0232928316739905,0,0,0,"aOTU_591"
"592","d__Bacteria","p__UBA9089","c__CG2-30-40-21","o__CG2-30-40-21","f__CG2-30-40-21","g__CG2-30-40-21","s__CG2-30-40-21 sp001873945",0,0,0,0,0,0,0,0,0,0,0,0,0,0,0,0,0.0214145575646452,0,0,0,"aOTU_592"
"593","d__Bacteria","p__Bacteroidota","c__Bacteroidia","o__Bacteroidales","f__UBA932","g__Bact-08","s__Bact-08 sp013335275",0,0,0,0,0,0,0,0,0,0,0,0,0,0,0,0,0.0176133549837711,0,0,0,"aOTU_593"
"594","d__Bacteria","p__Patescibacteria","c__Gracilibacteria","o__JAHISY01","f__JAHISY01","g__JAHISY01","s__JAHISY01 sp021779375",0,0,0,0,0,0,0,0,0,0,0,0,0,0,0,0,0.0163183784804484,0,0,0,"aOTU_594"
"595","d__Archaea","p__Halobacteriota","c__Methanomicrobia","o__Methanomicrobiales","f__Methanospirillaceae","g__Methanoregula","s__Methanoregula sp903832665",0,0,0,0,0,0,0,0,0,0,0,0,0,0,0,0,0.0151796922447681,0,0,0,"aOTU_595"
"596","d__Bacteria","p__Pseudomonadota","c__Gammaproteobacteria","o__Burkholderiales","f__Burkholderiaceae","g__Undibacterium","s__Undibacterium parvum",0,0,0,0,0,0,0,0,0,0,0,0,0,0,0,0,0.0138595976627171,0,0,0,"aOTU_596"
"597","d__Bacteria","p__Bacteroidota","c__Bacteroidia","o__Bacteroidales","f__UBA4417","g__UBA4417","s__UBA4417 sp903879715",0,0,0,0,0,0,0,0,0,0,0,0,0,0,0,0,0.0118054970022741,0,0,0,"aOTU_597"
"598","d__Bacteria","p__Pseudomonadota","c__Gammaproteobacteria","o__Burkholderiales","f__Burkholderiaceae","g__Rhodoferax","s__Rhodoferax sp023231075",0,0,0,0,0,0,0,0,0,0,0,0,0,0,0,0,0.0113673260733481,0,0,0,"aOTU_598"
"599","d__Bacteria","p__Patescibacteria","c__ABY1","o__BM507","f__GWC2-42-12","g__JAHITL01","s__JAHITL01 sp018817545",0,0,0,0,0,0,0,0,0,0,0,0,0,0,0,0,0.0113087172229822,0,0,0,"aOTU_599"
"600","d__Bacteria","p__Pseudomonadota","c__Alphaproteobacteria","o__Rhizobiales","f__Beijerinckiaceae","g__Methylobacterium","s__Methylobacterium bullatum",0,0,0,0,0,0,0,0,0,0,0,0,0,0,0,0,0.0107310014122326,0,0,0,"aOTU_600"
"601","d__Bacteria","p__Pseudomonadota","c__Gammaproteobacteria","o__Burkholderiales","f__Burkholderiaceae","g__Undibacterium","s__Undibacterium piscinae",0,0,0,0,0,0,0,0,0,0,0,0,0,0,0,0,0.0102649215069419,0,0,0,"aOTU_601"
"602","d__Bacteria","p__Pseudomonadota","c__Alphaproteobacteria","o__Caulobacterales","f__Caulobacteraceae","g__Caulobacter","s__Caulobacter sp002737765",0,0,0,0,0,0,0,0,0,0,0,0,0,0,0,0,0.0096927874914652,0,0,0,"aOTU_602"
"603","d__Bacteria","p__Pseudomonadota","c__Gammaproteobacteria","o__Burkholderiales","f__Burkholderiaceae","g__Rhodoferax","s__Rhodoferax sp002413825",0,0,0,0,0,0,0,0,0,0,0,0,0,0,0,0,0.0096481331292817,0,0,0,"aOTU_603"
"604","d__Bacteria","p__Actinomycetota","c__Actinomycetes","o__Actinomycetales","f__Micrococcaceae","g__Arthrobacter","s__",0,0,0,0,0,0,0,0,0,0,0,0,0,0,0,0,0.0081159303268589,0,0,0,"aOTU_604"
"605","d__Bacteria","p__Pseudomonadota","c__Gammaproteobacteria","o__Burkholderiales","f__Burkholderiaceae","g__Rhodoferax","s__Rhodoferax sp023700745",0,0,0,0,0,0,0,0,0,0,0,0,0,0,0,0,0.007613568752294,0,0,0,"aOTU_605"
"606","d__Bacteria","p__Pseudomonadota","c__Gammaproteobacteria","o__Burkholderiales","f__Burkholderiaceae","g__Rhodoferax","s__Rhodoferax sp903897005",0,0,0,0,0,0,0,0,0,0,0,0,0,0,0,0,0.0070525983273633,0,0,0,"aOTU_606"
"607","d__Bacteria","p__Pseudomonadota","c__Gammaproteobacteria","o__Burkholderiales","f__Burkholderiaceae","g__Lacisediminimonas","s__Lacisediminimonas profundi",0,0,0,0,0,0,0,0,0,0,0,0,0,0,0,0,0.0065641912409808,0,0,0,"aOTU_607"
"608","d__Bacteria","p__Pseudomonadota","c__Alphaproteobacteria","o__Rhizobiales","f__Xanthobacteraceae","g__Afipia","s__Afipia sp021502575",0,0,0,0,0,0,0,0,0,0,0,0,0,0,0,0,0.0062432380127865,0,0,0,"aOTU_608"
"609","d__Bacteria","p__Pseudomonadota","c__Gammaproteobacteria","o__Burkholderiales","f__Burkholderiaceae","g__Giesbergeria","s__Giesbergeria sp017985015",0,0,0,0,0,0,0,0,0,0,0,0,0,0,0,0,0.0058999576035006,0,0,0,"aOTU_609"
"610","d__Bacteria","p__Patescibacteria","c__Paceibacteria","o__UBA9973","f__UBA2103","g__1-14-0-10-45-20","s__1-14-0-10-45-20 sp018062445",0,0,0,0,0,0,0,0,0,0,0,0,0,0,0,0,0.0055706316823969,0,0,0,"aOTU_610"
"611","d__Bacteria","p__Pseudomonadota","c__Gammaproteobacteria","o__Pseudomonadales","f__Moraxellaceae","g__Acinetobacter","s__Acinetobacter johnsonii",0,0,0,0,0,0,0,0,0,0,0,0,0,0,0,0,0.0047696440607296,0,0,0,"aOTU_611"
"612","d__Bacteria","p__Pseudomonadota","c__Alphaproteobacteria","o__Sphingomonadales","f__Sphingomonadaceae","g__Sphingomonas","s__",0,0,0,0,0,0,0,0,0,0,0,0,0,0,0,0,0.0026625163451937,0,0,0,"aOTU_612"
"613","d__Bacteria","p__Pseudomonadota","c__Alphaproteobacteria","o__Rhizobiales","f__Beijerinckiaceae","g__Methylobacterium","s__Methylobacterium sp001422815",0,0,0,0,0,0,0,0,0,0,0,0,0,0,0,0,0.0041305285019777,0,0,0,"aOTU_613"
"614","d__Bacteria","p__Pseudomonadota","c__Gammaproteobacteria","o__Burkholderiales","f__Burkholderiaceae","g__Aquabacterium","s__Aquabacterium sp001770775",0,0,0,0,0,0,0,0,0,0,0,0,0,0,0,0,0.0027601977624702,0,0,0,"aOTU_614"
"615","d__Bacteria","p__Pseudomonadota","c__Alphaproteobacteria","o__Rhizobiales","f__Devosiaceae","g__Devosia","s__Devosia sp014860165",0,0,0,0,0,0,0,0,0,0,0,0,0,0,0,0,0.0022606270855418,0,0,0,"aOTU_615"
"616","d__Bacteria","p__Pseudomonadota","c__Gammaproteobacteria","o__Burkholderiales","f__Rhodocyclaceae","g__Azonexus","s__Azonexus phosphorivorans",0,0,0,0,0,0,0,0,0,0,0,0,0,0,0,0,0.00219085464463,0,0,0,"aOTU_616"
"617","d__Bacteria","p__Pseudomonadota","c__Gammaproteobacteria","o__Burkholderiales","f__Burkholderiaceae","g__Rhodoferax","s__Rhodoferax sp001771065",0,0,0,0,0,0,0,0,0,0,0,0,0,0,0,0,0.0020038645029864,0,0,0,"aOTU_617"
"618","d__Bacteria","p__Verrucomicrobiota","c__Lentisphaeria","o__Victivallales","f__GWF2-38-69","g__JAJXWI01","s__JAJXWI01 sp021781705",0,0,0,0,0,0,0,0,0,0,0,0,0,0,0,0,0.001752683715704,0,0,0,"aOTU_618"
"619","d__Bacteria","p__Pseudomonadota","c__Gammaproteobacteria","o__Burkholderiales","f__Burkholderiaceae","g__Rhodoferax","s__",0,0,0,0,0,0,0,0,0,0,0,0,0,0,0,0,0.001509875621331,0,0,0,"aOTU_619"
"620","d__Bacteria","p__Pseudomonadota","c__Alphaproteobacteria","o__Caulobacterales","f__Caulobacteraceae","g__Phenylobacterium","s__Phenylobacterium sp001557235",0,0,0,0,0,0,0,0,0,0,0,0,0,0,0,0,0.0014177759993274,0,0,0,"aOTU_620"
"621","d__Bacteria","p__Pseudomonadota","c__Gammaproteobacteria","o__Burkholderiales","f__Burkholderiaceae","g__Noviherbaspirillum_A","s__Noviherbaspirillum_A suwonense",0,0,0,0,0,0,0,0,0,0,0,0,0,0,0,0,0.0013117218891415,0,0,0,"aOTU_621"
"622","d__Bacteria","p__Pseudomonadota","c__Gammaproteobacteria","o__Burkholderiales","f__Burkholderiaceae","g__Rhodoferax_C","s__",0,0,0,0,0,0,0,0,0,0,0,0,0,0,0,0,0.0011386862356803,0,0,0,"aOTU_622"
"623","d__Bacteria","p__Bacteroidota","c__Bacteroidia","o__Bacteroidales","f__GWA2-32-17","g__GWA2-32-17","s__GWA2-32-17 sp001769035",0,0,0,0,0,0,0,0,0,0,0,0,0,0,0,0,0.0010689137947685,0,0,0,"aOTU_623"
"624","d__Bacteria","p__Pseudomonadota","c__Alphaproteobacteria","o__Sphingomonadales","f__Sphingomonadaceae","g__Sphingomonas","s__Sphingomonas sp001421535",0,0,0,0,0,0,0,0,0,0,0,0,0,0,0,0,0.0008958781413073,0,0,0,"aOTU_624"
"625","d__Bacteria","p__Pseudomonadota","c__Alphaproteobacteria","o__Sphingomonadales","f__Sphingomonadaceae","g__Sphingobium","s__Sphingobium sp918741285",0,0,0,0,0,0,0,0,0,0,0,0,0,0,0,0,0.0008958781413073,0,0,0,"aOTU_625"
"626","d__Bacteria","p__Acidobacteriota","c__Aminicenantia","o__UBA2199","f__UBA2199","g__UBA2199","s__",0,0,0,0,0,0,0,0,0,0,0,0,0,0,0,0,0.0008205239051226,0,0,0,"aOTU_626"
"627","d__Bacteria","p__Pseudomonadota","c__Alphaproteobacteria","o__Rhodobacterales","f__Rhodobacteraceae","g__Cypionkella","s__Cypionkella sp001828855",0,0,0,0,0,0,0,0,0,0,0,0,0,0,0,0,0.0008205239051226,0,0,0,"aOTU_627"
"628","d__Bacteria","p__Pseudomonadota","c__Gammaproteobacteria","o__Pseudomonadales","f__Pseudomonadaceae","g__Pseudomonas_E","s__Pseudomonas_E leptonychotis",0,0,0,0,0,0,0,0,0,0,0,0,0,0,0,0,0.0007423787713014,0,0,0,"aOTU_628"
"629","d__Bacteria","p__Pseudomonadota","c__Alphaproteobacteria","o__Caulobacterales","f__Caulobacteraceae","g__Phenylobacterium","s__Phenylobacterium glaciei",0,0,0,0,0,0,0,0,0,0,0,0,0,0,0,0,0.0006670245351166,0,0,0,"aOTU_629"
"630","d__Bacteria","p__Acidobacteriota","c__Thermoanaerobaculia","o__UBA5066","f__UBA5066","g__UBA5066","s__UBA5066 sp016714815",0,0,0,0,0,0,0,0,0,0,0,0,0,0,0,0,0.0005832976060225,0,0,0,"aOTU_630"
"631","d__Bacteria","p__Bacteroidota","c__Bacteroidia","o__Flavobacteriales","f__Flavobacteriaceae","g__Flavobacterium","s__Flavobacterium franklandianum",0,0,0,0,0,0,0,0,0,0,0,0,0,0,0,0,0.0004828252911095,0,0,0,"aOTU_631"
"632","d__Bacteria","p__Pseudomonadota","c__Alphaproteobacteria","o__Rhizobiales","f__Rhizobiaceae","g__Agrobacterium","s__Agrobacterium rosae",0,0,0,0,0,0,0,0,0,0,0,0,0,0,0,0,0.0003265350234671,0,0,0,"aOTU_632"
"633","d__Bacteria","p__Desulfobacterota","c__Syntrophia","o__Syntrophales","f__Smithellaceae","g__FEN-1160","s__",0,0,0,0,0,0,0,0,0,0,0,0,0,0,0,0,0.0003209532281942,0,0,0,"aOTU_633"
"634","d__Bacteria","p__Verrucomicrobiota","c__Lentisphaeria","o__Victivallales","f__Victivallaceae","g__CAIPAT01","s__CAIPAT01 sp903840185",0,0,0,0,0,0,0,0,0,0,0,0,0,0,0,0,0.0002930442518295,0,0,0,"aOTU_634"
"635","d__Bacteria","p__Pseudomonadota","c__Gammaproteobacteria","o__Burkholderiales","f__Burkholderiaceae","g__Rhodoferax","s__Rhodoferax sp903960915",0,0,0,0,0,0,0,0,0,0,0,0,0,0,0,0,0.000290253354193,0,0,0,"aOTU_635"
"636","d__Bacteria","p__Pseudomonadota","c__Gammaproteobacteria","o__Burkholderiales","f__Burkholderiaceae","g__Rhodoferax","s__Rhodoferax sp003347515",0,0,0,0,0,0,0,0,0,0,0,0,0,0,0,0,0.0002483898896459,0,0,0,"aOTU_636"
"637","d__Bacteria","p__Pseudomonadota","c__Gammaproteobacteria","o__Burkholderiales","f__Burkholderiaceae","g__Hydrogenophaga","s__Hydrogenophaga sp002001205",0,0,0,0,0,0,0,0,0,0,0,0,0,0,0,0,0.0001758265510977,0,0,0,"aOTU_637"
"638","d__Bacteria","p__Verrucomicrobiota","c__Verrucomicrobiae","o__Palsa-1439","f__CAIQCK01","g__CAIQCK01","s__CAIQCK01 sp903870275",0,0,0,0,0,0,0,0,0,0,0,0,0,0,0,0,0.0001172177007318,0,0,0,"aOTU_638"
"639","d__Bacteria","p__Nitrospirota","c__UBA9217","o__UBA9217","f__UBA9217","g__","s__",0,0,0,0,0,0,0,0,0,0,0,0,0,0,0,0,5.58179527294286e-05,0,0,0,"aOTU_639"
"640","d__Bacteria","p__Bacteroidota","c__Bacteroidia","o__Bacteroidales","f__UBA4417","g__UBA4417","s__",0,0,0,0,0,0,0,0,0,0,0,0,0,0,0,0,4.18634645470714e-05,0,0,0,"aOTU_640"
