"","Kingdom","Phylum","Class","Order","Family","Genus","DMO-GOWN-C1-20200316","DMO-GOWN-C10-20200316","DMO-GOWN-C11-20200316","DMO-GOWN-C12-20200316","DMO-GOWN-C13-20200316","DMO-GOWN-C14-20200316","DMO-GOWN-C15-20200316","DMO-GOWN-C16-20200316","DMO-GOWN-C17-20200316","DMO-GOWN-C18-20200316","DMO-GOWN-C19-20200316","DMO-GOWN-C20-20200316","DMO-GOWN-C21-20200316","DMO-GOWN-C24-20200316","DMO-GOWN-C3-20200316","DMO-GOWN-C4-20200316","DMO-GOWN-C5-20200316","DMO-GOWN-C8-20200316","DMO-GOWN-C9-20200316","DMO-GOWN-E1-20200316","DMO-GOWN-E10-20200316","DMO-GOWN-E11-20200316","DMO-GOWN-E12-20200316","DMO-GOWN-E13-20200316","DMO-GOWN-E14-20200316","DMO-GOWN-E15-20200316","DMO-GOWN-E16-20200316","DMO-GOWN-E17-20200316","DMO-GOWN-E18-20200316","DMO-GOWN-E19-20200316","DMO-GOWN-E2-20200316","DMO-GOWN-E20-20200316","DMO-GOWN-E21-20200316","DMO-GOWN-E22-20200316","DMO-GOWN-E23-20200316","DMO-GOWN-E24-20200316","DMO-GOWN-E6-20200316","DMO-GOWN-E9-20200316","MDI-GOWN-C1-20200316","MDI-GOWN-C10-20200316","MDI-GOWN-C11-20200316","MDI-GOWN-C12-20200316","MDI-GOWN-C13-20200316","MDI-GOWN-C14-20200316","MDI-GOWN-C15-20200316","MDI-GOWN-C16-20200316","MDI-GOWN-C17-20200316","MDI-GOWN-C18-20200316","MDI-GOWN-C19-20200316","MDI-GOWN-C20-20200316","MDI-GOWN-C21-20200316","MDI-GOWN-C24-20200316","MDI-GOWN-C3-20200316","MDI-GOWN-C4-20200316","MDI-GOWN-C5-20200316","MDI-GOWN-C8-20200316","MDI-GOWN-C9-20200316","MDI-GOWN-E1-20200316","MDI-GOWN-E10-20200316","MDI-GOWN-E11-20200316","MDI-GOWN-E12-20200316","MDI-GOWN-E13-20200316","MDI-GOWN-E14-20200316","MDI-GOWN-E15-20200316","MDI-GOWN-E16-20200316","MDI-GOWN-E17-20200316","MDI-GOWN-E18-20200316","MDI-GOWN-E19-20200316","MDI-GOWN-E2-20200316","MDI-GOWN-E20-20200316","MDI-GOWN-E21-20200316","MDI-GOWN-E22-20200316","MDI-GOWN-E23-20200316","MDI-GOWN-E24-20200316","MDI-GOWN-E6-20200316","MDI-GOWN-E9-20200316"
"ASV1","Bacteria","Bdellovibrionota","Oligoflexia","0319-6G20","0319-6G20","0319-6G20",0,0,0,8,0,11,0,0,0,0,0,0,0,0,0,4,0,0,0,0,0,0,0,176,0,4,0,0,0,0,0,0,0,0,0,0,0,0,0,0,0,0,0,0,0,0,0,0,0,0,0,0,0,5,0,0,0,0,0,0,0,30,0,0,0,0,0,0,0,0,3,0,0,0,0,0
"ASV2","Bacteria","Bdellovibrionota","Oligoflexia","053A03-B-DI-P58","053A03-B-DI-P58","053A03-B-DI-P58",0,0,0,0,0,0,0,0,0,0,0,0,0,0,0,0,0,0,0,0,4,9,16,0,0,0,0,4,7,9,0,0,0,0,0,3,0,0,0,0,0,0,0,0,0,0,0,0,0,0,0,0,0,0,0,0,0,0,0,7,9,0,0,0,0,0,0,0,0,0,0,0,0,0,0,0
"ASV3","Bacteria","Pseudomonadota","Gammaproteobacteria","1013-28-CG33","1013-28-CG33","1013-28-CG33",0,0,0,0,0,0,0,0,0,0,0,0,0,0,0,0,0,0,0,0,0,8,0,0,0,0,0,0,0,0,0,0,0,0,0,0,0,0,0,0,0,0,0,0,0,0,0,0,0,0,0,0,0,0,0,0,0,0,0,0,0,0,0,0,0,0,0,0,0,0,0,0,0,0,0,0
"ASV4","Bacteria","Patescibacteria","Parcubacteria","32-520","32-520","32-520",0,0,0,0,0,0,0,0,0,0,0,0,0,0,0,0,0,0,0,0,0,0,0,0,0,0,0,0,0,0,0,0,0,0,0,0,0,0,0,0,0,0,0,0,0,0,0,0,0,0,0,0,0,0,0,0,0,0,0,0,0,0,0,0,0,0,0,0,0,16,0,0,0,0,0,0
"ASV5","Bacteria","Bacteroidota","Bacteroidia","Chitinophagales","37-13","37-13",0,0,0,0,0,0,0,0,0,0,0,0,0,0,0,0,0,0,0,0,0,0,0,5,0,0,0,0,0,0,0,0,0,0,0,0,0,0,0,0,0,0,0,0,0,0,0,0,0,0,0,0,0,0,0,0,0,0,0,0,0,0,0,0,0,0,0,0,0,0,0,0,0,0,0,0
"ASV6","Bacteria","Elusimicrobiota","4-29","4-29","4-29","4-29",0,0,0,0,0,0,0,0,0,0,0,0,0,0,0,0,0,0,0,0,0,0,0,0,0,0,0,0,0,0,0,0,0,18,0,0,0,0,0,0,0,0,0,0,0,0,0,0,0,0,0,0,0,0,0,0,0,0,0,0,0,0,0,0,0,0,0,0,0,0,0,0,0,0,0,0
"ASV7","Bacteria","Nitrospirota","4-29-1","4-29-1","4-29-1","4-29-1",4,0,0,11,0,6,0,0,0,0,0,0,0,0,0,0,0,0,0,0,0,0,45,0,0,5,93,0,0,9,0,0,0,0,0,8,0,0,15,0,0,14,0,0,0,0,0,0,0,0,0,0,0,0,0,0,0,0,0,0,65,0,0,0,38,0,0,0,0,0,0,0,0,0,0,0
"ASV8","Bacteria","Chloroflexota","Dehalococcoidia","661239","661239","661239",0,0,0,0,0,46,0,0,0,0,0,9,0,48,0,0,0,0,0,0,0,17,0,0,25,39,9,0,0,0,0,0,0,328,0,17,0,0,0,0,0,0,0,0,0,0,0,0,0,10,0,172,0,0,0,0,0,0,0,28,0,0,17,0,0,0,0,0,0,0,0,25,0,15,0,0
"ASV9","Bacteria","Actinomycetota","Thermoleophilia","Solirubrobacterales","67-14","67-14",0,0,0,0,0,6,0,0,0,0,0,7,0,46,0,15,0,0,0,0,0,21,10,84,7,0,34,0,10,14,0,0,0,0,0,16,0,0,0,0,0,7,0,0,0,0,0,0,0,0,0,80,0,100,0,0,0,0,17,59,38,34,12,0,77,0,13,5,0,0,0,0,0,0,5,0
"ASV10","Bacteria","Pseudomonadota","Alphaproteobacteria","Hyphomicrobiales","A0839","A0839",0,0,0,0,0,0,0,0,0,0,0,0,0,0,0,0,0,0,0,0,0,0,0,0,0,0,0,0,0,0,0,0,0,0,0,11,0,0,0,0,0,0,0,0,0,0,0,0,0,0,0,0,0,0,0,0,0,0,0,0,0,0,0,0,0,0,0,0,0,0,0,0,0,0,0,0
"ASV11","Bacteria","Chloroflexota","Anaerolineae","Aggregatilineales","A4b","A4b",0,0,0,0,0,0,0,0,0,0,0,5,0,0,0,0,0,0,0,0,0,0,0,0,0,0,0,0,0,0,8,0,0,0,8,4,7,0,0,0,0,0,0,0,0,0,0,0,0,0,0,0,0,0,0,0,0,0,0,0,0,0,0,0,0,0,0,0,0,0,0,0,0,0,0,0
"ASV12","Bacteria","Balneolota","Balneolia","Balneolales","Balneolaceae","A815",89,0,0,0,0,0,0,0,0,0,0,0,0,0,0,0,0,0,0,0,0,0,0,0,0,0,0,0,0,0,0,0,0,0,0,0,0,0,0,0,0,0,0,0,0,0,0,0,0,0,0,0,0,0,0,0,0,0,0,0,0,0,0,0,0,0,0,0,0,0,0,0,0,0,0,0
"ASV13","Bacteria","Chloroflexota","Dehalococcoidia","GIF9","AB-539-J10","AB-539-J10",0,0,0,0,0,0,0,0,0,0,0,0,0,0,0,0,0,0,0,0,0,6,0,0,0,0,0,0,0,0,0,0,7,0,0,9,0,0,0,0,0,0,0,0,0,0,0,0,0,0,0,0,0,0,0,0,0,0,0,0,0,0,0,0,0,0,0,0,0,0,0,0,0,0,0,0
"ASV14","Bacteria","Patescibacteria","ABY1","ABY1","ABY1","ABY1",0,0,0,0,7,5,0,0,0,0,0,0,0,3,0,0,0,0,0,0,0,0,0,5,0,0,0,0,0,0,0,0,0,0,0,0,0,0,0,0,0,0,0,0,0,0,0,0,0,0,0,48,0,0,0,0,0,0,0,0,5,0,0,37,0,0,0,0,0,0,0,0,0,0,0,0
"ASV15","Bacteria","Chloroflexota","AD3","AD3","AD3","AD3",0,0,0,0,0,0,0,0,0,0,0,0,0,0,0,0,0,0,0,0,0,0,0,18,0,0,0,0,0,0,0,0,0,0,0,0,0,0,0,0,0,0,0,0,0,0,0,0,0,0,0,0,0,0,0,0,0,0,0,0,0,9,0,0,0,0,0,0,0,0,0,0,0,0,0,0
"ASV16","Bacteria","Chloroflexota","Anaerolineae","ADurb.Bin180","ADurb.Bin180","ADurb.Bin180",0,0,0,0,0,0,0,0,0,0,0,5,0,0,0,0,0,0,0,0,0,14,0,0,0,83,0,0,0,0,0,0,0,0,0,12,0,0,0,0,0,0,0,0,0,0,0,0,0,7,0,0,0,0,0,0,0,0,0,0,0,0,0,94,0,0,0,0,0,0,0,0,0,6,0,0
"ASV17","Bacteria","Bacteroidota","Bacteroidia","Sphingobacteriales","ADurb.Bin408","ADurb.Bin408",0,0,0,0,0,0,0,0,0,0,0,0,0,0,0,0,0,0,0,0,0,0,0,0,0,0,0,0,0,0,0,0,0,0,0,23,0,0,0,0,0,0,0,0,0,0,0,0,0,0,0,0,0,0,0,0,0,0,0,0,0,0,0,0,0,0,0,0,0,0,0,0,0,39,0,0
"ASV18","Bacteria","Gemmatimonadota","AKAU4049","AKAU4049","AKAU4049","AKAU4049",0,0,0,0,0,0,0,0,0,0,0,0,0,5,0,0,0,0,0,0,0,0,0,0,0,0,0,0,0,0,0,0,0,0,0,0,0,0,0,0,0,0,0,0,0,0,0,0,0,0,0,0,0,0,0,0,0,0,0,0,0,0,0,0,0,0,0,0,0,0,0,0,0,0,0,0
"ASV19","Bacteria","Chloroflexota","Chloroflexia","Thermomicrobiales","AKYG1722","AKYG1722",0,0,0,0,0,0,0,0,0,0,0,4,0,0,0,0,0,0,0,0,0,0,0,0,0,0,0,0,0,0,0,0,0,0,0,0,0,0,0,0,0,0,0,0,0,0,0,0,0,0,0,0,0,0,0,0,0,0,0,0,0,0,0,0,0,0,0,0,0,0,0,0,0,0,0,0
"ASV20","Bacteria","Bacteroidota","Bacteroidia","Sphingobacteriales","AKYH767","AKYH767",0,0,0,0,0,0,0,0,0,0,0,0,0,0,0,0,0,0,0,0,0,0,0,0,0,0,0,0,0,0,0,0,0,0,0,0,0,0,0,0,0,0,0,8,0,0,0,0,0,0,0,11,0,0,0,0,0,0,0,0,7,26,18,0,0,0,0,0,0,0,0,0,0,0,0,0
"ASV21","Archaea","Halobacteriota","Methanosarcinia","Methanosarcinales","Methanosarcinaceae","ANME-3",0,0,0,0,0,0,0,0,0,0,0,0,0,0,0,0,0,0,0,0,0,0,0,0,0,0,0,0,0,0,0,132,185,8,0,0,0,0,0,0,0,0,0,0,0,0,0,0,0,0,0,0,0,0,0,0,0,0,0,0,0,0,0,0,0,0,0,0,0,0,0,0,0,0,0,0
"ASV22","Bacteria","Acetothermia","Acetothermiia","Incertae Sedis","Incertae Sedis","AOM-SR-B11",0,0,0,0,0,0,0,41,0,0,0,0,0,0,0,0,0,0,0,0,0,0,0,0,0,0,0,0,0,0,0,0,0,0,0,0,0,0,0,0,0,0,0,0,0,11,0,0,0,0,0,0,0,0,0,0,0,0,0,0,0,0,0,0,0,0,0,0,0,0,0,0,0,0,0,0
"ASV23","Archaea","Nanoarchaeota","Nanoarchaeia","Woesearchaeales","GW2011","AR15",0,0,0,89,0,44,0,0,0,0,0,8,0,75,0,6,0,0,0,0,13,4,0,98,9,10,0,0,8,62,0,0,0,7,0,0,0,0,0,0,0,0,0,0,0,0,0,0,0,0,0,0,0,0,0,0,0,0,0,0,0,0,0,0,0,0,0,0,0,0,0,0,0,0,0,0
"ASV24","Archaea","Nanoarchaeota","Nanoarchaeia","Woesearchaeales","GW2011","AR20",0,0,0,0,0,465,0,0,0,0,0,7,5,241,0,334,0,0,0,0,0,0,0,12,0,20,40,0,0,0,0,0,0,0,0,0,0,0,0,0,0,0,0,0,0,0,0,0,0,0,0,0,0,0,0,0,0,0,0,0,0,0,0,0,0,0,0,0,0,0,0,0,0,0,0,0
"ASV25","Bacteria","Acidobacteriota","AT-s3-28","AT-s3-28","AT-s3-28","AT-s3-28",0,0,0,0,0,0,0,0,0,0,0,0,0,0,0,0,0,0,0,0,0,0,0,0,0,0,0,0,0,0,0,0,0,0,0,0,0,0,0,0,0,0,0,0,0,0,0,0,0,0,0,4,0,0,0,0,0,0,0,0,0,0,0,0,0,0,0,0,0,0,0,0,0,0,0,0
"ASV26","Bacteria","Abditibacteriota","Abditibacteriia","Abditibacteriales","Abditibacteriaceae","Abditibacterium",0,0,0,0,0,0,0,0,0,0,0,0,0,0,0,0,0,0,0,0,0,0,0,8,0,0,0,0,0,0,0,0,0,0,0,0,0,0,0,0,0,0,0,0,0,0,0,0,0,0,0,0,0,0,0,0,0,0,0,0,0,0,0,0,0,0,0,0,0,0,0,0,0,0,0,0
"ASV27","Bacteria","Patescibacteria","Gracilibacteria","Absconditabacteriales (SR1)","Absconditabacteriales (SR1)","Absconditabacteriales (SR1)",0,0,0,0,0,0,0,0,0,0,5,0,0,68,0,4,0,0,0,0,0,0,0,6,0,2,0,0,0,0,0,0,0,0,0,0,0,0,0,0,0,0,0,0,0,0,0,0,0,0,0,33,0,0,0,0,0,0,0,6,0,8,0,0,0,0,0,0,0,0,0,0,0,0,0,0
"ASV28","Bacteria","Pseudomonadota","Alphaproteobacteria","Rickettsiales","Rickettsiaceae","Ac37b",0,9,0,0,0,0,0,0,0,0,0,0,0,0,0,0,0,0,0,0,0,0,0,0,0,0,0,0,0,0,0,0,0,0,0,0,0,0,0,0,0,0,0,0,0,0,0,0,0,0,0,0,0,0,0,0,0,0,0,0,0,0,0,0,0,0,0,0,0,0,0,0,0,0,0,0
"ASV29","Bacteria","Pseudomonadota","Alphaproteobacteria","Acetobacterales","Acetobacteraceae","Acetobacteraceae",0,0,0,0,0,0,0,0,0,0,0,0,0,0,0,0,0,0,0,0,0,0,0,0,0,0,0,6,0,0,0,0,0,0,9,0,5,0,17,0,0,17,0,0,0,0,0,14,0,0,0,0,0,0,38,0,0,0,0,0,0,0,0,0,0,0,0,0,0,0,0,0,0,0,19,0
"ASV30","Bacteria","Bacillota","Clostridia","Eubacteriales","Eubacteriaceae","Acetobacterium",0,0,0,0,0,0,0,0,0,0,0,0,13,0,0,0,8,8,0,0,0,0,0,0,0,0,0,0,0,0,0,18,49,7,0,0,7,0,0,0,0,12,0,0,0,0,0,0,0,0,22,0,0,0,48,26,0,0,0,0,0,0,0,0,4,0,0,0,0,33,146,0,0,0,39,0
"ASV31","Bacteria","Bacillota","Clostridia","Peptostreptococcales-Tissierellales","Acidaminobacteraceae","Acidaminobacter",0,0,20,0,0,0,0,0,0,0,0,20,5,0,9,0,0,1,0,0,0,0,0,0,0,0,59,0,0,0,0,0,36,27,0,0,0,0,0,0,67,11,0,0,0,0,0,0,0,61,27,0,25,0,0,10,0,0,0,0,0,0,0,0,114,0,0,0,0,0,160,72,0,0,8,0
"ASV32","Bacteria","Actinomycetota","Acidimicrobiia","Acidimicrobiales","Acidimicrobiaceae","Acidiferrimicrobium",0,0,0,0,0,0,0,0,0,0,0,0,0,0,0,0,0,0,0,0,0,0,0,24,0,0,0,0,0,0,0,0,0,0,0,0,0,0,0,0,0,56,0,0,0,0,0,0,0,0,0,10,0,0,0,0,0,0,0,0,0,40,11,0,0,0,0,0,0,0,0,0,0,0,0,0
"ASV33","Bacteria","Pseudomonadota","Gammaproteobacteria","Acidiferrobacterales","Acidiferrobacteraceae","Acidiferrobacteraceae",0,0,0,0,0,14,202,0,0,0,0,0,0,0,0,0,0,0,0,28,0,0,0,6,0,0,0,0,0,0,0,0,0,0,0,0,0,0,0,0,0,12,0,10,123,0,0,0,0,0,0,0,0,0,0,0,0,24,0,0,0,0,0,0,0,0,0,0,0,0,0,0,0,0,0,0
"ASV34","Bacteria","Actinomycetota","Acidimicrobiia","Acidimicrobiales","Acidimicrobiaceae","Acidimicrobiaceae",0,0,0,0,0,0,0,0,0,0,0,0,0,0,0,0,0,0,0,0,0,0,0,0,0,0,0,0,0,0,0,0,0,0,0,0,0,0,0,0,0,20,0,0,0,0,0,0,0,0,0,0,0,0,0,0,0,0,0,0,30,0,0,0,0,0,0,0,0,0,0,0,0,0,0,0
"ASV35","Bacteria","Actinomycetota","Acidimicrobiia","Acidimicrobiia","Acidimicrobiia","Acidimicrobiia",0,0,0,0,0,0,0,0,0,0,0,0,0,0,0,0,0,0,0,0,0,0,34,0,0,0,0,0,0,0,0,0,0,0,0,0,0,0,0,0,0,0,0,0,0,0,0,0,0,0,0,0,0,0,0,0,0,0,0,0,0,0,0,0,0,0,0,0,0,0,0,0,0,0,0,0
"ASV36","Bacteria","Acidobacteriota","Acidobacteriota","Acidobacteriota","Acidobacteriota","Acidobacteriota",0,0,0,0,0,0,0,0,0,0,0,0,0,0,0,0,0,0,0,0,0,0,0,0,0,0,0,0,0,11,0,0,0,0,0,0,0,0,0,0,0,0,0,0,0,0,0,0,0,0,0,0,0,0,0,0,0,0,0,0,0,0,0,0,0,0,0,0,0,0,0,0,0,0,0,0
"ASV37","Bacteria","Pseudomonadota","Gammaproteobacteria","Burkholderiales","Comamonadaceae","Acidovorax",0,13,18,0,0,0,0,0,0,33,0,0,0,0,0,0,0,4,44,0,0,0,0,0,0,0,0,0,0,0,0,0,0,0,0,0,0,0,4,21,122,0,0,0,0,0,0,87,0,0,0,0,0,0,14,0,60,0,0,34,0,0,0,0,0,0,0,0,0,0,22,58,0,0,0,0
"ASV38","Bacteria","Pseudomonadota","Gammaproteobacteria","Pseudomonadales","Moraxellaceae","Acinetobacter",0,0,0,0,0,0,0,0,0,0,0,0,0,0,0,0,0,0,0,0,0,0,0,0,0,0,0,0,0,15,0,0,0,0,0,0,0,0,0,0,0,0,0,0,0,0,0,0,0,0,0,16,0,0,0,0,0,0,0,0,0,0,0,0,0,0,0,47,0,0,0,0,0,0,0,0
"ASV39","Bacteria","Pseudomonadota","Gammaproteobacteria","Burkholderiales","Oxalobacteraceae","Actimicrobium",0,0,0,0,0,0,0,0,0,0,0,0,0,0,0,0,0,0,0,0,0,0,0,937,0,0,0,0,0,0,0,0,0,0,0,0,0,0,0,0,0,0,0,0,0,0,0,0,0,0,0,0,0,48,0,0,0,0,0,0,0,0,0,0,0,0,0,0,0,0,0,0,0,0,0,0
"ASV40","Bacteria","Actinomycetota","Actinobacteria","Actinobacteria","Actinobacteria","Actinobacteria",0,0,0,0,0,0,0,0,0,0,0,0,0,26,0,0,0,0,0,0,0,0,0,6,0,0,0,0,0,3,0,0,0,0,0,0,0,0,0,0,0,0,0,0,0,0,0,0,0,0,0,464,0,0,0,0,0,0,0,0,0,0,0,0,0,0,0,0,0,0,0,0,0,0,0,0
"ASV41","Bacteria","Actinomycetota","Acidimicrobiia","Actinomarinales","Actinomarinales","Actinomarinales",0,0,0,0,0,0,0,0,0,0,0,0,0,0,0,0,0,0,0,0,0,0,0,0,0,0,0,0,0,0,0,0,0,0,0,0,0,0,0,0,0,0,0,0,0,0,0,0,0,0,0,275,0,0,0,0,0,0,0,0,0,0,0,0,0,0,0,0,0,0,0,0,0,0,0,0
"ASV42","Bacteria","Actinomycetota","Actinomycetota","Actinomycetota","Actinomycetota","Actinomycetota",0,0,0,0,0,0,0,0,0,0,0,0,0,0,0,0,0,0,0,0,0,0,0,0,0,12,0,0,0,0,0,0,0,0,0,0,0,0,0,0,0,0,0,0,0,0,0,0,5,0,0,15,0,0,0,0,0,0,0,0,0,0,0,0,0,0,0,0,0,0,0,0,0,0,0,0
"ASV43","Archaea","Aenigmarchaeota","Aenigmarchaeia","Aenigmarchaeales","Aenigmarchaeales","Aenigmarchaeales",0,0,0,0,0,0,0,0,0,0,0,37,8,0,108,0,0,0,30,0,0,0,0,0,0,3,0,0,0,0,0,0,0,0,0,0,0,0,0,0,0,0,0,0,0,0,0,0,0,0,0,0,0,0,0,0,0,0,0,0,0,0,0,0,0,0,0,0,0,0,0,0,0,0,0,0
"ASV44","Bacteria","Bacteroidota","Bacteroidia","Flavobacteriales","Flavobacteriaceae","Aequorivita",0,0,0,0,0,0,0,0,0,0,0,0,0,210,0,0,0,0,0,0,0,0,0,0,0,0,0,0,0,0,0,0,0,0,0,0,0,0,0,0,0,0,0,0,0,0,0,0,0,0,0,136,0,0,0,0,0,0,0,0,0,0,0,0,0,0,0,0,0,0,0,0,0,0,0,0
"ASV45","Bacteria","Actinomycetota","Actinobacteria","Propionibacteriales","Nocardioidaceae","Aeromicrobium",0,0,0,0,0,0,0,0,0,0,0,0,0,0,0,0,0,0,0,0,0,0,0,0,0,0,0,0,0,27,0,0,0,0,0,0,0,0,0,0,0,0,0,0,0,0,0,0,0,0,0,0,0,0,0,0,0,0,0,0,0,0,0,0,0,0,0,0,0,0,0,0,0,0,0,0
"ASV46","Bacteria","Pseudomonadota","Alphaproteobacteria","Hyphomicrobiales","Xanthobacteraceae","Afipia",0,0,0,0,0,12,0,0,0,0,0,0,0,0,0,45,0,0,0,0,0,0,0,18,0,0,0,0,0,9,0,0,0,0,0,0,0,0,44,0,0,0,0,24,179,0,0,0,0,0,0,0,0,98,0,0,0,0,0,0,23,114,0,0,0,0,0,0,0,0,0,0,0,0,49,0
"ASV47","Bacteria","Chloroflexota","Anaerolineae","Aggregatilineales","Aggregatilineaceae","Aggregatilineaceae",0,0,0,0,0,0,0,0,0,0,0,0,0,0,0,0,0,0,0,0,0,0,0,2,0,0,0,0,0,0,0,0,0,0,0,0,0,0,0,0,0,0,0,0,0,0,0,0,0,0,0,0,0,0,0,0,0,0,0,0,0,0,0,0,0,0,0,0,0,0,0,0,0,0,0,0
"ASV48","Bacteria","Chloroflexota","Anaerolineae","Aggregatilineales","Aggregatilineales","Aggregatilineales",0,0,0,0,0,0,0,0,0,0,0,0,0,0,0,0,0,0,0,0,0,0,0,0,0,0,0,0,0,0,0,0,0,0,0,0,0,0,0,0,0,0,0,0,0,0,0,0,0,0,0,0,0,0,0,0,0,0,0,0,0,0,0,0,0,0,0,0,0,0,24,0,0,0,0,0
"ASV49","Bacteria","Pseudomonadota","Gammaproteobacteria","Pseudomonadales","Moraxellaceae","Agitococcus",0,0,0,0,0,0,0,0,0,0,0,0,0,0,0,0,0,0,0,0,33,0,0,0,0,0,0,5,43,24,0,0,0,0,0,0,0,0,0,0,0,0,0,0,0,0,0,0,0,0,0,0,0,0,0,0,0,0,83,0,0,54,0,0,0,0,0,90,0,0,0,0,0,0,0,0
"ASV50","Bacteria","Pseudomonadota","Alphaproteobacteria","Hyphomicrobiales","Rhizobiaceae","Agrobacterium",0,0,0,0,0,0,0,0,0,0,0,0,0,0,0,0,0,0,0,0,0,0,0,0,0,0,0,0,0,0,0,0,0,63,0,0,0,0,0,0,0,0,0,0,0,0,0,0,0,0,0,0,0,0,0,0,0,0,0,0,0,0,0,0,0,0,0,0,0,0,0,59,0,0,0,0
"ASV51","Bacteria","Pseudomonadota","Gammaproteobacteria","Lysobacterales","Rhodanobacteraceae","Ahniella",0,0,0,0,0,0,0,0,0,0,0,0,0,0,0,0,0,0,0,0,0,0,0,0,0,0,0,0,0,0,0,0,0,0,0,0,0,0,0,0,8,0,0,0,0,0,0,0,0,0,0,0,0,0,19,0,0,0,0,0,0,0,0,0,0,0,0,0,0,0,0,0,0,0,0,0
"ASV52","Bacteria","Pseudomonadota","Gammaproteobacteria","Burkholderiales","Alcaligenaceae","Alcaligenaceae",0,0,0,0,0,0,0,0,0,0,0,0,0,0,0,0,0,0,0,0,4,0,0,0,0,0,0,0,0,0,0,4,0,0,0,0,0,0,0,0,0,0,0,0,0,0,0,0,0,0,0,0,0,0,0,0,0,0,0,0,0,0,0,0,0,0,0,0,0,0,0,0,0,0,0,0
"ASV53","Bacteria","Pseudomonadota","Gammaproteobacteria","Pseudomonadales","Alcanivoracaceae1","Alcanivorax",0,0,0,0,0,0,0,0,0,0,0,0,0,0,0,0,0,0,0,0,0,0,0,0,0,0,0,0,0,0,0,0,0,0,0,0,0,0,0,0,0,0,0,0,0,0,0,0,0,0,0,5,0,0,0,0,0,0,0,0,0,0,0,0,0,0,0,0,0,0,0,0,0,0,0,0
"ASV54","Bacteria","Bacteroidota","Bacteroidia","Cytophagales","Cyclobacteriaceae","Algoriphagus",3,92,21,0,7,0,8,11,0,314,0,10,0,7,0,0,0,255,162,82,0,0,0,0,0,0,4,0,0,4,55,0,115,0,141,2,95,4,3,29,16,0,0,0,0,0,0,315,0,0,0,19,0,0,0,379,39,65,0,0,0,0,0,0,0,0,0,7,20,0,0,0,42,0,113,0
"ASV55","Bacteria","Pseudomonadota","Gammaproteobacteria","Enterobacterales","Idiomarinaceae","Aliidiomarina",0,0,0,0,0,0,0,0,0,0,0,0,0,0,0,0,0,0,0,0,0,0,0,0,0,0,0,0,0,0,0,0,0,0,0,0,0,0,0,0,0,0,0,0,0,0,0,0,0,0,0,0,0,0,102,0,0,0,0,0,0,0,0,0,0,0,0,0,0,0,0,0,0,0,0,0
"ASV56","Bacteria","Pseudomonadota","Gammaproteobacteria","Enterobacterales","Kangiellaceae","Aliikangiella",0,0,0,0,0,0,0,0,0,0,0,0,0,0,0,0,0,0,0,0,0,0,0,0,0,0,0,0,0,0,0,0,0,0,0,0,0,0,0,0,0,0,0,0,0,0,0,0,0,0,0,4,0,0,0,0,0,0,0,0,0,0,0,0,0,0,0,0,0,0,0,0,0,0,0,0
"ASV57","Bacteria","Bacillota","Clostridia","Eubacteriales","Alkalibacteraceae","Alkalibacter",0,0,0,0,0,0,0,0,0,0,0,0,0,0,0,0,0,0,0,0,0,0,0,0,0,0,0,0,0,0,0,0,0,0,0,0,0,0,0,0,0,0,0,0,0,0,0,0,0,0,0,0,0,0,0,0,0,0,0,0,0,0,0,0,3,0,0,0,0,0,0,0,0,0,0,0
"ASV58","Bacteria","Bacillota","Bacilli","Lactobacillales","Carnobacteriaceae","Alkalibacterium",0,0,0,0,0,0,0,0,0,0,0,0,0,0,0,0,0,0,0,3,0,0,0,0,0,0,0,0,0,0,0,0,0,0,0,0,0,0,0,0,0,0,0,0,0,0,0,0,0,0,0,0,6,0,23,0,0,20,0,0,0,0,0,0,0,0,0,0,0,0,0,0,0,0,0,0
"ASV59","Bacteria","Bacillota","Bacilli","Bacillales","Salisediminibacteriaceae","Alkalicoccus",0,0,0,0,0,0,0,0,0,0,0,0,0,0,0,0,20,0,15,12,14,0,0,0,0,12,0,0,0,0,0,0,0,0,0,0,0,0,0,0,0,0,0,0,0,0,0,0,0,0,0,0,0,0,19,0,0,0,0,0,0,0,0,0,0,0,0,0,0,0,0,0,0,0,0,0
"ASV60","Bacteria","Pseudomonadota","Alphaproteobacteria","Alphaproteobacteria","Alphaproteobacteria","Alphaproteobacteria",0,0,0,0,0,0,0,0,0,0,0,0,5,2,0,5,0,0,0,0,0,0,3,18,0,0,0,0,0,0,0,0,0,0,0,0,4,0,0,0,0,12,0,0,0,0,0,0,0,0,0,6,0,0,0,0,0,0,0,0,0,3,0,0,0,0,0,0,0,0,0,0,0,0,10,0
"ASV61","Bacteria","Pseudomonadota","Alphaproteobacteria","Sphingomonadales","Sphingomonadaceae","Alteraurantiacibacter",0,0,0,0,0,0,0,0,0,0,0,0,0,0,0,0,0,0,0,0,0,0,0,0,0,0,0,0,0,10,0,0,0,0,0,0,0,0,0,0,0,0,0,0,0,0,0,0,0,0,0,0,0,0,0,0,0,0,0,0,0,0,0,0,0,0,0,0,0,0,0,0,0,0,0,0
"ASV62","Bacteria","Pseudomonadota","Alphaproteobacteria","Hyphomicrobiales","Amb-16S-1323","Amb-16S-1323",0,0,0,0,0,0,0,0,0,0,0,0,0,0,0,0,0,0,0,0,0,0,0,0,0,0,0,0,0,0,0,0,0,0,0,0,0,0,0,0,0,44,0,0,0,0,0,0,0,0,0,0,0,0,0,0,0,0,0,0,0,53,20,0,0,0,0,0,0,0,0,0,0,0,0,0
"ASV63","Bacteria","Acidobacteriota","Aminicenantia","Aminicenantales","Aminicenantaceae","Aminicenans",2,0,0,7,0,0,0,4,0,0,0,174,2,0,0,0,0,0,0,0,17,22,11,0,0,230,10,10,13,0,0,0,5,21,25,40,0,0,0,0,0,0,0,0,0,0,0,0,0,12,0,0,0,0,0,0,0,0,0,41,0,0,0,94,0,0,0,0,0,0,9,37,0,39,0,0
"ASV64","Bacteria","Pseudomonadota","Alphaproteobacteria","Hyphomicrobiales","Rhizobiaceae","Aminobacter",0,0,0,0,0,0,0,0,0,0,0,0,0,0,0,0,0,0,0,0,0,0,0,0,0,0,0,0,0,0,0,0,0,0,0,0,0,0,0,0,0,7,0,0,0,0,0,0,0,0,0,0,0,0,0,0,0,0,13,33,0,0,0,0,0,0,0,0,0,0,0,0,0,0,0,0
"ASV65","Bacteria","Bacillota","Bacilli","Bacillales","Bacillaceae","Anaerobacillus",5,0,0,0,0,0,0,0,0,0,0,0,0,0,0,0,0,0,0,0,0,0,0,0,0,0,0,0,0,0,0,0,0,0,0,0,0,0,0,0,0,0,0,0,0,0,0,0,0,0,0,0,0,0,0,0,0,0,0,0,0,0,0,0,0,0,0,0,0,0,0,0,0,0,0,0
"ASV66","Bacteria","Bacteroidota","Bacteroidia","Bacteroidales","Rikenellaceae","Anaerocella",0,0,0,0,0,0,0,0,0,0,0,0,0,0,0,0,0,0,0,0,0,0,5,0,0,0,0,0,0,0,0,0,0,0,0,0,0,0,0,0,0,0,0,0,0,0,0,0,0,0,0,0,0,0,0,0,0,0,0,0,0,0,0,0,0,0,0,0,0,0,0,0,0,0,0,0
"ASV67","Bacteria","Bacillota","Clostridia","Eubacteriales","Anaerofustaceae","Anaerofustis",0,0,0,0,0,0,0,0,0,0,0,0,0,0,0,0,0,0,0,0,8,0,0,0,0,0,0,12,6,0,0,0,0,0,0,0,0,0,0,0,0,0,0,0,0,0,0,0,0,0,0,0,0,0,0,0,0,0,0,0,0,0,0,0,0,0,0,0,0,0,0,0,0,0,0,0
"ASV68","Bacteria","Chloroflexota","Anaerolineae","Anaerolineales","Anaerolineaceae","Anaerolinea",8,2,60,0,0,0,0,8,26,0,0,19,0,0,0,0,0,0,0,0,0,0,0,0,5,176,0,0,0,0,0,0,0,0,0,0,0,0,0,0,0,0,0,0,0,0,0,0,0,0,0,0,0,0,0,0,0,0,0,0,0,0,0,0,0,0,0,0,0,0,0,0,0,0,0,0
"ASV69","Bacteria","Chloroflexota","Anaerolineae","Anaerolineales","Anaerolineaceae","Anaerolineaceae",33,0,7,58,46,8,622,17,0,9,0,63,0,109,0,0,0,0,0,0,52,9,54,31,21,11,58,58,52,75,0,0,0,14,13,68,19,0,18,0,0,0,0,0,0,0,0,0,0,42,0,0,0,0,0,0,0,0,0,17,7,0,0,91,0,0,0,0,0,0,0,0,0,0,32,0
"ASV70","Bacteria","Chloroflexota","Anaerolineae","Anaerolineae","Anaerolineae","Anaerolineae",0,0,0,0,0,5,0,0,0,0,0,0,0,0,0,0,0,0,0,0,0,0,0,0,0,0,0,0,0,0,0,0,0,0,0,2,0,0,0,0,0,0,0,0,0,0,0,0,0,0,0,0,0,0,0,0,0,0,0,9,0,0,0,7,0,0,0,0,0,0,0,0,0,10,0,0
"ASV71","Bacteria","Myxococcota","Myxococcia","Myxococcales","Anaeromyxobacteraceae","Anaeromyxobacter",0,0,0,0,3,0,0,0,0,0,0,0,0,0,0,0,0,0,0,0,0,0,0,0,0,0,0,0,0,0,0,0,0,0,0,0,0,0,0,0,0,0,0,0,0,0,0,0,0,0,0,0,0,0,0,0,0,0,0,0,0,0,0,0,0,0,0,0,0,0,0,0,0,0,0,0
"ASV72","Bacteria","Bacillota","Clostridia","Peptostreptococcales-Tissierellales","Anaerovoracaceae","Anaerovorax",0,0,0,0,0,0,0,0,0,0,0,0,3,0,0,0,0,0,0,0,0,0,0,0,0,0,0,0,0,0,0,0,0,0,0,0,0,0,9,0,0,0,0,0,0,0,0,0,0,0,0,0,14,0,0,0,0,0,0,0,0,0,0,0,0,0,0,0,0,0,36,0,0,0,0,0
"ASV73","Bacteria","Pseudomonadota","Alphaproteobacteria","Hyphomicrobiales","Xanthobacteraceae","Ancylobacter",0,0,0,0,0,0,0,0,0,0,0,0,0,0,0,0,0,0,0,0,0,0,0,0,0,0,0,0,0,0,0,0,0,0,0,0,0,0,0,0,0,0,0,0,0,0,0,0,0,0,0,0,0,0,0,0,0,0,0,0,0,0,0,0,0,0,0,0,0,0,0,17,0,0,0,0
"ASV74","Bacteria","Bacteroidota","Bacteroidia","Flavobacteriales","Flavobacteriaceae","Antarcticibacterium",0,0,0,0,0,0,0,0,0,0,0,0,0,0,0,0,0,0,0,0,0,0,0,0,0,0,0,0,0,5,0,0,0,0,0,0,0,0,0,0,0,0,0,0,0,0,0,0,0,0,0,0,0,0,0,0,0,0,0,0,0,0,0,0,0,0,0,0,0,0,0,0,0,0,0,0
"ASV75","Bacteria","Pseudomonadota","Gammaproteobacteria","Burkholderiales","Comamonadaceae","Aquabacterium",0,0,0,0,0,0,15,0,0,0,0,0,0,0,0,0,0,0,0,0,502,17,0,51,0,0,0,57,514,7,0,0,0,0,0,0,37,0,0,0,0,0,0,0,0,0,0,0,0,0,0,0,0,0,25,0,0,0,800,32,0,218,28,0,0,69,480,0,0,0,0,0,0,0,292,0
"ASV76","Bacteria","Pseudomonadota","Alphaproteobacteria","Hyphomicrobiales","Rhizobiaceae","Aquamicrobium",0,0,0,0,0,0,0,0,0,0,0,0,0,0,0,0,0,0,0,0,0,0,0,0,0,0,0,0,0,0,0,0,0,12,0,0,0,0,0,0,0,0,0,0,0,0,0,0,0,0,0,0,0,0,0,0,0,0,0,0,0,0,0,0,0,0,0,0,0,0,0,0,0,0,0,0
"ASV77","Bacteria","Pseudomonadota","Gammaproteobacteria","Rickettsiellales","Rickettsiellaceae","Aquicella",0,0,0,0,0,0,0,0,0,0,0,0,0,0,0,0,0,0,0,0,0,0,0,0,0,0,0,0,0,0,0,0,0,0,0,0,0,0,0,0,0,0,0,0,0,0,0,0,0,0,0,0,0,0,7,0,0,0,0,0,12,0,0,0,0,0,0,0,0,0,0,0,0,0,0,0
"ASV78","Bacteria","Pseudomonadota","Gammaproteobacteria","Lysobacterales","Rhodanobacteraceae","Aquimonas",37,0,0,0,0,0,7,0,0,0,0,0,0,0,0,0,0,13,0,0,0,0,0,0,0,0,0,0,0,0,0,0,0,0,0,0,0,0,55,0,0,0,0,0,0,0,0,0,0,0,0,0,0,0,0,26,0,0,0,0,0,0,0,0,0,0,0,0,0,0,0,0,0,0,0,0
"ASV79","Bacteria","Pseudomonadota","Gammaproteobacteria","Pseudomonadales","Moraxellaceae","Aquirhabdus",0,0,0,0,0,0,0,0,0,0,0,0,0,0,0,0,0,0,0,0,0,0,0,0,0,0,0,0,0,0,0,0,0,0,0,0,0,0,0,0,0,0,0,0,0,0,0,0,0,0,0,0,0,0,0,0,0,0,0,0,0,0,0,0,0,0,0,0,0,0,32,0,0,0,0,0
"ASV80","Archaea","Archaea","Archaea","Archaea","Archaea","Archaea",0,0,0,0,0,0,0,0,0,0,0,0,0,0,0,0,0,0,0,0,0,0,0,19,0,41,0,0,0,0,0,0,0,0,0,0,0,0,0,0,0,0,0,0,0,0,0,0,0,0,0,0,0,0,0,0,0,0,0,0,0,0,0,0,0,0,0,0,0,0,0,0,0,0,0,0
"ASV81","Bacteria","Bacteroidota","Bacteroidia","Flavobacteriales","Flavobacteriaceae","Arenibacter",0,0,0,0,0,0,0,0,0,0,0,0,0,0,0,0,0,0,0,0,0,0,0,0,0,0,0,0,0,0,0,0,0,0,0,0,0,0,0,0,0,0,0,0,0,0,0,0,0,0,0,14,0,0,0,0,0,0,0,0,0,0,0,0,0,0,0,0,0,0,0,0,0,0,0,0
"ASV82","Bacteria","Pseudomonadota","Gammaproteobacteria","Lysobacterales","Lysobacteraceae","Arenimonas",0,0,0,0,0,0,0,0,0,0,0,0,0,0,0,6,0,0,0,0,27,0,0,0,0,0,0,16,30,14,0,0,0,0,0,0,0,0,0,0,0,0,0,0,0,0,0,0,0,0,0,13,0,8,0,0,0,0,17,0,0,0,0,0,0,0,0,0,0,0,0,0,0,0,0,0
"ASV83","Bacteria","Armatimonadota","Armatimonadia","Armatimonadales","Armatimonadaceae","Armatimonadaceae",0,0,0,0,0,0,0,0,0,0,0,0,0,0,0,0,0,0,0,0,0,0,30,0,0,0,0,0,0,0,0,0,0,0,0,0,0,0,0,0,0,0,0,0,0,0,0,0,0,0,0,0,0,0,0,0,0,0,0,0,0,0,0,0,0,0,0,0,0,0,0,0,0,0,0,0
"ASV84","Bacteria","Armatimonadota","Armatimonadota","Armatimonadota","Armatimonadota","Armatimonadota",0,0,0,2,0,0,0,0,0,0,0,0,0,14,0,0,0,0,0,0,4,0,0,4,8,14,0,0,0,0,0,0,15,0,0,11,0,0,0,0,0,0,0,0,0,0,0,0,0,0,0,19,0,0,0,0,0,0,0,0,3,0,0,8,0,0,0,0,0,0,0,0,0,0,0,0
"ASV85","Bacteria","Pseudomonadota","Alphaproteobacteria","Hyphomicrobiales","Devosiaceae","Arsenicitalea",0,0,0,0,7,0,32,0,0,0,0,0,0,0,0,0,0,0,0,0,0,0,0,0,0,0,0,0,0,0,0,0,0,0,0,0,0,0,0,0,0,29,0,0,49,0,0,41,0,0,0,0,0,0,0,0,24,0,0,0,0,0,0,0,0,0,0,61,0,0,0,0,0,0,0,0
"ASV86","Bacteria","Pseudomonadota","Gammaproteobacteria","Enterobacterales","Alteromonadaceae","Arsukibacterium",0,0,0,0,0,0,0,0,0,0,0,0,0,81,0,0,0,0,0,0,0,0,0,0,0,0,0,0,0,0,0,0,0,0,0,0,0,0,0,0,0,0,0,0,0,0,0,0,0,0,0,0,0,0,0,0,0,0,0,0,0,0,0,0,0,0,0,0,0,0,0,0,0,0,0,0
"ASV87","Bacteria","Actinomycetota","Actinobacteria","Micrococcales","Micrococcaceae","Arthrobacter",0,0,0,0,0,0,0,0,0,0,0,0,0,0,0,0,0,0,0,0,0,0,0,8,0,0,0,0,0,18,0,0,0,0,0,0,0,0,0,0,0,0,0,0,0,0,0,0,0,0,0,19,0,0,0,0,0,0,0,0,0,0,0,0,0,0,0,0,0,0,0,0,0,0,0,0
"ASV88","Bacteria","Pseudomonadota","Alphaproteobacteria","Caulobacterales","Caulobacteraceae","Asticcacaulis",0,0,0,0,0,0,0,0,0,0,0,0,0,0,0,0,0,0,0,0,0,0,0,5,0,0,0,0,0,0,0,0,0,0,0,0,0,0,0,0,0,0,0,0,0,0,0,0,0,0,0,0,0,0,0,0,0,0,0,0,0,0,0,0,0,0,0,0,0,0,0,0,0,0,0,0
"ASV89","Bacteria","Actinomycetota","Actinobacteria","Micrococcales","Microbacteriaceae","Aurantimicrobium",0,0,0,0,0,0,0,0,0,0,0,0,0,0,0,0,0,0,0,0,0,0,0,0,0,0,0,0,0,0,0,0,0,0,0,0,0,0,0,0,0,0,0,0,0,0,0,0,0,0,0,0,0,0,0,0,0,0,0,0,0,0,8,0,0,0,0,0,0,0,0,0,0,0,0,0
"ASV90","Bacteria","Pseudomonadota","Alphaproteobacteria","Hyphomicrobiales","Rhizobiaceae","Aurantimonas",0,0,0,0,0,0,0,0,0,0,0,0,0,0,0,0,0,0,0,0,0,0,0,10,0,0,0,0,0,0,0,0,0,0,0,0,0,0,0,0,0,0,0,0,0,0,0,0,0,0,0,0,0,0,0,0,0,0,0,0,0,17,0,0,0,0,0,0,0,0,14,0,0,0,0,0
"ASV91","Bacteria","Bacteroidota","Bacteroidia","Chitinophagales","Chitinophagaceae","Aurantisolimonas",0,0,0,0,0,0,0,0,0,0,0,0,0,0,0,0,0,0,0,0,0,0,0,0,0,0,0,0,0,0,11,0,0,0,0,0,0,0,10,0,0,0,0,0,0,0,0,0,0,0,0,0,0,0,0,0,0,0,0,0,0,0,0,0,0,0,0,0,0,0,0,0,0,0,0,0
"ASV92","Bacteria","Pseudomonadota","Gammaproteobacteria","Pseudomonadales","Pseudomonadaceae","Azomonas",0,0,0,0,0,0,0,0,0,0,0,0,0,1,0,0,0,0,0,0,0,0,0,0,0,0,0,0,0,0,0,0,0,0,0,0,0,0,0,0,0,0,0,0,0,0,0,0,0,0,0,0,0,0,0,0,0,0,0,0,0,0,0,0,0,0,0,0,0,0,0,0,0,0,0,0
"ASV93","Bacteria","Pseudomonadota","Alphaproteobacteria","Azospirillales","Azospirillaceae","Azospirillum",0,0,0,0,0,0,0,0,0,0,0,0,0,0,0,0,0,0,0,0,0,0,0,0,0,0,0,0,0,0,0,0,0,0,0,0,0,0,0,0,0,0,0,0,0,0,0,0,0,0,0,0,0,0,0,0,0,0,0,0,5,0,0,0,0,0,0,0,0,0,0,0,0,0,0,0
"ASV94","Bacteria","Gemmatimonadota","BD2-11 terrestrial group","BD2-11 terrestrial group","BD2-11 terrestrial group","BD2-11 terrestrial group",0,0,0,0,0,0,0,0,0,0,0,12,0,0,0,0,0,0,0,0,0,0,0,15,0,18,0,0,0,0,0,0,0,0,0,0,0,0,0,0,0,0,0,0,0,0,0,0,0,15,0,4,0,0,0,0,0,0,0,0,0,13,0,19,0,0,0,0,0,0,0,0,0,0,0,0
"ASV95","Bacteria","Planctomycetota","BD7-11","BD7-11","BD7-11","BD7-11",0,0,0,0,0,0,0,0,0,0,0,0,0,0,0,0,0,0,0,0,0,0,0,0,0,0,0,0,0,3,0,0,0,0,0,0,0,0,0,0,0,0,0,0,0,0,0,0,0,0,0,0,0,0,0,0,0,0,0,0,0,0,0,0,0,0,0,0,0,0,0,0,0,0,0,0
"ASV96","Bacteria","BHI80-139","BHI80-139","BHI80-139","BHI80-139","BHI80-139",0,0,0,0,0,0,4,3,0,0,0,0,0,0,0,0,0,0,0,0,0,0,0,0,0,0,63,0,0,0,0,0,4,163,0,44,0,0,0,0,0,0,0,0,0,0,0,0,0,0,0,0,0,0,0,0,0,0,0,0,0,0,0,0,36,0,0,0,0,0,11,146,0,38,0,0
"ASV97","Bacteria","Myxococcota","Polyangiia","Polyangiales","BIrii41","BIrii41",0,0,0,0,0,0,15,0,0,0,0,0,0,0,0,0,0,0,0,0,0,0,0,0,0,0,5,0,0,0,0,0,0,0,0,0,0,0,0,0,0,0,0,0,16,0,0,0,0,0,0,0,0,0,0,0,0,0,0,0,0,0,0,0,6,0,0,0,0,0,0,0,0,0,0,0
"ASV98","Bacteria","Nitrospirota","BMS9AB35","BMS9AB35","BMS9AB35","BMS9AB35",0,0,0,0,0,0,0,0,0,0,0,0,6,0,0,0,0,0,0,0,0,0,0,0,0,0,0,0,0,0,0,0,0,0,0,0,0,0,0,0,0,0,0,0,0,0,0,0,0,0,20,0,0,0,0,0,0,0,0,0,0,0,0,0,0,0,0,0,0,0,0,0,0,0,0,0
"ASV99","Bacteria","Bacteroidota","Bacteroidia","Bacteroidales","Prolixibacteraceae","BSV13",0,0,0,0,12,0,0,0,0,0,0,0,0,0,0,0,23,0,0,0,26,4,23,0,9,4,96,0,25,16,0,0,0,0,0,0,0,0,0,0,0,0,16,0,0,0,0,0,0,0,0,0,0,0,55,0,0,0,0,0,20,0,28,0,3,0,0,0,0,0,0,0,0,0,0,0
"ASV100","Bacteria","Candidatus Kryptonia","Kryptonia","Kryptoniales","BSV26","BSV26",21,0,142,14,48,17,9,97,6,0,9,66,0,11,0,0,1,0,7,0,8,18,106,0,2,43,75,26,21,11,16,0,0,43,13,400,0,0,21,0,104,50,61,5,0,23,0,0,5,32,0,12,0,0,0,0,0,0,0,0,4,0,0,17,21,0,0,0,0,0,0,22,0,158,0,0
"ASV101","Bacteria","Ignavibacteriota","Ignavibacteria","Ignavibacteriales","BSV40","BSV40",0,0,0,28,12,0,14,5,0,43,0,19,0,0,0,0,28,0,0,0,0,0,0,0,12,0,61,0,0,69,0,0,0,5,0,26,0,0,0,0,0,63,19,0,0,0,0,58,0,0,0,11,0,0,31,0,0,0,0,0,0,0,0,0,23,0,0,10,0,0,0,7,0,0,0,0
"ASV102","Bacteria","Dependentiae","Babeliae","Babeliales","Babeliaceae","Babeliaceae",0,0,0,0,0,0,0,0,0,0,0,0,0,12,0,0,0,0,0,0,0,0,9,3,0,0,0,0,0,0,0,0,0,0,0,0,0,0,0,0,5,4,0,0,0,0,0,0,0,0,0,33,0,0,0,0,0,0,0,0,11,7,0,0,0,0,0,0,0,0,0,0,0,0,0,0
"ASV103","Bacteria","Dependentiae","Babeliae","Babeliales","Babeliales","Babeliales",0,0,0,0,0,0,0,0,0,0,0,0,0,24,0,0,0,0,0,0,6,0,55,2,0,5,7,0,12,0,0,0,0,0,0,0,0,0,0,0,0,0,0,6,0,0,0,0,0,0,0,75,0,56,0,20,0,0,0,0,17,5,0,9,0,0,0,0,0,0,0,0,0,0,0,0
"ASV104","Bacteria","Bacillota","Bacilli","Bacilli","Bacilli","Bacilli",0,0,0,0,0,0,0,0,0,0,0,0,0,0,0,0,0,0,0,0,0,0,0,0,0,0,0,0,0,0,0,0,0,0,0,7,0,0,0,0,0,0,0,0,0,0,0,0,0,0,0,0,0,0,0,0,0,0,0,0,0,0,0,0,0,0,0,0,0,0,0,0,0,0,0,0
"ASV105","Bacteria","Bacillota","Bacillota","Bacillota","Bacillota","Bacillota",0,0,0,0,0,0,0,0,0,0,0,0,0,0,0,0,0,0,0,0,0,0,0,0,0,0,2,0,0,0,0,0,0,0,5,0,0,0,0,0,55,0,0,0,0,0,0,0,0,0,3,51,0,0,0,0,0,0,0,0,0,4,0,0,0,0,0,0,0,0,0,0,0,0,0,0
"ASV106","Bacteria","Bacteria","Bacteria","Bacteria","Bacteria","Bacteria",32,3,69,0,5,11,110,28,0,4,15,23,4,305,4,4,0,0,0,0,0,5,36,31,2,183,22,0,0,9,5,7,52,60,12,98,6,0,76,0,57,73,8,70,102,0,0,9,0,4,19,379,0,57,3,0,0,0,0,17,43,28,134,386,25,0,0,21,0,16,154,39,0,167,23,0
"ASV107","Bacteria","Bdellovibrionota","Bacteriovoracia","Bacteriovoracales","Bacteriovoracaceae","Bacteriovorax",0,0,0,0,0,0,0,0,0,0,0,0,205,0,0,0,0,0,0,0,70,0,0,0,0,0,0,48,44,0,0,0,0,0,0,0,0,0,0,0,0,0,0,0,0,0,0,0,0,0,252,0,0,0,0,0,0,0,51,0,0,0,0,0,0,14,17,0,0,0,0,0,0,0,0,0
"ASV108","Bacteria","Bacteroidota","Bacteroidia","Bacteroidales","Bacteroidales","Bacteroidales",0,0,0,0,0,0,0,0,0,0,0,0,0,0,0,0,0,0,0,0,0,0,5,0,0,9,4,0,0,0,0,0,0,0,0,0,0,0,0,6,0,0,0,0,0,0,0,7,0,0,0,0,0,0,0,0,0,0,0,0,13,0,0,0,0,0,0,0,0,0,0,0,0,0,0,4
"ASV109","Bacteria","Bacteroidota","Bacteroidia","Bacteroidales","Bacteroidetes BD2-2","Bacteroidetes BD2-2",0,0,0,0,0,0,0,5,0,0,0,17,0,0,0,0,0,0,0,0,0,0,0,0,0,19,13,0,0,0,0,0,0,0,0,0,8,5,0,0,0,9,0,0,4,0,0,0,0,10,0,0,0,0,4,0,0,0,0,0,0,0,0,16,8,0,0,0,0,0,0,0,0,0,29,0
"ASV110","Bacteria","Bacteroidota","Bacteroidia","Bacteroidetes VC2.1 Bac22","Bacteroidetes VC2.1 Bac22","Bacteroidetes VC2.1 Bac22",13,0,0,0,0,0,0,0,0,0,0,0,0,108,0,0,0,0,8,0,0,0,0,0,0,47,65,0,0,0,0,0,0,69,0,8,0,0,14,0,0,0,0,0,0,0,0,0,0,0,0,93,0,0,0,0,0,0,0,0,0,0,0,0,0,0,0,0,0,0,0,73,0,0,0,0
"ASV111","Bacteria","Bacteroidota","Bacteroidia","Bacteroidales","Bacteroidetes vadinHA17","Bacteroidetes vadinHA17",0,0,0,0,5,0,7,23,0,0,0,226,0,0,0,0,0,0,0,0,214,19,50,0,0,388,54,259,187,0,0,0,16,41,25,20,0,5,0,0,0,37,0,0,0,5,0,0,0,122,0,7,0,0,0,0,0,0,0,20,56,0,0,236,18,44,112,0,0,8,42,0,4,52,15,7
"ASV112","Bacteria","Bacteroidota","Bacteroidia","Bacteroidia","Bacteroidia","Bacteroidia",0,0,0,0,0,0,0,0,0,0,0,0,0,0,0,0,0,0,0,0,0,0,0,0,0,0,0,0,0,0,0,0,0,0,0,0,0,0,0,0,0,0,0,0,0,0,0,0,0,0,0,0,0,0,0,56,0,0,0,0,0,0,0,0,0,0,0,0,0,0,80,0,0,96,0,0
"ASV113","Bacteria","Balneolota","Balneolia","Balneolales","Balneolaceae","Balneolaceae",0,0,0,0,0,0,0,0,0,0,0,0,0,0,0,0,0,0,0,0,0,0,0,0,0,0,0,0,0,0,0,0,0,0,0,0,0,0,0,0,0,0,0,0,0,0,0,0,0,0,0,6,0,0,0,0,0,0,0,0,0,0,0,0,0,0,0,0,0,0,0,0,0,0,0,0
"ASV114","Archaea","Thermoproteota","Bathyarchaeia","Bathyarchaeia","Bathyarchaeia","Bathyarchaeia",0,0,7,0,0,0,8,70,0,0,0,79,25,0,0,0,0,0,0,0,14,803,34,0,0,187,72,18,0,0,0,0,0,1560,8,211,0,0,0,0,0,0,0,0,0,0,0,0,0,0,0,0,0,0,0,0,0,0,0,0,0,0,0,0,0,0,0,0,0,0,0,0,0,0,0,0
"ASV115","Bacteria","Pseudomonadota","Alphaproteobacteria","Hyphomicrobiales","Hyphomicrobiales Incertae Sedis","Bauldia",0,0,0,0,0,0,0,0,0,0,0,0,0,9,0,0,0,0,0,0,0,0,0,24,0,0,0,0,0,0,0,0,0,0,0,0,0,0,0,0,0,0,0,0,0,0,0,0,0,0,0,9,0,0,0,0,0,0,0,0,0,0,0,0,0,0,0,0,0,0,0,0,0,0,0,0
"ASV116","Bacteria","Patescibacteria","Berkelbacteria","Berkelbacteria","Berkelbacteria","Berkelbacteria",14,0,0,5,41,170,53,0,0,0,0,10,18,523,0,8,0,0,19,0,10,22,0,164,305,233,36,0,5,52,0,0,0,11,0,228,0,0,0,0,0,5,124,40,0,0,0,0,0,0,9,456,0,13,0,0,0,0,0,0,0,129,402,111,0,0,0,26,0,0,25,3,0,6,0,0
"ASV117","Bacteria","Acidobacteriota","Blastocatellia","Blastocatellales","Blastocatellaceae","Blastocatellaceae",0,0,0,0,0,0,0,0,0,0,0,0,0,0,0,0,0,0,0,0,0,0,0,0,0,0,0,0,0,0,0,0,0,0,0,0,0,0,0,0,0,60,0,0,0,0,0,0,0,82,0,0,0,0,0,0,0,0,0,0,33,0,0,0,0,0,0,0,0,0,0,4,0,0,0,0
"ASV118","Bacteria","Pseudomonadota","Alphaproteobacteria","Sphingomonadales","Sphingomonadaceae","Blastomonas",0,0,0,0,0,0,0,0,0,0,0,0,0,0,0,0,0,0,37,0,0,0,0,0,0,0,0,0,0,0,0,0,0,0,0,7,0,0,36,0,0,0,0,0,0,0,0,0,0,0,0,0,0,0,0,0,0,0,0,0,0,0,0,0,0,0,0,0,0,0,0,0,0,0,0,0
"ASV119","Bacteria","Myxococcota","Polyangiia","Blfdi19","Blfdi19","Blfdi19",0,0,0,51,0,0,0,0,0,0,0,0,0,4,0,0,0,0,5,0,0,0,0,7,0,0,0,0,2,0,0,0,0,0,0,0,0,0,0,0,0,244,0,0,0,0,0,0,0,0,0,10,0,0,0,3,0,0,0,0,0,0,0,0,0,0,0,0,0,0,0,0,0,0,0,0
"ASV120","Bacteria","Bacteroidota","Bacteroidia","Bacteroidales","Williamwhitmaniaceae","Blvii28 wastewater-sludge group",0,0,0,0,0,0,0,0,0,0,0,0,4,0,5,0,0,0,0,0,0,0,0,0,0,0,19,0,5,0,4,0,0,0,0,0,0,0,0,0,0,0,0,0,0,0,0,0,0,0,6,0,0,0,0,0,0,0,0,0,0,0,0,0,0,0,0,0,0,0,0,0,0,0,4,0
"ASV121","Bacteria","Pseudomonadota","Alphaproteobacteria","Hyphomicrobiales","Beijerinckiaceae","Bosea",0,0,0,0,0,0,0,0,0,12,0,0,4,0,0,0,17,66,57,0,0,0,0,12,0,0,0,0,0,0,0,0,0,0,9,0,0,0,0,0,0,22,0,0,0,0,0,17,0,0,0,0,0,0,79,80,35,17,0,0,0,0,0,0,0,0,0,0,0,0,0,0,0,0,0,0
"ASV122","Bacteria","Pseudomonadota","Alphaproteobacteria","Hyphomicrobiales","Xanthobacteraceae","Bradyrhizobium",65,0,0,48,0,0,374,6,0,31,0,10,0,0,0,21,16,0,0,84,71,19,27,22,0,0,10,48,96,79,0,0,0,0,94,0,13,0,0,0,0,0,0,0,0,0,0,0,0,0,0,0,0,0,0,0,0,0,0,0,0,0,0,0,0,0,0,0,0,0,0,0,0,0,0,0
"ASV123","Bacteria","Pseudomonadota","Alphaproteobacteria","Caulobacterales","Caulobacteraceae","Brevundimonas",567,23,24,283,8,0,110,0,6,30,0,72,111,20,0,60,57,68,250,0,0,0,0,284,0,0,0,0,0,15,16,0,40,22,76,134,26,0,367,0,0,241,0,0,77,0,0,19,0,21,129,22,0,41,69,33,43,0,0,0,0,68,0,0,0,0,0,0,0,0,59,13,14,57,24,0
"ASV124","Bacteria","Acidobacteriota","Acidobacteriae","Bryobacterales","Bryobacteraceae","Bryobacter",0,0,0,0,0,0,0,0,0,0,0,0,0,0,0,0,0,0,0,0,0,0,0,0,0,0,0,0,0,0,0,0,0,0,0,0,0,0,0,0,0,14,0,0,0,0,0,7,0,39,0,0,0,0,0,0,0,0,0,0,0,0,0,15,0,0,0,0,0,0,0,0,0,0,7,0
"ASV125","Bacteria","Acidobacteriota","Acidobacteriae","Bryobacterales","Bryobacteraceae","Bryobacteraceae",0,0,0,0,0,0,0,0,0,0,0,18,0,0,0,0,0,0,0,0,0,0,0,0,0,8,0,0,0,4,0,0,0,2,0,0,0,0,0,0,0,0,0,0,0,0,0,0,0,0,0,0,0,0,0,0,0,0,0,0,0,0,0,0,0,0,0,0,0,0,0,0,0,0,0,0
"ASV126","Bacteria","Pseudomonadota","Gammaproteobacteria","Burkholderiales","Burkholderiales","Burkholderiales",0,0,0,913,1,0,10,0,0,0,0,0,0,0,0,0,0,0,0,0,0,0,25,0,0,0,0,0,0,5,0,2,0,0,0,0,0,0,0,0,0,21,0,0,0,0,0,0,0,0,0,0,0,0,0,0,0,0,0,0,0,0,0,0,0,0,0,2,0,0,0,0,0,11,0,0
"ASV127","Bacteria","Pseudomonadota","Gammaproteobacteria","Pseudomonadales","Porticoccaceae","C1-B045",0,0,0,0,0,0,0,0,0,0,0,0,0,0,0,0,0,0,0,0,0,0,0,0,0,0,0,0,0,0,0,0,0,0,0,0,0,0,30,0,0,0,0,0,0,0,0,0,0,0,0,0,0,0,0,0,0,0,0,0,11,0,0,0,0,0,0,0,0,0,0,0,0,0,0,13
"ASV128","Bacteria","Planctomycetota","Phycisphaerae","CCM11a","CCM11a","CCM11a",0,0,0,0,0,0,0,0,0,0,0,0,0,3,0,0,0,0,0,0,0,0,0,0,0,0,0,0,0,19,0,0,0,0,0,0,0,0,0,0,0,0,0,0,0,0,0,0,0,0,0,0,0,0,0,0,0,0,0,0,0,0,0,0,0,0,0,0,0,0,0,0,0,0,0,0
"ASV129","Bacteria","Pseudomonadota","Gammaproteobacteria","CCM19a","CCM19a","CCM19a",0,0,0,0,0,0,7,0,0,0,0,0,0,0,0,0,0,0,0,0,0,0,0,0,0,0,0,0,0,0,0,0,0,0,0,0,0,0,0,0,0,0,0,0,23,0,0,0,0,0,0,0,0,0,0,0,0,0,0,0,0,0,0,0,0,0,0,0,0,0,0,0,0,0,0,0
"ASV130","Bacteria","Patescibacteria","Parcubacteria","CG1-02-42-13","CG1-02-42-13","CG1-02-42-13",0,0,0,0,0,0,0,0,0,0,0,0,0,0,0,0,0,0,0,0,0,0,0,0,0,0,0,0,0,0,0,0,0,0,0,0,0,0,0,0,0,0,0,0,0,0,0,0,0,59,0,0,0,0,0,0,0,0,0,9,0,0,0,0,0,0,6,0,0,0,0,9,0,48,0,0
"ASV131","Archaea","Nanoarchaeota","Nanoarchaeia","Woesearchaeales","Incertae Sedis","CG1-02-57-44",0,0,0,0,0,96,0,0,0,0,0,0,0,0,0,0,0,0,0,0,0,0,0,0,0,0,4,0,0,0,0,0,0,6,0,0,0,0,0,0,0,0,0,0,0,0,0,0,0,0,0,0,0,0,0,0,0,0,0,0,0,0,0,0,0,0,0,0,0,0,0,0,0,0,0,0
"ASV132","Archaea","Micrarchaeota","Micrarchaeia","Micrarchaeales","Incertae Sedis","CG1_02_55_22",0,0,0,42,60,220,0,0,0,0,0,7,0,6,0,48,0,0,3,0,13,46,0,127,108,90,102,23,22,60,0,0,0,4,0,0,0,0,0,0,0,0,0,0,0,0,0,0,0,0,0,0,0,0,0,0,0,0,0,0,0,0,0,0,0,0,0,0,0,0,0,0,0,0,0,0
"ASV133","Archaea","Micrarchaeota","Micrarchaeia","Micrarchaeales","Incertae Sedis","CG1_02_55_41",0,0,0,12,41,25,0,0,0,0,0,45,47,140,0,15,10,0,0,0,0,0,0,515,89,450,7,0,0,200,0,0,0,109,2,0,0,0,0,0,0,0,0,0,0,0,0,0,0,0,0,0,0,0,0,0,0,0,0,0,0,0,0,0,0,0,0,0,0,0,0,0,0,0,0,0
"ASV134","Bacteria","Actinomycetota","Coriobacteriia","CG2-30-50-142","CG2-30-50-142","CG2-30-50-142",91,0,8,55,0,0,4,0,0,0,0,0,0,0,0,0,9,0,0,0,0,0,0,0,0,0,0,0,0,0,0,0,0,0,0,29,0,0,147,0,0,144,0,0,7,0,0,0,0,0,0,0,0,0,0,0,0,0,0,0,0,0,0,0,0,0,0,0,0,0,0,0,0,31,0,0
"ASV135","Bacteria","Balneolota","Balneolia","Balneolales","Balneolaceae","CK06-06-Mud-MAS4B-21",0,0,0,0,0,0,0,0,0,0,0,0,0,14,0,0,0,0,0,0,0,0,0,0,0,0,0,0,0,0,0,0,0,0,0,0,0,0,36,0,0,0,0,0,0,0,0,0,0,0,0,2,0,0,0,0,0,0,0,0,0,0,0,0,0,0,0,0,0,0,0,0,0,0,0,0
"ASV136","Bacteria","Actinomycetota","Acidimicrobiia","Microtrichales","Ilumatobacteraceae","CL500-29 marine group",0,0,0,32,8,6,9,0,0,0,0,0,7,0,0,0,0,0,0,0,16,19,0,14,0,0,0,11,12,335,0,0,0,0,0,0,0,0,0,0,0,95,5,0,13,0,0,0,0,0,11,0,0,0,0,0,0,0,0,18,0,9,8,0,0,0,7,100,0,0,0,0,0,8,0,0
"ASV137","Bacteria","Planctomycetota","Phycisphaerae","Phycisphaerales","Phycisphaeraceae","CL500-3",0,0,0,0,0,0,7,0,0,0,0,0,0,0,0,0,0,0,0,0,0,0,0,0,0,0,0,0,0,0,0,0,0,0,0,0,0,0,0,0,0,0,0,0,0,0,0,0,0,0,0,0,0,0,0,0,0,0,0,0,0,0,0,0,0,0,0,0,0,0,0,0,0,0,0,0
"ASV138","Bacteria","Bacteroidota","Bacteroidia","Sphingobacteriales","CMW-169","CMW-169",0,0,0,0,0,0,0,0,0,0,2,0,0,0,0,0,0,0,0,0,0,0,0,0,0,0,0,0,0,0,0,0,0,0,0,11,0,0,0,0,0,0,0,0,0,0,0,0,0,0,0,0,0,0,0,0,0,0,0,0,0,0,0,0,0,0,0,0,0,0,0,0,0,8,0,0
"ASV139","Bacteria","Patescibacteria","CPR2","CPR2","CPR2","CPR2",0,0,0,0,0,0,0,0,0,0,0,0,0,0,0,0,0,0,0,0,0,0,0,0,0,0,0,0,0,0,0,0,0,0,0,0,0,0,0,0,0,6,0,0,0,0,0,0,0,0,0,0,0,0,0,0,0,0,0,0,0,0,0,0,0,0,0,0,0,0,0,0,0,0,0,0
"ASV140","Bacteria","Dadabacteria","Dadabacteriia","Dadabacteriales","Incertae Sedis","CSP1-2",0,0,0,0,0,0,0,0,0,0,0,0,0,69,0,0,0,0,0,0,0,0,0,0,0,0,0,0,0,0,0,0,0,0,0,0,0,0,0,0,0,0,0,0,0,0,0,0,0,0,0,34,0,0,0,0,0,0,0,0,0,0,0,0,0,0,0,0,0,0,0,0,0,0,0,0
"ASV141","Bacteria","Pseudomonadota","Gammaproteobacteria","Burkholderiales","Comamonadaceae","Caenimonas",0,0,0,0,0,0,0,0,0,0,0,0,0,0,0,12,0,0,0,0,0,0,67,60,0,0,0,0,0,0,0,0,0,0,0,0,0,0,56,0,0,0,0,0,0,0,0,0,0,0,0,0,0,87,0,0,0,0,0,0,162,97,0,0,0,0,0,0,0,0,0,0,0,0,0,0
"ASV142","Bacteria","Bacillota","Clostridia","Caldicoprobacterales","Caldicoprobacteraceae","Caldicoprobacter",0,0,0,0,0,0,0,0,0,0,0,0,0,0,0,0,0,0,0,0,0,0,0,0,0,0,0,0,0,0,0,0,8,0,0,0,0,0,0,0,0,0,0,0,0,0,0,0,0,0,0,0,0,0,0,0,0,0,0,0,0,0,0,0,0,0,0,0,0,0,10,0,0,0,0,0
"ASV143","Bacteria","Chloroflexota","Anaerolineae","Caldilineales","Caldilineaceae","Caldilineaceae",0,0,0,0,0,0,0,0,0,0,0,10,0,35,0,0,0,0,0,0,3,4,0,0,0,0,14,4,0,96,0,0,0,0,0,0,5,0,0,0,0,0,0,0,0,0,0,0,0,0,0,10,0,0,0,0,0,0,0,0,0,0,0,0,0,0,0,0,0,0,0,0,0,0,0,0
"ASV144","Bacteria","Bacillota","Symbiobacteriia","Symbiobacteriales","Symbiobacteraceae","Caldinitratiruptor",0,0,0,0,0,0,0,0,0,0,0,0,0,0,0,0,0,0,0,0,0,0,0,0,0,0,0,0,0,0,0,0,0,0,0,0,0,0,0,0,0,0,0,0,0,0,0,0,0,0,0,18,0,0,0,0,0,0,0,0,0,0,0,0,0,0,0,0,0,0,0,0,0,0,0,0
"ASV145","Bacteria","Caldisericota","Caldisericia","Caldisericales","Caldisericaceae","Caldisericum",0,0,0,0,0,0,0,0,0,10,0,0,0,0,0,0,0,0,0,0,0,0,0,0,0,0,0,0,0,0,0,3,0,0,53,0,238,0,0,0,0,0,0,0,0,0,0,0,0,0,0,0,0,0,0,0,0,0,0,0,0,0,0,0,0,0,0,0,0,0,22,0,7,0,228,0
"ASV146","Bacteria","Patescibacteria","Gracilibacteria","Candidatus Abawacabacteria","Candidatus Abawacabacteria","Candidatus Abawacabacteria",0,0,0,0,0,0,0,0,0,0,0,0,0,0,0,0,0,0,0,0,0,0,0,9,0,0,0,0,0,0,0,0,0,0,0,0,0,0,0,0,0,0,0,15,0,0,0,0,0,0,0,11,0,0,0,0,0,0,0,0,0,78,18,0,0,0,0,0,0,0,0,0,0,0,0,0
"ASV147","Bacteria","Pseudomonadota","Gammaproteobacteria","Burkholderiales","Rhodocyclaceae","Candidatus Accumulibacter",0,0,0,0,0,0,0,0,0,0,0,0,0,0,0,0,0,0,0,0,0,0,25,0,0,0,0,0,0,0,0,0,0,0,0,0,0,0,0,0,0,0,0,0,0,0,0,0,0,0,0,0,0,0,0,0,0,0,0,0,74,0,0,0,0,0,0,0,0,0,0,0,0,0,0,0
"ASV148","Bacteria","Patescibacteria","Parcubacteria","Candidatus Adlerbacteria","Candidatus Adlerbacteria","Candidatus Adlerbacteria",0,0,0,0,0,0,0,0,0,0,0,0,0,0,0,0,0,0,0,0,0,0,0,0,0,0,0,0,0,0,0,0,0,0,0,0,0,0,0,0,0,0,0,6,0,0,0,0,0,0,0,0,0,0,0,0,0,0,0,0,0,0,0,0,0,0,0,0,0,0,0,0,0,0,0,0
"ASV149","Archaea","Altiarchaeota","Altiarchaeia","Altiarchaeales","Altiarchaeaceae","Candidatus Altiarchaeum",0,0,0,0,0,0,0,0,0,0,0,0,29,0,0,0,0,0,0,0,0,12,0,0,0,180,0,0,0,0,0,0,0,47,0,0,0,0,0,0,0,0,0,0,0,0,0,0,0,0,0,0,0,0,0,0,0,0,0,0,0,0,0,0,0,0,0,0,0,0,0,0,0,0,0,0
"ASV150","Bacteria","Patescibacteria","Microgenomatia","Candidatus Amesbacteria","Candidatus Amesbacteria","Candidatus Amesbacteria",0,0,0,0,39,0,0,0,0,0,0,0,0,50,0,0,0,0,0,0,0,0,0,0,5,0,0,0,0,9,0,0,0,0,0,0,0,0,0,0,0,0,0,0,0,0,0,0,0,0,0,0,0,0,0,0,0,0,0,0,0,0,0,0,0,0,0,0,0,0,0,0,0,0,0,0
"ASV151","Bacteria","Patescibacteria","Parcubacteria","Candidatus Azambacteria","Candidatus Azambacteria","Candidatus Azambacteria",0,0,0,0,0,0,0,0,0,0,0,0,0,0,0,0,0,0,0,0,0,0,0,0,0,0,0,0,0,0,0,0,0,0,0,0,0,0,11,0,0,79,6,34,0,0,0,14,0,77,0,213,0,249,0,0,0,0,0,49,8,12,163,232,0,0,0,0,0,0,0,127,6,28,0,0
"ASV152","Bacteria","Patescibacteria","Microgenomatia","Candidatus Beckwithbacteria","Candidatus Beckwithbacteria","Candidatus Beckwithbacteria",0,0,0,44,0,146,6,0,0,0,0,20,0,2327,0,0,0,0,2,0,3,3,0,0,0,13,0,0,0,0,0,0,0,3,3,40,0,0,0,0,0,0,0,0,0,0,0,0,0,0,0,26,0,0,0,0,0,0,0,0,0,0,0,0,0,0,0,0,0,0,0,0,0,0,0,0
"ASV153","Bacteria","Pseudomonadota","Gammaproteobacteria","Gammaproteobacteria Incertae Sedis","Unknown Family","Candidatus Berkiella",0,0,0,0,0,0,0,0,0,0,0,0,0,15,0,0,0,0,0,0,0,0,0,0,0,0,0,0,0,0,0,0,0,0,0,0,0,0,0,0,0,0,0,0,0,0,0,0,0,0,0,46,0,0,0,0,0,0,0,0,0,0,0,0,0,0,0,0,0,0,0,0,0,0,0,0
"ASV154","Bacteria","Planctomycetota","Brocadiae","Brocadiales","Brocadiaceae","Candidatus Brocadia",0,0,0,0,0,13,0,0,0,0,0,0,0,0,0,0,0,0,0,0,0,0,0,0,0,0,0,0,0,0,0,0,0,0,0,0,0,0,0,0,0,0,0,15,0,0,0,0,0,0,0,13,0,0,0,0,0,0,0,0,0,0,0,0,0,0,0,0,0,0,0,0,0,0,0,0
"ASV155","Bacteria","Patescibacteria","ABY1","Candidatus Buchananbacteria","Candidatus Buchananbacteria","Candidatus Buchananbacteria",0,0,0,0,0,0,0,0,0,0,0,0,0,0,0,0,0,0,0,0,0,0,0,0,0,0,0,0,0,0,0,0,0,0,0,0,0,0,0,0,0,0,0,0,0,0,0,0,0,0,0,5,0,0,0,0,0,0,0,0,0,0,0,0,0,0,0,0,0,0,0,0,0,0,0,0
"ASV156","Bacteria","Patescibacteria","Parcubacteria","Candidatus Campbellbacteria","Candidatus Campbellbacteria","Candidatus Campbellbacteria",0,0,0,0,0,0,0,0,0,0,0,0,0,0,0,0,0,0,0,0,0,0,0,0,0,0,0,0,0,0,0,0,0,0,0,0,0,0,0,0,0,0,0,0,0,0,0,0,0,0,0,48,0,0,0,0,0,0,0,0,0,0,0,0,0,0,0,0,0,0,0,0,0,0,0,0
"ASV157","Bacteria","Pseudomonadota","Alphaproteobacteria","Paracaedibacterales","Paracaedibacteraceae","Candidatus Captivus",0,0,0,0,0,0,0,0,0,0,0,0,0,0,0,0,0,0,0,0,0,0,0,0,0,0,0,0,0,0,0,0,0,0,0,0,0,0,0,0,0,0,0,0,0,0,0,0,0,0,0,0,0,0,0,0,0,0,0,0,0,0,0,0,0,0,0,11,0,0,0,0,0,0,0,0
"ASV158","Bacteria","Patescibacteria","Microgenomatia","Candidatus Chisholmbacteria","Candidatus Chisholmbacteria","Candidatus Chisholmbacteria",0,0,0,0,4,4,0,0,0,0,0,0,0,0,0,0,0,0,0,0,0,0,0,0,0,7,0,0,0,0,0,0,0,0,0,0,0,0,0,0,0,0,0,0,0,0,0,0,0,0,0,0,0,0,0,0,0,0,0,0,0,0,0,0,0,0,0,0,0,0,0,0,0,0,0,0
"ASV159","Bacteria","Patescibacteria","Microgenomatia","Candidatus Collierbacteria","Candidatus Collierbacteria","Candidatus Collierbacteria",3,0,0,7,488,0,0,0,0,0,0,5,31,0,0,0,0,0,0,0,10,0,0,0,25,4,22,15,6,682,0,0,0,0,11,46,2,0,0,0,0,0,0,0,0,0,0,0,0,0,0,6,0,0,0,0,0,0,0,0,0,0,0,0,0,0,0,0,0,0,0,0,0,0,0,0
"ASV160","Bacteria","Patescibacteria","Parcubacteria","Candidatus Colwellbacteria","Candidatus Colwellbacteria","Candidatus Colwellbacteria",0,0,0,0,0,0,0,0,0,0,0,0,0,0,0,0,0,0,0,0,0,0,0,0,0,0,0,0,0,0,0,0,0,0,0,0,0,0,0,0,0,0,24,3,7,0,0,0,15,0,0,59,0,3,0,0,0,0,0,0,0,11,70,60,0,0,0,0,0,0,0,0,0,9,0,0
"ASV161","Bacteria","Bacillota","Dethiobacteria","Dethiobacterales","Dethiobacteraceae","Candidatus Contubernalis",0,0,0,0,0,0,0,0,0,0,0,0,0,0,0,0,0,0,0,0,0,0,0,0,0,0,0,0,0,0,0,0,40,0,0,0,0,0,0,0,0,0,0,0,0,0,0,0,0,0,0,0,0,0,0,0,0,0,0,0,0,0,0,0,0,0,0,0,0,0,65,0,0,0,0,0
"ASV162","Bacteria","Patescibacteria","Microgenomatia","Candidatus Curtissbacteria","Candidatus Curtissbacteria","Candidatus Curtissbacteria",0,0,0,0,0,4,0,3,0,0,0,0,0,22,0,9,0,0,0,0,0,0,0,46,14,0,0,0,0,10,0,0,0,0,0,0,0,0,0,0,0,0,0,0,0,0,0,0,0,0,0,0,0,0,0,0,0,0,0,0,0,0,0,0,0,0,0,0,0,0,0,0,0,0,0,0
"ASV163","Bacteria","Patescibacteria","Microgenomatia","Candidatus Daviesbacteria","Candidatus Daviesbacteria","Candidatus Daviesbacteria",0,0,0,0,0,3,0,0,0,0,0,0,0,188,0,35,0,0,0,0,0,0,0,157,55,28,0,0,0,0,0,0,0,0,0,0,0,0,0,0,0,0,0,0,0,0,0,0,0,0,0,0,0,0,0,0,0,0,0,0,0,0,0,0,0,0,0,0,0,0,0,0,0,0,0,0
"ASV164","Bacteria","Bacillota","Desulfotomaculia","Ammonifexales","Desulforudaceae","Candidatus Desulforudis",0,0,200,0,0,0,0,125,0,0,57,47,0,0,0,0,0,0,0,0,0,0,0,0,0,0,0,0,0,0,0,0,0,381,0,2359,0,0,9,0,109,0,0,0,0,25,0,0,12,39,0,0,0,0,0,0,0,0,0,0,0,0,0,0,0,0,0,0,0,0,0,265,0,1620,0,0
"ASV165","Bacteria","Patescibacteria","Parcubacteria","Candidatus Doudnabacteria","Candidatus Doudnabacteria","Candidatus Doudnabacteria",0,0,0,0,0,5,0,0,0,0,0,0,0,19,0,12,0,0,0,0,0,0,0,0,0,0,0,0,0,0,0,0,0,0,0,0,0,0,0,0,0,0,0,12,0,0,0,0,0,7,0,50,0,0,0,0,0,0,0,0,0,0,3,36,0,0,0,0,0,0,0,0,0,0,0,0
"ASV166","Bacteria","Pseudomonadota","Gammaproteobacteria","Piscirickettsiales","Piscirickettsiaceae","Candidatus Endoecteinascidia",0,0,0,0,0,0,0,0,0,0,0,0,0,0,0,0,0,0,0,0,0,0,0,0,0,0,0,0,0,0,0,0,0,0,0,0,0,0,0,0,0,0,0,0,0,0,0,0,0,0,0,0,0,7,0,0,0,0,0,0,0,0,0,0,0,0,0,0,0,0,0,0,0,0,512,0
"ASV167","Bacteria","Patescibacteria","ABY1","Candidatus Falkowbacteria","Candidatus Falkowbacteria","Candidatus Falkowbacteria",0,0,0,0,0,0,0,0,0,0,0,0,0,0,0,0,0,0,0,0,0,0,0,0,0,0,7,0,0,0,0,0,0,0,0,0,0,0,0,0,0,0,0,0,0,0,0,0,6,16,22,219,35,0,0,0,0,0,5,71,41,0,44,25,146,0,8,0,0,0,0,0,0,0,0,0
"ASV168","Bacteria","Patescibacteria","Parcubacteria","Candidatus Giovannonibacteria","Candidatus Giovannonibacteria","Candidatus Giovannonibacteria",0,0,0,0,0,0,0,0,0,0,0,0,0,0,0,0,0,0,0,0,0,0,0,0,0,0,0,0,0,0,0,0,0,0,0,0,0,0,0,0,0,0,0,0,0,0,0,0,0,0,0,6,0,0,0,0,0,0,0,0,0,0,0,0,0,0,0,0,0,0,0,0,0,0,0,0
"ASV169","Bacteria","Patescibacteria","Microgenomatia","Candidatus Gottesmanbacteria","Candidatus Gottesmanbacteria","Candidatus Gottesmanbacteria",0,0,0,0,4,22,0,42,0,0,0,54,0,15,4,33,0,0,0,0,0,7,6,66,0,85,0,0,3,8,0,0,0,94,33,25,0,0,0,0,0,0,0,0,0,0,0,0,0,0,0,0,0,0,0,0,0,0,0,0,0,0,0,0,0,0,0,0,0,0,0,0,0,0,0,0
"ASV170","Archaea","Iainarchaeota","Iainarchaeia","Iainarchaeales","Iainarchaeaceae","Candidatus Iainarchaeum",0,0,0,2,70,209,15,0,0,0,0,112,0,405,5,48,0,0,4,0,0,4,0,103,140,454,214,3,5,46,5,0,0,33,0,0,0,0,0,0,0,0,0,0,0,0,0,0,0,0,0,0,0,0,0,0,0,0,0,0,0,0,0,0,0,0,0,0,0,0,0,0,0,0,0,0
"ASV171","Bacteria","Patescibacteria","Parcubacteria","Candidatus Jorgensenbacteria","Candidatus Jorgensenbacteria","Candidatus Jorgensenbacteria",0,0,0,0,0,0,0,0,0,0,0,0,0,0,0,0,0,0,0,0,0,0,0,0,0,0,0,0,0,0,0,0,0,0,0,0,0,0,0,0,0,0,45,11,0,0,0,0,0,0,0,235,0,0,0,0,0,0,0,0,0,13,87,0,0,0,0,3,0,0,0,0,0,4,0,0
"ASV172","Bacteria","Patescibacteria","Parcubacteria","Candidatus Kaiserbacteria","Candidatus Kaiserbacteria","Candidatus Kaiserbacteria",0,0,0,0,0,0,0,0,0,0,0,0,0,0,0,0,0,0,0,0,0,0,0,0,0,0,0,0,0,0,0,0,0,0,0,0,0,0,152,0,0,0,33,0,0,0,0,0,0,0,0,206,0,7,0,0,0,0,0,0,22,52,68,0,0,0,0,0,0,0,0,0,0,0,0,0
"ASV173","Bacteria","Patescibacteria","ABY1","Candidatus Kerfeldbacteria","Candidatus Kerfeldbacteria","Candidatus Kerfeldbacteria",0,0,2,0,13,2,0,0,0,0,0,0,0,58,10,0,0,0,0,0,2,0,3,13,42,0,21,0,0,10,0,0,0,0,0,0,0,0,0,0,0,0,0,4,0,0,0,0,0,0,7,291,0,4,0,0,0,0,0,0,3,11,0,5,24,0,0,0,0,0,0,0,0,0,0,0
"ASV174","Bacteria","Patescibacteria","ABY1","Candidatus Komeilibacteria","Candidatus Komeilibacteria","Candidatus Komeilibacteria",0,0,0,0,0,0,0,0,0,0,0,0,0,0,0,0,0,0,0,0,0,0,0,0,0,0,0,0,0,0,0,0,0,0,0,0,0,0,0,0,0,0,5,0,0,0,0,0,0,0,11,3,7,0,0,0,0,0,0,0,0,14,0,0,19,0,0,0,0,0,0,0,0,0,0,0
"ASV175","Bacteria","Patescibacteria","ABY1","Candidatus Kuenenbacteria","Candidatus Kuenenbacteria","Candidatus Kuenenbacteria",0,0,0,0,6,0,0,0,0,0,0,0,0,0,0,0,0,0,0,0,0,0,0,0,0,0,0,0,0,0,0,0,0,4,0,0,0,0,0,0,0,0,0,0,0,0,0,0,0,0,0,0,0,0,0,0,0,0,0,0,0,0,0,0,0,0,0,0,0,0,0,0,0,0,0,0
"ASV176","Bacteria","Planctomycetota","Brocadiae","Brocadiales","Brocadiaceae","Candidatus Kuenenia",0,0,0,0,0,0,0,0,0,0,0,0,0,3,0,0,0,0,0,0,0,0,0,0,0,0,0,0,0,0,0,0,0,0,0,0,0,0,0,0,0,0,0,0,0,0,0,0,0,0,0,20,0,0,0,0,0,0,0,0,0,0,0,0,0,0,0,0,0,0,0,0,0,0,0,0
"ASV177","Bacteria","Latescibacterota","Latescibacteria","Latescibacterales","Latescibacteraceae","Candidatus Latescibacter",0,0,0,0,0,0,0,0,0,0,0,2,0,0,0,0,0,0,0,0,0,0,0,0,0,6,0,0,0,0,0,0,0,0,0,5,0,0,0,0,0,0,0,0,0,0,0,0,0,18,0,0,0,0,0,0,0,0,0,0,0,0,0,24,0,0,0,0,0,0,0,0,0,12,0,0
"ASV178","Bacteria","Patescibacteria","Microgenomatia","Candidatus Levybacteria","Candidatus Levybacteria","Candidatus Levybacteria",0,0,0,0,5,0,0,0,0,4,0,0,4,267,0,3,0,0,0,0,0,13,0,269,202,15,0,0,0,47,0,0,0,0,0,0,0,0,0,0,0,0,0,0,0,0,0,0,0,0,0,104,0,0,0,0,0,0,0,0,0,0,25,0,0,0,0,0,0,0,0,0,0,0,0,0
"ASV179","Bacteria","Patescibacteria","Parcubacteria","Candidatus Liptonbacteria","Candidatus Liptonbacteria","Candidatus Liptonbacteria",0,0,0,0,0,0,0,0,0,0,0,0,0,0,0,0,0,0,0,0,0,0,0,0,0,0,0,0,0,0,0,0,0,0,0,0,0,0,0,0,0,25,3,53,0,0,0,0,0,0,0,422,0,0,0,0,0,0,0,0,0,139,41,0,0,0,0,0,0,0,0,0,0,0,0,0
"ASV180","Bacteria","Patescibacteria","ABY1","Candidatus Magasanikbacteria","Candidatus Magasanikbacteria","Candidatus Magasanikbacteria",0,0,0,0,0,0,0,0,0,0,0,0,0,0,0,0,0,0,0,0,0,0,0,0,9,0,0,0,0,0,0,0,0,0,0,0,0,0,0,0,0,12,0,0,0,0,0,0,0,0,0,55,0,0,0,0,0,0,0,0,0,4,21,0,0,0,0,0,0,0,0,7,0,0,0,0
"ASV181","Archaea","Methanobacteriota","Thermococci","Methanofastidiosales","Methanofastidiosaceae","Candidatus Methanofastidiosum",0,0,0,0,0,0,0,8,7,0,0,0,0,0,0,0,0,0,0,0,0,0,0,0,0,0,0,0,0,0,0,0,0,0,19,0,0,0,0,0,0,0,0,0,0,0,0,0,0,0,0,0,0,0,0,0,0,0,0,0,0,0,0,0,0,0,0,0,0,0,0,0,0,0,0,0
"ASV182","Archaea","Halobacteriota","Methanosarcinia","Methanosarcinales","Methanoperedenaceae","Candidatus Methanoperedens",0,0,0,24,382,0,5,0,0,15,750,0,675,0,10,0,0,0,205,0,6,0,0,0,109,0,0,7,6,0,22,0,0,22,0,0,97,0,0,0,0,0,0,0,0,0,0,0,0,0,0,0,0,0,0,0,0,0,0,0,0,0,0,0,0,0,0,0,0,0,0,0,0,0,0,0
"ASV183","Bacteria","Methylomirabilota","Methylomirabilia","Methylomirabilales","Methylomirabilaceae","Candidatus Methylomirabilis",0,0,0,0,0,0,0,0,0,0,0,0,0,8,0,4,0,0,0,0,0,0,0,27,0,0,0,0,0,0,0,0,0,0,0,0,0,0,0,0,0,0,0,0,0,0,0,0,0,0,0,46,0,0,0,0,0,0,0,0,0,27,0,0,0,0,0,0,0,0,0,0,0,0,0,0
"ASV184","Bacteria","Pseudomonadota","Gammaproteobacteria","Burkholderiales","Methylophilaceae","Candidatus Methylopumilus",0,0,0,0,0,0,0,0,0,0,0,0,0,0,0,0,0,0,0,0,0,0,0,0,0,0,0,0,0,0,0,0,0,0,0,0,0,0,0,0,0,0,0,0,0,0,0,0,0,0,0,0,0,0,0,0,0,5,0,0,0,0,0,0,0,0,0,0,0,0,0,0,0,0,0,0
"ASV185","Bacteria","Patescibacteria","Parcubacteria","Candidatus Moranbacteria","Candidatus Moranbacteria","Candidatus Moranbacteria",0,0,0,11,0,0,0,0,0,0,0,0,0,0,0,0,0,0,0,0,0,0,0,0,0,0,0,0,0,0,0,0,0,0,0,0,0,0,0,0,0,121,45,0,0,0,0,8,8,0,40,0,0,0,0,0,0,0,0,0,0,0,0,12,0,0,0,5,0,0,0,0,0,0,0,0
"ASV186","Bacteria","Patescibacteria","Parcubacteria","Candidatus Nealsonbacteria","Candidatus Nealsonbacteria","Candidatus Nealsonbacteria",0,0,0,0,0,0,0,0,0,0,0,0,0,0,0,0,0,0,0,0,0,0,0,0,0,0,0,0,0,0,0,0,0,0,0,0,0,0,0,0,0,6,0,0,0,0,0,0,0,0,0,0,21,0,0,0,0,0,0,0,0,0,0,0,0,0,0,0,0,0,0,0,0,0,0,0
"ASV187","Bacteria","SAR324 clade(Marine group B)","Incertae Sedis","Incertae Sedis","Incertae Sedis","Candidatus Nitrosoarchaeum",0,0,0,0,0,0,0,0,0,0,0,0,0,0,0,0,0,0,0,0,0,0,0,0,0,0,0,12,9,0,0,0,0,0,0,0,0,0,0,0,0,0,0,0,15,0,0,0,0,0,0,4,0,0,0,0,0,0,0,0,0,9,0,0,0,0,0,0,0,0,0,0,0,0,0,0
"ASV188","Archaea","Thermoproteota","Nitrososphaeria","Nitrososphaerales","Nitrososphaeraceae","Candidatus Nitrosocosmicus",0,0,0,6,0,0,0,0,0,0,0,0,0,0,0,0,0,0,0,0,0,0,0,0,0,0,5,2,0,0,0,0,0,0,0,0,0,0,0,0,0,0,0,0,0,0,0,0,0,0,0,0,0,0,0,0,0,0,0,0,0,0,0,0,0,0,0,0,0,0,0,0,0,0,0,0
"ASV189","Archaea","Thermoproteota","Nitrososphaeria","Nitrosotaleales","Nitrosotaleaceae","Candidatus Nitrosotalea",0,0,0,0,0,0,0,0,0,0,0,0,0,0,0,0,0,0,0,0,0,0,0,20,0,0,0,0,0,0,0,0,0,0,0,0,0,0,0,0,0,0,0,0,0,0,0,0,0,0,0,0,0,0,0,0,0,0,0,0,0,0,0,0,0,0,0,0,0,0,0,0,0,0,0,0
"ASV190","Bacteria","Pseudomonadota","Gammaproteobacteria","Burkholderiales","Gallionellaceae","Candidatus Nitrotoga",0,0,0,24,87,257,408,0,0,230,0,310,0,0,0,0,70,0,0,0,0,0,217,0,0,0,0,0,0,114,0,0,0,0,656,0,222,0,0,0,0,277,433,658,1639,0,0,1736,0,1510,0,294,0,0,1134,0,0,0,0,0,648,0,23,0,0,0,0,116,0,0,0,40,1002,22,2411,0
"ASV191","Bacteria","Patescibacteria","Parcubacteria","Candidatus Nomurabacteria","Candidatus Nomurabacteria","Candidatus Nomurabacteria",0,0,0,0,0,0,0,0,0,0,0,0,0,0,0,0,0,0,0,0,0,0,0,0,0,0,0,0,0,0,0,0,0,0,0,0,0,0,0,0,0,0,0,0,0,0,0,0,0,0,0,4,0,0,0,0,0,0,0,0,0,0,0,0,0,0,0,0,0,0,0,0,0,0,0,0
"ASV192","Bacteria","Pseudomonadota","Alphaproteobacteria","Caedibacterales","Caedibacteraceae","Candidatus Nucleicultrix",0,0,0,0,0,0,0,0,0,0,0,0,0,0,0,0,0,7,0,0,0,0,0,0,0,0,0,0,0,0,0,0,0,0,0,0,8,0,0,0,0,0,0,0,0,0,0,0,0,0,0,0,0,0,0,0,0,0,0,0,0,0,0,0,0,0,0,0,0,0,0,0,0,0,17,0
"ASV193","Bacteria","Cyanobacteriota","Vampirivibrionia","Obscuribacterales","Obscuribacteraceae","Candidatus Obscuribacter",0,0,0,0,4,0,0,0,0,0,0,0,0,0,0,9,324,0,0,0,4,0,131,5,0,0,5,4,4,0,0,0,0,0,0,0,0,0,0,0,0,9,17,0,0,0,0,0,0,0,0,0,0,28,811,0,0,0,0,0,283,0,7,0,0,0,7,0,0,0,0,0,0,0,0,0
"ASV194","Bacteria","Verrucomicrobiota","Omnitrophia","Omnitrophales","Omnitrophaceae","Candidatus Omnitrophus",0,0,0,46,88,121,3,101,0,36,90,1195,114,25,0,91,0,0,31,0,16,66,19,207,139,1493,136,0,24,29,0,7,17,817,16,78,7,0,0,0,0,50,24,12,0,0,0,10,6,258,21,45,0,67,0,0,0,0,0,20,0,5,87,265,11,0,0,0,0,0,20,206,0,17,0,0
"ASV195","Bacteria","Pseudomonadota","Gammaproteobacteria","Gammaproteobacteria Incertae Sedis","Unknown Family","Candidatus Ovatusbacter",0,0,0,0,0,0,0,0,0,0,0,0,0,0,0,0,0,0,0,0,0,0,0,0,0,0,0,0,0,0,0,0,18,0,0,0,0,0,0,0,0,0,0,0,0,0,0,0,0,0,0,0,0,0,0,0,0,0,0,0,0,5,0,0,0,0,0,0,0,0,67,0,0,0,0,0
"ASV196","Bacteria","Patescibacteria","Microgenomatia","Candidatus Pacebacteria","Candidatus Pacebacteria","Candidatus Pacebacteria",0,10,37,8,43,24,119,0,0,0,0,0,0,213,31,0,0,0,0,0,0,0,0,131,0,78,46,0,0,234,0,10,0,0,0,339,15,0,0,0,0,0,0,0,0,0,0,0,0,0,0,0,0,0,0,0,0,0,0,0,0,0,0,0,0,0,0,0,0,0,0,0,0,0,0,0
"ASV197","Bacteria","Patescibacteria","Parcubacteria","Paceibacterales","Paceibacteraceae","Candidatus Paceibacter",0,0,0,0,0,0,0,0,0,0,0,0,0,0,0,0,0,0,0,0,0,0,0,0,0,0,0,0,0,0,0,0,0,0,0,0,0,0,0,0,0,0,0,0,0,0,0,0,0,0,0,88,0,0,0,0,0,0,0,0,0,0,0,0,0,0,0,0,0,0,0,82,0,0,0,0
"ASV198","Bacteria","Pseudomonadota","Alphaproteobacteria","Paracaedibacterales","Paracaedibacteraceae","Candidatus Paracaedibacter",0,0,0,0,0,0,9,0,0,0,0,0,0,0,0,0,0,0,0,0,0,0,0,0,0,0,0,0,0,0,0,0,0,0,0,0,0,0,0,0,0,14,0,0,16,0,0,0,0,0,0,0,0,0,9,0,0,0,0,0,0,0,0,0,0,0,0,0,0,0,0,0,0,0,0,0
"ASV199","Bacteria","Patescibacteria","Gracilibacteria","Candidatus Peregrinibacteria","Candidatus Peregrinibacteria","Candidatus Peregrinibacteria",0,0,0,0,0,0,0,0,0,0,0,0,0,0,0,0,0,0,0,0,0,0,0,0,0,0,0,0,0,0,0,0,0,0,0,0,0,0,0,0,0,16,51,6,7,0,0,0,0,0,22,538,0,14,0,0,0,0,0,2,0,151,96,97,0,0,0,0,0,0,0,0,0,0,0,0
"ASV200","Bacteria","Patescibacteria","Gracilibacteria","Candidatus Peribacteria","Candidatus Peribacteria","Candidatus Peribacteria",0,0,0,0,0,0,0,0,0,0,0,0,0,0,0,0,0,0,0,0,0,0,0,0,0,0,0,0,0,0,0,0,0,0,0,0,0,0,0,0,0,3,0,27,0,0,0,0,0,0,0,62,0,68,0,0,0,0,0,0,0,162,86,33,0,0,0,0,0,0,0,0,0,0,0,0
"ASV201","Bacteria","Actinomycetota","Actinobacteria","Frankiales","Sporichthyaceae","Candidatus Planktophila",0,0,0,135,52,0,0,0,0,0,0,0,0,0,0,0,0,0,0,0,0,0,60,0,0,0,0,0,0,0,0,0,0,0,0,0,0,0,44,0,0,1024,221,0,0,0,0,7,0,0,0,0,0,0,0,0,0,0,0,0,223,0,26,0,0,0,0,0,0,0,0,0,0,0,0,0
"ASV202","Bacteria","Chlamydiota","Chlamydiia","Chlamydiales","Parachlamydiaceae","Candidatus Protochlamydia",0,0,0,0,0,0,0,0,0,0,0,0,0,0,0,0,0,0,0,0,0,0,0,0,0,0,0,0,0,0,0,0,0,0,0,0,0,0,0,0,0,45,0,0,0,0,0,0,0,0,0,0,0,0,0,0,0,0,0,0,0,0,0,0,0,0,0,0,0,0,0,0,0,0,0,0
"ASV203","Bacteria","Chlamydiota","Chlamydiia","Chlamydiales","Simkaniaceae","Candidatus Renichlamydia",0,0,0,0,0,0,0,0,0,0,0,0,0,0,0,0,0,0,0,0,0,0,0,0,0,0,0,0,0,0,0,0,0,0,0,0,0,0,0,0,0,0,0,0,0,0,0,0,0,0,0,0,0,0,0,0,0,0,0,0,0,17,0,0,0,0,0,0,0,0,0,0,0,0,0,0
"ASV204","Bacteria","Patescibacteria","Microgenomatia","Candidatus Roizmanbacteria","Candidatus Roizmanbacteria","Candidatus Roizmanbacteria",0,0,0,117,377,243,415,151,0,0,84,393,123,2543,0,125,0,0,45,7,108,194,68,1297,493,1222,102,84,74,946,0,0,0,251,98,459,124,0,0,0,0,0,0,0,0,0,0,0,0,0,0,21,0,0,0,0,0,0,0,0,0,0,0,0,0,0,0,0,0,0,0,0,0,0,0,0
"ASV205","Bacteria","Patescibacteria","Microgenomatia","Candidatus Shapirobacteria","Candidatus Shapirobacteria","Candidatus Shapirobacteria",0,0,0,0,18,0,8,4,0,19,0,47,0,301,32,0,0,0,0,0,11,9,3,0,11,226,63,8,14,26,0,0,12,5,0,0,4,0,0,0,0,0,0,0,0,0,0,0,0,0,0,4,0,0,0,0,0,0,0,0,0,0,0,0,0,0,0,0,0,0,0,0,0,0,0,0
"ASV206","Bacteria","Acidobacteriota","Acidobacteriae","Solibacterales","Solibacteraceae","Candidatus Solibacter",0,0,0,0,0,0,0,0,0,0,0,0,0,0,0,0,0,0,0,0,0,0,0,3,0,0,0,0,0,0,0,0,0,0,0,0,0,0,0,0,0,0,0,0,0,0,0,0,0,0,0,0,0,0,0,0,0,0,0,0,0,0,0,0,0,0,0,0,0,0,0,0,0,0,0,0
"ASV207","Bacteria","Patescibacteria","Parcubacteria","Candidatus Spechtbacteria","Candidatus Spechtbacteria","Candidatus Spechtbacteria",0,0,0,0,0,0,0,0,0,0,0,0,0,0,0,0,0,0,0,0,0,0,0,0,0,0,0,0,0,0,0,0,0,0,0,0,0,0,0,0,0,0,0,0,0,0,0,0,0,0,0,42,0,0,0,0,0,0,0,0,0,0,0,0,0,0,0,0,0,0,0,0,0,0,0,0
"ASV208","Bacteria","Patescibacteria","Parcubacteria","Candidatus Staskawiczbacteria","Candidatus Staskawiczbacteria","Candidatus Staskawiczbacteria",0,0,0,0,0,0,0,0,0,0,0,0,0,0,0,0,0,0,0,0,0,0,0,0,0,0,0,0,0,0,0,0,0,0,0,0,0,0,0,0,0,8,8,0,0,0,0,0,0,0,0,57,0,0,0,0,0,0,0,0,0,36,33,0,0,0,0,0,0,0,0,0,0,0,0,0
"ASV209","Bacteria","Pseudomonadota","Gammaproteobacteria","Burkholderiales","Comamonadaceae","Candidatus Symbiobacter",0,0,0,0,0,0,0,0,0,0,0,0,0,0,0,0,0,0,0,0,67,38,0,0,0,0,0,82,78,0,0,0,0,0,0,0,0,0,0,0,0,0,0,0,0,0,0,0,0,0,0,0,0,0,0,0,0,0,0,0,0,0,0,0,0,0,0,0,0,0,0,0,0,0,0,0
"ASV210","Bacteria","Pseudomonadota","Gammaproteobacteria","Tenderiales","Tenderiaceae","Candidatus Tenderia",0,0,240,0,0,0,0,0,0,0,0,0,0,0,0,0,0,0,0,0,0,0,0,160,0,0,0,0,0,0,0,0,0,0,0,0,3,0,0,0,115,0,0,0,0,0,0,0,0,0,0,0,0,0,0,0,0,0,0,0,0,153,0,0,0,0,0,0,0,0,0,0,0,0,0,0
"ASV211","Bacteria","Patescibacteria","Parcubacteria","Candidatus Terrybacteria","Candidatus Terrybacteria","Candidatus Terrybacteria",0,0,0,0,0,0,0,0,0,0,0,0,0,0,0,0,0,0,0,0,0,0,0,0,0,0,0,0,0,0,0,0,0,0,0,0,0,0,0,0,0,0,0,0,0,0,0,0,0,0,0,0,0,0,0,0,0,0,0,0,0,0,2,0,0,0,0,0,0,0,0,0,0,0,0,0
"ASV212","Bacteria","Patescibacteria","ABY1","Candidatus Uhrbacteria","Candidatus Uhrbacteria","Candidatus Uhrbacteria",0,0,0,0,0,0,0,0,0,0,0,0,0,0,0,0,0,0,0,0,0,0,0,0,0,0,0,0,0,0,0,0,0,0,0,0,0,0,0,0,0,0,0,0,0,0,0,0,0,0,0,37,0,0,0,0,0,0,0,0,0,0,0,0,0,0,0,0,0,0,0,0,0,0,0,0
"ASV213","Bacteria","Patescibacteria","Parcubacteria","Candidatus Vogelbacteria","Candidatus Vogelbacteria","Candidatus Vogelbacteria",0,0,0,0,0,0,0,0,0,0,0,0,0,0,0,0,0,0,0,0,0,0,0,0,0,0,0,0,0,0,0,0,0,0,0,0,0,0,0,0,0,0,0,0,0,0,0,0,0,0,0,58,0,0,0,0,0,0,0,0,0,0,0,0,0,0,0,0,0,0,0,0,0,0,0,0
"ASV214","Bacteria","Patescibacteria","Microgenomatia","Candidatus Woesebacteria","Candidatus Woesebacteria","Candidatus Woesebacteria",0,0,0,0,11,31,0,16,0,0,0,51,0,38,0,44,0,0,0,0,4,40,3,362,158,109,0,0,0,7,0,0,0,63,2,0,0,0,0,0,0,0,0,0,0,0,0,0,0,0,0,18,0,0,0,0,0,0,0,0,0,8,0,0,0,0,0,0,0,0,0,0,0,0,0,0
"ASV215","Bacteria","Patescibacteria","Parcubacteria","Candidatus Wolfebacteria","Candidatus Wolfebacteria","Candidatus Wolfebacteria",0,0,0,0,0,0,0,0,0,0,0,0,0,0,0,0,0,0,0,0,0,0,0,0,0,0,0,0,0,0,0,0,0,0,0,0,0,0,0,0,0,0,0,0,0,0,0,0,9,0,0,0,0,0,0,0,0,0,0,0,0,0,0,0,0,0,0,0,0,0,0,0,0,0,0,0
"ASV216","Bacteria","Patescibacteria","Microgenomatia","Candidatus Woykebacteria","Candidatus Woykebacteria","Candidatus Woykebacteria",0,0,0,0,0,0,0,0,0,0,0,0,0,91,0,0,0,0,0,0,0,0,0,19,0,0,0,0,0,21,0,0,0,0,0,0,0,0,0,0,0,0,0,0,0,0,0,0,0,5,0,240,0,0,0,0,0,0,0,0,7,0,0,0,0,0,0,0,0,0,0,0,0,0,0,0
"ASV217","Bacteria","Patescibacteria","Parcubacteria","Candidatus Yanofskybacteria","Candidatus Yanofskybacteria","Candidatus Yanofskybacteria",0,0,0,0,0,0,0,0,0,0,0,0,0,5,0,0,0,0,0,0,0,0,0,0,0,0,0,0,0,0,0,0,0,0,0,0,0,0,0,0,0,0,0,0,0,0,0,0,0,17,0,167,0,15,0,0,0,0,0,6,0,16,46,219,0,0,0,0,0,0,0,5,0,0,0,0
"ASV218","Bacteria","Pseudomonadota","Alphaproteobacteria","Caulobacterales","Caulobacteraceae","Caulobacter",152,0,0,16,17,4,339,0,0,0,0,45,11,0,14,146,0,0,0,594,99,179,67,406,0,0,44,24,163,305,0,0,0,0,1158,6,0,0,0,0,0,22,48,0,69,0,0,0,0,0,0,0,0,67,46,0,0,77,0,89,0,64,0,0,0,0,57,26,0,0,0,0,119,0,0,0
"ASV219","Bacteria","Pseudomonadota","Alphaproteobacteria","Caulobacterales","Caulobacteraceae","Caulobacteraceae",0,0,0,0,0,0,0,0,0,0,0,0,0,7,0,0,0,0,0,0,62,51,28,0,0,0,0,69,104,0,0,0,0,0,0,0,0,0,0,0,0,0,0,0,32,0,0,0,0,0,0,0,0,0,49,0,0,0,0,86,8,116,0,0,0,0,0,0,0,0,0,20,0,0,0,0
"ASV220","Bacteria","Pseudomonadota","Gammaproteobacteria","Pseudomonadales","Moraxellaceae","Cavicella",0,0,0,0,0,0,0,0,0,0,0,0,0,0,0,0,0,0,0,0,0,0,0,0,0,0,0,0,0,20,0,0,0,0,0,0,0,0,61,0,0,0,0,21,0,0,0,0,0,0,0,0,0,0,16,0,0,0,0,0,0,6,0,0,0,0,11,0,0,0,0,0,0,0,0,0
"ASV221","Bacteria","Bacillota","Clostridia","Lachnospirales","Lachnospiraceae","Cellulosilyticum",0,0,0,0,0,0,0,0,0,0,0,0,0,0,0,0,0,0,0,0,0,0,0,0,0,0,0,0,0,0,0,0,0,0,0,0,0,0,0,0,0,0,0,0,0,0,0,3,0,0,0,0,0,0,0,0,0,0,0,0,0,0,0,0,0,0,0,0,0,0,0,0,0,0,0,0
"ASV222","Bacteria","Pseudomonadota","Gammaproteobacteria","Pseudomonadales","Cellvibrionaceae","Cellvibrio",0,0,5,0,0,15,0,0,0,0,0,0,0,0,0,0,0,0,0,0,0,0,0,4,0,0,0,0,0,37,0,0,0,0,0,0,0,0,0,0,66,10,0,93,0,0,0,0,0,0,0,0,0,0,0,0,0,0,0,0,0,123,0,0,0,0,0,120,0,0,0,0,0,0,0,0
"ASV223","Bacteria","Verrucomicrobiota","Verrucomicrobiia","Opitutales","Opitutaceae","Cephaloticoccus",0,0,0,0,0,0,0,0,0,13,0,0,0,0,0,0,0,0,0,0,0,0,0,0,0,0,0,0,0,0,0,0,0,7,0,0,0,0,0,0,0,0,0,0,0,0,0,0,0,0,0,0,0,0,0,0,0,0,0,0,0,0,0,0,0,0,0,0,0,0,0,0,0,0,2,0
"ASV224","Bacteria","Pseudomonadota","Alphaproteobacteria","Hyphomicrobiales","Rhizobiaceae","Chelativorans",0,0,0,0,0,0,0,0,0,0,0,0,0,0,0,0,0,0,0,0,29,0,0,0,0,0,0,22,27,0,0,0,0,0,0,0,0,0,21,0,0,0,0,0,0,0,0,0,0,0,0,12,0,0,0,0,0,0,0,0,0,0,0,0,0,0,0,0,0,0,0,0,0,0,0,0
"ASV225","Bacteria","Fibrobacterota","Chitinivibrionia","Chitinivibrionia","Chitinivibrionia","Chitinivibrionia",0,0,0,0,0,0,0,0,0,0,0,0,0,0,0,0,0,0,0,0,0,0,0,0,0,0,0,0,0,0,0,0,0,0,0,15,0,0,0,0,0,0,0,0,0,0,0,0,0,0,0,0,0,0,0,0,0,0,0,0,5,0,0,0,0,0,0,0,0,0,0,0,0,0,0,0
"ASV226","Bacteria","Bacteroidota","Bacteroidia","Chitinophagales","Chitinophagaceae","Chitinophagaceae",6,0,0,0,2,0,0,0,0,0,0,0,0,0,0,0,0,0,0,0,0,0,0,99,0,0,0,0,0,0,0,0,0,0,0,0,0,0,0,0,0,0,13,0,0,0,0,0,0,0,0,0,0,0,0,0,0,0,0,0,0,0,0,0,0,0,0,0,0,0,0,0,0,0,0,0
"ASV227","Bacteria","Bacteroidota","Bacteroidia","Chitinophagales","Chitinophagales","Chitinophagales",0,0,0,0,0,0,0,0,0,0,0,0,0,0,0,0,0,0,0,0,0,0,0,3,0,0,0,0,0,0,0,0,0,0,0,0,0,0,0,0,0,0,0,0,0,0,0,0,0,0,0,0,0,0,0,0,0,0,0,0,0,0,0,0,0,0,0,0,0,0,0,0,0,0,0,0
"ASV228","Bacteria","Chlamydiota","Chlamydiia","Chlamydiales","Chlamydiaceae","Chlamydiaceae",0,0,0,0,0,0,0,0,0,0,0,0,0,14,0,0,0,0,0,0,0,0,0,3,0,0,0,0,0,0,0,0,0,0,0,0,0,0,0,0,0,0,0,0,0,0,0,0,0,0,0,0,0,0,0,0,0,0,0,0,0,0,0,0,0,0,0,0,0,0,0,0,0,0,0,0
"ASV229","Bacteria","Chlamydiota","Chlamydiia","Chlamydiales","Chlamydiales","Chlamydiales",0,0,0,0,0,0,0,0,0,0,0,0,0,0,0,0,0,0,0,0,0,0,0,0,0,0,0,0,0,0,0,0,0,0,0,0,0,0,0,0,0,0,0,0,0,0,0,0,0,3,0,0,0,0,0,0,0,0,0,0,0,14,0,0,0,0,0,0,0,0,0,0,0,0,0,0
"ASV230","Bacteria","Chlamydiota","Chlamydiia","Chlamydiia","Chlamydiia","Chlamydiia",0,0,0,0,0,0,0,0,0,0,0,0,0,0,0,0,0,0,0,0,0,0,0,0,0,2,0,0,0,0,0,0,0,0,0,0,0,0,0,0,0,0,0,0,0,0,0,0,0,0,0,0,0,0,0,0,0,0,0,0,0,0,0,0,0,0,0,0,0,0,0,0,0,0,0,0
"ASV231","Bacteria","Chloroflexota","Chloroflexota","Chloroflexota","Chloroflexota","Chloroflexota",0,0,0,0,0,73,0,0,0,0,0,50,0,136,0,0,0,0,0,0,0,6,0,0,126,17,0,0,0,10,0,0,0,164,0,4,0,0,0,0,0,8,0,50,0,0,0,0,0,48,0,423,0,0,0,0,0,0,0,0,0,0,120,16,0,0,0,0,0,0,0,43,0,0,0,0
"ASV232","Bacteria","Cyanobacteriota","Cyanobacteriia","Chloroplast","Chloroplast","Chloroplast",0,0,0,0,0,0,0,0,0,0,0,0,3,0,0,0,7,7,0,0,0,0,0,4,0,0,0,0,0,0,0,0,0,0,0,0,0,4,0,0,0,0,0,0,0,0,0,0,0,0,12,11,0,0,23,30,0,0,0,0,0,11,0,0,0,0,0,0,0,0,0,0,0,0,0,0
"ASV233","Bacteria","Bacillota","Clostridia","Christensenellales","Christensenellaceae","Christensenellaceae",0,0,0,0,0,0,0,0,0,0,0,115,0,0,0,0,0,0,0,0,2,0,0,0,0,0,0,0,0,0,0,0,0,0,0,0,6,0,13,0,0,0,0,0,0,0,0,0,0,41,0,0,0,0,23,64,0,0,0,0,0,0,0,0,0,0,0,0,0,0,0,0,0,51,13,0
"ASV234","Bacteria","Bacillota","Clostridia","Christensenellales","Christensenellaceae","Christensenellaceae R-7 group",7,0,0,0,0,0,0,27,0,0,0,0,0,0,0,0,11,40,0,0,12,0,0,0,0,7,7,12,10,0,5,2,0,0,5,127,30,0,0,0,0,0,0,0,0,0,0,0,0,0,0,0,0,0,0,0,0,0,0,0,0,0,0,0,0,0,0,0,0,0,6,0,0,0,29,0
"ASV235","Bacteria","Actinomycetota","Actinobacteria","Micrococcales","Microbacteriaceae","Chryseoglobus",21,0,0,0,0,0,0,0,0,0,0,0,0,0,0,0,0,0,0,0,0,0,0,0,0,0,0,0,0,0,0,0,0,0,0,0,0,0,0,0,0,0,0,0,0,0,0,0,0,0,0,0,0,0,0,0,0,0,0,0,0,0,0,0,0,0,0,0,0,0,0,0,0,0,0,0
"ASV236","Bacteria","Bacillota","Bacilli","Bacillales","Planococcaceae","Chryseomicrobium",0,0,0,0,0,0,0,0,0,0,0,0,0,0,0,0,0,0,0,0,0,0,0,1,0,0,0,0,0,0,0,0,0,0,0,0,0,0,0,0,0,0,0,0,0,0,0,0,0,0,0,0,0,0,0,0,0,0,0,0,0,0,0,0,0,0,0,0,0,0,0,0,0,0,0,0
"ASV237","Bacteria","Bacteroidota","Bacteroidia","Cytophagales","Microscillaceae","Chryseotalea",0,0,0,7,0,0,0,0,0,0,0,0,0,0,0,0,0,0,0,0,0,0,0,0,0,0,0,0,0,0,0,0,0,0,0,0,0,0,0,0,0,73,0,0,0,0,0,0,0,0,0,0,0,0,0,0,0,0,0,0,0,0,0,0,0,0,0,0,0,0,0,0,0,0,0,0
"ASV238","Bacteria","Armatimonadota","Chthonomonadia","Chthonomonadales","Chthonomonadales","Chthonomonadales",0,0,0,0,0,0,0,0,0,0,0,0,0,0,0,0,0,0,0,0,0,0,0,11,96,4,0,0,0,0,0,0,0,0,0,0,0,0,0,0,0,0,0,0,0,0,0,0,0,0,0,0,0,0,0,0,0,0,0,0,0,0,0,0,0,0,0,0,0,0,0,0,0,0,0,0
"ASV239","Bacteria","Bacteroidota","Bacteroidia","Flavobacteriales","Flavobacteriaceae","Citreitalea",0,0,0,0,0,0,0,0,0,0,0,0,0,0,0,0,0,0,0,0,0,0,0,0,0,0,0,0,0,0,0,0,0,0,0,0,0,0,0,5,0,0,0,0,0,0,0,0,0,0,0,0,0,0,0,0,0,0,0,0,0,0,0,0,0,0,0,0,0,0,0,0,0,0,0,0
"ASV240","Bacteria","Cloacimonadota","Cloacimonadia","Cloacimonadales","Cloacimonadaceae","Cloacimonadaceae",0,0,0,0,0,0,4,0,0,0,0,0,0,0,32,0,0,0,0,0,0,0,0,0,0,0,0,0,0,0,0,0,0,0,0,14,0,0,0,0,0,0,0,0,0,0,0,0,0,0,0,0,33,0,0,0,0,0,0,0,0,0,0,0,0,0,0,0,0,0,0,0,0,19,0,0
"ASV241","Bacteria","Bacillota","Clostridia","Clostridia","Clostridia","Clostridia",0,0,0,0,0,0,0,0,0,0,0,0,0,0,0,0,0,0,0,0,0,0,0,0,0,0,0,0,0,0,0,0,0,0,0,0,0,0,0,0,0,0,0,0,0,0,0,0,0,0,0,0,0,0,0,0,0,0,0,0,0,0,0,39,0,0,0,0,0,0,0,0,0,0,0,0
"ASV242","Bacteria","Bacillota","Clostridia","Clostridiales","Clostridiaceae","Clostridiaceae",0,0,0,0,0,0,0,0,0,0,0,0,0,0,0,0,0,0,0,0,0,0,0,0,0,0,0,0,0,0,0,0,0,0,0,0,0,0,0,0,0,0,0,0,0,0,0,0,0,0,0,0,0,0,0,0,0,0,0,0,0,29,0,0,0,0,0,0,0,0,0,0,0,0,0,0
"ASV243","Bacteria","Bacillota","Clostridia","Clostridiales","Clostridiaceae","Clostridium",0,18,0,24,0,0,0,12,0,83,4,53,0,0,0,0,0,0,0,0,0,0,0,32,0,0,0,0,7,0,0,0,0,105,11,23,0,0,0,0,0,30,0,0,0,0,0,61,0,38,0,0,0,0,0,0,0,0,0,0,0,0,0,0,0,0,0,0,0,0,8,72,0,11,0,0
"ASV244","Bacteria","Pseudomonadota","Gammaproteobacteria","Burkholderiales","Oxalobacteraceae","Collimonas",0,0,0,46,0,0,0,0,0,0,0,0,0,0,0,0,0,0,0,0,0,0,0,78,0,0,0,0,0,0,0,0,0,0,0,0,0,0,0,0,0,0,0,0,0,0,0,0,0,0,0,0,0,0,0,0,0,0,0,0,0,0,0,0,0,0,0,0,0,0,0,0,0,0,0,0
"ASV245","Bacteria","Pseudomonadota","Gammaproteobacteria","Enterobacterales","Colwelliaceae","Colwellia",0,0,0,14,0,0,0,0,0,0,0,0,0,0,0,0,0,0,0,0,0,0,0,0,0,0,0,0,0,0,0,0,0,0,0,0,0,0,0,0,0,0,0,0,0,0,0,0,0,0,0,0,0,0,0,0,0,0,0,0,0,0,0,0,0,0,0,6,0,0,9,0,0,0,0,0
"ASV246","Bacteria","Pseudomonadota","Gammaproteobacteria","Burkholderiales","Comamonadaceae","Comamonadaceae",13,0,5,0,31,2,317,27,851,56,0,18,0,0,486,0,0,0,76,39,65,60,13,46,0,0,54,164,50,74,39,0,0,14,50,565,0,0,0,24,234,0,0,1,0,0,0,0,0,167,0,0,0,43,1,0,0,0,35,160,61,54,43,19,34,30,19,24,0,0,0,6,0,180,35,0
"ASV247","Bacteria","Actinomycetota","Actinobacteria","Micrococcales","Microbacteriaceae","Conyzicola",0,0,0,0,0,0,0,0,0,0,0,0,0,0,0,0,0,0,0,0,0,0,0,0,0,0,0,0,0,0,0,0,0,0,0,8,0,0,0,0,0,0,0,0,0,0,0,0,0,0,0,0,0,0,0,0,0,0,0,0,0,0,0,0,0,0,0,0,0,0,0,0,0,0,0,0
"ASV248","Bacteria","Actinomycetota","Coriobacteriia","Coriobacteriia","Coriobacteriia","Coriobacteriia",0,0,0,0,0,0,0,0,0,0,0,0,0,0,0,0,0,0,0,0,0,0,0,0,0,0,0,0,0,0,0,0,0,0,0,0,0,0,0,0,0,0,0,0,0,0,0,0,0,0,2,0,0,0,0,0,0,0,0,0,0,0,0,0,0,0,0,0,0,0,0,0,0,6,0,0
"ASV249","Bacteria","Pseudomonadota","Gammaproteobacteria","Coxiellales","Coxiellaceae","Coxiella",0,0,0,0,0,0,4882,0,0,0,0,0,0,0,2,0,0,0,0,0,0,0,8,29,0,0,0,0,0,4,0,0,0,0,0,0,0,0,0,0,0,0,8,0,5381,0,0,0,0,0,0,0,17,0,0,0,0,0,0,0,5,14,0,0,0,0,0,0,0,0,0,0,0,0,0,0
"ASV250","Bacteria","Pseudomonadota","Gammaproteobacteria","Methylococcales","Methylomonadaceae","Crenothrix",0,0,0,0,0,0,0,0,1330,0,77,0,0,0,272,0,0,0,1040,0,0,0,0,0,0,0,0,0,0,0,30,0,0,0,0,0,0,0,0,0,0,0,0,0,152,0,3651,0,2658,0,0,0,3726,0,0,0,5182,0,12,343,206,35,0,0,0,25,16,0,112,0,0,0,0,0,0,0
"ASV251","Bacteria","Bacteroidota","Bacteroidia","Flavobacteriales","Crocinitomicaceae","Crocinitomicaceae",0,0,0,0,0,0,10,0,0,0,0,0,0,0,0,0,0,0,0,0,0,0,0,0,0,0,0,0,0,0,0,0,0,0,0,0,0,0,0,0,0,0,0,0,0,0,0,0,0,0,0,0,0,0,0,0,0,0,0,0,0,0,0,0,0,0,0,0,0,0,0,0,0,0,0,0
"ASV252","Bacteria","Bacteroidota","Bacteroidia","Flavobacteriales","Cryomorphaceae","Cryomorphaceae",0,0,0,0,0,0,0,0,0,0,0,0,0,0,0,0,0,0,0,0,0,0,0,3,0,0,0,0,0,0,0,0,0,0,0,0,0,0,0,0,0,0,0,0,18,0,0,0,0,0,0,0,0,0,0,0,6,0,0,0,0,0,0,0,0,0,0,0,0,0,0,0,0,0,0,0
"ASV253","Bacteria","Pseudomonadota","Gammaproteobacteria","Burkholderiales","Comamonadaceae","Curvibacter",10,0,0,95,0,0,0,0,0,7,0,76,0,0,0,0,250,146,0,0,0,0,0,0,0,0,0,0,0,0,9,0,0,0,0,0,0,0,0,0,0,907,0,0,53,0,0,0,0,175,0,0,0,0,3615,0,0,0,0,0,38,13,0,0,0,0,0,0,0,0,0,0,0,0,35,0
"ASV254","Bacteria","Cyanobacteriota","Cyanobacteriia","Cyanobacteriia","Cyanobacteriia","Cyanobacteriia",0,0,12,0,0,0,0,0,0,0,0,24,0,0,0,0,0,0,0,0,0,0,0,0,0,7,0,0,0,0,0,0,0,0,0,0,0,0,0,0,0,0,0,0,0,0,0,0,0,0,0,0,0,0,0,0,0,0,0,0,0,0,0,0,0,0,0,0,0,0,0,0,0,0,0,0
"ASV255","Bacteria","Pseudomonadota","Alphaproteobacteria","Rhodobacterales","Paracoccaceae","Cypionkella",0,20,29,282,0,0,30,221,0,19,0,0,0,62,0,18,0,0,134,0,0,16,455,58,0,0,0,10,23,132,0,0,0,0,14,0,174,0,0,91,247,503,54,0,30,73,12,12,0,34,0,3923,0,32,0,0,66,0,14,0,355,28,18,29,96,21,17,142,0,0,4007,105,81,0,300,78
"ASV256","Bacteria","Bacillota","D8A-2","D8A-2","D8A-2","D8A-2",0,0,9,0,0,0,0,0,0,0,0,33,0,0,0,0,0,0,0,0,0,0,0,0,0,8,0,0,0,0,0,0,0,0,0,0,0,0,0,0,6,0,0,0,0,0,0,0,0,66,0,0,0,0,0,0,0,0,0,0,0,0,0,34,0,0,0,0,0,0,0,0,0,0,0,0
"ASV257","Bacteria","Planctomycetota","Phycisphaerae","DG-20","DG-20","DG-20",0,0,0,0,0,0,0,0,0,0,0,2,0,0,0,0,0,0,0,0,0,0,0,0,0,21,0,0,0,0,0,0,0,0,0,0,0,0,0,0,0,0,0,0,0,0,0,0,0,0,0,0,0,0,0,0,0,0,0,0,0,0,0,8,0,0,0,0,0,0,0,0,0,0,0,0
"ASV258","Bacteria","Armatimonadota","DG-56","DG-56","DG-56","DG-56",0,0,0,0,0,0,0,0,0,0,0,2,0,0,0,0,0,0,0,0,0,0,0,0,0,0,0,0,0,0,0,0,0,0,0,0,0,0,0,0,0,0,0,0,0,0,0,0,0,0,0,0,0,0,0,0,0,0,0,0,0,0,0,8,0,0,0,0,0,0,0,0,0,0,0,0
"ASV259","Bacteria","DTB120","DTB120","DTB120","DTB120","DTB120",0,0,0,0,0,25,0,0,0,0,0,0,0,83,0,0,0,0,0,0,0,0,0,0,8,0,0,0,0,21,0,0,0,0,0,0,0,0,0,0,0,0,0,23,0,0,0,0,0,0,0,140,0,0,0,0,0,0,0,0,0,0,7,0,0,0,0,0,0,0,0,0,0,0,0,0
"ASV260","Bacteria","Pseudomonadota","Alphaproteobacteria","Hyphomicrobiales","Rhizobiaceae","Daeguia",0,0,0,0,0,0,0,0,0,0,0,0,0,0,0,0,0,0,0,0,0,0,0,0,0,0,0,0,2,0,0,0,0,0,0,0,0,0,0,0,0,0,0,0,0,0,0,0,0,0,0,0,0,0,0,0,0,0,0,0,0,0,0,0,0,0,0,0,0,0,0,0,0,0,0,0
"ASV261","Bacteria","Bacteroidota","Bacteroidia","Sphingobacteriales","Sphingobacteriaceae","Daejeonella",150,0,0,27,80,12,0,0,0,431,0,0,0,15,0,75,39,125,0,0,0,0,8,0,0,0,7,1,0,19,0,0,2,0,6,0,36,0,124,0,0,98,141,0,0,0,0,634,0,9,0,16,0,115,56,166,0,0,0,0,0,0,0,0,0,0,0,0,0,0,0,0,0,0,76,0
"ASV262","Bacteria","Pseudomonadota","Gammaproteobacteria","Burkholderiales","Rhodocyclaceae","Dechloromonas",0,0,0,0,0,0,0,0,0,11,0,0,0,0,0,0,0,12,0,0,0,0,0,0,0,0,0,0,0,0,0,0,0,0,0,0,8,0,0,0,0,0,0,0,0,0,0,39,0,0,0,0,0,0,58,353,0,0,0,0,0,0,0,0,0,0,0,0,0,0,1,0,0,0,35,0
"ASV263","Archaea","Aenigmarchaeota","Deep Sea Euryarchaeotic Group(DSEG)","Deep Sea Euryarchaeotic Group(DSEG)","Deep Sea Euryarchaeotic Group(DSEG)","Deep Sea Euryarchaeotic Group(DSEG)",0,0,0,0,7,99,0,0,0,0,0,0,20,0,0,26,0,0,0,0,0,0,0,0,0,0,0,0,0,0,0,0,0,0,0,0,0,0,0,0,0,0,0,0,0,0,0,0,0,0,0,0,0,0,0,0,0,0,0,0,0,0,0,0,0,0,0,0,0,0,0,0,0,0,0,0
"ASV264","Bacteria","Deferrisomatota","Deferrisomatia","Deferrisomatales","Deferrisomataceae","Deferrisoma",0,0,0,0,0,0,0,2,0,0,0,0,0,0,0,0,0,0,0,0,0,0,0,0,0,0,7,0,0,12,0,0,0,0,0,0,0,0,0,0,0,0,0,0,0,0,0,0,0,0,0,0,0,0,0,0,0,0,0,0,0,0,0,0,0,0,0,0,0,0,0,0,0,0,0,0
"ASV265","Bacteria","Chloroflexota","Dehalococcoidia","Dehalococcoidales","Dehalococcoidales","Dehalococcoidales",0,0,6,0,0,0,0,0,0,0,0,91,0,0,0,0,0,0,0,0,17,72,10,0,0,66,37,29,13,0,0,0,0,133,0,79,4,0,0,0,0,0,0,5,0,0,0,0,0,6,0,0,0,0,0,0,0,0,0,0,0,0,0,5,4,0,0,0,0,0,0,24,0,12,17,0
"ASV266","Bacteria","Chloroflexota","Dehalococcoidia","Dehalococcoidia","Dehalococcoidia","Dehalococcoidia",5,0,3,14,0,213,0,8,0,2,0,225,0,299,4,0,0,0,0,0,34,314,111,0,144,191,288,15,27,43,0,0,0,1782,19,433,4,0,0,0,0,12,0,26,0,0,0,0,0,151,0,138,0,0,2,0,0,0,0,54,55,0,144,145,28,0,6,0,0,0,0,650,0,304,34,0
"ASV267","Bacteria","Actinomycetota","Actinobacteria","Micrococcales","Demequinaceae","Demequina",0,0,0,0,0,0,0,0,0,0,0,0,0,0,31,0,0,0,0,0,0,0,0,0,0,0,0,0,0,0,0,0,0,0,0,0,0,0,0,0,0,0,0,0,0,0,0,0,0,0,0,30,22,0,0,0,0,0,0,0,0,0,0,0,0,0,0,0,0,0,0,0,0,0,0,0
"ASV268","Bacteria","Pseudomonadota","Gammaproteobacteria","Burkholderiales","Rhodocyclaceae","Denitratisoma",0,0,0,0,0,0,5,0,0,0,0,0,0,0,0,0,0,0,0,0,0,0,0,0,0,0,0,0,0,0,0,0,0,0,0,0,0,0,0,0,0,0,0,0,36,0,0,0,0,0,0,0,0,0,0,0,0,0,0,0,0,0,0,0,0,0,0,0,0,0,0,0,0,0,0,0
"ASV269","Bacteria","Desantisbacteria","Desantisbacteria","Desantisbacteria","Desantisbacteria","Desantisbacteria",0,0,0,0,0,0,0,0,0,0,0,0,0,0,0,0,0,0,0,0,0,0,0,0,0,0,0,0,0,0,0,0,0,3,0,0,0,0,0,0,0,0,0,0,0,0,0,0,0,0,0,0,0,0,0,0,0,0,0,0,0,0,0,0,0,0,0,0,0,0,0,0,0,0,0,0
"ASV270","Bacteria","Thermodesulfobacteriota","Desulfobacteria","Desulfobacterales","Desulfatibacillaceae","Desulfatibacillaceae",0,0,0,0,0,0,0,0,0,0,0,0,0,0,0,0,0,0,0,0,6,0,0,0,0,0,6,18,13,0,0,0,0,0,0,0,0,0,0,0,0,0,0,0,0,0,0,0,0,0,0,0,0,0,0,0,0,0,0,0,0,0,0,0,0,0,0,0,0,0,0,0,0,0,0,0
"ASV271","Bacteria","Thermodesulfobacteriota","Desulfobacteria","Desulfobacterales","Desulfobacteraceae","Desulfatiferula",0,0,0,0,0,0,0,0,0,0,0,0,0,0,0,0,0,0,0,0,0,0,0,0,0,0,0,0,0,16,0,0,0,0,0,0,0,0,0,0,0,0,0,0,0,0,0,0,0,0,0,0,0,0,0,0,0,0,0,0,0,0,0,0,0,0,0,0,0,0,0,0,0,0,0,0
"ASV272","Bacteria","Thermodesulfobacteriota","Desulfobacteria","Desulfobacterales","Desulfatirhabdiaceae","Desulfatirhabdiaceae",0,0,0,0,0,0,0,0,0,0,0,0,0,0,0,0,0,0,0,0,0,0,0,0,0,0,0,0,0,0,0,0,0,0,0,0,0,0,0,0,0,0,0,0,10,0,0,0,0,0,0,0,0,0,9,0,0,0,0,0,0,0,0,0,0,0,0,0,0,0,0,0,0,0,0,0
"ASV273","Bacteria","Thermodesulfobacteriota","Desulfobacteria","Desulfobacterales","Desulfatirhabdiaceae","Desulfatirhabdium",0,0,69,0,0,0,20,131,0,10,0,32,6,0,8,0,9,0,0,0,5,0,0,0,0,0,78,0,0,0,10,0,0,18,26,78,50,0,0,0,81,29,0,0,0,34,0,13,0,40,18,0,0,0,0,0,0,0,0,0,0,0,11,0,52,0,3,0,0,0,0,22,10,64,94,0
"ASV274","Bacteria","Thermodesulfobacteriota","Desulfobacteria","Desulfobacterales","Desulfosarcinaceae","Desulfatitalea",0,0,0,0,0,0,0,0,0,0,0,0,0,0,0,0,0,0,0,0,0,0,0,0,0,0,0,0,0,0,0,0,0,0,0,43,0,0,0,0,0,0,0,0,0,0,0,0,0,0,0,0,0,0,0,0,0,0,0,0,0,0,0,0,0,0,0,0,0,0,0,0,0,51,0,0
"ASV275","Bacteria","Bacillota","Moorellia","Desulfitibacterales","Desulfitibacteraceae","Desulfitibacter",0,0,0,0,0,0,0,0,0,0,0,0,0,0,0,0,0,0,0,0,0,0,0,0,0,0,0,0,0,0,0,0,0,0,0,0,0,0,0,0,0,0,0,0,0,0,0,0,0,0,0,10,0,0,0,0,0,0,0,0,0,0,0,0,0,0,0,0,0,0,0,0,0,0,0,0
"ASV276","Bacteria","Bacillota","Clostridia","Peptococcales","Peptococcaceae","Desulfitispora",0,0,0,0,0,0,0,0,0,0,0,0,0,0,0,0,0,0,0,0,0,0,0,0,0,0,0,0,0,0,0,0,0,0,0,0,0,0,0,0,0,0,0,0,0,0,0,0,0,0,0,24,0,0,0,0,0,0,0,0,0,0,0,0,0,0,0,0,0,0,0,0,0,0,0,0
"ASV277","Bacteria","Bacillota","Desulfitobacteriia","Desulfitobacteriales","Desulfitobacteriales","Desulfitobacteriales",0,0,0,0,0,0,0,0,0,0,0,0,0,0,0,0,0,0,0,0,0,0,0,0,0,0,0,0,0,0,0,0,0,0,0,15,0,0,0,0,0,0,0,0,0,0,0,0,0,0,0,0,0,0,0,0,0,0,0,0,0,0,0,0,0,0,0,0,0,0,0,0,0,0,0,0
"ASV278","Bacteria","Thermodesulfobacteriota","Desulfobaccia","Desulfobaccales","Desulfobaccaceae","Desulfobacca",0,0,0,14,19,0,0,0,0,90,10,8,0,0,0,0,0,0,0,0,9,0,4,0,0,121,15,11,12,0,0,0,8,9,32,63,21,0,0,0,0,60,51,0,0,0,0,110,5,13,0,0,0,0,0,0,0,0,0,6,0,0,0,105,0,0,0,0,0,0,40,7,0,68,35,0
"ASV279","Bacteria","Thermodesulfobacteriota","Desulfobacteria","Desulfobacterales","Desulfobacteraceae","Desulfobacteraceae",0,0,0,0,0,0,0,0,0,0,0,3,0,0,0,0,0,5,0,0,17,6,5,0,0,0,65,34,22,0,0,0,0,0,0,0,0,0,0,0,0,0,0,0,0,0,0,0,0,0,0,0,0,0,16,9,0,0,9,0,0,0,0,0,30,0,0,0,0,0,0,0,0,0,0,0
"ASV280","Bacteria","Thermodesulfobacteriota","Desulfobacteria","Desulfobacterales","Desulfobacterales","Desulfobacterales",0,0,0,0,0,0,0,0,0,0,0,0,0,7,0,0,0,0,0,0,0,0,4,0,0,70,27,0,0,0,0,0,0,19,0,12,0,0,0,0,0,9,9,0,0,0,0,0,0,0,0,22,0,0,0,0,0,0,0,0,14,0,11,44,48,0,0,8,0,0,0,21,0,21,0,0
"ASV281","Bacteria","Thermodesulfobacteriota","Desulfobacteria","Desulfobacterales","Desulfobacteraceae","Desulfobacula",0,0,0,0,0,0,0,0,0,0,0,0,0,0,0,0,0,0,0,0,0,0,0,0,0,0,0,0,0,0,0,0,0,0,0,0,0,0,0,0,0,0,0,0,0,0,0,0,0,0,0,0,0,0,0,0,0,0,0,0,0,0,0,0,0,0,0,0,0,0,25,0,0,0,0,0
"ASV282","Bacteria","Thermodesulfobacteriota","Desulfobulbia","Desulfobulbales","Desulfobulbaceae","Desulfobulbaceae",0,0,0,25,0,0,0,19,0,0,0,0,0,0,0,0,0,0,0,0,0,0,16,0,0,18,14,0,0,14,0,0,0,9,0,0,0,0,0,0,0,65,0,0,0,0,0,0,0,0,0,0,0,0,0,0,0,0,0,0,14,0,0,18,0,0,0,0,0,0,0,0,0,0,0,0
"ASV283","Bacteria","Thermodesulfobacteriota","Desulfobulbia","Desulfobulbales","Desulfobulbales","Desulfobulbales",0,18,0,0,0,0,0,0,0,0,0,0,7,0,0,0,0,0,0,0,0,0,32,0,0,0,0,10,0,29,0,0,0,0,0,0,5,0,0,0,0,0,0,0,0,0,0,0,0,0,0,0,0,0,0,0,0,0,0,0,53,0,0,0,0,0,0,8,0,0,0,0,0,0,16,0
"ASV284","Bacteria","Thermodesulfobacteriota","Desulfobulbia","Desulfobulbales","Desulfobulbaceae","Desulfobulbus",0,0,0,0,0,0,0,0,0,0,0,0,0,0,4,0,0,7,0,0,0,0,0,0,0,0,0,0,0,0,9,0,0,0,0,0,0,0,0,0,0,0,0,0,0,0,0,0,0,0,0,0,0,0,14,18,0,0,0,0,0,0,0,0,0,0,0,0,0,0,0,0,0,0,6,0
"ASV285","Bacteria","Thermodesulfobacteriota","Desulfobulbia","Desulfobulbales","Desulfocapsaceae","Desulfocapsa",24,0,0,23,0,0,0,628,0,14,0,53,9,0,0,0,25,11,0,0,70,10,0,5,0,0,48,72,59,6,0,6,0,0,11,18,975,0,30,0,5,64,0,0,0,164,0,0,0,60,19,0,0,0,39,0,0,0,15,0,0,0,0,0,49,0,29,0,0,14,0,7,7,0,1504,0
"ASV286","Bacteria","Thermodesulfobacteriota","Desulfobulbia","Desulfobulbales","Desulfocapsaceae","Desulfocapsaceae",0,0,0,0,0,0,0,28,0,0,0,0,0,0,0,0,53,0,0,0,65,0,0,0,0,0,12,81,86,0,0,0,0,0,0,0,0,0,0,0,0,0,0,0,0,0,0,0,0,0,0,0,0,0,97,31,0,0,0,0,0,0,0,0,0,18,31,0,0,0,0,0,0,51,0,0
"ASV287","Bacteria","Thermodesulfobacteriota","Desulfobulbia","Desulfobulbales","Desulfocapsaceae","Desulfocastanea",0,0,0,0,0,0,0,0,0,0,0,0,0,0,0,0,24,14,0,0,29,0,0,0,0,0,70,29,17,6,0,0,0,0,0,0,0,0,0,0,0,0,0,0,0,0,0,0,0,0,0,0,0,0,46,0,0,0,0,0,0,0,0,0,0,0,0,0,0,0,0,0,0,75,0,0
"ASV288","Bacteria","Thermodesulfobacteriota","Desulfobacteria","Desulfobacterales","Desulfobacteraceae","Desulfoconvexum",0,0,0,0,0,0,0,0,0,0,0,0,0,0,0,0,0,0,0,0,0,0,0,0,0,0,0,0,0,0,0,0,7,0,0,0,0,0,0,0,0,0,0,0,0,0,0,0,0,0,0,0,0,0,0,0,0,0,0,0,0,0,0,0,0,0,0,0,0,0,0,0,0,0,0,0
"ASV289","Bacteria","Thermodesulfobacteriota","Desulfobacteria","Desulfobacterales","Desulfolunaceae","Desulfolunaceae",0,0,0,0,0,0,0,0,0,0,0,0,0,0,0,0,0,0,0,0,0,0,0,0,8,0,104,0,0,35,0,0,0,0,0,0,0,0,0,0,0,0,0,0,0,0,0,0,0,0,0,0,0,0,0,0,0,0,0,0,0,0,0,0,0,0,0,0,0,0,0,0,0,0,0,0
"ASV290","Bacteria","Thermodesulfobacteriota","Desulfovibrionia","Desulfovibrionales","Desulfomicrobiaceae","Desulfomicrobium",0,0,0,0,0,0,0,0,0,0,0,0,0,0,0,0,0,0,0,0,0,0,0,0,0,0,0,0,0,0,0,0,0,0,0,0,0,0,29,0,55,0,0,0,0,24,6,0,5,10,0,0,4,0,0,64,0,0,0,0,0,0,0,0,0,0,0,0,11,0,121,0,0,67,27,0
"ASV291","Bacteria","Thermodesulfobacteriota","Desulfomonilia","Desulfomonilales","Desulfomonilaceae","Desulfomonile",0,0,0,0,0,0,0,0,0,0,0,0,0,0,0,0,0,0,0,0,0,0,0,0,0,0,0,0,0,0,0,0,0,0,0,0,0,0,0,0,0,6,0,0,0,0,0,0,0,0,0,0,0,0,0,0,0,0,0,0,0,0,0,0,0,0,0,0,0,0,0,0,0,0,0,0
"ASV292","Bacteria","Thermodesulfobacteriota","Desulfovibrionia","Desulfovibrionales","Desulfonatronaceae","Desulfonatronum",0,0,0,0,0,0,0,0,0,0,0,0,0,0,0,0,0,0,0,0,0,0,0,0,0,0,0,0,0,0,4,0,0,0,0,0,0,0,0,0,0,0,0,0,0,0,0,0,0,0,0,0,0,0,0,0,0,0,0,0,0,0,0,0,0,0,0,0,0,0,0,0,0,0,0,0
"ASV293","Bacteria","Thermodesulfobacteriota","Desulfovibrionia","Desulfovibrionales","Desulfonauticaceae","Desulfonauticaceae",0,0,0,0,0,0,0,5,0,0,0,0,0,0,0,0,0,0,0,0,0,0,0,0,0,0,0,0,0,0,0,0,0,0,0,0,0,0,0,0,0,0,0,0,0,0,0,0,0,0,0,0,0,0,0,0,0,0,0,0,0,0,0,0,0,0,0,0,0,0,0,0,0,0,0,0
"ASV294","Bacteria","Thermodesulfobacteriota","Desulfobulbia","Desulfobulbales","Desulfocapsaceae","Desulfoprunum",0,0,0,0,0,0,0,0,0,0,0,0,0,0,0,0,0,0,0,0,0,0,0,0,0,0,0,0,0,0,0,0,0,0,0,49,0,0,0,0,0,0,0,0,0,0,0,0,0,0,0,0,0,0,0,0,0,0,0,0,0,0,0,0,0,0,0,0,0,0,0,0,0,0,0,0
"ASV295","Bacteria","Thermodesulfobacteriota","Desulfobacteria","Desulfobacterales","Desulforegulaceae","Desulforegula",0,0,0,0,0,0,0,0,0,0,0,0,0,0,0,0,0,0,0,0,0,0,0,0,0,0,0,0,0,0,0,0,0,0,0,0,0,0,0,0,0,0,0,0,0,0,0,0,0,0,0,0,0,0,0,0,0,0,0,0,0,0,0,0,0,0,0,3,0,0,0,0,0,0,0,0
"ASV296","Bacteria","Thermodesulfobacteriota","Desulfobulbia","Desulfobulbales","Desulfocapsaceae","Desulforhopalus",0,0,0,0,0,0,0,0,0,0,0,0,0,0,0,0,0,0,0,0,50,0,0,0,0,0,0,47,35,0,0,0,0,0,0,0,0,0,0,0,0,0,0,0,0,0,0,0,0,0,0,0,0,0,0,0,0,0,19,0,0,0,0,0,0,0,19,0,0,0,0,0,0,0,0,0
"ASV297","Bacteria","Thermodesulfobacteriota","Desulfobacteria","Desulfobacterales","Desulfosarcinaceae","Desulfosarcinaceae",5,0,30,7,0,0,12,14,0,35,0,0,17,0,0,0,0,0,0,0,64,8,0,0,0,66,430,106,75,0,0,0,0,0,0,20,0,0,14,0,25,0,0,0,16,0,0,62,0,0,0,0,0,0,14,0,0,0,0,15,16,0,0,103,212,28,45,0,0,0,0,0,0,18,0,0
"ASV298","Bacteria","Bacillota","Desulfitobacteriia","Desulfitobacteriales","Desulfitobacteriaceae","Desulfosporosinus",0,0,0,48,0,0,0,4,0,0,0,0,13,8,0,0,36,11,0,0,0,8,5,94,0,16,39,20,17,25,11,0,5,0,0,39,0,0,0,0,0,118,0,0,5,0,0,0,0,0,30,18,0,0,59,0,0,0,0,11,34,87,0,25,38,0,0,11,0,0,10,0,0,77,14,0
"ASV299","Bacteria","Thermodesulfobacteriota","Desulfobulbia","Desulfobulbales","Desulfurivibrionaceae","Desulfurivibrio",0,57,16,9,0,0,0,0,9,0,0,0,82,0,0,0,0,0,0,0,10,0,57,0,0,0,226,16,11,0,0,41,0,44,16,19,14,0,34,20,21,0,0,0,7,0,0,0,0,10,85,0,0,0,0,0,0,0,5,0,45,0,0,0,125,0,4,0,0,75,0,38,0,0,29,0
"ASV300","Bacteria","Thermodesulfobacteriota","Desulfobulbia","Desulfobulbales","Desulfurivibrionaceae","Desulfurivibrionaceae",0,0,0,27,0,0,0,0,0,0,0,0,0,0,0,0,0,0,0,0,0,0,0,0,0,0,0,0,0,0,0,0,0,12,0,0,0,0,0,0,0,0,0,0,0,0,0,0,0,0,0,0,0,0,0,0,0,0,0,0,0,0,0,0,0,0,0,0,0,0,0,0,0,0,0,0
"ASV301","Bacteria","Thermodesulfobacteriota","Desulfuromonadia","Desulfuromonadales","Desulfuromonadaceae","Desulfuromonadaceae",15,0,11,0,0,0,0,0,0,0,0,0,0,0,0,0,0,13,0,0,0,0,0,0,0,0,0,0,0,0,0,0,0,6,0,0,0,0,21,0,12,0,0,0,0,0,0,0,0,0,0,0,0,0,0,32,0,0,0,0,0,0,0,0,0,0,0,0,0,0,0,0,0,0,0,0
"ASV302","Bacteria","Thermodesulfobacteriota","Desulfuromonadia","Desulfuromonadales","Desulfuromonadaceae","Desulfuromonas",2,0,0,0,0,0,0,0,53,0,0,0,0,0,0,0,0,0,0,0,0,0,0,0,0,0,0,0,0,0,0,0,0,0,0,0,28,0,6,0,0,0,0,0,0,0,6,0,0,0,0,0,0,0,0,0,0,0,0,0,0,0,0,0,0,0,0,0,0,0,10,0,0,0,79,0
"ASV303","Bacteria","Bacillota","Dethiobacteria","Dethiobacterales","Dethiobacteraceae","Dethiobacter",9,0,0,0,0,0,0,6,0,0,0,0,0,0,0,0,0,0,0,0,0,0,0,0,0,0,0,0,0,0,0,0,26,0,0,10,0,0,13,0,0,0,0,0,0,0,0,0,0,0,0,0,0,0,0,0,0,0,0,0,0,0,0,0,0,0,0,0,0,0,72,0,0,12,0,7
"ASV304","Bacteria","Bacillota","Dethiobacteria","Dethiobacterales","Dethiobacteraceae","Dethiobacteraceae",0,5,9,0,0,0,7,47,19,0,0,19,0,0,0,0,0,0,0,0,0,0,0,0,0,0,0,0,0,0,0,0,0,66,9,50,0,0,0,0,6,0,0,0,8,15,10,0,0,11,0,0,0,0,0,0,0,0,0,0,0,0,0,0,0,0,0,0,0,0,0,70,0,58,0,0
"ASV305","Bacteria","Bacillota","Clostridia","Peptostreptococcales-Tissierellales","Dethiosulfatibacteraceae","Dethiosulfatibacter",0,0,0,0,0,0,0,0,0,0,0,0,0,0,0,0,0,40,0,0,0,0,0,0,0,0,0,0,0,0,0,0,13,0,0,0,0,0,0,0,0,0,0,0,0,0,0,0,0,0,0,0,0,0,0,191,0,0,0,0,0,0,0,0,0,0,0,0,0,0,139,0,0,0,0,0
"ASV306","Bacteria","Pseudomonadota","Alphaproteobacteria","Hyphomicrobiales","Devosiaceae","Devosia",7,0,0,22,0,0,0,0,0,33,0,0,0,175,0,0,0,3,87,0,0,0,51,12,0,0,0,0,0,111,0,0,0,0,11,11,15,0,0,0,0,0,0,7,0,0,0,0,0,0,10,266,0,0,0,17,0,0,0,0,77,0,0,0,10,0,0,0,0,0,9,0,0,0,28,0
"ASV307","Bacteria","Pseudomonadota","Alphaproteobacteria","Hyphomicrobiales","Devosiaceae","Devosiaceae",0,0,0,0,0,0,0,0,0,0,0,0,0,12,0,0,0,0,0,0,0,0,0,0,0,0,0,0,0,0,0,0,0,0,0,0,0,0,6,0,0,31,0,0,0,0,0,0,0,0,0,22,0,0,0,0,0,0,0,0,0,0,0,0,0,0,0,0,0,0,0,0,0,0,0,0
"ASV308","Bacteria","Actinomycetota","Actinobacteria","Mycobacteriales","Dietziaceae","Dietzia",0,0,0,0,0,0,0,0,0,0,0,0,0,0,0,0,0,0,0,0,0,0,0,0,0,0,0,0,0,65,0,0,0,0,0,0,0,0,0,0,0,0,0,0,0,0,0,0,0,0,0,0,0,0,0,0,0,0,0,0,0,0,0,0,0,0,0,37,0,0,19,0,0,0,0,0
"ASV309","Bacteria","Patescibacteria","Dojkabacteria","Dojkabacteria","Dojkabacteria","Dojkabacteria",0,0,15,0,0,0,31,0,4,0,0,0,0,0,0,0,0,0,0,0,0,0,0,0,0,0,0,0,0,6,0,0,0,0,0,34,0,0,0,0,9,0,0,0,12,0,0,0,0,5,0,0,0,0,0,0,0,0,0,0,0,0,0,0,0,0,0,0,0,0,0,0,0,37,0,0
"ASV310","Bacteria","Pseudomonadota","Gammaproteobacteria","Lysobacterales","Rhodanobacteraceae","Dokdonella",0,0,0,0,0,0,0,0,0,0,0,0,0,0,0,0,0,0,0,0,0,0,0,3,0,0,0,0,0,0,0,0,0,0,0,0,0,0,0,0,0,0,0,0,0,0,0,0,0,0,0,0,0,0,0,0,0,0,0,0,0,0,0,0,0,0,0,0,0,0,0,0,0,0,0,0
"ASV311","Bacteria","Bacteroidota","Bacteroidia","Bacteroidales","Prolixibacteraceae","Draconibacterium",0,0,0,0,0,0,0,0,0,0,0,0,0,0,0,0,0,0,9,0,0,0,0,0,0,0,0,0,0,0,0,0,0,0,0,0,0,0,0,0,0,0,0,0,0,0,0,0,0,0,0,0,0,0,0,0,0,0,0,0,0,0,0,0,0,0,0,0,0,0,0,0,0,0,0,0
"ASV312","Bacteria","Chloroflexota","Dehalococcoidia","DscP2","DscP2","DscP2",0,0,0,0,0,0,0,0,0,0,0,0,0,0,0,0,0,0,0,0,0,0,0,0,0,0,0,0,0,0,0,0,0,0,0,17,0,0,0,0,0,0,0,0,0,0,0,0,0,0,0,0,0,0,0,0,0,0,0,0,12,0,0,0,0,0,0,0,0,0,0,0,0,0,0,0
"ASV313","Bacteria","Pseudomonadota","Gammaproteobacteria","Burkholderiales","Oxalobacteraceae","Duganella",0,0,0,0,0,0,0,0,0,0,0,0,0,0,0,0,0,0,0,0,0,0,0,127,0,0,0,0,0,0,0,0,0,0,0,0,0,0,0,0,0,0,0,0,0,0,0,0,0,0,0,0,0,0,0,0,0,0,0,0,0,0,0,0,0,0,0,0,0,0,0,0,0,0,0,0
"ASV314","Bacteria","Bacteroidota","Bacteroidia","Cytophagales","Spirosomataceae","Dyadobacter",0,0,0,5,0,0,0,0,0,0,0,0,0,0,0,0,0,0,0,0,0,0,0,0,0,0,0,0,0,0,0,0,0,0,0,0,0,0,0,0,0,30,0,0,0,0,0,0,0,0,0,0,0,0,0,0,0,0,0,0,0,0,0,0,0,0,0,0,0,0,0,0,0,0,0,0
"ASV315","Bacteria","Bacteroidota","Bacteroidia","Bacteroidales","Dysgonomonadaceae","Dysgonomonadaceae",0,0,0,0,0,0,0,0,0,0,0,0,0,0,0,0,0,0,0,0,0,0,0,0,0,0,56,0,0,0,0,0,0,0,0,0,0,0,0,0,0,0,0,0,0,0,0,0,0,0,0,0,0,0,0,0,0,0,0,0,0,0,0,0,27,0,0,0,0,0,0,0,0,0,9,0
"ASV316","Bacteria","Chloroflexota","Dehalococcoidia","ER-E4-17","ER-E4-17","ER-E4-17",0,0,0,0,0,0,0,0,0,0,0,6,0,0,0,0,0,0,0,0,0,0,0,0,0,0,0,0,0,0,0,0,0,0,0,0,0,0,0,0,0,0,0,0,0,0,0,0,0,0,0,0,0,0,0,0,0,0,0,0,0,0,0,0,0,0,0,0,0,0,0,0,0,0,0,0
"ASV317","Bacteria","Bacillota","Bacilli","Acholeplasmatales","Acholeplasmataceae","EUB33-2",0,0,0,0,0,0,0,0,0,0,0,0,0,0,0,0,0,0,0,0,3,0,0,0,0,0,5,0,0,0,0,0,0,0,0,0,0,0,0,0,0,0,0,0,0,0,0,0,0,32,0,0,0,0,0,0,0,0,0,0,0,0,0,0,43,0,0,0,0,0,43,80,0,0,9,12
"ASV318","Bacteria","Bacteroidota","Bacteroidia","Chitinophagales","Chitinophagaceae","Edaphobaculum",0,0,0,0,0,0,0,0,0,0,0,0,0,0,0,0,0,0,0,0,0,0,0,0,0,0,0,0,0,0,0,0,0,0,0,11,0,0,0,0,0,0,0,0,0,0,0,0,0,0,0,0,0,0,0,0,0,0,0,0,0,0,0,0,0,0,0,0,0,0,0,0,0,0,0,0
"ASV319","Bacteria","Edwardsbacteria","Edwardsbacteria","Edwardsbacteria","Edwardsbacteria","Edwardsbacteria",0,0,0,0,0,0,0,0,2,0,0,0,0,0,0,0,0,0,0,0,10,0,0,0,0,0,7,6,0,0,0,0,0,0,16,0,0,0,0,0,0,0,0,0,0,0,0,0,0,0,0,0,0,0,0,0,0,0,0,0,0,0,0,0,0,0,0,0,0,0,0,0,0,0,0,0
"ASV320","Bacteria","Actinomycetota","Actinobacteria","Nitriliruptorales","Nitriliruptoraceae","Egicoccus",0,0,0,0,0,0,0,0,0,0,0,0,0,0,0,0,0,0,0,0,0,0,0,0,0,0,0,0,0,0,0,0,0,0,0,0,0,0,0,0,0,0,0,0,0,0,0,0,0,0,0,23,0,0,0,0,0,0,0,0,0,0,0,0,0,0,0,0,0,0,0,0,0,0,0,0
"ASV321","Bacteria","Pseudomonadota","Gammaproteobacteria","Burkholderiales","Nitrosomonadaceae","Ellin6067",0,0,0,0,0,0,0,0,0,0,0,0,0,0,0,0,0,0,0,0,0,0,0,0,0,0,0,0,0,10,0,0,0,0,0,0,0,0,0,0,0,1,0,0,0,0,0,0,0,0,0,0,0,0,0,0,0,0,0,0,0,0,0,0,0,0,0,0,0,0,0,0,0,0,0,0
"ASV322","Bacteria","Pseudomonadota","Alphaproteobacteria","Elsterales","Elsterales","Elsterales",0,0,0,0,0,0,0,0,0,0,0,0,0,0,0,0,0,0,0,0,0,0,0,16,0,0,0,0,0,0,0,0,0,0,0,0,0,0,0,0,0,0,0,0,0,0,0,0,0,0,0,0,0,0,0,0,0,0,0,0,0,0,0,0,0,0,0,0,0,0,0,0,0,0,0,0
"ASV323","Bacteria","Bacteroidota","Bacteroidia","Cytophagales","Spirosomataceae","Emticicia",0,0,0,0,0,0,0,0,0,0,0,0,0,0,0,0,0,0,0,0,0,0,0,0,0,0,0,0,0,0,0,0,0,0,0,0,0,0,0,0,0,10,0,0,0,0,0,0,0,0,0,0,0,0,0,0,0,0,0,0,0,0,0,0,0,0,0,0,0,0,0,0,0,0,0,0
"ASV324","Bacteria","Elusimicrobiota","Endomicrobiia","Endomicrobiales","Endomicrobiaceae","Endomicrobium",8,0,0,0,0,0,0,0,0,0,0,0,0,0,0,0,0,0,0,0,0,0,0,0,0,4,0,0,0,0,3,0,0,0,0,0,0,0,16,0,0,0,0,0,0,0,0,0,0,0,0,0,0,0,0,0,0,0,0,0,0,0,0,0,0,0,0,0,0,0,0,0,0,0,0,0
"ASV325","Bacteria","Entotheonellaeota","Entotheonellia","Entotheonellales","Entotheonellaceae","Entotheonellaceae",0,0,0,0,0,0,0,0,0,0,0,0,0,0,0,0,0,0,0,0,0,0,0,105,0,0,0,0,0,0,0,0,0,0,0,0,0,0,0,0,0,0,0,0,0,0,0,0,0,0,0,0,0,0,0,0,0,0,0,0,0,83,0,0,0,0,0,0,0,0,0,0,0,0,0,0
"ASV326","Bacteria","Bacillota","Clostridia","Oscillospirales","Oscillospiraceae","Ercella",6,0,0,0,0,0,0,0,0,0,0,0,0,0,0,0,0,0,0,0,0,0,0,0,0,32,92,11,0,0,0,0,15,0,0,7,9,0,0,0,0,0,0,0,0,0,0,0,0,0,0,0,0,0,0,0,0,0,0,0,0,0,0,0,20,0,0,0,0,0,17,0,0,0,0,0
"ASV327","Bacteria","Candidatus Eremiobacterota","Eremiobacteria","Eremiobacteria","Eremiobacteria","Eremiobacteria",0,0,0,4,0,0,0,0,0,0,0,0,0,0,0,0,0,0,0,0,0,0,0,0,0,0,0,8,0,9,0,0,0,0,0,5,0,0,0,0,0,5,0,0,20,0,0,0,0,0,0,0,0,0,0,0,0,0,0,0,0,0,0,0,0,0,0,0,0,3,0,0,0,6,0,0
"ASV328","Bacteria","Bacillota","Bacilli","Erysipelotrichales","Erysipelotrichaceae","Erysipelothrix",13,0,0,0,0,0,0,0,0,0,0,0,19,0,20,0,0,113,0,0,4,0,0,0,0,0,40,0,0,0,0,0,11,0,8,0,24,0,17,0,0,0,0,0,0,0,0,0,0,0,55,0,12,0,0,154,0,0,0,0,0,0,0,14,35,0,0,0,0,0,32,0,0,0,40,0
"ASV329","Bacteria","Pseudomonadota","Alphaproteobacteria","Sphingomonadales","Sphingomonadaceae","Erythrobacter",0,210,0,0,0,0,7,462,0,0,0,0,0,0,0,0,0,0,0,0,0,0,0,0,0,0,0,0,0,11,0,0,0,0,0,0,0,0,0,79,0,0,0,0,0,99,0,0,0,0,0,0,0,0,0,0,0,0,0,0,0,0,0,0,0,0,0,0,0,0,0,0,0,0,0,0
"ASV330","Bacteria","Pseudomonadota","Gammaproteobacteria","Enterobacterales","Enterobacteriaceae","Escherichia-Shigella",0,0,0,0,0,0,0,0,0,0,0,0,0,0,0,0,0,0,0,0,0,0,0,0,0,0,0,0,0,0,0,0,0,0,0,0,0,0,0,0,0,0,0,0,0,0,0,0,0,0,0,0,2,0,0,0,0,0,0,0,0,0,0,19,0,0,0,0,0,0,0,0,0,0,0,0
"ASV331","Eukaryota","Eukaryota","Eukaryota","Eukaryota","Eukaryota","Eukaryota",765,634,502,83,144,102,782,137,83,198,167,343,192,211,1165,98,40,185,500,569,147,149,238,1085,48,76,119,65,183,327,152,6,48,222,1113,841,308,114,6,15,4,21,12,0,0,16,19,15,0,2,7,0,23,0,3,2,17,16,0,7,4,13,5,0,0,0,0,0,11,0,0,0,0,0,0,18
"ASV332","Bacteria","Actinomycetota","Actinobacteria","Euzebyales","Euzebyaceae","Euzebya",0,0,0,0,0,0,0,0,0,0,0,0,0,0,0,0,0,0,0,0,0,0,0,0,0,0,0,0,0,0,0,0,0,0,0,0,0,0,0,0,0,0,0,0,0,0,0,0,0,0,0,10,0,0,0,0,0,0,0,0,0,0,0,0,0,0,0,0,0,0,0,0,0,0,0,0
"ASV333","Bacteria","FCPU426","FCPU426","FCPU426","FCPU426","FCPU426",0,0,0,0,0,0,0,0,0,0,0,0,0,0,0,0,0,0,0,0,0,0,0,0,0,0,4,0,0,0,0,0,0,0,0,0,0,0,0,0,0,0,0,0,0,0,0,0,0,0,0,0,0,0,0,0,0,0,0,0,0,0,0,0,0,0,0,0,0,0,0,0,0,46,0,0
"ASV334","Bacteria","Bacteroidota","Bacteroidia","Sphingobacteriales","FFCH9454","FFCH9454",0,0,0,0,0,0,0,0,0,0,0,0,0,0,0,0,0,0,0,0,0,0,0,0,0,0,0,0,0,0,0,0,0,0,0,0,0,0,0,0,0,0,0,0,0,0,0,0,0,0,0,0,0,0,0,0,0,0,0,0,0,7,0,0,0,0,0,0,0,0,0,0,0,0,0,0
"ASV335","Bacteria","Chloroflexota","Dehalococcoidia","FS117-23B-02","FS117-23B-02","FS117-23B-02",0,4,0,0,0,0,0,0,0,0,0,0,0,0,0,0,0,0,0,0,0,9,0,0,0,3,0,0,0,0,0,0,0,54,0,0,0,0,0,0,0,0,0,0,0,0,0,0,0,0,0,0,0,0,0,0,0,0,0,0,0,0,0,0,0,0,0,0,0,0,0,0,0,0,0,0
"ASV336","Bacteria","Actinomycetota","Coriobacteriia","FS118-23B-02","FS118-23B-02","FS118-23B-02",0,0,4,0,0,0,12,0,0,0,0,0,0,0,0,0,0,0,0,0,0,0,0,0,0,5,0,0,0,0,0,51,7,2,0,8,0,45,0,0,0,0,0,0,0,0,0,0,0,0,0,0,0,0,0,0,0,0,0,0,0,0,0,5,0,0,0,0,0,90,14,0,0,0,0,83
"ASV337","Bacteria","Chloroflexota","Dehalococcoidia","FW22","FW22","FW22",0,0,0,0,0,0,0,0,0,0,0,0,0,0,0,0,0,0,0,0,0,21,15,0,0,21,0,0,0,0,0,0,0,60,0,75,0,0,0,0,0,0,0,0,0,0,0,0,0,0,0,0,0,0,0,0,0,0,0,10,13,0,0,0,0,0,0,0,0,0,0,22,0,27,0,0
"ASV338","Bacteria","Pseudomonadota","Alphaproteobacteria","Rhodobacterales","Paracoccaceae","Falsirhodobacter",0,0,0,0,0,0,0,0,0,0,0,0,0,0,0,0,0,0,0,0,0,0,0,0,0,0,0,0,0,0,0,0,0,0,0,12,0,0,0,0,0,0,0,0,0,0,0,0,0,0,0,0,0,0,0,0,0,0,0,0,0,0,0,0,0,0,0,0,0,0,49,0,0,0,0,0
"ASV339","Bacteria","Fermentibacterota","Fermentibacteria","Fermentibacterales","Fermentibacteraceae","Fermentibacteraceae",0,0,0,0,0,0,0,6,0,0,0,0,0,0,0,0,0,0,0,0,0,0,0,0,0,0,0,0,0,0,0,0,0,0,0,0,0,0,0,0,0,0,0,0,0,0,0,0,0,0,0,0,0,0,0,0,0,0,0,0,0,0,0,0,0,0,0,0,0,0,0,0,0,0,0,0
"ASV340","Bacteria","Pseudomonadota","Gammaproteobacteria","Burkholderiales","Rhodocyclaceae","Ferribacterium",0,0,0,0,0,0,0,0,0,0,0,0,0,0,0,0,0,29,0,0,0,0,0,0,0,0,0,0,0,0,0,0,0,0,0,0,0,0,0,0,0,0,0,0,0,0,0,0,0,0,36,0,0,0,0,0,0,0,0,0,0,0,0,0,0,0,0,0,0,0,0,0,0,0,0,0
"ASV341","Bacteria","Pseudomonadota","Gammaproteobacteria","Burkholderiales","Sulfuricellaceae","Ferritrophicum",0,49,0,12,64,0,3,16,0,22,0,0,4227,0,0,0,30,11,0,0,0,0,0,0,0,0,498,0,0,18,23,0,0,18,0,462,342,0,0,20,31,0,45,0,29,0,0,44,0,135,5840,0,0,0,47,0,0,0,0,0,0,0,0,0,165,0,0,0,0,0,0,0,0,41,74,0
"ASV342","Bacteria","Pseudomonadota","Alphaproteobacteria","Ferrovibrionales","Ferrovibrionaceae","Ferrovibrio",0,0,0,0,0,0,0,0,0,0,0,0,0,0,0,0,0,0,0,0,0,0,0,0,0,0,0,0,0,0,0,0,0,0,0,10,0,0,0,0,0,0,0,0,0,0,0,0,0,0,0,0,0,0,0,0,0,0,0,0,0,0,0,0,0,0,0,0,0,0,0,0,0,0,0,0
"ASV343","Bacteria","Bacteroidota","Bacteroidia","Chitinophagales","Chitinophagaceae","Ferruginibacter",0,0,0,0,0,0,0,0,0,0,0,0,0,0,0,0,0,0,0,149,0,0,37,0,0,0,0,0,0,0,0,0,0,0,0,0,0,0,0,0,0,0,0,0,2,0,0,4,0,0,0,0,0,0,0,0,0,112,0,0,50,11,0,0,0,0,0,0,0,0,0,0,0,0,0,0
"ASV344","Bacteria","Fibrobacterota","Fibrobacteria","Fibrobacterales","Fibrobacteraceae","Fibrobacteraceae",0,0,0,0,0,0,0,0,0,0,0,0,0,0,0,0,0,0,0,0,0,0,0,16,0,0,0,0,0,0,0,0,0,0,0,0,0,0,0,0,0,0,0,0,0,0,0,0,0,0,0,0,0,0,0,0,0,0,0,0,0,8,4,0,0,0,0,0,0,0,0,0,0,0,0,0
"ASV345","Bacteria","Planctomycetota","Planctomycetes","Gemmatales","Gemmataceae","Fimbriiglobus",0,0,0,8,0,0,0,0,0,0,0,0,0,0,0,0,0,0,0,0,0,0,5,0,0,0,0,0,0,0,0,0,0,0,0,0,0,0,0,0,0,0,0,0,0,0,0,0,0,0,0,0,0,0,0,0,0,0,0,0,0,0,0,0,0,0,0,0,0,0,0,0,0,0,0,0
"ASV346","Bacteria","Firestonebacteria","Firestonebacteria","Firestonebacteria","Firestonebacteria","Firestonebacteria",0,0,0,0,0,0,0,0,0,0,0,0,0,0,0,0,0,0,0,0,8,15,4,0,0,0,5,10,10,0,0,0,0,0,0,0,0,0,0,0,0,0,0,0,0,0,0,0,0,0,0,0,0,0,0,0,0,0,10,13,4,0,0,0,0,0,0,0,0,0,0,11,0,0,0,0
"ASV347","Bacteria","Bacteroidota","Bacteroidia","Chitinophagales","Chitinophagaceae","Flavitalea",0,0,0,0,0,0,0,0,0,0,0,0,0,0,0,0,0,0,0,15,0,0,0,0,0,0,0,0,0,0,0,0,0,0,0,0,0,0,0,0,0,0,0,0,0,0,0,0,0,0,0,0,0,0,0,0,0,0,0,0,0,0,0,0,0,0,0,0,0,0,0,0,0,0,0,0
"ASV348","Bacteria","Bacteroidota","Bacteroidia","Flavobacteriales","Flavobacteriaceae","Flavobacteriaceae",0,20,56,0,0,0,0,0,5,0,0,0,0,2,0,0,0,0,0,0,0,0,0,0,0,0,0,0,0,0,0,0,0,0,0,0,0,0,0,0,0,0,0,0,0,0,0,0,0,0,0,0,0,0,0,0,0,0,0,0,0,0,0,0,0,0,0,0,0,0,0,0,0,0,0,0
"ASV349","Bacteria","Bacteroidota","Bacteroidia","Flavobacteriales","Flavobacteriaceae","Flavobacterium",56,0,0,37,0,606,0,46,0,0,0,0,0,38,14,253,0,13,425,30,203,8,29,1156,9,188,667,134,146,8827,0,0,0,44,0,0,0,9,88,0,0,133,0,484,0,12,0,2,0,0,0,54,10,384,4,27,143,24,88,0,25,992,0,201,338,12,56,3480,0,0,0,35,0,9,0,9
"ASV350","Bacteria","Pseudomonadota","Gammaproteobacteria","Pseudomonadales","Moraxellaceae","Fluviicoccus",0,0,0,0,0,0,0,0,0,0,0,0,0,0,0,0,0,0,0,0,0,0,0,0,0,0,0,0,0,40,0,0,0,0,0,0,0,0,0,0,0,0,0,0,0,0,0,0,0,0,0,0,0,0,0,0,0,0,0,0,0,0,0,0,0,0,0,100,0,0,0,0,0,0,0,0
"ASV351","Bacteria","Bacteroidota","Bacteroidia","Flavobacteriales","Crocinitomicaceae","Fluviicola",0,0,0,0,0,0,0,0,0,0,0,0,0,6,0,0,0,0,0,0,0,0,0,0,0,0,0,0,0,0,0,0,0,0,0,0,0,0,0,0,0,0,0,0,0,0,0,0,0,0,0,16,0,0,0,0,0,0,0,0,0,0,0,0,0,0,0,0,0,0,0,0,0,0,0,0
"ASV352","Bacteria","Bacillota","Clostridia","Clostridiales","Caloramatoraceae","Fonticella",0,0,0,0,0,0,0,0,0,0,0,0,0,0,0,0,0,0,0,0,0,0,0,46,0,0,0,0,0,0,0,0,0,0,0,0,0,0,0,0,0,0,0,0,0,0,0,0,0,0,0,0,0,0,0,0,0,0,0,0,0,16,0,0,0,0,0,0,0,0,0,0,0,0,0,0
"ASV353","Bacteria","Actinomycetota","Actinobacteria","Frankiales","Frankiales","Frankiales",0,0,0,0,0,0,0,0,0,0,0,0,0,0,0,0,20,0,0,0,0,0,0,16,0,0,0,0,0,0,0,0,0,0,0,0,0,0,0,0,0,0,0,0,0,0,0,0,0,0,0,0,0,0,25,0,0,0,0,0,0,10,0,0,0,0,0,0,0,0,0,0,0,0,0,0
"ASV354","Bacteria","Pseudomonadota","Alphaproteobacteria","Rhodobacterales","Paracoccaceae","Frigidibacter",0,0,0,0,0,0,0,0,8,0,0,0,0,0,0,0,0,141,16,0,0,0,0,0,0,0,0,0,0,0,0,0,0,0,0,52,0,0,0,0,0,0,0,0,0,0,0,0,0,0,0,0,0,0,0,114,0,0,0,0,0,0,0,0,0,0,0,0,0,0,0,0,0,0,0,0
"ASV355","Bacteria","Pseudomonadota","Alphaproteobacteria","Rhodobacterales","Paracoccaceae","Fuscovulum",0,0,0,0,0,9,0,0,0,324,0,0,0,0,0,0,0,0,0,0,0,0,0,0,0,0,0,0,0,0,0,0,0,0,0,0,0,0,0,0,0,0,0,5,0,0,0,48,0,0,0,0,0,0,9,0,0,0,0,0,0,0,0,0,0,0,0,0,0,0,0,0,0,0,0,0
"ASV356","Bacteria","Bacillota","Clostridia","Peptostreptococcales-Tissierellales","Fusibacteraceae","Fusibacter",0,0,0,0,0,0,0,0,0,0,0,0,0,0,0,0,0,0,0,0,0,0,0,0,0,0,0,0,0,0,0,0,0,0,0,5,9,0,0,0,0,0,0,0,0,0,0,0,0,0,22,0,0,0,0,21,0,0,0,0,0,0,0,0,0,0,0,0,0,0,38,0,0,29,19,0
"ASV357","Bacteria","GAL15","GAL15","GAL15","GAL15","GAL15",0,0,0,0,0,0,0,0,0,0,0,0,0,0,0,4,0,0,0,0,0,0,0,0,0,0,0,0,0,0,0,0,0,0,0,14,0,0,0,0,6,0,0,0,0,0,0,0,0,0,0,0,0,14,0,0,0,0,0,0,0,0,0,0,0,0,0,0,0,0,0,0,0,14,0,0
"ASV358","Bacteria","Chloroflexota","Dehalococcoidia","GIF3","GIF3","GIF3",0,0,3,0,0,0,0,0,0,0,0,77,0,0,0,0,0,0,0,0,0,8,11,0,22,110,13,0,0,0,0,0,0,381,0,540,0,0,0,0,0,0,0,0,0,0,0,0,0,0,0,11,0,0,0,0,0,0,0,0,0,0,0,51,0,0,0,0,0,0,0,138,0,77,0,0
"ASV359","Bacteria","Chloroflexota","Dehalococcoidia","GIF9","GIF9","GIF9",0,0,45,0,0,0,10,44,0,0,5,41,0,0,75,0,0,0,50,0,47,231,41,0,0,99,14,32,35,0,0,0,0,374,113,378,0,0,8,0,35,0,0,0,0,0,0,0,0,25,0,32,11,0,0,0,0,0,9,89,0,0,0,71,0,0,0,0,0,0,0,165,22,173,6,0
"ASV360","Bacteria","Pseudomonadota","Gammaproteobacteria","Burkholderiales","Nitrosomonadaceae","GOUTA6",0,0,0,26,8,82,0,0,0,0,0,0,0,121,0,0,0,0,0,0,0,0,39,0,42,26,39,0,0,76,0,0,0,0,0,24,0,0,0,0,0,61,17,52,0,0,0,0,0,0,0,266,0,0,0,0,0,0,0,0,0,8,41,22,0,0,0,26,0,0,0,0,0,0,0,0
"ASV361","Archaea","Nanoarchaeota","Nanoarchaeia","Pacearchaeales","Incertae Sedis","GW2011_GWC1_47_15",0,0,0,26,324,481,7,15,0,20,0,910,68,408,0,133,0,0,37,14,6,18,81,513,74,1834,4,21,11,24,0,0,0,1095,11,16,0,0,0,0,0,0,0,0,0,0,0,0,0,0,0,0,0,0,0,0,0,0,0,0,0,0,5,0,0,0,0,0,0,0,0,0,0,0,0,0
"ASV362","Bacteria","Patescibacteria","Parcubacteria","GWB1-42-6","GWB1-42-6","GWB1-42-6",0,0,0,0,0,0,0,0,0,0,0,0,0,0,0,0,0,0,0,0,0,0,0,0,0,0,0,0,0,0,0,0,0,0,0,0,0,0,0,0,0,0,0,0,0,0,0,0,0,43,0,27,0,0,0,0,0,0,0,0,0,0,0,0,0,0,0,0,0,0,0,0,0,0,0,0
"ASV363","Bacteria","Planctomycetota","Phycisphaerae","MSBL9","GWC2-45-44","GWC2-45-44",0,0,0,0,0,0,0,0,0,0,0,28,0,0,0,0,0,0,0,0,0,0,0,0,0,10,0,0,0,32,0,0,0,0,0,0,0,0,0,0,0,0,0,0,0,0,0,0,0,0,0,0,0,0,0,0,0,0,0,0,0,0,0,0,0,0,0,0,0,0,0,0,0,0,0,0
"ASV364","Bacteria","Chloroflexota","Anaerolineae","Anaerolineales","Anaerolineaceae","GWD2-49-16",0,0,0,0,0,0,0,0,0,0,0,0,0,0,0,0,0,0,0,0,0,0,0,0,0,0,0,0,0,0,0,0,0,0,0,0,0,0,0,0,0,0,0,0,0,0,0,0,0,0,0,0,0,0,0,0,0,0,0,0,0,0,0,0,0,0,0,0,0,0,0,50,5,49,0,0
"ASV365","Bacteria","Spirochaetota","Spirochaetia","Spirochaetales","Spirochaetaceae","GWE2-31-10",0,0,0,0,0,0,0,0,0,0,0,0,0,0,0,0,0,0,0,0,0,0,0,0,0,0,0,0,0,0,0,0,0,16,0,0,0,0,0,0,0,0,0,0,0,0,0,0,0,0,0,0,0,0,0,0,0,0,0,0,0,0,0,0,0,0,0,0,0,0,0,16,0,0,0,0
"ASV366","Bacteria","Bacteroidota","Bacteroidia","Bacteroidales","Rs-E47 termite group","GWE2-42-42",0,0,0,0,0,0,0,0,0,0,0,0,0,0,0,0,0,0,0,0,0,0,0,0,0,0,0,0,0,0,0,0,5,0,0,0,0,0,0,0,0,0,0,0,0,0,0,0,0,0,0,0,0,0,0,0,0,0,0,0,0,0,0,0,0,0,0,0,0,0,19,0,0,0,0,0
"ASV367","Bacteria","Chlamydiota","Chlamydiia","Chlamydiales","Simkaniaceae","Ga0074140",0,0,0,0,0,0,0,0,0,0,0,0,0,0,0,0,0,0,0,0,0,0,0,13,0,0,0,0,0,0,0,0,0,0,0,0,0,0,0,0,0,0,0,0,0,0,0,0,0,0,0,0,0,0,0,0,0,0,0,0,0,0,0,0,0,0,0,0,0,0,0,0,0,0,0,0
"ASV368","Bacteria","Pseudomonadota","Gammaproteobacteria","Ga0077536","Ga0077536","Ga0077536",0,0,0,5,0,0,15,0,0,0,0,29,0,0,0,0,0,0,0,0,0,0,0,0,0,0,0,0,0,0,0,0,0,0,0,0,0,0,0,0,0,14,0,0,0,0,0,0,0,17,0,18,0,0,0,0,0,0,0,0,13,0,0,0,0,0,0,0,0,0,0,0,0,0,0,0
"ASV369","Bacteria","Actinomycetota","Thermoleophilia","Gaiellales","Gaiellaceae","Gaiella",0,0,0,0,0,0,0,0,0,0,0,0,0,0,0,0,0,0,0,0,0,0,0,31,0,0,0,0,0,0,0,0,0,0,0,0,0,0,0,0,0,0,0,0,0,0,0,0,0,0,0,0,0,0,0,0,0,0,0,0,0,23,0,0,0,0,0,0,0,0,0,0,0,0,0,0
"ASV370","Bacteria","Actinomycetota","Thermoleophilia","Gaiellales","Gaiellales","Gaiellales",37,0,11,7,0,82,12,145,3,40,0,6,0,0,7,0,0,0,0,0,0,0,184,50,21,31,27,0,0,26,0,0,0,0,4,26,4,0,33,0,5,27,0,41,3,17,0,28,0,0,0,0,0,0,0,0,0,0,0,0,85,0,20,0,0,0,0,0,0,0,0,0,0,10,0,0
"ASV371","Bacteria","Actinomycetota","Actinobacteria","Micrococcales","Microbacteriaceae","Galbitalea",132,0,0,0,9,0,0,0,0,0,0,0,0,0,0,0,0,0,0,0,0,0,0,0,0,0,0,0,0,0,0,0,0,0,0,18,0,0,107,0,0,0,0,0,0,0,0,0,0,0,0,0,0,0,0,0,0,0,0,0,0,0,0,0,0,0,0,0,0,0,0,0,0,0,0,0
"ASV372","Bacteria","Pseudomonadota","Gammaproteobacteria","Burkholderiales","Gallionellaceae","Gallionella",0,0,0,44,0,0,52,0,0,0,0,0,0,20,0,0,0,0,0,0,0,0,545,0,0,0,0,0,0,198,0,0,0,0,0,226,194,0,0,36,0,440,0,0,271,0,0,0,0,0,0,377,0,0,2,0,0,0,0,0,1990,0,36,0,0,0,0,186,0,0,0,0,0,432,1240,0
"ASV373","Bacteria","Pseudomonadota","Gammaproteobacteria","Burkholderiales","Gallionellaceae","Gallionellaceae",0,0,0,0,0,0,16,0,7,0,0,0,0,21,0,0,0,0,0,0,0,0,59,0,17,0,0,0,0,0,0,0,0,0,0,0,0,0,0,0,0,0,7,0,27,0,13,0,0,0,35,0,0,0,0,0,0,0,0,0,0,0,0,0,0,0,0,51,0,0,0,0,0,0,0,0
"ASV374","Bacteria","Pseudomonadota","Gammaproteobacteria","Gammaproteobacteria","Gammaproteobacteria","Gammaproteobacteria",0,0,0,0,0,11,0,0,0,0,0,0,4,26,0,11,43,0,0,0,0,0,0,17,0,0,0,0,0,0,0,0,0,0,0,0,291,0,0,0,0,78,4,0,0,0,0,0,0,0,7,93,0,20,56,2,8,0,0,0,2,13,0,0,0,0,0,0,0,0,0,0,3,0,0,5
"ASV375","Bacteria","Planctomycetota","Planctomycetes","Gemmatales","Gemmataceae","Gemmataceae",0,0,0,0,0,0,0,0,0,0,0,0,0,0,0,0,0,0,0,0,0,0,0,41,0,0,0,0,0,0,0,0,0,0,0,0,0,0,0,0,0,0,0,0,0,0,0,0,0,0,0,0,0,0,0,0,0,0,0,0,0,0,0,0,0,0,0,0,0,0,0,0,0,0,0,0
"ASV376","Bacteria","Gemmatimonadota","Gemmatimonadia","Gemmatimonadales","Gemmatimonadaceae","Gemmatimonadaceae",56,0,0,40,0,14,8,0,0,0,0,4,0,36,0,15,0,0,0,0,0,0,137,7,25,5,8,0,0,11,0,0,0,0,0,5,0,0,61,0,0,174,0,0,6,0,0,0,0,14,0,65,0,20,0,0,0,0,0,0,108,0,32,0,0,0,0,0,0,0,0,0,0,0,0,0
"ASV377","Bacteria","Gemmatimonadota","Gemmatimonadia","Gemmatimonadales","Gemmatimonadaceae","Gemmatimonas",0,0,0,0,0,4,4,0,0,0,0,0,0,0,0,0,0,0,0,0,0,0,0,0,0,0,0,0,0,3,0,0,0,0,0,5,0,0,4,0,0,4,0,0,0,0,0,0,0,0,0,0,0,0,0,0,0,0,0,0,0,0,0,0,0,0,0,0,0,0,0,0,0,0,0,0
"ASV378","Bacteria","Pseudomonadota","Alphaproteobacteria","Rhodobacterales","Paracoccaceae","Gemmobacter",36,118,66,0,0,0,0,56,0,0,7,0,0,1963,0,0,0,0,38,0,41,0,0,0,0,0,0,82,35,149,0,0,31,0,0,11,0,0,0,37,0,0,0,0,0,0,0,0,0,0,0,0,0,0,0,0,0,0,0,0,0,0,0,0,0,0,0,0,0,0,0,0,0,0,0,0
"ASV379","Bacteria","Bacillota","Bacilli","Bacillales","Bacillaceae","Geobacillus",0,0,0,0,0,0,0,0,0,0,0,0,0,0,0,0,0,0,0,0,0,0,0,0,0,0,0,0,0,0,0,0,0,0,0,0,0,0,12,0,0,0,0,0,0,0,0,0,0,0,0,0,9,0,0,0,0,0,0,0,0,0,0,0,0,0,0,0,0,0,0,0,0,0,0,0
"ASV380","Bacteria","Thermodesulfobacteriota","Desulfuromonadia","Geobacterales","Geobacteraceae","Geobacteraceae",0,0,0,0,0,0,0,0,0,0,0,0,0,0,0,0,6,0,0,0,0,0,10,0,0,0,0,0,0,14,0,0,0,0,0,0,0,0,0,0,0,0,0,0,0,0,0,0,0,0,0,0,0,0,0,0,0,0,0,0,17,0,0,0,0,0,0,6,0,0,0,0,0,0,0,0
"ASV381","Bacteria","Thermodesulfobacteriota","Desulfuromonadia","Geobacterales","Geobacteraceae","Geomonas",0,0,0,0,0,0,0,0,0,0,0,0,0,0,0,0,0,0,0,0,0,0,0,0,0,0,0,0,0,0,0,0,0,0,0,0,0,0,0,0,0,0,0,0,0,0,0,0,0,0,0,0,0,0,0,0,0,0,0,0,0,0,0,0,0,0,0,0,0,0,0,0,0,10,0,0
"ASV382","Bacteria","Pseudomonadota","Gammaproteobacteria","Burkholderiales","Rhodocyclaceae","Georgfuchsia",0,0,0,0,0,0,0,0,0,0,0,0,0,0,0,0,0,0,0,0,0,0,0,0,0,0,0,0,0,0,0,0,0,0,0,0,0,0,0,0,0,0,0,0,0,0,0,0,0,0,132,0,0,0,0,0,0,0,0,0,0,0,0,0,0,0,0,0,0,0,0,0,0,0,0,0
"ASV383","Bacteria","Acidobacteriota","Holophagae","Holophagales","Holophagaceae","Geothrix",0,0,0,98,0,0,3,0,0,6,0,0,0,0,0,0,0,0,0,0,10,0,3,0,0,0,0,11,0,0,0,0,0,0,0,66,0,0,0,0,0,140,0,0,0,0,0,8,0,0,0,0,0,0,0,29,0,0,0,0,0,0,0,0,0,0,0,0,0,0,0,0,0,2,0,0
"ASV384","Bacteria","Chloroflexota","Gitt-GS-136","Gitt-GS-136","Gitt-GS-136","Gitt-GS-136",0,0,0,0,0,0,0,0,0,0,0,0,0,37,0,0,0,0,0,0,0,0,0,0,0,0,0,0,0,6,0,0,0,0,0,0,0,0,0,0,0,0,0,5,0,0,0,0,0,0,0,75,0,0,0,0,0,0,0,0,0,0,0,0,0,0,0,0,0,0,0,0,0,0,0,0
"ASV385","Bacteria","Pseudomonadota","Gammaproteobacteria","Burkholderiales","Oxalobacteraceae","Glaciimonas",0,0,0,0,0,20,0,0,0,0,0,0,0,0,0,0,0,0,0,0,0,0,0,0,0,0,0,0,0,0,0,0,0,0,0,0,0,0,0,0,0,0,0,0,0,0,0,0,0,0,0,0,0,0,0,0,0,0,0,0,0,0,0,0,0,0,0,0,0,0,0,0,0,0,0,0
"ASV386","Bacteria","Patescibacteria","Gracilibacteria","Gracilibacteria","Gracilibacteria","Gracilibacteria",0,0,0,0,0,0,0,0,0,0,0,0,0,8,0,0,0,0,0,0,0,0,0,0,0,0,0,0,0,0,0,0,0,0,0,0,0,0,21,9,0,0,0,0,0,0,0,0,0,0,9,465,0,24,0,0,0,0,0,0,0,68,26,0,13,0,0,5,0,0,0,0,0,0,0,0
"ASV387","Bacteria","Spirochaetota","Spirochaetia","Spirochaetales","Spirochaetaceae","Gracilinema",0,0,0,0,0,0,0,0,0,0,0,0,0,0,0,0,0,0,0,0,0,0,0,0,0,0,0,0,0,0,0,0,0,0,0,0,0,0,0,0,0,0,0,0,0,0,0,0,0,0,0,0,25,0,0,0,0,0,0,0,0,0,0,0,10,0,0,0,0,0,0,0,0,0,0,0
"ASV388","Archaea","Thermoproteota","Nitrososphaeria","Group 1.1c","Group 1.1c","Group 1.1c",0,0,0,0,0,0,0,0,0,0,0,0,0,0,0,0,0,0,0,0,0,0,0,11,0,0,0,0,0,0,0,0,0,0,0,0,0,0,0,0,0,0,0,0,0,0,0,0,0,0,0,0,0,0,0,0,0,0,0,0,0,0,0,0,0,0,0,0,0,0,0,0,0,0,0,0
"ASV389","Bacteria","Chloroflexota","Dehalococcoidia","H3.93","H3.93","H3.93",0,0,0,0,0,0,0,0,0,0,0,0,0,0,0,0,0,0,0,0,0,0,0,0,0,0,0,0,0,0,0,0,0,6,0,14,0,0,0,0,0,0,0,0,0,0,0,0,0,0,0,0,0,0,0,0,0,0,0,0,0,0,0,0,0,0,0,0,0,0,0,0,0,0,0,0
"ASV390","Bacteria","Bacillota","Clostridia","Oscillospirales","Oscillospiraceae","HN-HF0106",0,0,2,0,0,0,0,0,0,0,0,0,0,0,0,0,0,0,0,0,0,0,0,0,0,0,0,0,0,0,0,0,0,0,0,0,0,0,0,0,0,0,0,0,0,0,0,0,0,0,0,0,0,0,0,0,0,0,0,0,0,0,0,0,0,0,0,0,0,0,0,0,0,0,0,0
"ASV391","Archaea","Hadarchaeota","Hadarchaeia","Hadarchaeales","Hadarchaeaceae","Hadarchaeum",0,0,5,0,0,0,0,0,0,0,0,8,11,0,0,0,0,0,0,8,0,19,0,0,0,24,0,0,0,0,0,0,0,227,5,44,0,0,0,0,0,0,0,0,0,0,0,0,0,0,0,0,0,0,0,0,0,0,0,0,0,0,0,0,0,0,0,0,0,0,0,0,0,0,0,0
"ASV392","Bacteria","Myxococcota","Polyangiia","Haliangiales","Haliangiaceae","Haliangiaceae",0,0,0,0,0,0,0,0,0,0,0,0,0,0,0,0,0,0,0,0,0,0,2,32,0,0,0,0,0,0,0,0,0,0,0,0,0,0,0,0,0,0,0,0,0,0,0,0,0,0,0,13,0,0,0,0,0,0,0,0,0,28,0,0,0,0,0,0,0,0,0,0,0,0,0,0
"ASV393","Bacteria","Bacteroidota","Bacteroidia","Chitinophagales","Saprospiraceae","Haliscomenobacter",0,0,0,0,0,0,0,0,0,0,0,0,0,0,0,0,0,0,0,0,0,0,0,0,0,0,0,0,0,0,0,0,0,0,0,0,0,0,0,0,0,8,0,0,0,0,0,0,0,0,0,0,0,0,0,0,0,0,0,0,0,0,0,0,0,0,0,0,0,0,0,0,0,0,0,0
"ASV394","Archaea","Halobacteriota","Halobacteriota","Halobacteriota","Halobacteriota","Halobacteriota",0,0,0,0,0,0,0,3,0,0,0,0,0,0,0,0,0,0,0,0,0,0,0,0,0,0,0,0,0,0,0,0,26,0,0,0,0,0,0,0,0,0,0,0,0,0,0,0,0,0,0,0,0,0,0,0,0,0,0,0,0,0,0,0,0,0,0,0,0,0,0,0,0,0,0,0
"ASV395","Archaea","Halobacteriota","Halobacteria","Halobacterales","Halobacteriaceae","Halocalculus",0,0,0,0,0,0,10,0,0,0,0,0,0,0,0,0,0,0,0,0,0,0,0,0,0,0,0,0,0,0,0,0,0,0,0,0,0,0,0,0,0,0,0,0,0,0,0,0,0,0,0,0,0,0,0,0,0,0,0,0,0,0,0,0,0,0,0,0,0,0,0,0,0,0,0,0
"ASV396","Bacteria","Pseudomonadota","Gammaproteobacteria","Pseudomonadales","Halomonadaceae","Halomonas",0,0,0,0,0,0,0,0,0,0,0,0,0,0,0,0,0,0,0,0,0,0,0,0,0,0,0,0,0,0,0,0,0,0,0,0,0,0,0,0,0,0,0,0,0,0,0,0,0,0,0,0,23,0,117,0,0,0,0,7,0,0,0,6,0,0,0,0,0,0,0,0,0,0,0,0
"ASV397","Bacteria","Bacteroidota","Bacteroidia","Cytophagales","Microscillaceae","Hassallia",0,0,0,0,0,7,0,0,0,0,0,0,0,0,0,0,0,0,0,0,0,0,0,0,0,0,0,0,0,0,0,0,0,0,0,0,0,0,0,0,0,0,0,4,0,0,0,0,0,0,0,0,0,0,0,0,0,0,0,0,0,0,0,0,0,0,0,0,0,0,0,0,0,0,0,0
"ASV398","Bacteria","Actinomycetota","Actinobacteria","Micrococcales","Microbacteriaceae","Herbiconiux",0,0,0,0,0,0,0,0,0,0,0,0,0,0,0,0,0,0,0,32,0,0,0,0,0,0,0,0,0,0,0,0,0,0,0,0,0,0,0,0,0,0,0,0,0,0,0,0,0,0,0,0,0,0,0,0,0,30,0,0,0,0,0,0,0,0,0,0,0,0,0,0,0,0,0,0
"ASV399","Bacteria","Pseudomonadota","Gammaproteobacteria","Burkholderiales","Oxalobacteraceae","Herminiimonas",0,0,0,0,0,0,0,0,0,0,0,0,0,0,0,59,0,0,0,0,0,0,0,0,0,0,0,0,0,0,0,0,0,49,0,0,0,0,0,0,0,0,0,0,0,0,0,18,0,0,0,0,0,0,0,15,0,0,0,0,0,0,0,0,0,0,0,0,0,12,0,213,0,0,0,0
"ASV400","Bacteria","Pseudomonadota","Alphaproteobacteria","Caulobacterales","Hyphomonadaceae","Hirschia",0,0,0,0,0,0,0,0,0,0,0,0,0,0,0,0,0,0,0,0,0,0,0,0,0,0,0,0,0,0,0,0,0,0,0,0,0,0,0,0,0,26,0,0,0,0,0,0,0,0,0,0,0,48,47,0,0,8,0,0,0,0,0,0,0,0,0,0,0,0,0,0,0,0,0,0
"ASV401","Bacteria","Pseudomonadota","Alphaproteobacteria","Hyphomicrobiales","Rhizobiaceae","Hoeflea",140,11,0,0,0,0,0,0,0,0,2,59,0,70,14,0,0,22,19,7,0,0,0,0,0,0,0,0,0,0,10,0,0,0,5,0,0,0,37,0,0,0,0,0,0,0,0,0,0,56,0,80,0,0,0,72,0,0,0,0,0,0,0,0,0,0,0,0,0,0,0,0,0,0,0,0
"ASV402","Bacteria","Acidobacteriota","Holophagae","Holophagales","Holophagaceae","Holophagaceae",0,0,0,0,0,18,0,0,0,0,0,0,27,0,0,0,0,15,0,0,0,0,0,0,0,0,0,0,0,7,0,0,0,0,0,0,0,0,0,0,0,0,0,0,0,0,0,0,0,0,38,0,0,0,0,0,0,0,0,0,0,0,0,0,0,0,0,0,0,0,0,0,0,0,0,0
"ASV403","Bacteria","Pseudomonadota","Alphaproteobacteria","Holosporales","Holosporaceae","Holosporaceae",0,0,0,0,0,0,0,0,0,0,0,8,0,0,0,7,0,7,11,0,0,0,0,51,0,0,4,0,0,0,0,0,0,0,0,0,0,0,0,0,0,7,0,0,0,0,0,0,0,0,0,0,0,21,0,28,0,0,0,0,0,43,0,0,0,0,0,0,0,0,0,0,0,0,0,0
"ASV404","Bacteria","Thermodesulfobacteriota","Desulfovibrionia","Desulfovibrionales","Desulfovibrionaceae","Humidesulfovibrio",9,0,12,0,0,0,0,12,0,0,0,14,61,0,0,0,16,15,0,0,0,0,6,0,0,0,7,0,0,0,0,15,10,6,43,15,11,0,7,0,0,0,0,0,0,0,0,0,0,9,79,0,0,0,15,33,0,0,0,0,0,0,0,0,0,0,0,0,0,0,8,0,5,13,22,0
"ASV405","Bacteria","Pseudomonadota","Alphaproteobacteria","Acetobacterales","Acetobacteraceae","Humitalea",0,0,0,0,0,0,0,0,0,0,0,0,0,0,0,0,0,0,0,0,0,0,0,0,0,0,0,0,0,0,0,0,0,0,0,0,2,0,0,0,0,0,0,0,0,0,0,0,0,0,0,0,0,0,0,0,0,0,0,0,0,0,0,0,0,0,0,0,0,0,0,0,0,0,0,0
"ASV406","Bacteria","Pseudomonadota","Gammaproteobacteria","Salinisphaerales","Nevskiaceae","Hydrocarboniphaga",0,0,0,18,0,0,8,0,0,0,0,0,0,0,0,0,0,0,0,0,0,0,0,0,0,0,0,0,0,0,0,0,0,0,0,0,0,0,0,0,0,0,0,0,0,0,0,0,0,0,0,0,0,0,0,0,0,0,0,0,0,0,0,0,0,0,0,0,0,0,0,0,0,0,0,0
"ASV407","Bacteria","Hydrogenedentes","Hydrogenedentia","Hydrogenedentiales","Hydrogenedensaceae","Hydrogenedensaceae",14,0,0,0,0,0,18,0,0,0,0,0,0,0,0,0,0,0,0,0,0,0,9,0,0,0,0,0,0,0,0,0,0,0,0,0,0,0,0,0,0,0,0,0,0,0,0,0,0,0,0,4,0,0,0,0,0,0,0,0,5,0,0,0,0,0,0,0,0,0,0,0,0,0,0,0
"ASV408","Bacteria","Bacillota","Clostridia","Oscillospirales","Ruminococcaceae","Hydrogenoanaerobacterium",0,0,0,0,0,0,0,0,0,0,0,0,0,0,0,0,0,0,0,0,0,0,0,0,0,0,0,0,0,0,0,0,0,0,0,0,0,0,0,0,0,0,0,0,0,0,0,0,0,0,0,0,0,0,0,0,0,0,0,0,0,0,0,0,0,0,0,0,0,0,14,0,0,0,0,0
"ASV409","Bacteria","Pseudomonadota","Gammaproteobacteria","Burkholderiales","Comamonadaceae","Hydrogenophaga",326,227,372,42,63,0,44,419,104,64,200,188,0,0,1287,105,22,814,674,100,133,26,0,0,0,0,22,104,194,33,386,159,95,107,1241,259,37,191,2279,373,1728,517,254,0,90,694,103,413,217,687,88,75,4011,839,404,7106,1096,210,296,25,0,0,0,0,51,115,196,39,486,843,1097,429,1307,593,294,703
"ASV410","Bacteria","Pseudomonadota","Gammaproteobacteria","Burkholderiales","Hydrogenophilaceae","Hydrogenophilaceae",0,23,711,35,0,0,163,12,100,0,0,0,125,0,0,0,0,0,0,0,0,0,0,0,0,0,0,0,0,0,431,0,0,0,0,0,0,0,0,0,426,65,0,0,9,0,20,0,0,0,150,0,0,0,0,0,0,0,0,0,0,0,0,0,0,0,0,0,53,0,0,0,0,0,0,0
"ASV411","Archaea","Hydrothermarchaeota","Hydrothermarchaeia","Hydrothermarchaeales","Hydrothermarchaeales","Hydrothermarchaeales",0,0,0,0,0,15,0,0,0,0,0,0,0,44,0,0,0,0,0,0,0,0,0,0,11,2,0,0,0,3,0,0,0,0,0,0,0,0,0,0,0,0,0,0,0,0,0,0,0,0,0,0,0,0,0,0,0,0,0,0,0,0,0,0,0,0,0,0,0,0,0,0,0,0,0,0
"ASV412","Bacteria","Pseudomonadota","Alphaproteobacteria","Hyphomicrobiales","Hyphomicrobiaceae","Hyphomicrobiaceae",0,0,0,0,0,5,17,0,0,0,0,0,0,0,0,0,0,0,0,0,0,0,0,17,0,0,0,0,0,8,0,0,0,0,0,0,0,0,0,0,0,0,0,0,0,0,0,0,0,0,0,0,0,0,0,0,0,0,0,0,0,0,0,0,0,0,0,0,0,0,0,0,0,0,0,0
"ASV413","Bacteria","Pseudomonadota","Alphaproteobacteria","Hyphomicrobiales","Hyphomicrobiales","Hyphomicrobiales",0,0,0,0,0,0,0,0,0,0,0,0,10,28,0,0,0,0,0,0,0,0,0,43,0,0,0,0,0,0,0,0,0,0,0,0,0,0,0,0,0,0,0,0,0,0,0,0,0,0,0,136,0,0,0,0,0,0,0,0,0,0,0,0,0,0,0,0,0,0,0,0,0,0,0,0
"ASV414","Bacteria","Pseudomonadota","Alphaproteobacteria","Hyphomicrobiales","Hyphomicrobiales Incertae Sedis","Hyphomicrobiales Incertae Sedis",0,0,0,61,0,0,72,1,0,11,0,0,0,0,0,0,0,0,0,0,15,0,56,42,0,0,8,19,14,36,0,0,0,0,0,0,0,0,0,0,0,162,13,0,71,0,0,16,0,18,0,0,0,25,0,0,0,0,0,12,57,35,0,0,0,0,7,0,0,0,0,0,0,0,0,0
"ASV415","Bacteria","Pseudomonadota","Alphaproteobacteria","Hyphomicrobiales","Hyphomicrobiaceae","Hyphomicrobium",0,0,0,12,0,0,11,0,0,0,0,0,0,0,0,0,0,0,12,154,0,0,0,0,0,0,0,0,0,11,0,0,0,0,0,0,0,0,0,0,0,86,0,11,41,0,0,0,0,0,0,0,0,0,0,0,0,106,0,13,9,12,0,0,0,0,0,0,0,0,0,0,0,0,0,0
"ASV416","Bacteria","Pseudomonadota","Alphaproteobacteria","Caulobacterales","Hyphomonadaceae","Hyphomonas",0,0,0,0,0,0,0,0,0,0,0,0,0,0,0,0,0,0,0,0,0,0,0,0,0,0,0,0,0,0,0,0,0,0,0,0,0,0,24,0,0,0,0,0,21,0,0,0,0,31,0,10,0,0,0,48,0,0,0,0,0,0,0,0,0,0,0,0,0,0,0,0,0,0,0,0
"ASV417","Bacteria","Fusobacteriota","Fusobacteriia","Fusobacteriales","Leptotrichiaceae","Hypnocyclicus",0,0,0,0,0,0,0,0,0,0,0,0,0,0,0,0,0,0,0,0,0,0,0,0,0,0,6,0,0,0,0,0,0,0,0,0,0,0,0,0,0,0,0,0,0,0,0,0,0,0,0,0,0,0,0,0,0,0,0,0,0,0,0,3,12,0,0,0,0,0,0,0,0,0,0,0
"ASV418","Bacteria","Verrucomicrobiota","Verrucomicrobiia","Opitutales","Opitutaceae","IMCC26134",0,0,0,0,0,0,0,0,0,0,0,0,0,0,0,0,0,0,32,0,0,0,0,0,0,0,0,0,0,0,0,0,0,0,0,0,0,0,0,0,0,0,0,0,0,0,0,0,0,0,0,0,0,0,0,0,0,0,0,0,0,0,0,0,0,0,0,0,0,0,0,0,0,0,0,0
"ASV419","Bacteria","Actinomycetota","Acidimicrobiia","Microtrichales","Microtrichaceae","IMCC26207",0,0,0,0,0,0,0,0,0,0,0,0,0,0,0,6,0,0,5,0,0,0,0,0,0,0,0,0,0,0,0,0,0,0,0,0,0,0,0,0,0,0,0,0,0,0,0,0,0,0,0,0,0,0,0,0,0,0,0,0,0,0,0,0,0,0,0,0,0,0,0,0,0,0,0,0
"ASV420","Bacteria","Pseudomonadota","Gammaproteobacteria","Burkholderiales","Nitrosomonadaceae","IS-44",0,0,0,0,0,0,12,0,0,0,0,0,0,0,0,5,0,0,0,0,0,0,0,0,0,0,0,0,0,0,0,0,0,0,0,0,0,0,0,0,0,0,0,0,29,0,0,0,0,0,0,0,0,0,0,0,0,0,0,0,0,0,0,0,0,0,0,0,0,0,0,0,0,0,0,0
"ASV421","Archaea","Iainarchaeota","Iainarchaeia","Iainarchaeales","Iainarchaeales","Iainarchaeales",0,0,0,9,5,0,0,111,0,0,0,0,3,0,0,0,0,0,12,0,10,0,2,0,0,0,41,13,0,0,0,0,0,7,0,0,0,0,0,0,0,0,0,0,0,0,0,0,0,0,0,0,0,0,0,0,0,0,0,0,0,0,0,0,0,0,0,0,0,0,0,0,0,0,0,0
"ASV422","Bacteria","Actinomycetota","Acidimicrobiia","Microtrichales","Iamiaceae","Iamia",5,0,0,0,0,0,0,0,0,4,0,0,0,0,0,0,0,0,0,0,0,0,0,48,0,0,0,0,0,14,0,0,0,0,0,39,0,0,0,0,0,27,0,0,0,0,0,0,0,0,0,0,0,0,0,0,0,0,0,0,0,23,0,0,0,0,0,0,0,0,0,0,0,17,0,0
"ASV423","Bacteria","Pseudomonadota","Gammaproteobacteria","Burkholderiales","Comamonadaceae","Ideonella",0,0,0,0,0,0,0,0,0,0,0,0,0,0,0,0,0,0,0,0,25,0,0,0,0,0,0,0,0,0,0,0,0,0,0,0,0,0,0,0,0,0,0,0,0,0,0,0,0,0,0,0,0,0,0,0,0,0,0,0,0,0,0,0,0,0,0,0,0,0,0,0,0,0,0,0
"ASV424","Bacteria","Pseudomonadota","Gammaproteobacteria","Enterobacterales","Idiomarinaceae","Idiomarinaceae",0,0,0,0,0,0,0,0,0,0,0,0,0,0,0,0,2,0,0,0,0,0,0,0,0,0,0,0,0,0,0,0,0,0,0,0,0,0,0,0,0,0,0,0,0,0,0,0,0,0,0,0,0,0,0,0,0,0,0,0,0,0,0,0,0,0,0,0,0,0,0,0,0,0,0,0
"ASV425","Bacteria","Ignavibacteriota","Ignavibacteria","Ignavibacteriales","Ignavibacteriales","Ignavibacteriales",0,0,0,0,0,0,161,0,0,0,0,0,0,0,59,0,0,0,0,0,0,0,0,0,0,0,0,0,0,0,0,0,0,0,0,0,0,0,0,0,0,0,0,0,0,0,0,0,0,0,0,0,0,0,0,0,0,0,0,0,0,0,0,0,0,0,0,0,0,0,0,0,0,0,0,0
"ASV426","Bacteria","Ignavibacteriota","Ignavibacteria","Ignavibacteriales","Ignavibacteriaceae","Ignavibacterium",0,0,18,0,7,0,0,0,4,0,3,0,0,0,0,0,0,0,0,0,0,0,0,0,0,0,0,0,0,7,3,0,0,3,0,0,0,3,0,0,0,0,13,0,92,0,0,0,0,8,0,9,43,0,0,0,0,0,0,0,0,0,0,0,0,0,0,0,0,0,2,0,0,22,0,0
"ASV427","Bacteria","Ignavibacteriota","Ignavibacteria","Ignavibacteriales","Melioribacteraceae","IheB3-7",0,0,0,0,0,0,0,0,0,0,0,0,0,3,0,0,0,0,0,0,0,0,0,0,0,0,0,0,0,0,0,0,0,0,0,14,0,0,0,0,0,0,0,0,0,0,0,0,0,0,0,0,0,0,0,0,0,0,0,0,0,0,0,0,0,0,0,0,0,0,0,0,0,12,0,0
"ASV428","Bacteria","Actinomycetota","Acidimicrobiia","Microtrichales","Ilumatobacteraceae","Ilumatobacteraceae",0,0,0,4,0,0,0,0,0,0,0,0,0,0,0,0,0,0,0,0,0,0,0,0,0,0,0,0,0,0,0,0,0,0,0,0,0,0,0,0,0,0,0,0,0,0,0,0,0,0,0,0,0,0,0,0,0,0,0,0,0,0,0,0,0,0,0,0,0,0,0,0,0,0,0,0
"ASV429","Archaea","Nanoarchaeota","Nanoarchaeia","Pacearchaeales","Incertae Sedis","Incertae Sedis",0,0,0,0,37,10,0,0,0,11,0,90,16,60,0,97,0,0,0,0,4,25,24,12,0,365,0,7,0,0,0,0,0,128,0,0,0,0,0,0,0,0,0,0,0,0,0,0,0,0,0,0,0,0,0,0,0,0,0,0,0,0,0,0,0,0,0,0,0,0,0,0,0,0,0,0
"ASV430","Bacteria","Pseudomonadota","Gammaproteobacteria","Burkholderiales","Chitinibacteraceae","Iodobacter",0,0,0,0,0,0,0,0,0,0,0,0,20,0,0,0,0,0,0,0,0,0,0,0,0,0,0,0,0,0,0,0,0,0,0,0,0,0,0,0,0,0,0,0,0,0,0,0,0,0,37,0,0,0,0,0,0,0,0,0,0,0,0,0,0,0,0,0,0,0,0,0,0,0,0,0
"ASV431","Bacteria","Bacillota","Bacilli","Izemoplasmatales","Izemoplasmataceae","Izemoplasmataceae",0,0,0,0,0,0,0,0,0,0,0,0,0,0,0,0,0,0,0,0,0,0,0,0,0,0,0,0,0,0,0,0,0,0,0,0,0,0,0,0,0,0,0,0,0,0,31,29,0,0,0,0,9,0,6,16,0,0,0,0,0,0,0,0,98,0,0,0,0,137,33,14,0,8,0,0
"ASV432","Bacteria","Chloroflexota","Chloroflexia","Thermomicrobiales","JG30-KF-CM45","JG30-KF-CM45",0,0,0,12,0,0,0,0,0,0,0,0,0,10,0,0,0,0,0,0,0,0,22,0,0,0,0,0,0,0,0,0,0,0,0,9,2,0,0,0,0,87,0,0,0,0,0,0,0,0,0,68,0,0,0,0,0,0,0,0,41,0,0,0,0,0,0,0,0,0,0,0,0,9,7,0
"ASV433","Bacteria","Chloroflexota","JG30-KF-CM66","JG30-KF-CM66","JG30-KF-CM66","JG30-KF-CM66",0,0,0,6,0,11,21,0,0,0,0,5,0,13,0,4,0,0,0,0,0,0,3,197,0,0,0,0,0,33,0,0,0,0,35,27,0,0,9,0,0,26,0,0,30,0,0,0,0,10,0,33,0,0,0,0,0,0,0,5,4,119,0,5,0,0,0,0,0,0,0,0,14,15,11,0
"ASV434","Bacteria","Patescibacteria","Gracilibacteria","JGI 0000069-P22","JGI 0000069-P22","JGI 0000069-P22",0,0,0,0,0,0,0,0,0,0,0,0,0,0,0,0,0,0,0,0,0,0,0,0,0,0,0,0,0,0,0,0,0,0,0,0,0,0,0,392,0,0,0,0,0,0,32,0,0,0,0,0,0,0,0,0,95,0,0,0,0,0,0,0,8,0,0,19,0,0,0,0,0,0,0,0
"ASV435","Bacteria","Acidobacteriota","Blastocatellia","Blastocatellales","Blastocatellaceae","JGI 0001001-H03",9,0,0,0,0,0,0,0,0,0,0,0,0,0,0,0,0,0,0,0,0,0,0,0,0,0,0,0,0,0,0,0,0,0,0,0,0,0,106,0,0,0,0,0,0,0,0,0,0,0,0,0,0,0,0,0,0,0,0,0,0,0,0,0,0,0,0,0,0,0,0,0,0,0,0,0
"ASV436","Bacteria","Atribacterota","JS1","JS1","JS1","JS1",0,0,0,0,0,0,6,15,0,0,0,77,0,0,5,0,0,0,0,0,0,24,0,0,0,114,0,0,0,0,0,83,84,21,8,30,0,16,0,0,0,0,0,0,11,0,0,0,0,32,0,0,10,0,0,0,0,0,0,18,0,0,0,134,0,0,0,0,0,93,276,17,0,31,0,25
"ASV437","Bacteria","Bacillota","Clostridia","Peptostreptococcales-Tissierellales","Incertae Sedis","JTB215",0,0,0,0,0,0,0,43,0,0,0,0,0,0,0,0,0,0,0,0,0,0,0,0,0,0,0,0,0,0,0,0,0,0,0,0,0,0,0,0,0,0,0,0,0,17,0,0,0,0,0,0,0,0,0,0,0,0,0,0,0,0,0,0,0,0,0,0,0,0,0,0,0,0,0,0
"ASV438","Bacteria","Pseudomonadota","Gammaproteobacteria","JTB23","JTB23","JTB23",0,0,0,0,0,0,0,0,0,0,0,0,0,0,0,0,0,0,0,0,0,0,0,0,0,0,0,0,0,0,0,0,0,0,0,0,0,0,0,0,0,0,0,16,0,0,0,0,0,0,0,0,0,0,0,0,0,0,0,0,0,0,0,0,0,0,0,0,0,0,0,0,0,0,0,0
"ASV439","Bacteria","Actinomycetota","Actinobacteria","Micrococcales","Intrasporangiaceae","Janibacter",0,0,0,0,0,0,0,0,0,0,0,0,0,0,0,0,0,0,0,0,0,0,0,0,0,0,0,0,0,8,0,0,0,0,0,0,0,0,0,0,0,0,0,0,0,0,0,0,0,0,0,0,0,0,0,0,0,0,0,0,0,0,0,0,0,0,0,0,0,0,0,0,0,0,0,0
"ASV440","Bacteria","Pseudomonadota","Gammaproteobacteria","Burkholderiales","Oxalobacteraceae","Janthinobacterium",0,0,0,0,0,0,0,0,0,0,0,0,0,0,0,0,0,0,0,0,0,0,0,15,0,0,0,0,0,0,0,0,0,0,0,0,0,0,0,0,0,31,0,0,0,0,0,0,0,0,0,0,0,0,0,0,0,0,0,0,0,0,0,0,0,0,0,0,0,111,0,0,0,0,0,0
"ASV441","Bacteria","Chloroflexota","Dehalococcoidia","JdFR-54","JdFR-54","JdFR-54",0,0,0,0,0,7,0,0,0,0,0,0,0,0,0,0,0,0,0,0,0,0,0,0,0,0,0,0,0,0,0,0,0,61,0,0,0,0,0,0,0,0,0,0,0,0,0,0,0,0,0,8,0,0,0,0,0,0,0,0,0,0,0,0,0,0,0,0,0,0,0,91,0,0,0,0
"ASV442","Bacteria","Planctomycetota","Phycisphaerae","MSBL9","KCLunmb-38-53","KCLunmb-38-53",0,0,0,0,0,0,0,0,0,0,0,5,0,0,0,0,0,0,0,0,0,0,0,0,0,0,0,0,0,0,0,0,0,0,0,0,0,0,0,0,0,0,0,0,0,0,0,0,0,0,0,0,0,0,0,0,0,0,0,0,0,0,0,0,0,0,0,0,0,0,0,0,0,0,0,0
"ASV443","Bacteria","Pseudomonadota","Gammaproteobacteria","Acidithiobacillales","Acidithiobacillaceae","KCM-B-112",0,0,0,0,0,0,0,0,0,0,0,0,0,0,0,0,0,0,0,0,0,0,56,0,0,0,0,0,0,0,0,0,0,0,0,359,0,0,0,0,0,0,0,0,0,0,0,0,0,0,0,0,0,0,0,0,0,0,0,0,0,0,0,0,0,0,0,0,0,0,0,0,0,177,0,0
"ASV444","Bacteria","Myxococcota","Myxococcia","Myxococcales","Myxococcaceae","KD3-10",0,0,0,0,0,0,0,0,0,0,0,0,0,0,0,0,0,0,0,0,0,0,0,4,0,0,0,0,0,0,0,0,0,0,0,0,0,0,0,0,0,0,0,0,0,0,0,0,0,0,0,0,0,0,0,0,0,0,0,0,0,0,0,0,0,0,0,0,0,0,0,0,0,0,0,0
"ASV445","Bacteria","Bacteroidota","Bacteroidia","Sphingobacteriales","KD3-93","KD3-93",0,0,0,0,68,32,0,0,0,0,0,0,0,0,0,0,0,0,0,0,303,11,34,9,0,0,0,578,222,0,0,0,0,0,0,0,0,0,0,0,0,0,83,35,0,0,0,0,0,0,0,11,0,0,0,0,0,0,0,10,32,0,0,0,0,86,94,0,0,0,0,0,0,0,0,0
"ASV446","Bacteria","Chloroflexota","KD4-96","KD4-96","KD4-96","KD4-96",0,0,9,20,0,18,0,15,0,0,0,0,0,50,0,0,0,0,0,0,0,0,62,125,20,0,0,0,0,9,0,0,0,0,0,9,0,0,4,0,57,69,0,13,53,0,0,0,0,0,0,57,0,0,0,0,0,0,0,0,138,10,19,0,14,0,0,0,0,0,0,0,0,0,0,0
"ASV447","Bacteria","Pseudomonadota","Alphaproteobacteria","Hyphomicrobiales","KF-JG30-B3","KF-JG30-B3",0,0,0,0,0,0,0,0,0,0,0,0,0,0,0,0,0,0,0,0,0,0,0,22,0,0,0,0,0,0,0,0,0,0,0,0,0,0,0,0,0,0,0,0,0,0,0,0,0,0,0,0,0,0,0,0,0,0,0,0,0,0,0,0,0,0,0,0,0,0,0,0,0,0,0,0
"ASV448","Bacteria","Candidatus Kapabacteria","Kapabacteria","Kapabacteriales","Kapabacteriales","Kapabacteriales",4,7,4,0,0,0,7,0,0,0,0,0,0,0,8,0,0,0,3,0,0,0,0,0,0,0,11,0,0,0,0,0,0,0,0,3,0,0,0,0,0,72,0,0,12,0,0,0,0,0,0,3,0,0,0,0,0,0,0,0,0,0,0,0,12,0,0,0,0,0,6,0,0,0,2,0
"ASV449","Bacteria","Patescibacteria","Kazania","Kazania","Kazania","Kazania",0,0,0,0,9,0,0,0,0,0,0,0,0,0,0,0,0,0,0,0,0,0,0,0,0,5,0,0,0,0,0,0,0,7,0,0,0,0,0,0,0,12,8,0,0,0,0,0,0,0,0,74,0,0,0,0,0,0,0,0,0,0,0,0,0,0,0,0,0,0,0,0,0,0,0,0
"ASV450","Bacteria","Pseudomonadota","Gammaproteobacteria","Burkholderiales","Alcaligenaceae","Kerstersia",0,0,0,0,0,0,0,0,0,0,0,0,0,0,0,0,0,0,0,0,0,0,0,0,0,0,0,0,0,0,0,0,0,0,0,0,0,5,0,0,0,0,0,0,0,0,0,0,0,0,0,0,0,0,0,0,0,0,0,0,0,0,0,0,0,0,0,0,0,0,0,0,0,0,0,0
"ASV451","Bacteria","Actinomycetota","Actinobacteria","Kineosporiales","Kineosporiaceae","Kineosporiaceae",0,0,0,0,0,0,0,0,0,0,0,0,0,0,0,0,0,0,0,0,0,0,0,8,0,0,0,0,0,0,0,0,0,0,0,0,0,0,0,0,0,0,0,0,0,0,0,0,0,0,0,0,0,0,0,0,0,0,0,0,0,0,0,0,0,0,0,0,0,0,0,0,0,0,0,0
"ASV452","Bacteria","Planctomycetota","Phycisphaerae","MSBL9","L21-RPul-D3","L21-RPul-D3",0,0,0,0,0,0,0,0,0,0,0,0,0,0,0,0,0,0,0,0,0,0,0,0,0,0,0,0,0,0,0,5,11,0,0,0,0,24,0,0,0,0,0,0,0,0,0,0,0,0,0,0,0,0,0,0,0,0,0,0,0,0,0,0,0,0,0,0,0,0,0,0,0,0,0,0
"ASV453","Archaea","Asgardarchaeota","Lokiarchaeia","Odinarchaeales","Incertae Sedis","LCB-4",0,0,0,0,0,0,0,0,0,0,0,0,0,0,0,0,0,0,0,0,0,0,0,0,0,0,17,4,0,0,0,0,0,0,0,0,0,0,0,0,0,0,0,0,0,0,0,0,0,0,0,0,0,0,0,0,0,0,0,0,0,0,0,0,0,0,0,0,0,0,0,0,0,0,0,0
"ASV454","Bacteria","LCP-89","LCP-89","LCP-89","LCP-89","LCP-89",0,0,0,2,0,0,0,0,0,0,0,0,0,0,0,0,0,0,0,0,8,0,0,0,0,3,0,9,9,0,0,0,0,6,0,0,0,0,0,0,0,0,0,0,0,0,0,0,0,0,0,4,0,0,0,0,0,0,7,0,0,0,0,0,0,0,7,0,0,0,0,0,0,0,0,0
"ASV455","Bacteria","Ignavibacteriota","Ignavibacteria","Ignavibacteriales","LD-RB-34","LD-RB-34",0,0,0,0,0,3,0,0,0,0,0,0,0,0,0,0,0,0,0,0,0,0,0,0,0,0,0,0,0,0,0,0,0,0,0,0,0,0,0,0,0,0,0,0,0,0,0,2,0,0,0,0,0,0,0,0,0,0,0,0,0,0,0,0,0,0,0,0,0,0,0,0,0,0,0,0
"ASV456","Bacteria","Chlamydiota","Chlamydiia","LD1-PA32","LD1-PA32","LD1-PA32",0,0,0,0,0,0,0,0,0,0,0,17,0,14,0,0,0,0,0,0,0,0,0,0,0,0,0,0,0,0,0,0,0,0,0,0,0,0,0,0,0,0,0,0,0,0,0,0,0,13,0,0,0,0,0,0,0,0,0,0,0,0,0,0,0,0,0,0,0,0,0,0,0,0,0,0
"ASV457","Bacteria","Verrucomicrobiota","Verrucomicrobiia","LD1-PB3","LD1-PB3","LD1-PB3",0,0,0,0,0,0,0,0,0,0,0,0,0,0,0,0,0,0,0,0,0,0,0,0,0,0,0,0,0,0,0,0,0,0,0,0,0,0,0,0,0,0,0,0,0,0,0,0,0,0,0,0,0,0,0,0,0,0,0,0,0,0,0,0,0,0,0,0,0,0,0,0,0,5,0,0
"ASV458","Bacteria","Patescibacteria","Saccharimonadia","Saccharimonadales","LWQ8","LWQ8",0,0,0,0,0,0,0,0,0,0,0,0,0,0,0,0,0,0,0,0,0,0,0,9,0,0,0,0,0,16,0,0,0,0,0,0,0,0,0,0,0,0,0,0,0,0,0,0,0,0,0,44,0,0,20,0,0,0,0,0,0,58,0,0,0,0,0,17,0,0,0,0,0,0,0,0
"ASV459","Bacteria","Bacillota","Clostridia","Lachnospirales","Lachnospiraceae","Lachnospiraceae",5,0,0,0,0,0,0,0,5,0,0,0,0,0,0,0,0,0,0,0,0,0,0,0,0,0,0,0,0,0,5,0,0,0,4,0,2,0,0,0,0,0,0,0,0,0,0,0,0,0,0,0,0,0,0,0,0,0,0,0,0,0,0,0,0,0,0,0,0,0,0,0,0,0,0,0
"ASV460","Bacteria","Bacillota","Clostridia","Lachnospirales","Lachnospirales","Lachnospirales",0,0,0,0,0,0,0,0,0,0,0,0,0,0,0,0,0,0,0,0,0,0,0,0,0,0,0,0,0,0,0,0,0,0,0,0,0,0,6,0,7,0,0,0,0,0,4,0,0,0,0,0,0,0,0,0,0,0,0,0,0,0,0,0,0,0,0,0,0,0,0,0,0,0,0,0
"ASV461","Bacteria","Bacteroidota","Bacteroidia","Chitinophagales","Chitinophagaceae","Lacibacter",0,0,0,0,0,0,0,0,0,0,0,0,0,0,0,127,0,0,0,0,0,0,24,0,0,0,0,0,0,0,0,0,0,0,0,0,0,0,0,0,0,0,0,0,0,0,0,0,0,0,0,0,0,19,0,0,0,0,0,0,0,0,0,0,0,0,0,0,0,0,0,0,0,0,0,0
"ASV462","Bacteria","Bacteroidota","Bacteroidia","Cytophagales","Spirosomataceae","Lacihabitans",0,0,0,131,0,45,6,0,0,0,0,0,0,0,0,0,0,0,0,0,0,0,0,0,0,0,0,0,0,8,0,0,0,0,0,0,0,0,0,0,0,261,0,50,0,0,0,0,0,0,0,0,0,0,0,0,0,0,0,0,0,0,0,0,0,0,0,0,0,0,0,0,0,0,0,0
"ASV463","Bacteria","Pseudomonadota","Gammaproteobacteria","Burkholderiales","Oxalobacteraceae","Lacisediminimonas",0,0,0,0,0,0,0,0,0,0,0,0,0,0,0,0,0,0,0,0,5,5,0,0,0,0,0,0,9,35,0,0,0,0,0,0,0,0,0,0,0,0,0,0,0,0,0,0,0,0,0,0,0,0,0,0,0,0,0,82,0,0,0,0,0,0,0,25,0,0,9,0,0,0,0,0
"ASV464","Bacteria","Actinomycetota","Actinobacteria","Micrococcales","Intrasporangiaceae","Lapillicoccus",0,0,0,0,0,0,0,0,0,0,0,0,0,0,0,0,0,0,0,6,0,0,0,0,0,0,0,0,0,0,0,0,0,0,0,0,0,0,0,0,0,0,0,0,0,0,0,0,0,0,0,0,0,0,0,0,0,0,0,0,0,0,0,0,0,0,0,0,0,0,0,0,0,0,0,0
"ASV465","Bacteria","Latescibacterota","Latescibacteria","Latescibacterales","Latescibacteraceae","Latescibacteraceae",0,0,0,0,0,0,0,0,0,0,0,0,0,13,0,0,0,0,0,0,0,0,0,0,0,0,0,3,0,0,0,0,0,0,6,0,0,0,0,0,0,0,0,0,0,0,0,0,0,0,0,26,0,0,0,0,0,0,0,0,0,0,0,0,0,0,0,0,0,0,0,0,0,0,0,0
"ASV466","Bacteria","Latescibacterota","Latescibacterota","Latescibacterota","Latescibacterota","Latescibacterota",0,0,0,4,0,0,6,5,0,0,0,0,0,4,0,0,0,0,0,0,31,11,5,0,0,0,18,29,35,0,0,0,0,0,0,66,9,0,0,0,0,37,0,0,0,0,0,0,0,0,0,0,0,0,0,0,0,0,30,17,3,0,0,0,2,6,17,0,0,0,0,0,0,87,32,0
"ASV467","Bacteria","Pseudomonadota","Gammaproteobacteria","Burkholderiales","Leeiaceae","Leeia",0,0,0,15,116,0,0,0,0,0,0,0,46,0,0,0,0,0,0,0,0,0,0,0,0,0,0,0,0,0,0,0,0,0,0,0,0,0,0,0,0,22,101,0,0,0,0,0,0,0,42,0,0,0,0,0,0,0,0,0,0,0,0,0,0,0,0,0,0,0,0,0,0,0,0,0
"ASV468","Bacteria","Pseudomonadota","Gammaproteobacteria","Legionellales","Legionellaceae","Legionella",5,0,0,30,0,0,587,9,0,70,0,3604,218,42,0,1397,0,403,8,0,0,0,43,311,0,0,0,0,0,7,0,0,8,0,0,0,0,0,6,0,0,112,0,0,365,0,0,84,0,2745,212,84,0,2074,91,394,0,0,0,0,16,157,12,0,0,0,0,0,0,0,0,0,0,0,0,0
"ASV469","Bacteria","Pseudomonadota","Gammaproteobacteria","Legionellales","Legionellaceae","Legionellaceae",0,0,0,0,0,0,0,0,0,0,0,0,0,0,0,0,0,0,0,0,0,0,0,0,0,0,0,0,0,0,0,0,0,0,0,0,0,0,0,0,0,0,0,0,0,0,0,0,0,0,0,6,0,0,0,0,0,0,0,0,0,0,0,0,0,0,0,0,0,0,0,0,0,0,0,0
"ASV470","Bacteria","Verrucomicrobiota","Lentisphaeria","Oligosphaerales","Lenti-02","Lenti-02",0,0,0,0,0,0,0,4,0,0,0,0,0,0,0,0,0,0,0,0,0,0,0,0,0,12,20,0,2,0,0,0,0,0,0,6,0,0,0,0,0,0,0,0,0,0,0,0,0,0,0,0,0,0,0,0,0,0,0,0,0,0,0,0,0,0,0,0,0,0,0,0,0,0,0,0
"ASV471","Bacteria","Bacteroidota","Bacteroidia","Sphingobacteriales","Lentimicrobiaceae","Lentimicrobiaceae",456,0,0,0,0,0,100,0,93,0,4,156,0,0,29,0,0,28,18,0,72,0,13,0,2,39,50,81,65,0,0,0,11,33,55,72,0,45,0,0,0,8,0,0,66,0,19,0,0,11,0,0,46,0,7,0,0,0,38,0,13,0,5,43,0,24,41,0,0,10,111,0,7,0,29,10
"ASV472","Bacteria","Bacteroidota","Bacteroidia","Sphingobacteriales","Lentimicrobiaceae","Lentimicrobium",0,7,21,0,17,0,0,5,44,0,0,0,0,0,0,0,0,44,58,0,0,0,0,0,8,0,0,6,0,0,8,0,0,19,26,73,21,0,732,0,14,23,25,0,0,0,6,0,0,96,0,0,0,0,0,150,20,0,0,0,0,0,14,0,0,0,0,0,0,0,12,50,0,154,44,35
"ASV473","Bacteria","Chloroflexota","Anaerolineae","Anaerolineales","Anaerolineaceae","Leptolinea",0,0,0,0,0,0,0,0,0,0,0,0,2,0,9,0,0,9,0,0,15,0,0,0,0,0,0,17,12,0,0,0,0,0,18,8,32,0,0,0,0,0,0,0,0,0,0,0,0,0,0,0,0,0,8,0,0,0,0,0,0,0,0,0,0,0,0,0,0,0,0,0,0,0,0,0
"ASV474","Bacteria","Spirochaetota","Leptospirae","Leptospirales","Leptospiraceae","Leptospira",5,0,0,0,0,0,0,0,0,0,0,0,0,0,0,0,0,4,0,0,0,0,0,0,0,0,0,0,0,0,0,0,0,0,0,0,0,0,0,0,0,0,0,0,0,0,0,0,0,0,0,0,0,0,0,0,0,0,0,0,0,0,0,0,0,0,0,0,0,0,0,0,0,0,0,0
"ASV475","Bacteria","Nitrospirota","Leptospirillia","Leptospirillales","Leptospirillaceae","Leptospirillum",0,0,0,0,0,0,0,0,0,0,0,0,0,0,0,0,0,0,0,0,0,0,0,10,0,0,0,0,0,0,0,0,0,0,0,0,0,0,0,0,0,0,0,0,0,0,0,0,0,0,0,0,0,0,0,0,0,0,0,0,0,0,5,0,0,0,0,0,0,0,0,0,0,0,0,0
"ASV476","Bacteria","Pseudomonadota","Gammaproteobacteria","Burkholderiales","Comamonadaceae","Leptothrix",0,0,49,0,0,0,0,0,0,0,0,0,0,0,0,0,0,0,0,0,0,0,0,5,0,0,0,0,0,15,0,0,0,0,6,0,10,0,0,0,0,161,0,0,85,0,0,0,0,0,0,0,0,0,0,0,0,0,0,0,0,0,0,0,0,0,0,0,0,0,0,0,0,0,75,0
"ASV477","Bacteria","Actinomycetota","Actinobacteria","Micrococcales","Microbacteriaceae","Leucobacter",0,0,0,0,0,0,0,0,0,0,0,0,0,0,0,0,0,0,0,0,9,0,0,0,0,0,0,0,14,13,0,0,0,0,71,0,0,0,0,0,0,0,0,0,0,0,0,0,0,0,0,0,0,0,0,0,0,0,9,0,0,0,0,0,0,0,0,0,0,0,26,0,23,0,0,12
"ASV478","Bacteria","Pseudomonadota","Gammaproteobacteria","Burkholderiales","Burkholderiaceae","Limnobacter",0,0,0,0,0,0,0,0,0,13,0,0,0,0,0,0,0,0,0,0,0,0,0,0,0,0,0,0,0,0,0,0,0,0,0,0,0,0,0,0,0,0,0,0,29,0,0,86,0,0,0,0,0,0,0,0,0,0,0,0,0,0,0,0,0,0,0,0,0,0,0,0,0,0,0,0
"ASV479","Bacteria","Bacillota","Limnochordia","Limnochordia","Limnochordia","Limnochordia",0,0,0,0,0,0,0,0,0,0,0,0,0,0,0,0,0,0,0,0,0,0,0,0,0,0,0,0,0,0,0,0,0,0,0,0,0,0,0,0,0,0,0,0,0,0,0,0,0,0,0,3,0,0,0,0,0,0,0,0,0,0,0,0,0,0,0,0,0,0,0,0,0,0,0,0
"ASV480","Bacteria","Elusimicrobiota","Lineage IIa","Lineage IIa","Lineage IIa","Lineage IIa",0,0,0,0,0,0,0,0,0,0,0,0,0,0,0,0,0,0,0,0,0,0,0,12,0,0,0,0,0,0,0,0,0,0,0,0,0,0,0,0,0,0,0,0,0,0,0,0,0,0,0,0,0,0,0,0,0,0,0,0,0,0,0,0,0,0,0,0,0,0,0,0,0,0,0,0
"ASV481","Bacteria","Elusimicrobiota","Lineage IIb","Lineage IIb","Lineage IIb","Lineage IIb",0,0,0,0,0,0,0,0,0,0,0,0,0,10,0,0,0,0,0,0,0,0,0,7,0,0,0,0,0,0,0,0,0,0,0,0,0,0,0,0,0,0,0,0,0,0,0,0,0,0,0,45,0,0,0,0,0,0,0,0,0,0,0,0,0,0,0,0,0,0,0,0,0,0,0,0
"ASV482","Bacteria","Elusimicrobiota","Lineage IIc","Lineage IIc","Lineage IIc","Lineage IIc",0,0,0,0,0,0,0,0,0,0,0,0,0,0,0,0,0,0,0,0,0,0,0,0,0,0,0,0,0,0,0,0,0,0,0,0,0,0,0,0,0,0,0,0,0,0,0,0,0,0,0,10,0,5,0,0,0,0,0,0,0,0,0,0,0,0,0,0,0,0,0,0,0,0,0,0
"ASV483","Bacteria","Elusimicrobiota","Elusimicrobia","Lineage IV","Lineage IV","Lineage IV",0,0,0,0,0,24,4,0,0,0,0,51,18,0,0,0,13,0,0,0,9,0,52,19,14,30,37,12,13,6,0,0,0,0,0,9,0,0,0,0,0,0,0,10,8,0,0,0,0,38,22,0,0,5,52,0,0,0,0,0,56,10,55,7,20,0,0,0,0,0,0,0,0,0,9,0
"ASV484","Bacteria","Actinomycetota","Actinobacteria","Frankiales","Sporichthyaceae","Longivirga",0,0,0,0,0,0,0,0,0,0,0,0,0,0,0,0,0,0,0,0,0,0,15,0,0,0,0,0,0,0,0,0,0,0,0,0,0,0,0,0,0,0,0,0,0,0,0,0,0,0,0,0,0,0,0,0,0,0,0,0,0,0,0,0,0,0,0,0,0,0,0,0,0,0,0,0
"ASV485","Bacteria","Pseudomonadota","Gammaproteobacteria","Lysobacterales","Lysobacteraceae","Luteimonas",0,0,0,0,0,0,0,0,0,0,0,0,0,0,0,0,0,0,0,0,0,0,0,0,0,0,0,0,0,10,0,0,0,0,0,0,0,0,0,0,0,0,0,0,0,0,0,0,0,0,0,0,0,0,0,0,0,0,0,0,0,0,0,0,0,0,0,0,0,0,0,0,0,0,0,0
"ASV486","Bacteria","Verrucomicrobiota","Verrucomicrobiia","Verrucomicrobiales","Rubritaleaceae","Luteolibacter",0,0,0,0,0,0,0,0,0,0,0,0,0,0,2,0,0,0,0,0,0,0,0,0,0,0,0,0,0,0,0,0,0,0,0,0,0,0,0,0,0,0,0,0,0,0,0,0,0,0,0,0,120,0,0,0,0,0,0,0,0,0,0,0,0,0,0,0,0,0,0,0,0,0,0,0
"ASV487","Bacteria","Bacteroidota","Bacteroidia","Flavobacteriales","Flavobacteriaceae","Lutibacter",0,203,12,0,9,0,4,0,83,15,14,0,0,11,1407,0,0,148,1205,74,361,12,0,0,0,58,474,392,293,0,73,0,28,0,0,454,78,0,0,88,0,0,24,0,13,0,15,0,0,0,0,40,1695,0,0,168,337,52,115,11,10,0,0,52,236,100,101,0,36,0,6,0,0,435,132,0
"ASV488","Bacteria","Bacillota","Clostridia","Incertae Sedis","Incertae Sedis","Lutispora",0,0,0,0,0,0,0,0,0,0,0,0,0,0,0,0,0,0,0,0,0,0,0,10,0,2,0,0,0,0,0,0,0,0,0,46,0,0,0,0,0,0,0,0,0,0,0,0,0,0,0,0,0,0,0,0,0,0,0,0,0,0,0,0,0,0,0,0,0,0,0,0,0,14,0,0
"ASV489","Bacteria","Pseudomonadota","Gammaproteobacteria","Lysobacterales","Lysobacteraceae","Lysobacter",0,0,0,0,0,0,0,0,0,0,0,0,0,0,0,0,0,0,0,0,0,0,0,13,0,0,0,0,0,18,0,0,0,0,0,0,0,0,0,0,0,0,0,0,0,0,0,0,0,0,0,0,0,0,0,0,0,0,0,0,0,9,0,0,0,0,0,0,0,0,0,0,0,0,0,0
"ASV490","Bacteria","Pseudomonadota","Gammaproteobacteria","Lysobacterales","Lysobacteraceae","Lysobacteraceae",0,199,0,0,0,0,280,0,0,0,0,0,0,0,0,0,0,0,0,0,5,0,0,0,0,0,0,0,0,0,0,0,0,0,0,0,0,0,0,84,0,0,0,0,66,0,0,0,0,0,0,0,0,0,0,0,0,0,0,0,0,0,0,0,0,0,0,0,0,0,0,0,0,0,0,0
"ASV491","Bacteria","Pseudomonadota","Gammaproteobacteria","Lysobacterales","Lysobacterales","Lysobacterales",0,0,0,0,0,0,0,0,0,0,0,0,0,0,0,0,0,0,0,0,0,0,0,0,0,0,0,0,0,0,0,0,0,0,0,0,0,0,0,0,0,0,7,0,0,0,0,0,0,0,0,0,0,0,0,0,0,6,0,0,0,0,0,0,0,0,0,0,0,0,0,0,0,13,0,0
"ASV492","Bacteria","Thermodesulfobacteriota","Desulfuromonadia","Desulfuromonadales","MA-28-I98C","MA-28-I98C",0,0,0,0,0,0,0,0,0,0,0,0,0,0,0,0,0,0,0,0,0,0,0,0,0,13,0,0,0,12,0,0,0,0,0,0,0,0,0,0,0,0,0,0,0,0,0,0,0,0,0,0,0,0,0,0,0,0,0,0,0,0,0,0,0,0,0,0,0,0,0,0,0,0,0,0
"ASV493","Bacteria","Actinomycetota","MB-A2-108","MB-A2-108","MB-A2-108","MB-A2-108",0,0,0,0,0,8,0,0,0,0,0,0,0,12,0,0,0,0,0,0,0,0,0,66,0,0,0,0,0,7,0,0,0,0,0,0,0,0,0,0,0,0,0,11,0,0,0,0,0,0,0,38,0,0,0,0,0,0,0,0,0,33,0,0,0,0,0,0,0,0,0,0,0,0,0,0
"ASV494","Bacteria","MBNT15","MBNT15","MBNT15","MBNT15","MBNT15",0,0,0,37,10,18,0,0,0,0,0,0,6,60,0,0,0,0,0,0,0,0,0,0,55,32,18,0,0,10,0,0,0,0,0,6,7,0,0,0,0,91,16,0,0,0,0,0,0,0,0,131,0,0,0,0,0,0,0,0,0,0,78,53,14,0,0,0,0,0,0,0,0,10,15,0
"ASV495","Bacteria","Bacteroidota","Bacteroidia","Bacteroidales","ML635J-40 aquatic group","ML635J-40 aquatic group",0,0,3,0,0,0,0,0,0,0,0,0,0,0,0,0,0,0,0,0,0,0,0,0,0,0,0,0,0,0,0,0,0,0,0,0,0,0,0,0,0,0,0,0,0,0,0,0,0,0,0,0,0,0,0,0,0,0,0,0,0,0,0,0,0,0,0,0,0,0,0,0,0,0,0,0
"ASV496","Bacteria","Pseudomonadota","Gammaproteobacteria","Burkholderiales","Methylophilaceae","MM2",0,0,0,0,0,0,0,0,0,0,0,0,0,0,0,0,0,0,0,0,0,0,0,0,0,0,0,0,0,0,0,0,0,0,0,0,0,0,0,0,0,0,0,0,0,0,0,0,0,0,0,0,0,23,0,0,0,0,0,0,0,0,0,0,0,0,0,0,0,0,0,0,0,0,0,0
"ASV497","Bacteria","Pseudomonadota","Gammaproteobacteria","Burkholderiales","Nitrosomonadaceae","MND1",0,0,0,0,0,31,3,0,0,0,0,0,0,4,0,0,0,0,0,0,14,33,88,0,0,0,0,26,18,0,0,0,0,0,0,0,0,0,0,0,0,0,0,14,0,0,0,0,0,0,0,0,0,0,0,0,0,0,0,18,71,0,0,0,0,0,0,0,0,0,0,0,0,0,0,0
"ASV498","Bacteria","Chloroflexota","Anaerolineae","MSB-5B2","MSB-5B2","MSB-5B2",0,0,0,0,0,0,0,32,0,0,0,10,0,0,0,0,0,0,0,0,0,7,0,0,0,0,0,0,0,0,0,0,0,29,0,0,0,0,0,0,0,0,0,0,0,11,0,0,0,0,0,0,0,0,0,0,0,0,0,0,0,0,0,0,0,0,0,0,0,0,0,36,0,0,0,0
"ASV499","Bacteria","Chloroflexota","Anaerolineae","MSB-5E12","MSB-5E12","MSB-5E12",0,0,0,0,0,0,0,0,0,0,0,0,0,0,0,0,0,0,0,0,0,6,2,0,0,0,0,0,0,0,0,0,0,0,0,0,0,0,0,0,0,0,0,0,0,0,0,0,0,0,0,0,0,0,0,0,0,0,0,0,2,0,0,0,0,0,0,0,0,0,0,0,0,0,0,0
"ASV500","Bacteria","Cloacimonadota","Cloacimonadia","MSBL2","MSBL2","MSBL2",0,0,0,0,0,0,0,0,0,0,0,0,0,0,0,0,0,0,0,0,0,0,0,0,0,0,0,0,0,0,0,0,0,0,0,0,0,0,0,0,0,0,0,0,0,0,0,0,0,0,0,0,0,0,0,0,0,0,0,0,0,0,0,0,0,0,0,0,0,0,8,0,0,0,0,0
"ASV501","Bacteria","Chloroflexota","Dehalococcoidia","MSBL5","MSBL5","MSBL5",0,0,3,0,0,7,2,0,0,0,0,59,0,0,0,0,0,0,0,0,0,34,4,0,20,36,11,2,6,10,0,0,0,332,3,21,0,0,0,0,5,0,0,0,0,0,0,0,0,24,0,0,0,0,0,0,0,0,0,0,0,0,3,0,0,0,0,0,0,0,0,228,0,0,0,0
"ASV502","Bacteria","Thermodesulfobacteriota","Desulfobulbia","Desulfobulbales","Desulfurivibrionaceae","MSBL7",0,0,0,46,0,0,0,0,0,13,0,0,0,0,0,0,0,0,0,0,0,0,0,0,0,0,29,0,0,0,0,0,0,0,0,0,0,0,0,0,0,198,4,0,0,0,0,17,0,0,0,0,0,0,0,0,0,0,0,0,0,0,10,0,20,0,0,0,0,0,0,0,0,0,0,0
"ASV503","Bacteria","Cloacimonadota","Cloacimonadia","Cloacimonadales","MSBL8","MSBL8",0,0,0,0,0,0,0,0,0,0,0,0,0,0,0,0,0,0,0,0,0,0,0,0,0,0,0,0,0,0,0,0,0,0,0,0,0,0,0,0,0,0,0,0,0,0,0,0,0,0,0,0,0,0,0,0,0,0,0,0,0,0,0,0,0,0,0,0,0,0,66,0,0,0,0,0
"ASV504","Bacteria","Nitrospinota","MT5B39","MT5B39","MT5B39","MT5B39",0,0,0,0,0,16,0,0,0,0,0,0,0,0,0,0,0,0,0,0,0,0,0,0,0,0,0,0,0,0,0,0,0,0,0,0,0,0,0,0,0,0,0,3,0,0,0,0,0,0,0,0,0,0,0,0,0,0,0,0,0,0,0,0,0,0,0,0,0,0,0,0,0,0,0,0
"ASV505","Bacteria","Spirochaetota","MVP-15","MVP-15","MVP-15","MVP-15",4,3,0,0,0,0,0,0,0,0,0,0,4,0,0,0,0,4,0,0,0,0,0,0,0,0,8,0,0,6,0,0,0,19,0,13,4,15,0,0,0,0,0,0,0,0,0,0,0,0,5,0,0,0,0,31,0,0,0,0,0,0,0,0,0,0,0,0,0,12,0,28,0,10,11,32
"ASV506","Bacteria","Elusimicrobiota","Elusimicrobia","MVP-88","MVP-88","MVP-88",0,0,0,0,0,0,0,0,0,0,0,0,0,0,0,0,0,0,0,0,0,0,0,0,0,0,0,0,0,0,0,0,0,0,0,0,0,0,0,0,0,0,0,0,0,0,0,0,0,0,0,0,0,0,0,0,0,0,0,0,0,9,0,0,0,0,0,0,0,0,0,0,0,0,0,0
"ASV507","Bacteria","Bacteroidota","Bacteroidia","Bacteroidales","Tannerellaceae","Macellibacteroides",0,0,0,0,0,0,0,0,0,0,0,0,0,0,0,0,0,0,0,0,0,0,8,0,0,0,0,0,0,0,0,0,0,0,0,0,0,0,0,0,0,0,0,0,0,0,0,0,0,0,0,0,0,0,0,0,0,0,0,0,13,0,0,0,0,0,0,0,0,0,0,0,0,0,0,0
"ASV508","Bacteria","Pseudomonadota","Alphaproteobacteria","Rhodospirillales","Magnetospiraceae","Magnetospiraceae",0,0,0,0,0,0,0,0,0,0,0,0,0,12,0,0,0,0,0,0,0,0,0,0,0,0,0,0,0,0,0,0,0,0,0,0,0,0,0,0,0,0,0,0,0,0,0,0,0,0,6,21,0,0,0,0,0,0,0,0,0,0,0,0,0,0,0,0,0,0,0,0,0,0,0,0
"ASV509","Bacteria","Pseudomonadota","Alphaproteobacteria","Rhodospirillales","Magnetospirillaceae","Magnetospirillum",0,0,0,0,0,0,0,0,0,0,0,0,0,0,0,0,0,0,0,0,0,0,0,0,20,0,0,0,0,0,0,0,0,0,0,0,0,0,0,0,0,7,0,0,0,0,0,0,0,0,0,0,0,0,0,0,0,0,0,0,0,0,54,0,0,0,0,0,0,0,0,0,0,0,0,0
"ASV510","Bacteria","Pseudomonadota","Alphaproteobacteria","Rhodospirillales","Magnetospiraceae","Magnetovibrio",0,0,0,0,0,0,3,0,0,0,0,0,0,0,0,0,0,0,0,0,0,0,0,0,0,0,0,0,0,0,0,0,0,0,0,0,0,0,0,0,0,0,0,0,0,0,0,0,0,0,0,0,0,0,0,0,0,0,0,0,0,0,0,0,0,0,0,0,0,0,0,0,0,0,0,0
"ASV511","Bacteria","Pseudomonadota","Gammaproteobacteria","Burkholderiales","Comamonadaceae","Malikia",0,0,0,0,0,0,0,0,0,0,0,0,0,0,0,0,0,0,16,0,0,0,0,0,0,0,0,0,0,0,0,0,0,0,0,0,0,0,0,0,0,0,0,0,0,0,0,0,0,0,0,0,0,0,0,0,0,0,0,0,0,0,0,0,0,0,0,0,0,0,0,0,0,0,0,0
"ASV512","Bacteria","Margulisbacteria","Margulisbacteria","Margulisbacteria","Margulisbacteria","Margulisbacteria",0,0,0,0,0,0,0,0,0,0,0,0,0,0,0,0,0,0,0,0,0,0,0,18,0,0,0,0,0,8,0,0,0,0,0,0,0,0,0,0,0,0,0,0,0,0,0,0,0,0,0,0,0,0,0,0,0,0,0,0,0,0,0,0,0,0,0,7,0,0,0,0,0,0,0,0
"ASV513","Bacteria","Pseudomonadota","Alphaproteobacteria","Caulobacterales","Hyphomonadaceae","Maricaulis",0,0,0,0,0,0,0,0,0,0,0,0,0,0,0,0,0,0,0,0,0,0,0,0,0,0,0,0,0,0,0,0,0,0,0,0,0,0,0,0,0,0,0,0,0,0,0,0,0,0,0,14,0,0,0,0,0,0,0,0,0,0,0,0,0,0,0,0,0,0,0,0,0,0,0,0
"ASV514","Archaea","Thermoproteota","Nitrososphaeria","Marine Benthic Group A","Marine Benthic Group A","Marine Benthic Group A",0,0,0,25,0,0,0,0,0,0,0,13,0,0,0,0,0,0,0,0,0,0,0,0,0,123,6,0,0,109,0,0,0,63,0,0,0,0,0,0,0,0,0,0,0,0,0,0,0,0,0,0,0,0,0,0,0,0,0,0,0,0,0,0,0,0,0,0,0,0,0,0,0,0,0,0
"ASV515","Archaea","Thermoplasmatota","Thermoplasmata","Incertae Sedis","Incertae Sedis","Marine Benthic Group D and DHVEG-1",0,0,0,0,0,0,0,35,0,0,0,0,7,0,0,0,0,0,0,2,6,71,0,0,0,17,0,11,0,0,0,0,0,79,0,0,0,0,0,0,0,0,0,0,0,0,0,0,0,0,0,0,0,0,0,0,0,0,0,0,0,0,0,0,0,0,0,0,0,0,0,0,0,0,0,0
"ASV516","Archaea","Thermoplasmatota","Thermoplasmata","Marine Group II","Marine Group II","Marine Group II",0,0,0,10,0,0,0,0,0,0,0,0,0,0,0,0,0,0,0,0,0,0,0,47,0,0,0,0,0,42,0,0,0,0,0,0,0,0,0,0,0,0,0,0,0,0,0,0,0,0,0,0,0,0,0,0,0,0,0,0,0,0,0,0,0,0,0,0,0,0,0,0,0,0,0,0
"ASV517","Bacteria","Planctomycetota","Planctomycetes","Pirellulales","Pirellulaceae","Mariniblastus",0,0,0,0,0,0,113,0,0,0,0,0,0,0,0,0,0,0,0,0,0,0,0,0,0,0,0,0,0,0,0,0,0,0,0,0,2,0,0,0,0,0,0,0,0,0,0,0,0,0,0,0,0,0,0,0,0,0,0,0,0,0,0,0,0,0,0,0,0,0,0,0,0,0,0,0
"ASV518","Bacteria","Bacteroidota","Bacteroidia","Bacteroidales","Marinifilaceae","Marinifilaceae",0,0,0,0,0,0,0,0,0,0,0,0,0,0,0,0,0,0,0,0,0,0,0,0,0,0,20,0,0,0,0,0,0,0,0,0,0,0,0,0,0,0,0,0,0,0,0,0,0,0,0,0,0,0,0,0,0,0,0,0,0,0,0,0,18,0,0,0,0,0,0,0,0,0,0,0
"ASV519","Bacteria","Bacteroidota","Bacteroidia","Bacteroidales","Marinilabiliaceae","Marinilabiliaceae",0,0,0,0,0,0,0,0,0,0,0,0,0,0,0,0,0,0,0,0,0,0,0,0,0,0,8,0,0,0,0,0,0,0,0,0,0,0,0,0,0,0,0,0,0,0,0,0,0,0,0,0,0,0,0,0,0,0,0,0,0,0,0,0,8,0,0,0,0,0,11,0,0,11,0,0
"ASV520","Bacteria","Marinimicrobia (SAR406 clade)","Marinimicrobia (SAR406 clade)","Marinimicrobia (SAR406 clade)","Marinimicrobia (SAR406 clade)","Marinimicrobia (SAR406 clade)",0,0,0,0,0,0,0,0,0,0,0,0,0,0,0,0,0,0,0,0,0,2,0,0,0,6,0,0,0,0,0,15,21,4,0,0,0,0,0,0,0,0,0,0,0,0,0,0,0,0,0,8,0,0,0,0,0,0,0,0,0,0,0,0,0,0,0,0,0,12,27,0,0,4,0,0
"ASV521","Bacteria","Bacteroidota","Bacteroidia","Flavobacteriales","Flavobacteriaceae","Maritimimonas",0,280,0,0,0,0,0,4,0,0,0,0,0,0,0,0,0,0,230,0,0,0,0,0,0,0,0,0,0,0,44,0,0,0,23,0,0,0,0,76,48,0,0,0,0,0,0,0,0,0,0,0,0,0,0,0,61,0,0,0,0,0,0,0,0,0,0,0,15,0,0,0,0,0,0,0
"ASV522","Bacteria","Pseudomonadota","Alphaproteobacteria","Rhodospirillales","Terasakiellaceae","Marivibrio",0,0,0,0,0,0,0,0,0,0,0,0,0,0,0,0,0,0,0,0,0,0,0,0,0,0,0,0,0,0,0,0,0,0,0,0,0,0,0,0,0,0,0,0,0,0,0,0,0,0,0,0,0,0,0,0,0,0,0,0,10,0,0,0,0,0,0,0,0,0,0,0,0,0,0,0
"ASV523","Bacteria","Actinomycetota","Actinobacteria","Propionibacteriales","Nocardioidaceae","Marmoricola",0,0,0,0,0,0,0,0,0,0,0,0,0,0,0,0,0,0,0,0,0,0,0,0,0,0,0,0,0,0,0,0,0,0,0,0,0,0,0,0,0,0,0,0,0,0,0,0,0,0,0,0,0,0,9,0,0,0,0,0,0,0,0,0,0,0,0,0,0,0,0,0,0,0,0,0
"ASV524","Bacteria","Pseudomonadota","Gammaproteobacteria","Burkholderiales","Oxalobacteraceae","Massilia",0,0,0,0,0,0,0,0,0,0,0,0,0,0,0,0,0,0,0,0,0,0,0,0,0,0,0,0,0,0,0,0,0,0,0,0,0,0,0,0,0,0,0,50,0,0,0,0,0,0,0,0,0,1902,0,0,0,114,0,0,0,203,0,0,23,0,0,57,0,0,0,0,0,14,0,0
"ASV525","Bacteria","Pseudomonadota","Alphaproteobacteria","Hyphomicrobiales","Rhizobiaceae","Mesorhizobium",0,0,0,0,0,0,0,0,0,0,0,0,8,0,48,0,0,0,7,0,0,0,0,54,0,0,0,0,0,0,0,0,0,0,0,0,0,0,0,0,0,0,0,0,0,0,0,0,0,0,0,0,0,0,0,0,27,0,0,0,0,29,0,0,0,0,0,0,0,0,0,0,0,0,12,0
"ASV526","Archaea","Methanobacteriota","Methanobacteria","Methanobacteriales","Methanobacteriaceae","Methanobacteriaceae",98,24,2697,19,47,7,11,6829,3249,544,4340,37,2606,5,284,22,3197,5102,7,66,181,46,18,92,0,16,0,148,98,0,2955,674,3320,429,920,253,6602,6511,0,0,0,0,0,0,0,0,0,0,0,3,0,0,0,0,0,5,0,0,0,0,0,0,8,0,0,6,0,0,0,17,0,0,5,0,0,0
"ASV527","Archaea","Methanobacteriota","Methanobacteria","Methanobacteriales","Methanobacteriaceae","Methanobacterium",0,0,0,0,0,0,0,0,0,0,347,0,0,0,0,0,7,0,0,0,18,0,10,0,0,8,0,23,0,0,0,0,0,0,0,0,0,0,0,0,0,0,0,0,0,0,0,0,0,0,0,0,0,0,0,0,0,0,0,0,0,0,0,0,0,0,0,0,0,0,0,0,0,0,0,0
"ASV528","Archaea","Halobacteriota","Methanomicrobia","Methanomicrobiales","Methanocorpusculaceae","Methanocalculus",0,0,0,0,0,0,0,0,0,0,0,0,0,0,0,0,0,0,0,0,0,0,0,0,0,0,0,0,0,0,0,3482,2012,118,0,3,0,268,0,0,0,0,0,0,0,0,0,0,0,0,0,0,0,0,0,0,0,0,0,0,0,0,0,0,0,0,0,0,0,0,0,0,0,0,0,0
"ASV529","Archaea","Halobacteriota","Methanocellia","Methanocellales","Methanocellaceae","Methanocella",0,107,0,0,0,0,0,0,0,0,0,0,0,0,0,0,0,0,0,0,0,0,0,0,0,0,0,0,0,0,0,0,0,0,0,0,0,0,0,0,0,0,0,0,0,0,0,0,0,0,0,0,0,0,0,0,0,0,0,0,0,0,0,0,0,0,0,0,0,0,0,0,0,0,0,0
"ASV530","Archaea","Halobacteriota","Methanosarcinia","Methanosarcinales","Methanosarcinaceae","Methanococcoides",0,0,0,0,0,0,0,0,0,0,0,0,0,0,0,0,10,0,0,0,0,0,0,0,0,0,0,0,0,0,0,0,0,0,0,0,0,0,0,0,0,0,0,0,0,0,0,0,0,0,0,0,0,0,0,0,0,0,0,0,0,0,0,0,0,0,0,0,0,0,0,0,0,0,0,0
"ASV531","Archaea","Halobacteriota","Methanomicrobia","Methanomicrobiales","Methanocorpusculaceae","Methanocorpusculum",0,0,0,0,0,0,0,0,0,0,0,0,0,0,0,0,0,0,0,0,0,0,0,0,0,0,0,0,0,0,0,0,727,26,0,6,0,0,0,0,0,0,0,0,0,0,0,0,0,0,0,0,0,0,0,0,0,0,0,0,0,0,0,0,0,0,0,0,0,0,0,0,0,0,0,0
"ASV532","Archaea","Methanobacteriota","Thermococci","Methanofastidiosales","Methanofastidiosales","Methanofastidiosales",0,0,0,0,217,231,0,0,0,0,0,22,77,0,0,0,0,0,0,0,0,0,0,0,0,33,0,0,0,0,0,0,0,191,0,0,0,0,0,0,0,0,0,0,0,0,0,0,0,0,0,0,0,0,0,0,0,0,0,0,0,0,0,0,0,0,0,0,0,0,0,0,0,0,0,0
"ASV533","Archaea","Halobacteriota","Methanosarcinia","Methanosarcinales","Methanosarcinaceae","Methanolobus",747,5,0,0,0,0,0,33,6,0,0,0,0,0,0,0,0,0,0,0,0,0,0,0,0,0,55,0,0,0,0,0,0,0,6,0,0,0,0,0,0,0,0,0,0,0,0,0,0,0,0,0,0,0,0,0,0,0,0,0,0,0,0,0,0,0,0,0,0,0,0,0,0,0,0,0
"ASV534","Archaea","Thermoplasmatota","Thermoplasmata","Methanomassiliicoccales","Methanomassiliicoccaceae","Methanomassiliicoccaceae",0,0,0,0,0,0,0,12,0,0,0,0,0,0,0,0,0,0,0,0,0,5,0,0,0,0,0,0,0,0,0,0,0,0,0,0,18,0,0,0,0,0,0,0,0,0,0,0,0,0,0,0,0,0,0,0,0,0,0,0,0,0,0,0,0,0,0,0,0,0,0,0,0,0,0,0
"ASV535","Archaea","Thermoplasmatota","Thermoplasmata","Methanomassiliicoccales","Methanomassiliicoccales","Methanomassiliicoccales",0,0,0,22,29,0,0,37,0,0,0,97,0,0,0,8,0,0,10,0,15,83,0,22,0,48,11,6,6,0,0,0,0,143,7,1475,0,0,0,0,0,0,0,0,0,0,0,0,0,0,0,0,0,0,0,0,0,0,0,0,0,0,0,0,0,0,0,0,0,0,0,0,0,0,0,0
"ASV536","Archaea","Thermoplasmatota","Thermoplasmata","Methanomassiliicoccales","Methanomassiliicoccaceae","Methanomassiliicoccus",0,10,0,0,0,0,0,0,0,0,0,0,0,0,0,0,0,0,0,0,0,0,0,0,0,0,0,0,0,0,0,0,0,0,0,0,0,0,0,0,0,0,0,0,0,0,0,0,0,0,0,0,0,0,0,0,0,0,0,0,0,0,0,0,0,0,0,0,0,0,0,0,0,0,0,0
"ASV537","Archaea","Thermoplasmatota","Thermoplasmata","Methanomassiliicoccales","Methanomethylophilaceae","Methanomethylophilaceae",0,0,0,0,0,0,0,0,0,0,0,0,0,0,6,0,0,0,0,0,0,0,0,0,0,0,0,0,0,0,0,0,8,0,0,0,0,0,0,0,0,0,0,0,0,0,0,0,0,0,0,0,0,0,0,0,0,0,0,0,0,0,0,0,0,0,0,0,0,0,0,0,0,0,0,0
"ASV538","Archaea","Halobacteriota","Methanomicrobia","Methanomicrobiales","Methanomicrobiales","Methanomicrobiales",0,11,0,0,0,0,0,0,0,0,0,0,0,0,0,0,0,0,0,0,0,0,0,0,0,0,0,0,0,0,0,0,0,0,0,0,0,0,0,0,0,0,0,0,0,0,0,0,0,0,0,0,0,0,0,0,0,0,0,0,0,0,0,0,0,0,0,0,0,0,0,0,0,0,0,0
"ASV539","Archaea","Halobacteriota","Methanomicrobia","Methanomicrobiales","Methanoregulaceae","Methanoregula",4,0,0,0,0,0,0,1081,0,134,28,9,281,0,121,0,320,581,8,0,1419,110,1376,0,0,13,439,1744,1469,0,0,1784,2384,93,752,0,189,388,0,0,0,0,0,0,0,0,0,0,0,0,0,0,0,0,0,0,0,0,0,0,0,0,0,0,0,0,0,0,0,0,0,0,0,0,0,0
"ASV540","Archaea","Halobacteriota","Methanosarcinia","Methanosarcinales","Methanosarcinaceae","Methanosarcina",0,119,0,0,0,0,0,0,0,0,0,0,0,0,0,0,0,0,0,0,0,0,3,0,0,19,0,0,0,0,0,0,36,0,0,0,0,0,0,0,0,0,0,0,0,0,0,0,0,0,0,0,0,0,0,0,0,0,0,0,0,0,0,0,0,0,0,0,0,0,0,0,0,0,0,0
"ASV541","Archaea","Halobacteriota","Methanomicrobia","Methanomicrobiales","Methanoregulaceae","Methanosphaerula",0,24,0,0,0,0,0,0,0,0,0,0,0,0,0,0,0,0,0,0,4,0,0,0,0,0,0,14,8,0,0,0,0,0,0,0,0,0,0,0,0,0,0,0,0,0,0,0,0,0,0,0,0,0,0,0,0,0,0,0,0,0,0,0,0,0,0,0,0,0,0,0,0,0,0,0
"ASV542","Archaea","Halobacteriota","Methanomicrobia","Methanomicrobiales","Methanospirillaceae","Methanospirillum",0,0,0,0,0,0,0,183,54,15,170,27,0,0,0,0,0,8,0,0,121,20,21,0,0,0,0,106,132,0,0,0,0,0,10,0,7,0,0,0,0,0,0,0,0,0,0,0,0,0,0,0,0,0,0,0,0,0,0,0,0,0,0,0,0,0,0,0,0,0,0,0,0,0,0,0
"ASV543","Archaea","Halobacteriota","Methanosarcinia","Methanosarcinales","Methanosaetaceae","Methanothrix",0,0,0,0,0,0,0,0,0,24,36,0,0,0,0,0,33,0,0,0,71,119,776,0,0,0,0,83,84,0,0,0,0,0,101,0,9,0,0,0,0,0,0,0,0,0,0,0,0,0,0,0,0,0,0,0,0,0,0,0,0,0,0,0,0,0,0,0,0,0,0,0,0,0,0,0
"ASV544","Bacteria","Pseudomonadota","Gammaproteobacteria","Burkholderiales","Comamonadaceae","Methylibium",0,0,0,0,0,0,0,0,0,0,0,0,0,0,0,0,0,0,0,0,0,0,0,0,0,0,0,0,0,0,0,0,0,0,9,0,0,0,0,0,0,36,0,0,0,0,0,0,0,0,0,0,0,0,0,0,0,0,0,0,0,0,0,0,0,0,0,0,0,0,0,0,0,0,0,0
"ASV545","Bacteria","Pseudomonadota","Gammaproteobacteria","Methylococcales","Methylomonadaceae","Methylicorpusculum",8,75,0,0,0,0,0,0,0,0,0,0,0,0,0,0,24,0,0,0,0,0,0,0,0,0,0,0,0,0,0,0,0,0,0,0,22,538,171,157,33,0,19,0,0,20,6,12,0,0,0,0,0,0,384,0,0,17,0,0,0,0,0,0,0,0,0,0,28,0,20,0,0,42,361,3123
"ASV546","Bacteria","Pseudomonadota","Gammaproteobacteria","Burkholderiales","Methylophilaceae","Methylobacillus",0,0,0,0,0,0,0,0,0,0,0,0,0,0,0,0,884,0,0,0,0,0,0,0,0,0,0,0,0,0,0,0,0,0,0,0,84,0,0,0,0,0,0,0,0,0,0,0,0,0,0,0,0,0,0,0,0,0,0,0,0,0,0,0,0,0,0,0,0,0,0,0,0,0,0,0
"ASV547","Bacteria","Pseudomonadota","Gammaproteobacteria","Methylococcales","Methylomonadaceae","Methylobacter",0,4028,121,0,749,0,107,228,1477,0,1697,0,0,0,84,0,0,0,141,32,572,187,68,0,0,6,0,590,576,0,627,0,0,0,0,40,0,0,35,11602,533,93,10679,16,880,637,2306,0,541,0,25,0,502,0,123,0,428,64,2159,872,211,0,22,67,0,1200,1516,0,5297,0,0,26,0,306,93,0
"ASV548","Bacteria","Pseudomonadota","Alphaproteobacteria","Hyphomicrobiales","Beijerinckiaceae","Methylobacterium",0,0,0,0,0,36,0,0,0,0,0,0,0,0,0,0,0,0,0,362,8,0,0,0,0,0,0,0,0,0,0,0,0,13,0,3,0,0,0,0,0,0,0,42,0,0,0,0,0,0,0,0,0,0,0,0,0,255,0,0,0,0,0,0,0,0,0,0,0,0,0,17,0,0,0,0
"ASV549","Bacteria","Pseudomonadota","Alphaproteobacteria","Hyphomicrobiales","Beijerinckiaceae","Methylocella",0,0,0,0,0,0,0,0,0,0,0,0,0,0,0,0,0,0,0,31,0,0,0,0,0,0,0,0,0,0,0,0,0,0,0,0,0,0,0,0,0,0,0,0,0,0,0,0,0,0,0,0,0,0,0,0,0,26,0,0,0,0,0,0,0,0,0,0,0,0,0,0,0,0,0,0
"ASV550","Bacteria","Pseudomonadota","Alphaproteobacteria","Hyphomicrobiales","Beijerinckiaceae","Methylocystis",0,0,0,0,0,0,17,22,0,6,0,0,0,0,0,0,24,0,0,0,0,0,188,0,0,0,0,0,0,0,0,0,0,0,0,0,0,0,0,3,0,0,0,0,0,15,0,0,0,0,0,0,0,0,85,0,3,0,0,13,283,0,0,0,0,0,0,0,0,0,0,0,0,0,15,0
"ASV551","Bacteria","Pseudomonadota","Alphaproteobacteria","Hyphomicrobiales","Methyloligellaceae","Methyloligellaceae",0,0,0,0,0,0,0,0,0,0,0,0,0,0,0,0,0,0,0,0,0,0,0,24,0,0,0,0,0,0,0,0,0,0,0,0,0,0,0,0,0,0,0,0,0,0,0,0,0,0,0,0,0,0,0,0,0,0,0,0,0,0,0,0,0,0,0,0,0,0,0,0,0,0,0,0
"ASV552","Bacteria","Pseudomonadota","Gammaproteobacteria","Methylococcales","Methylomonadaceae","Methylomonadaceae",0,0,0,0,0,0,0,0,0,0,0,0,0,0,65,0,0,0,70,0,6,0,0,0,0,0,0,0,0,0,0,0,0,0,0,0,0,0,0,0,0,0,0,0,0,0,0,0,0,0,0,0,0,0,0,0,2,0,0,0,0,2,0,0,0,0,0,0,0,0,0,0,0,0,0,0
"ASV553","Bacteria","Pseudomonadota","Gammaproteobacteria","Methylococcales","Methylomonadaceae","Methylomonas",0,0,0,0,0,0,0,0,0,0,0,0,0,0,0,0,0,0,0,0,0,0,0,0,0,0,0,0,0,0,0,0,0,0,0,0,0,0,0,0,0,0,0,0,0,0,0,0,0,0,0,0,0,0,0,0,0,0,0,0,0,0,0,0,0,0,15,0,0,0,0,0,0,0,0,0
"ASV554","Bacteria","Pseudomonadota","Gammaproteobacteria","Nitrosococcales","Methylophagaceae","Methylophaga",0,0,0,0,0,0,0,0,0,0,0,0,0,0,0,0,0,0,0,0,0,0,0,0,0,0,0,0,0,0,0,0,0,0,0,0,0,125,0,0,0,0,0,0,0,0,0,0,0,0,0,0,0,0,0,0,0,0,0,0,0,0,0,0,0,0,0,0,0,0,72,0,0,0,0,5561
"ASV555","Bacteria","Pseudomonadota","Gammaproteobacteria","Nitrosococcales","Methylophagaceae","Methylophagaceae",0,0,0,0,0,0,0,0,0,0,0,0,0,0,0,0,0,0,0,0,0,0,0,0,0,0,0,0,0,0,0,0,0,0,0,0,0,603,0,0,0,0,0,0,0,0,0,0,0,0,0,0,0,0,0,0,0,0,0,0,0,0,0,0,0,0,0,0,0,0,0,0,0,0,0,0
"ASV556","Bacteria","Pseudomonadota","Gammaproteobacteria","Burkholderiales","Methylophilaceae","Methylophilaceae",10,0,0,0,2,0,0,0,0,4,0,0,0,0,0,10,2,0,4,0,0,0,0,16,0,0,0,0,0,0,0,0,0,0,0,0,0,0,2378,169,0,49,793,0,326,1450,1944,649,3598,528,0,9,2596,5,0,0,6414,9,2373,129,0,11,0,5,0,1408,1502,0,1252,0,11,0,51,0,905,0
"ASV557","Bacteria","Pseudomonadota","Gammaproteobacteria","Burkholderiales","Methylophilaceae","Methylophilus",0,0,0,0,0,62,18,0,0,0,0,0,0,0,0,0,0,0,43,0,0,0,0,0,0,0,0,0,0,0,0,0,0,0,0,0,0,0,0,0,0,0,0,40,0,0,0,0,0,0,0,0,0,0,1091,0,0,0,0,0,0,0,0,0,0,0,0,0,0,0,0,0,0,0,61,0
"ASV558","Bacteria","Pseudomonadota","Alphaproteobacteria","Hyphomicrobiales","Xanthobacteraceae","Methylorhabdus",0,0,0,0,0,0,0,0,0,0,0,0,0,0,0,0,0,0,0,0,0,0,0,0,0,0,0,0,0,0,0,0,0,64,0,0,0,0,0,0,0,0,0,0,0,0,0,0,0,0,0,0,0,0,0,0,0,0,0,0,0,0,0,0,0,0,0,0,0,0,0,0,0,0,0,0
"ASV559","Bacteria","Pseudomonadota","Alphaproteobacteria","Hyphomicrobiales","Beijerinckiaceae","Methylorosula",0,0,0,0,0,0,0,0,0,0,0,0,0,0,0,0,0,0,0,2,0,0,0,0,0,0,0,0,0,0,0,0,0,0,0,0,0,0,0,0,0,0,0,0,0,0,0,0,0,0,0,0,0,0,0,0,0,0,0,0,0,0,0,0,0,0,0,0,0,0,0,0,0,0,0,0
"ASV560","Bacteria","Pseudomonadota","Alphaproteobacteria","Hyphomicrobiales","Beijerinckiaceae","Methylorubrum",0,0,0,0,0,0,0,0,0,0,0,0,0,0,0,0,0,0,0,0,0,0,0,0,0,0,0,0,0,0,0,0,0,16,0,0,0,0,0,0,0,0,0,0,0,0,0,0,0,0,0,0,0,0,0,0,0,0,0,0,0,0,0,0,0,0,0,0,0,0,0,27,0,0,0,0
"ASV561","Bacteria","Pseudomonadota","Alphaproteobacteria","Hyphomicrobiales","Beijerinckiaceae","Methylosinus",0,0,0,0,0,0,0,0,0,0,0,0,0,0,0,0,0,0,0,0,0,0,0,0,2,0,0,0,0,0,0,0,0,0,0,0,0,0,0,0,0,0,0,0,0,0,0,0,0,0,0,0,0,0,0,0,0,0,0,0,0,0,0,0,0,0,0,0,0,0,0,0,0,0,0,0
"ASV562","Bacteria","Pseudomonadota","Gammaproteobacteria","Burkholderiales","Methylophilaceae","Methylotenera",1864,622,1022,0,82,323,110,389,1928,5390,2675,91,0,0,1282,1577,0,0,3292,5,1035,724,64,0,0,0,0,1240,908,0,1476,0,0,0,65,0,73,0,4368,1588,1778,101,810,1787,320,817,3620,7701,4317,309,30,0,6025,5699,16,0,4681,114,1840,4336,1065,19,0,11,11,1189,1220,0,3205,0,12,0,155,63,522,0
"ASV563","Bacteria","Pseudomonadota","Gammaproteobacteria","Methylococcales","Methylomonadaceae","Methylotuvimicrobium",0,0,0,0,0,0,0,0,0,0,0,0,0,0,0,0,0,0,0,0,0,0,0,0,0,0,0,0,0,0,2,0,0,0,0,0,0,0,0,0,0,0,0,0,0,0,0,0,0,0,0,0,0,0,0,0,0,0,0,0,0,0,0,0,0,0,0,0,0,0,0,0,0,0,0,0
"ASV564","Bacteria","Pseudomonadota","Gammaproteobacteria","Burkholderiales","Rhodocyclaceae","Methyloversatilis",0,0,0,0,0,0,0,0,0,0,0,0,39,0,0,8,0,0,0,0,0,0,0,0,0,0,0,0,0,0,0,0,0,0,9,0,0,0,0,0,0,12,0,0,0,0,0,27,0,0,178,22,0,108,56,35,0,0,0,29,0,0,0,0,0,0,0,0,0,0,0,0,0,0,0,0
"ASV565","Bacteria","Pseudomonadota","Gammaproteobacteria","Methylococcales","Methylomonadaceae","Methylovulum",0,0,0,0,0,0,0,0,0,0,0,0,32,0,0,0,0,0,0,0,0,0,0,0,0,0,0,0,0,0,0,0,0,0,0,0,14,0,0,0,0,0,0,0,0,0,0,0,0,0,257,0,0,0,3,0,0,0,0,0,0,0,0,0,0,0,0,0,0,0,0,0,0,0,254,0
"ASV566","Bacteria","Bacteroidota","Bacteroidia","Bacteroidales","MgMjR-022","MgMjR-022",0,0,0,0,0,0,0,0,24,0,0,0,0,0,0,0,0,0,0,0,0,0,0,0,0,0,0,0,0,0,0,0,0,0,0,0,0,0,3,0,0,0,0,0,0,0,0,0,0,0,0,0,0,0,0,0,0,0,0,0,0,0,0,0,0,0,0,0,0,0,0,0,0,0,0,0
"ASV567","Bacteria","Pseudomonadota","Alphaproteobacteria","Micavibrionales","Micavibrionaceae","Micavibrionaceae",0,0,0,0,0,0,0,0,0,0,0,0,0,0,0,0,0,0,0,0,0,0,0,0,0,0,0,0,0,0,0,0,0,0,0,0,0,0,0,0,0,0,0,0,0,0,0,0,0,0,0,0,0,0,0,0,0,0,0,0,0,84,0,0,0,0,0,0,0,0,0,0,0,0,0,0
"ASV568","Bacteria","Pseudomonadota","Alphaproteobacteria","Micavibrionales","Micavibrionales","Micavibrionales",0,0,0,2,0,0,0,0,0,0,0,0,0,0,0,0,0,0,0,0,0,0,0,0,0,0,0,0,0,0,0,0,0,0,0,0,0,0,0,0,0,10,0,0,0,0,0,0,0,0,0,18,0,0,0,0,0,0,0,0,0,0,0,0,0,0,0,0,0,0,0,0,0,0,0,0
"ASV569","Archaea","Micrarchaeota","Micrarchaeia","Micrarchaeales","Micrarchaeales","Micrarchaeales",0,0,0,110,107,26,26,226,0,35,13,140,9,79,0,23,0,0,0,0,10,11,9,168,146,1075,70,11,7,57,0,0,0,82,4,6,0,0,0,0,0,0,0,0,0,0,0,0,0,0,0,0,0,0,0,0,0,0,0,0,0,0,0,6,0,0,0,0,0,0,0,0,0,0,0,0
"ASV570","Bacteria","Actinomycetota","Actinobacteria","Micrococcales","Microbacteriaceae","Microbacteriaceae",0,0,0,0,0,0,0,0,0,0,0,0,0,0,0,0,2,0,0,0,0,0,0,5,0,0,12,0,0,0,0,0,0,0,10,0,20,0,0,0,0,0,0,0,0,0,0,0,0,0,0,90,0,0,24,0,0,0,0,0,0,0,0,0,0,0,0,11,0,0,0,0,0,0,44,0
"ASV571","Bacteria","Actinomycetota","Actinobacteria","Micrococcales","Microbacteriaceae","Microbacterium",0,0,0,0,0,0,0,0,0,0,0,0,0,10,0,0,0,0,0,0,0,0,0,0,0,0,0,0,0,12,0,0,0,0,0,0,0,0,0,0,0,0,0,0,0,0,0,0,0,0,0,50,0,0,0,0,0,0,0,0,0,0,0,0,0,0,0,0,0,0,0,0,0,0,0,0
"ASV572","Bacteria","Actinomycetota","Actinobacteria","Micrococcales","Microbacteriaceae","Microcella",0,0,0,0,0,0,0,0,0,0,0,0,0,0,0,0,0,0,0,0,0,0,0,0,0,0,0,0,0,42,0,0,0,0,0,0,0,0,38,0,0,0,0,0,0,0,0,0,0,0,0,0,0,0,0,0,0,0,0,0,0,0,0,0,0,0,0,0,0,0,0,0,0,0,0,0
"ASV573","Bacteria","Actinomycetota","Actinobacteria","Micrococcales","Micrococcaceae","Micrococcaceae",0,0,0,0,0,0,0,0,0,0,0,0,0,0,0,0,0,0,0,0,0,0,0,0,17,0,0,0,0,127,0,0,0,0,0,0,0,0,0,0,0,0,0,0,0,0,0,0,0,0,0,0,0,0,0,0,0,0,0,0,0,0,0,0,0,0,0,0,0,0,0,0,0,0,0,0
"ASV574","Bacteria","Patescibacteria","Microgenomatia","Microgenomatia","Microgenomatia","Microgenomatia",0,0,0,0,0,2,0,0,0,0,0,21,0,23,0,0,0,0,0,0,0,3,0,0,0,0,0,0,0,0,0,0,0,0,0,0,0,0,0,0,0,0,0,0,0,0,0,0,0,0,0,0,0,0,0,0,0,0,0,0,0,0,0,0,0,0,0,0,0,0,0,0,0,0,0,0
"ASV575","Bacteria","Pseudomonadota","Alphaproteobacteria","Micropepsales","Micropepsaceae","Micropepsaceae",0,0,0,0,0,0,0,0,0,0,0,0,0,0,0,0,0,0,0,0,0,0,0,67,0,0,0,0,0,0,0,0,0,0,0,0,0,0,0,0,0,0,0,0,0,0,0,0,0,0,0,0,0,0,0,0,0,0,0,0,0,47,0,0,0,0,0,0,0,0,0,0,0,0,0,0
"ASV576","Bacteria","Bacteroidota","Bacteroidia","Cytophagales","Microscillaceae","Microscillaceae",0,0,0,0,0,0,0,0,0,0,0,0,0,9,0,0,0,0,0,0,0,0,0,4,0,0,0,0,0,0,0,0,0,0,0,0,0,0,0,0,0,0,0,0,0,0,0,0,0,0,0,17,0,0,0,0,0,0,0,0,0,0,0,0,0,0,0,0,0,0,0,0,0,0,0,0
"ASV577","Bacteria","Actinomycetota","Acidimicrobiia","Microtrichales","Microtrichales","Microtrichales",0,0,0,1,0,0,0,0,0,0,0,0,0,0,0,0,0,0,0,0,0,0,0,0,0,0,0,0,0,0,0,0,0,0,0,0,0,0,0,0,0,6,0,0,0,0,0,0,0,0,0,0,0,0,0,0,0,0,0,0,7,0,0,0,0,0,0,0,0,0,0,0,0,0,0,0
"ASV578","Bacteria","Pseudomonadota","Alphaproteobacteria","Rickettsiales","Mitochondria","Mitochondria",0,37,0,0,0,6,432,0,29,10,0,31,0,90,1431,5,155,0,783,0,0,3,0,40,0,0,0,0,9,20,0,0,0,3,0,14,234,0,0,0,0,0,0,0,0,0,0,69,0,0,0,0,0,0,0,0,0,0,0,0,0,0,0,8,0,0,0,0,0,0,0,0,0,0,70,0
"ASV579","Bacteria","Bacillota","Clostridia","Lachnospirales","Lachnospiraceae","Mobilitalea",0,0,0,0,0,0,0,0,0,0,0,0,0,0,0,0,0,0,0,0,0,0,0,0,0,0,0,0,0,0,0,0,0,0,0,0,0,0,3,0,0,0,0,0,0,0,0,0,0,0,15,0,0,0,0,0,0,0,0,0,0,0,0,0,0,0,0,0,0,0,0,0,0,0,0,0
"ASV580","Bacteria","Bacillota","Moorellia","Moorellia","Moorellia","Moorellia",0,0,0,0,0,0,0,0,0,0,0,0,0,3,0,0,0,0,0,0,0,0,0,0,0,0,0,0,0,0,0,0,0,0,0,0,0,0,0,0,0,0,0,0,0,0,0,0,0,0,0,0,0,0,0,0,0,0,0,0,0,0,0,0,0,0,0,0,0,0,0,0,0,0,0,0
"ASV581","Bacteria","Pseudomonadota","Gammaproteobacteria","Pseudomonadales","Moraxellaceae","Moraxellaceae",29,0,0,0,0,0,53,8,0,0,0,38,0,0,0,0,0,0,0,0,0,0,0,0,0,0,0,0,0,0,0,0,0,0,0,0,0,0,448,0,42,0,61,0,381,55,0,0,0,244,0,0,0,0,0,0,0,0,15,17,15,6,0,0,0,0,0,83,0,6,60,0,0,0,0,21
"ASV582","Bacteria","Pseudomonadota","Alphaproteobacteria","Rhodobacterales","Paracoccaceae","Muriiphilus",0,0,0,0,0,0,0,0,0,0,0,0,0,0,0,0,0,0,0,0,0,0,0,0,0,0,0,0,0,0,0,0,0,0,0,0,0,0,0,0,0,0,0,0,0,0,0,0,0,0,0,13,0,0,0,0,0,0,0,0,0,0,0,0,0,0,0,0,0,0,0,0,0,0,0,0
"ASV583","Bacteria","Actinomycetota","Actinobacteria","Mycobacteriales","Mycobacteriaceae","Mycobacterium",0,0,0,0,0,0,0,0,0,0,0,0,0,0,0,0,0,0,0,0,0,0,0,0,0,0,0,0,0,0,0,0,0,0,0,0,0,0,0,0,0,0,0,0,0,0,0,0,0,0,0,0,0,0,0,0,0,0,0,0,0,0,0,0,0,0,0,0,0,0,0,0,0,0,35,0
"ASV584","Bacteria","Myxococcota","Myxococcia","Myxococcales","Myxococcaceae","Myxococcaceae",0,0,0,0,0,0,4,0,0,0,0,0,0,0,0,0,0,0,0,0,0,0,0,3,0,0,0,0,0,4,0,0,0,0,0,0,0,0,0,0,0,0,0,0,0,0,0,0,0,0,0,4,0,0,0,0,0,0,0,0,0,0,0,0,0,0,0,0,0,0,0,0,0,0,0,0
"ASV585","Bacteria","Myxococcota","Myxococcota","Myxococcota","Myxococcota","Myxococcota",0,0,0,0,0,0,0,0,0,0,0,0,0,0,0,0,0,0,0,0,0,0,0,3,0,0,0,0,0,14,0,0,0,0,0,0,0,0,0,0,0,0,0,0,0,0,0,0,0,0,3,128,0,6,0,0,0,0,0,0,0,32,27,9,0,0,0,0,0,0,0,4,0,0,0,0
"ASV586","Bacteria","NKB15","NKB15","NKB15","NKB15","NKB15",0,0,0,0,0,0,0,0,0,0,0,0,0,0,0,0,0,0,0,0,0,0,0,16,0,0,0,0,0,0,0,0,0,0,0,0,0,0,0,0,0,0,0,0,0,0,0,0,0,0,0,0,0,0,0,0,0,0,0,0,0,16,0,0,10,0,0,0,0,0,0,0,0,0,0,0
"ASV587","Bacteria","Chloroflexota","NLS2-31","NLS2-31","NLS2-31","NLS2-31",0,0,0,0,0,0,0,0,0,0,0,3,0,0,0,0,0,0,0,0,0,0,0,0,0,0,0,0,0,0,0,0,0,0,0,0,0,0,0,0,0,0,0,0,0,0,0,0,0,0,0,0,0,0,0,0,0,0,0,0,0,0,0,0,0,0,0,0,0,0,0,0,0,0,0,0
"ASV588","Bacteria","Pseudomonadota","Alphaproteobacteria","NRL2","NRL2","NRL2",0,0,0,0,0,0,12,0,0,4,0,0,0,0,0,0,0,0,0,0,10,12,9,0,0,0,0,7,17,0,0,0,0,0,138,42,0,0,0,0,0,0,0,0,18,0,0,0,0,0,0,0,0,0,0,0,0,0,8,24,34,8,0,0,0,0,5,0,0,0,0,7,71,116,0,0
"ASV589","Bacteria","Bacteroidota","Bacteroidia","Sphingobacteriales","NS11-12 marine group","NS11-12 marine group",471,624,0,0,362,0,0,0,0,0,0,0,0,0,171,0,0,0,0,12,0,0,23,0,0,0,0,0,0,13,0,0,0,0,0,0,0,0,571,161,0,0,832,0,0,0,0,0,0,0,0,13,35,0,4,3,0,0,0,0,39,3,0,0,0,0,0,8,0,0,0,0,0,0,12,0
"ASV590","Bacteria","Bacteroidota","Bacteroidia","Flavobacteriales","NS7 marine group","NS7 marine group",0,0,0,0,0,0,0,0,0,0,0,0,0,0,0,0,0,0,35,0,0,0,0,0,0,0,0,0,0,0,0,0,0,0,0,0,0,0,0,0,0,0,0,0,0,0,0,0,0,0,0,4,0,0,0,0,0,0,0,0,0,0,0,0,0,0,0,0,0,0,0,0,0,0,0,0
"ASV591","Archaea","Nanoarchaeota","Nanoarchaeia","Nanoarchaeia","Nanoarchaeia","Nanoarchaeia",0,0,0,0,0,0,0,0,0,0,0,0,0,0,0,0,0,0,0,0,0,0,0,0,0,67,0,0,0,0,0,0,0,258,0,0,0,0,0,0,0,0,0,0,0,0,0,0,0,0,0,0,0,0,0,0,0,0,0,0,0,0,0,0,0,0,0,0,0,0,0,0,0,0,0,0
"ASV592","Bacteria","Chloroflexota","Dehalococcoidia","Napoli-4B-65","Napoli-4B-65","Napoli-4B-65",0,0,0,0,0,0,0,0,0,0,0,0,0,0,0,0,0,0,0,0,0,13,0,0,0,0,0,0,0,0,0,0,0,8,0,12,0,0,0,0,0,0,0,0,0,0,0,0,0,0,0,0,0,0,0,0,0,0,0,12,0,0,0,0,0,0,0,0,0,0,0,14,0,0,0,0
"ASV593","Bacteria","Bacteroidota","Bacteroidia","Chitinophagales","Chitinophagaceae","Nemorincola",0,0,0,0,0,0,0,0,0,0,0,0,0,0,0,0,0,0,10,0,0,0,0,9,0,0,0,0,0,0,0,0,0,0,0,0,0,0,0,0,0,0,0,0,0,0,0,0,0,0,0,0,0,0,0,0,3,0,0,0,0,0,0,0,0,0,0,0,0,0,0,0,0,0,0,0
"ASV594","Bacteria","Chlamydiota","Chlamydiia","Chlamydiales","Parachlamydiaceae","Neochlamydia",0,0,0,0,0,0,0,0,0,0,0,0,0,0,0,0,0,0,0,0,0,0,0,0,0,0,0,0,0,0,0,0,0,0,0,0,0,0,0,0,0,61,0,0,0,0,0,0,0,0,0,0,0,4,0,0,0,0,0,0,0,0,0,0,0,0,0,0,0,0,0,0,0,0,0,0
"ASV595","Bacteria","Pseudomonadota","Gammaproteobacteria","Salinisphaerales","Nevskiaceae","Nevskia",0,0,0,0,0,0,0,0,0,36,0,0,0,0,0,0,0,0,0,0,0,0,0,0,0,0,0,0,0,0,0,0,0,52,15,10,0,0,0,0,0,0,0,0,0,0,0,78,0,0,0,0,0,0,0,0,0,0,0,0,0,0,0,0,0,0,0,0,0,0,0,0,7,0,0,0
"ASV596","Bacteria","Pseudomonadota","Gammaproteobacteria","Salinisphaerales","Nevskiaceae","Nevskiaceae",6,0,0,0,0,0,0,0,0,0,0,0,0,0,0,0,0,0,0,0,0,0,0,0,0,0,0,0,0,0,0,0,0,0,0,31,0,0,0,0,0,0,0,0,0,0,0,0,0,0,0,0,0,0,0,0,0,0,0,0,0,0,0,0,0,0,0,0,0,0,0,59,0,27,0,0
"ASV597","Bacteria","Pseudomonadota","Alphaproteobacteria","Hyphomicrobiales","Rhizobiaceae","Nitratireductor",0,0,0,0,0,0,0,0,0,0,0,0,0,0,0,0,0,0,0,0,4,0,0,0,0,0,0,0,3,0,0,0,0,0,0,0,0,0,0,0,0,0,0,0,0,0,0,0,0,0,0,0,0,0,0,0,0,0,0,0,0,0,0,0,0,0,0,0,0,0,0,0,0,0,0,0
"ASV598","Archaea","Thermoproteota","Nitrososphaeria","Nitrosopumilales","Nitrosopumilaceae","Nitrosarchaeum",0,0,0,0,0,144,0,0,0,0,0,0,25,54,0,11,0,0,0,0,0,0,0,0,53,0,45,0,0,0,0,0,0,0,0,0,0,0,0,0,0,0,0,0,0,0,0,0,0,0,0,0,0,0,0,0,0,0,0,0,0,0,0,0,0,0,0,0,0,0,0,0,0,0,0,0
"ASV599","Bacteria","Pseudomonadota","Gammaproteobacteria","Burkholderiales","Nitrosomonadaceae","Nitrosomonas",423,0,478,4,18,0,364,0,0,93,0,180,0,0,0,0,127,0,0,0,0,0,74,0,0,0,0,0,0,23,0,0,0,0,654,7,73,0,4859,0,2337,146,135,0,1210,0,0,456,0,551,0,0,0,0,1351,0,0,0,0,0,60,0,0,0,0,0,0,26,0,0,0,0,1065,42,706,0
"ASV600","Archaea","Thermoproteota","Nitrososphaeria","Nitrosopumilales","Nitrosopumilaceae","Nitrosopumilaceae",0,0,0,0,0,0,0,0,0,0,0,0,0,174,0,283,0,0,0,0,0,0,0,0,0,0,0,0,0,0,0,0,0,0,0,0,0,0,0,0,0,0,0,0,0,0,0,0,0,0,0,0,0,0,0,0,0,0,0,0,0,0,0,0,0,0,0,0,0,0,0,0,0,0,0,0
"ASV601","Archaea","Thermoproteota","Nitrososphaeria","Nitrososphaerales","Nitrososphaeraceae","Nitrososphaeraceae",0,0,0,0,0,0,0,0,0,0,0,0,0,4,0,0,0,0,0,0,0,0,0,70,0,0,0,0,0,0,0,0,0,0,0,0,0,0,0,0,0,0,0,0,0,0,0,0,0,0,0,0,0,0,0,0,0,0,0,0,0,0,0,0,0,0,0,0,0,0,0,0,0,0,0,0
"ASV602","Archaea","Thermoproteota","Nitrososphaeria","Nitrososphaeria","Nitrososphaeria","Nitrososphaeria",0,0,0,0,0,0,0,0,0,0,0,0,0,0,0,12,0,0,0,0,0,0,0,0,0,0,0,0,0,0,0,0,0,0,0,0,0,0,0,0,0,0,0,0,0,0,0,0,0,0,0,0,0,0,0,0,0,0,0,0,0,0,0,0,0,0,0,0,0,0,0,0,0,0,0,0
"ASV603","Bacteria","Pseudomonadota","Gammaproteobacteria","Burkholderiales","Nitrosomonadaceae","Nitrosospira",0,0,0,0,0,0,0,0,0,0,0,0,0,0,0,0,0,0,0,0,0,0,0,0,0,0,0,0,0,224,0,0,0,0,0,0,0,0,0,0,0,0,0,0,0,0,0,0,0,0,0,0,0,0,0,0,0,0,0,0,187,0,0,0,0,0,0,210,0,0,0,0,0,0,0,0
"ASV604","Archaea","Thermoproteota","Nitrososphaeria","Nitrosotaleales","Nitrosotaleaceae","Nitrosotaleaceae",0,0,0,0,0,0,0,0,0,0,0,0,0,0,0,47,0,0,0,0,0,0,0,324,0,0,0,0,0,0,0,0,0,0,0,0,0,0,0,0,0,0,0,0,0,0,0,0,0,0,0,0,0,0,0,0,0,0,0,0,0,0,0,0,0,0,0,0,0,0,0,0,0,0,0,0
"ASV605","Bacteria","Nitrospinota","Nitrospinia","Nitrospinales","Nitrospinaceae","Nitrospinaceae",0,0,0,0,0,45,0,0,0,0,0,0,0,0,0,0,0,0,0,0,0,0,0,0,0,0,0,0,0,8,0,0,0,0,0,0,0,0,0,0,0,0,0,92,0,0,0,0,0,0,8,0,0,0,0,0,0,0,0,0,0,0,0,0,0,0,0,0,0,0,0,0,0,0,0,0
"ASV606","Bacteria","Nitrospirota","Nitrospiria","Nitrospirales","Nitrospiraceae","Nitrospira",124,0,0,62,42,0,174,0,0,27,0,12,0,0,0,0,14,0,0,0,0,10,818,27,6,0,13,0,0,201,0,0,0,0,25,10,45,0,135,0,0,23,11,0,116,0,0,40,0,20,2,0,0,9,29,0,0,0,2,0,707,32,22,0,0,0,0,49,0,0,0,0,7,0,66,0
"ASV607","Bacteria","Actinomycetota","Actinobacteria","Mycobacteriales","Nocardiaceae","Nocardia",0,0,0,0,0,0,0,0,0,0,0,0,0,0,0,0,0,0,0,0,0,0,0,0,0,0,0,0,0,0,0,0,0,0,0,0,0,0,0,0,0,24,0,0,0,0,0,0,0,0,0,0,0,0,38,0,0,0,0,0,0,0,0,0,0,0,0,0,0,0,0,0,0,0,0,0
"ASV608","Bacteria","Actinomycetota","Actinobacteria","Propionibacteriales","Nocardioidaceae","Nocardioidaceae",0,0,0,0,0,0,0,0,0,0,0,0,0,0,0,0,0,0,0,128,0,0,0,0,0,0,0,0,0,0,0,0,0,0,0,0,0,0,0,0,0,0,0,0,0,0,0,0,0,0,0,0,0,0,0,0,0,97,0,0,0,0,0,0,0,0,0,0,0,0,0,0,0,0,0,0
"ASV609","Bacteria","Actinomycetota","Actinobacteria","Propionibacteriales","Nocardioidaceae","Nocardioides",4,0,0,0,0,15,7,0,5,0,0,0,0,74,0,0,0,0,7,54,0,17,59,42,0,0,53,0,0,85,0,0,0,0,77,70,0,0,0,0,0,20,0,6,0,0,0,0,0,0,0,111,0,0,0,0,0,48,0,0,44,12,0,0,25,0,0,17,0,0,0,0,21,32,0,0
"ASV610","Bacteria","Actinomycetota","Actinobacteria","Streptosporangiales","Nocardiopsidaceae","Nocardiopsis",0,0,0,0,0,0,0,0,0,0,0,0,0,0,0,0,0,0,0,0,0,0,0,0,0,0,0,0,0,0,0,0,0,0,0,0,0,0,0,0,0,0,0,0,0,0,0,0,0,0,0,14,0,0,0,0,0,0,0,0,0,0,0,0,0,0,0,0,0,0,0,0,0,0,0,0
"ASV611","Bacteria","Pseudomonadota","Alphaproteobacteria","Sphingomonadales","Sphingomonadaceae","Novosphingobium",0,0,148,0,23,0,0,0,0,25,0,0,25,0,2158,0,92,0,34,0,0,0,848,7,0,0,0,0,0,0,0,0,0,0,0,0,0,0,0,0,93,0,36,0,0,0,0,22,0,0,36,0,976,63,166,0,0,0,0,0,714,0,0,9,0,0,0,0,0,0,0,0,0,0,0,0
"ASV612","Bacteria","Bacteroidota","Bacteroidia","Sphingobacteriales","Sphingobacteriaceae","Nubsella",0,0,0,0,0,0,36,0,0,0,0,0,0,0,0,0,0,0,0,0,0,0,0,0,0,0,0,0,0,0,0,0,0,0,0,5,0,0,0,0,0,0,0,0,0,0,0,0,0,0,0,0,0,0,0,0,0,0,0,0,0,0,0,0,0,0,0,0,0,0,0,0,0,0,0,0
"ASV613","Bacteria","Bacteroidota","Bacteroidia","Cytophagales","Microscillaceae","OLB12",0,0,0,0,0,0,4,0,0,0,0,0,0,0,0,2,0,0,0,0,0,0,0,0,0,0,0,0,0,0,0,0,0,0,0,0,0,0,0,0,0,9,0,0,0,0,0,0,0,0,0,0,0,0,0,0,0,0,0,0,0,0,0,0,0,0,0,0,0,0,0,0,0,0,0,0
"ASV614","Bacteria","Chloroflexota","OLB14","OLB14","OLB14","OLB14",0,0,0,40,0,0,0,0,0,0,0,0,0,16,0,0,3,0,0,0,0,2,100,0,0,0,20,0,0,47,0,0,0,0,0,2,0,0,0,0,0,65,0,0,0,0,0,0,0,0,0,17,0,0,11,0,0,0,0,4,102,0,0,0,6,0,0,0,0,0,0,0,0,0,0,0
"ASV615","Bacteria","Planctomycetota","OM190","OM190","OM190","OM190",0,0,0,10,0,0,0,0,0,0,0,0,0,11,0,0,0,0,0,0,0,0,0,0,0,0,0,0,0,23,0,0,0,0,0,0,0,0,0,0,0,0,0,0,0,0,0,0,0,0,0,12,0,0,0,0,0,0,0,0,15,0,0,0,0,0,0,0,0,0,0,0,0,0,0,0
"ASV616","Bacteria","Bdellovibrionota","Bdellovibrionia","Bdellovibrionales","Pseudobdellovibrionaceae","OM27 clade",0,0,0,118,152,0,0,0,0,0,0,0,0,4,0,0,6,0,0,0,66,12,0,0,0,0,0,39,76,6,0,0,0,0,0,0,0,0,0,0,0,87,60,0,0,0,0,0,0,0,0,9,0,0,10,0,0,0,7,6,0,0,0,0,0,0,9,0,0,0,0,0,0,0,0,0
"ASV617","Bacteria","Actinomycetota","Coriobacteriia","OPB41","OPB41","OPB41",94,7,218,29,0,0,37,238,193,0,36,0,0,0,0,0,31,24,43,0,63,17,19,0,3,22,66,56,58,50,96,405,209,12,139,543,227,174,74,0,131,59,0,0,0,72,16,0,0,11,0,0,3,0,43,19,12,0,27,8,19,0,0,0,24,0,20,0,23,169,102,30,7,298,367,92
"ASV618","Bacteria","Cyanobacteriota","Vampirivibrionia","Obscuribacterales","Obscuribacteraceae","Obscuribacteraceae",0,0,0,2,0,0,0,0,0,0,0,0,0,0,0,0,0,0,0,0,0,0,6,37,0,0,0,0,0,0,0,0,0,0,0,0,0,0,0,0,0,0,0,0,0,0,0,0,0,0,0,0,0,0,0,0,0,0,0,0,16,67,0,0,0,0,0,0,0,0,0,0,0,0,0,0
"ASV619","Bacteria","Pseudomonadota","Alphaproteobacteria","Thalassobaculales","Oceanibaculaceae","Oceanibaculum",0,0,0,0,0,0,0,0,0,0,0,0,0,0,0,0,0,0,0,0,0,0,0,0,0,0,0,0,0,0,0,0,8,0,0,34,0,0,0,0,0,0,0,0,0,0,0,0,0,0,0,5,0,0,0,0,0,0,0,0,0,0,0,0,0,0,0,0,0,0,37,0,0,62,0,0
"ASV620","Bacteria","Bacteroidota","Bacteroidia","Cytophagales","Microscillaceae","Ohtaekwangia",0,0,0,0,0,0,0,0,0,0,0,0,0,0,0,0,0,0,0,0,0,0,0,0,0,0,0,0,0,0,0,0,0,0,0,0,0,0,0,0,0,0,0,0,0,0,0,0,0,0,0,0,0,0,0,0,0,0,0,2,0,0,0,0,0,0,0,0,0,0,0,0,0,0,0,0
"ASV621","Bacteria","Verrucomicrobiota","Verrucomicrobiia","Opitutales","Opitutaceae","Oleiharenicola",648,2,7,8,0,0,46,0,0,0,0,3,0,0,0,0,0,0,32,0,0,0,0,17,0,0,15,0,0,0,0,0,0,0,6,19,0,0,88,0,0,0,0,0,3,0,0,0,0,0,0,0,0,0,0,0,0,0,0,0,0,4,0,0,0,0,0,0,0,0,0,0,0,0,0,0
"ASV622","Bacteria","Bdellovibrionota","Oligoflexia","Oligoflexales","Oligoflexaceae","Oligoflexaceae",0,0,0,0,0,0,0,0,0,0,0,0,0,0,0,0,0,0,0,0,0,0,0,18,0,0,0,0,0,0,0,0,0,0,0,0,0,0,0,0,0,0,0,0,0,0,0,0,0,0,0,0,0,0,0,0,0,0,0,0,0,27,0,0,0,0,0,0,0,0,0,0,0,0,0,0
"ASV623","Bacteria","Bdellovibrionota","Oligoflexia","Oligoflexia","Oligoflexia","Oligoflexia",0,0,0,0,0,0,0,0,0,0,0,0,0,11,0,0,0,0,0,0,0,0,0,0,0,0,0,0,0,0,0,0,0,0,0,0,0,0,0,0,0,0,0,0,0,0,0,0,0,0,0,0,0,0,0,0,0,0,0,0,0,0,0,0,0,0,0,0,0,0,0,0,0,0,0,0
"ASV624","Bacteria","Verrucomicrobiota","Omnitrophia","Omnitrophales","Omnitrophales","Omnitrophales",0,0,0,0,0,0,0,0,0,0,0,0,0,89,0,0,0,0,0,0,0,0,0,0,0,0,0,0,0,0,0,0,0,0,0,0,0,0,0,0,0,0,0,0,0,0,0,0,0,0,0,0,0,0,0,0,0,0,0,0,0,0,0,0,0,0,0,0,0,0,0,0,0,0,0,0
"ASV625","Bacteria","Verrucomicrobiota","Verrucomicrobiia","Opitutales","Opitutaceae","Opitutaceae",0,0,0,0,0,0,0,0,0,12,0,0,0,0,0,0,0,0,0,0,0,0,0,0,0,0,0,0,0,0,0,0,0,0,0,0,0,0,0,0,0,0,0,0,0,0,0,0,0,0,0,0,0,0,0,0,0,0,0,0,0,0,0,0,0,0,0,0,0,0,0,0,0,0,0,0
"ASV626","Bacteria","Verrucomicrobiota","Verrucomicrobiia","Opitutales","Opitutaceae","Opitutus",0,0,0,0,0,6,0,0,0,0,0,0,3,0,0,0,0,0,0,0,0,0,6,20,16,0,0,0,0,0,0,0,0,0,0,0,0,0,0,0,0,0,0,0,0,0,0,0,0,0,0,0,0,0,0,0,0,0,0,0,0,0,0,0,0,0,0,0,0,0,0,0,0,0,0,0
"ASV627","Bacteria","Bacillota","Clostridia","Oscillospirales","Oscillospiraceae","Oscillospiraceae",0,0,14,0,0,0,0,0,0,0,0,0,0,0,0,0,0,0,0,0,0,0,0,0,0,0,0,0,0,0,0,0,0,0,0,0,6,0,0,0,15,0,0,0,0,0,0,0,0,0,0,0,0,0,0,0,0,0,0,0,0,0,56,0,0,0,0,0,0,0,8,0,0,0,0,0
"ASV628","Bacteria","Pseudomonadota","Gammaproteobacteria","Burkholderiales","Oxalobacteraceae","Oxalicibacterium",0,0,0,0,0,0,0,0,0,0,0,0,0,0,0,0,0,0,0,0,0,0,0,0,0,0,0,0,0,0,0,0,0,0,0,0,0,0,0,0,0,0,0,0,0,0,0,0,0,0,0,0,0,0,0,0,0,67,0,0,0,0,0,0,0,0,0,0,0,0,0,0,0,0,0,0
"ASV629","Bacteria","Pseudomonadota","Gammaproteobacteria","Burkholderiales","Oxalobacteraceae","Oxalobacteraceae",0,0,0,0,0,0,0,0,0,0,0,0,0,0,0,302,0,0,0,65,1,0,9,12,2,5,0,0,1,52,0,33,0,0,10,0,0,0,0,0,0,0,0,0,0,0,0,0,0,0,0,0,0,180,0,0,0,41,0,0,0,4131,0,0,0,0,0,0,0,0,0,0,0,0,0,0
"ASV630","Bacteria","Chloroflexota","P2-11E","P2-11E","P2-11E","P2-11E",0,0,0,0,0,0,0,0,0,0,0,0,0,0,0,0,0,0,0,0,0,0,0,16,14,0,0,0,0,0,0,0,0,0,0,0,0,0,0,0,0,0,0,2,0,0,0,0,0,0,0,0,0,2,0,0,0,0,0,0,0,0,0,0,0,0,0,0,0,0,0,0,0,0,0,0
"ASV631","Bacteria","Myxococcota","Myxococcia","Myxococcales","Myxococcaceae","P3OB-42",580,0,0,110,0,0,0,13,0,173,0,12,0,0,7,0,47,39,0,0,0,0,0,0,0,0,0,0,0,0,0,0,0,0,0,0,9,0,731,0,0,257,0,0,0,0,0,237,0,11,0,6,0,0,93,103,0,0,0,0,14,6,0,0,0,0,0,0,0,0,0,0,0,0,38,0
"ASV632","Bacteria","Pseudomonadota","Gammaproteobacteria","Burkholderiales","Nitrosomonadaceae","P3OB-51",0,0,0,0,0,0,0,0,0,0,0,0,0,0,0,0,0,0,0,0,0,0,0,0,0,0,0,0,0,0,0,0,0,0,0,0,0,0,0,0,0,0,0,0,0,0,0,0,0,0,0,0,0,0,0,0,0,0,0,0,0,0,0,0,0,0,0,2,0,0,0,0,0,0,0,0
"ASV633","Bacteria","Nitrospinota","P9X2b3D02","P9X2b3D02","P9X2b3D02","P9X2b3D02",0,0,0,11,0,0,7,0,0,0,0,5,0,0,0,0,0,0,0,0,3,0,18,0,0,0,0,0,0,17,0,0,0,0,0,0,0,0,0,0,0,48,0,0,16,0,0,0,0,13,0,0,0,0,0,0,0,0,0,0,33,0,0,0,0,0,0,0,0,0,0,0,0,0,0,0
"ASV634","Bacteria","Thermodesulfobacteriota","Desulfuromonadia","PB19","PB19","PB19",0,0,0,0,0,0,0,0,0,0,0,0,0,0,0,0,0,0,0,0,0,0,0,0,0,0,0,0,0,0,0,0,0,0,0,0,0,0,0,0,0,19,0,0,13,0,0,0,0,0,0,0,0,0,0,0,0,0,0,0,0,0,0,0,0,0,0,0,0,0,0,0,0,0,0,0
"ASV635","Bacteria","Cloacimonadota","Cloacimonadia","Cloacimonadales","PBS-18","PBS-18",0,0,10,0,0,0,0,0,0,0,8,0,0,0,0,0,0,0,0,0,0,0,0,0,0,0,0,0,0,0,0,0,0,0,0,2,0,0,0,0,6,0,0,0,0,0,0,0,0,0,0,0,0,0,0,0,0,0,0,0,0,0,0,0,0,0,0,0,0,0,0,0,0,18,0,0
"ASV636","Bacteria","Ignavibacteriota","Ignavibacteria","Ignavibacteriales","PHOS-HE36","PHOS-HE36",0,0,0,0,0,0,48,0,0,0,0,0,6,127,3,0,0,0,4,0,0,0,0,0,0,0,0,0,0,0,0,0,0,0,0,0,0,0,0,0,0,0,11,0,33,0,0,0,0,0,0,173,0,0,0,0,0,0,0,0,0,0,23,0,0,0,0,0,0,0,0,0,0,0,0,0
"ASV637","Bacteria","Verrucomicrobiota","Lentisphaeria","Victivallales","PRD18C08","PRD18C08",0,0,0,0,0,0,0,0,0,0,0,0,0,28,0,0,0,0,0,0,0,0,0,0,0,0,0,0,0,0,0,0,0,0,0,0,0,0,0,0,0,0,0,0,0,0,0,0,0,0,0,20,0,0,0,0,0,0,0,0,0,0,0,0,0,0,0,0,0,0,0,0,0,0,0,0
"ASV638","Archaea","Nanoarchaeota","Nanoarchaeia","Pacearchaeales","Pacearchaeales","Pacearchaeales",0,0,0,0,108,39,3,11,0,17,12,136,26,158,6,0,0,0,0,11,23,32,22,0,84,843,16,50,14,7,0,29,39,114,12,149,30,0,0,0,0,0,0,0,0,0,0,0,0,0,0,0,0,0,0,0,0,0,0,0,0,0,0,0,0,0,0,0,0,0,0,0,0,0,0,0
"ASV639","Bacteria","Bacillota","Bacilli","Paenibacillales","Paenibacillaceae","Paenibacillus",0,0,0,0,0,0,0,0,0,0,0,0,0,0,0,0,0,0,0,0,0,0,0,0,0,0,0,0,0,0,0,0,0,0,0,0,0,0,0,0,0,0,0,0,0,0,0,0,0,0,0,5,0,0,0,0,0,0,0,0,0,12,0,0,0,0,0,0,0,0,0,0,0,0,0,0
"ASV640","Bacteria","Myxococcota","Polyangiia","Polyangiales","Polyangiaceae","Pajaroellobacter",0,0,0,0,0,0,0,0,0,0,0,0,0,0,0,0,0,0,0,4,0,0,0,0,0,0,0,0,0,0,0,0,0,0,0,0,0,0,0,0,0,15,0,0,0,0,0,7,0,0,0,0,0,0,0,0,0,8,0,0,0,0,0,0,0,0,0,0,0,0,0,0,0,0,0,0
"ASV641","Bacteria","Bacteroidota","Bacteroidia","Bacteroidales","Paludibacteraceae","Paludibacter",0,0,31,0,0,0,0,0,0,0,0,0,11,0,0,0,0,18,13,0,0,0,0,0,0,0,10,0,0,0,249,99,59,0,0,0,0,0,9,0,50,0,0,0,0,0,0,0,0,2,17,0,0,0,0,59,10,2,0,0,0,0,0,0,20,0,0,0,156,103,190,0,0,0,0,0
"ASV642","Bacteria","Bacteroidota","Bacteroidia","Bacteroidales","Paludibacteraceae","Paludibacteraceae",0,0,0,0,0,0,0,0,0,0,0,0,0,0,0,0,0,0,0,0,0,0,0,0,0,0,0,0,0,0,0,0,8,0,0,0,0,0,0,0,0,0,0,0,0,0,0,0,0,0,0,0,0,0,0,0,0,0,0,0,0,0,0,0,0,0,0,0,0,0,8,0,0,0,0,0
"ASV643","Bacteria","Acidobacteriota","Acidobacteriae","Bryobacterales","Bryobacteraceae","Paludibaculum",29,0,12,6,0,0,14,9,0,3,0,9,0,0,6,0,0,0,0,0,0,0,18,0,0,0,0,0,0,0,0,0,0,0,0,23,0,0,79,0,17,26,0,0,18,0,0,0,0,9,5,0,3,0,0,0,0,0,0,0,27,0,0,0,0,0,0,0,0,0,0,0,0,0,31,0
"ASV644","Bacteria","Bacillota","Clostridia","Oscillospirales","Ruminococcaceae","Paludicola",0,0,0,0,0,0,0,0,0,0,0,0,0,0,0,0,0,0,0,0,0,0,0,0,0,0,0,0,0,0,0,0,0,4,0,0,0,0,0,0,0,0,0,0,0,0,0,0,0,0,0,0,0,0,0,0,0,0,0,0,0,0,0,0,0,0,0,0,0,0,0,0,0,0,0,0
"ASV645","Bacteria","Pseudomonadota","Gammaproteobacteria","Salinisphaerales","Nevskiaceae","Panacagrimonas",0,0,0,0,0,0,0,0,0,0,0,0,0,0,0,0,0,0,0,0,0,0,0,0,0,0,0,0,0,0,0,0,0,0,0,0,0,0,0,0,0,33,0,0,8,0,0,12,0,0,0,0,0,14,0,0,0,0,0,0,0,0,0,0,0,0,0,0,0,0,0,0,0,0,0,0
"ASV646","Bacteria","Pseudomonadota","Alphaproteobacteria","Sphingomonadales","Sphingomonadaceae","Parablastomonas",0,0,0,0,0,0,0,0,0,0,0,0,0,0,0,14,0,0,0,0,0,0,0,13,0,0,0,0,0,0,0,0,0,0,0,0,0,0,0,0,0,0,0,0,0,0,0,0,0,0,0,0,0,0,0,0,0,0,0,0,0,0,0,0,0,0,0,0,0,0,0,0,0,0,0,0
"ASV647","Bacteria","Pseudomonadota","Alphaproteobacteria","Paracaedibacterales","Paracaedibacteraceae","Paracaedibacteraceae",0,6,0,0,0,0,0,0,0,0,0,4,0,0,47,0,4,0,59,14,0,0,0,0,0,0,0,0,0,0,20,0,0,0,0,0,0,0,0,26,0,0,0,0,11,0,0,0,0,5,0,0,64,8,61,211,39,84,0,0,0,8,0,0,0,0,0,0,10,0,0,0,0,0,0,0
"ASV648","Bacteria","Chlamydiota","Chlamydiia","Chlamydiales","Parachlamydiaceae","Parachlamydiaceae",0,0,0,0,0,0,0,0,0,0,0,0,7,0,0,0,0,0,0,0,0,0,0,0,0,0,0,0,0,0,0,0,0,0,0,0,0,0,0,0,0,0,0,0,0,0,0,0,0,0,0,0,0,0,4,0,0,0,0,0,0,4,0,0,0,0,0,0,0,0,0,0,0,0,0,0
"ASV649","Bacteria","Pseudomonadota","Alphaproteobacteria","Rhodobacterales","Paracoccaceae","Paracoccaceae",0,645,376,0,48,0,536,28,12,0,0,33,0,15,187,0,0,10,0,0,0,0,0,149,0,42,179,22,0,258,16,7,2615,143,216,0,0,76,49,62,19,0,0,0,211,25,0,0,0,0,0,1,109,0,0,0,0,0,0,0,0,112,0,0,0,0,0,18,0,0,0,4,0,0,0,0
"ASV650","Bacteria","Pseudomonadota","Alphaproteobacteria","Rhodobacterales","Paracoccaceae","Paracoccus",0,0,0,0,0,0,0,0,0,0,0,0,0,0,0,0,0,0,0,0,0,0,0,0,0,0,0,0,0,14,0,0,0,0,0,0,0,0,0,0,0,0,0,0,0,0,0,0,0,0,0,0,0,0,0,0,0,0,0,0,0,0,0,0,0,0,0,0,0,0,0,0,0,0,0,0
"ASV651","Bacteria","Pseudomonadota","Gammaproteobacteria","Burkholderiales","Oxalobacteraceae","Paraherbaspirillum",0,0,0,0,0,0,0,0,0,0,0,0,0,0,0,0,0,0,0,0,0,0,0,0,0,0,0,0,0,4,0,0,0,0,0,0,0,0,0,0,0,0,0,0,0,0,0,0,0,0,0,0,0,0,0,0,0,0,0,0,0,0,0,0,0,0,0,0,0,0,0,0,0,0,0,0
"ASV652","Bacteria","Pseudomonadota","Alphaproteobacteria","Hyphomicrobiales","Rhizobiaceae","Pararhizobium",0,0,0,0,0,0,0,0,0,0,0,0,0,0,0,0,0,0,0,395,0,0,0,0,0,0,0,0,0,0,0,0,0,0,0,0,0,0,0,0,0,0,0,0,0,0,0,0,0,0,0,0,0,0,0,0,0,96,0,0,0,0,0,0,0,0,0,0,0,0,0,0,0,0,0,0
"ASV653","Bacteria","Pseudomonadota","Alphaproteobacteria","Rhodobacterales","Paracoccaceae","Pararhodobacter",31,0,0,0,0,0,0,0,0,0,0,0,0,1,0,0,0,0,0,0,0,0,0,0,0,0,0,0,0,0,0,0,10,0,0,0,0,27,21,0,0,0,0,0,0,0,0,0,0,0,0,98,0,0,0,0,0,0,0,0,0,0,0,0,0,0,0,0,0,0,15,0,0,0,0,27
"ASV654","Bacteria","Bacteroidota","Bacteroidia","Chitinophagales","Chitinophagaceae","Parasediminibacterium",0,0,0,0,0,0,0,0,0,0,0,0,0,0,0,0,0,0,0,0,0,0,0,24,0,0,0,0,0,0,0,0,0,0,0,0,0,0,0,0,0,0,0,0,0,0,0,0,0,0,0,0,0,0,0,0,0,0,0,0,0,0,0,0,0,0,0,0,0,0,0,0,0,0,0,0
"ASV655","Bacteria","Pseudomonadota","Gammaproteobacteria","Burkholderiales","Rhodocyclaceae","Parazoarcus",0,0,0,0,0,0,0,0,0,0,0,0,0,0,0,0,0,0,0,0,0,0,0,0,0,0,0,0,0,0,0,0,14,0,0,0,0,0,0,0,0,0,0,0,0,0,0,0,0,0,0,0,0,0,0,0,0,0,0,0,0,0,0,0,0,0,0,0,0,18,104,0,0,0,0,0
"ASV656","Bacteria","Patescibacteria","Parcubacteria","Parcubacteria","Parcubacteria","Parcubacteria",0,0,0,0,0,0,0,7,0,0,0,7,0,17,0,5,0,0,0,0,0,0,0,55,7,55,0,0,0,12,0,0,0,0,0,0,0,0,0,0,0,0,0,24,9,3,0,0,0,45,21,574,0,118,0,0,0,0,0,17,0,222,103,148,0,0,0,15,0,6,0,167,0,75,0,0
"ASV657","Bacteria","Pseudomonadota","Alphaproteobacteria","Parvibaculales","Parvibaculaceae","Parvibaculum",1689,0,193,0,0,0,761,7,0,3,4,21,0,0,0,5,0,0,240,0,10,22,0,147,0,0,13,0,0,247,10,0,0,260,38,178,0,133,2441,0,183,0,0,0,548,12,0,0,0,0,6,0,0,0,0,0,116,0,0,35,0,92,0,0,0,0,0,0,7,0,0,239,0,138,0,141
"ASV658","Bacteria","Patescibacteria","Patescibacteria","Patescibacteria","Patescibacteria","Patescibacteria",0,0,0,7,0,0,9,0,0,0,0,6,0,55,0,0,0,0,0,0,0,0,0,31,6,8,0,0,0,114,0,0,0,0,0,0,0,0,0,0,0,0,9,0,8,0,0,0,0,0,0,516,0,0,0,0,0,0,0,0,0,78,0,10,0,0,0,0,0,0,0,0,0,0,0,0
"ASV659","Bacteria","Actinomycetota","Thermoleophilia","Solirubrobacterales","Solirubrobacteraceae","Patulibacter",0,0,0,0,0,0,0,0,0,0,0,0,0,0,0,0,0,0,0,573,0,0,0,0,0,0,0,0,0,8,0,0,0,0,0,0,0,0,0,0,0,0,0,0,0,0,0,0,0,0,0,0,0,0,0,0,0,185,0,0,0,0,0,0,0,0,0,0,0,0,0,0,0,0,0,0
"ASV660","Bacteria","Pseudomonadota","Gammaproteobacteria","Burkholderiales","Comamonadaceae","Paucibacter",0,0,0,0,0,0,0,0,0,0,0,0,0,0,0,0,0,0,0,0,0,0,0,102,0,0,0,0,0,0,0,0,0,0,0,0,0,0,0,0,0,0,0,0,0,0,0,0,0,0,0,0,0,0,0,0,0,0,0,0,0,94,0,0,0,0,0,0,0,0,0,0,0,0,0,0
"ASV661","Bacteria","Actinomycetota","Actinobacteria","PeM15","PeM15","PeM15",11,6,0,9,0,0,195,0,0,0,0,0,0,260,0,0,0,0,0,0,0,0,0,0,85,0,0,0,0,40,0,0,0,0,142,0,0,0,9,0,0,16,0,0,133,0,0,0,0,0,0,0,0,0,0,0,0,0,0,0,0,0,114,0,0,0,0,10,0,0,0,0,52,0,0,0
"ASV662","Bacteria","Bacteroidota","Bacteroidia","Sphingobacteriales","Sphingobacteriaceae","Pedobacter",0,0,0,0,0,0,0,0,0,0,0,0,0,0,0,0,0,0,0,0,0,0,0,13,0,0,0,0,0,0,0,0,0,0,0,0,0,0,0,0,0,0,0,0,39,0,0,0,0,0,0,0,0,0,0,0,0,0,0,0,0,15,0,0,0,0,0,0,0,0,0,0,0,14,0,0
"ASV663","Bacteria","Actinomycetota","Actinobacteria","Micrococcales","Intrasporangiaceae","Pedococcus-Phycicoccus",0,0,0,0,0,0,0,0,0,0,0,0,0,0,0,0,0,0,0,0,0,0,0,39,0,0,0,0,0,0,0,0,0,0,0,0,0,0,0,0,0,0,0,0,0,0,0,0,0,0,0,0,0,0,0,0,0,0,0,0,0,0,0,0,0,0,0,0,0,0,0,0,0,0,0,0
"ASV664","Bacteria","Pseudomonadota","Alphaproteobacteria","Hyphomicrobiales","Hyphomicrobiaceae","Pedomicrobium",0,0,0,2,0,0,0,0,0,0,0,0,0,0,0,0,0,0,0,0,0,0,0,21,0,0,0,0,0,0,0,0,0,0,0,0,0,0,6,0,0,42,0,0,0,0,0,13,0,0,0,0,0,0,0,0,0,0,0,0,0,0,0,0,0,0,0,0,0,0,0,0,0,0,11,0
"ASV665","Bacteria","Chloroflexota","Anaerolineae","Anaerolineales","Anaerolineaceae","Pelolinea",0,0,9,0,0,0,4,0,0,0,4,27,0,0,0,0,17,0,0,0,0,4,7,0,0,45,8,0,0,0,0,0,4,0,30,8,15,0,0,0,6,0,0,0,0,0,0,0,0,6,0,0,0,0,0,0,0,0,0,0,0,0,0,0,0,0,0,0,0,0,0,0,0,0,3,0
"ASV666","Bacteria","Bacillota","Negativicutes","Veillonellales-Selenomonadales","Sporomusaceae","Pelosinus",0,0,0,8,0,0,0,0,0,0,0,8,0,0,0,0,0,0,0,0,5,0,2,0,0,0,0,7,0,0,0,0,0,0,0,0,0,0,0,0,0,9,0,0,0,0,0,0,0,3,0,0,0,0,0,0,0,0,0,0,0,0,0,0,0,0,0,0,0,0,0,0,0,0,0,0
"ASV667","Bacteria","Thermodesulfobacteriota","Desulfuromonadia","Geobacterales","Geobacteraceae","Pelotalea",0,0,0,10,0,0,0,0,0,0,0,0,0,0,0,0,0,0,0,0,95,20,30,0,0,0,0,119,88,0,0,11,0,0,0,0,0,0,0,0,0,35,0,0,0,0,0,0,0,0,16,0,0,0,0,0,0,0,89,19,73,0,0,19,8,39,90,0,0,10,0,0,0,0,66,0
"ASV668","Bacteria","Bacillota","Clostridia","Peptostreptococcales-Tissierellales","Peptostreptococcales-Tissierellales","Peptostreptococcales-Tissierellales",0,0,0,0,0,0,0,0,0,0,0,0,0,0,0,0,0,0,0,0,0,0,0,0,0,0,0,0,0,0,0,0,0,0,0,0,0,0,0,0,0,0,0,0,0,0,0,0,0,0,0,0,0,0,0,0,0,0,0,0,0,0,0,8,0,0,0,0,0,0,0,0,0,0,0,0
"ASV669","Bacteria","Bdellovibrionota","Bacteriovoracia","Bacteriovoracales","Bacteriovoracaceae","Peredibacter",0,0,0,0,0,0,0,0,0,0,0,0,0,0,0,0,0,0,0,0,0,0,0,14,0,0,0,0,0,0,0,0,0,0,0,0,0,0,0,0,0,0,0,0,0,0,0,0,0,0,0,0,0,0,0,0,0,0,0,0,0,18,0,0,0,0,0,0,0,0,0,0,0,0,0,0
"ASV670","Bacteria","Pseudomonadota","Gammaproteobacteria","Pseudomonadales","Moraxellaceae","Perlucidibaca",0,0,0,0,0,0,0,0,0,0,0,0,0,0,0,0,0,0,0,0,0,0,0,0,0,0,0,0,0,0,0,0,0,0,0,0,0,0,39,0,0,0,0,0,0,0,0,0,0,0,0,0,0,0,0,0,0,0,0,0,0,0,0,0,0,0,0,0,0,0,0,0,0,0,0,0
"ASV671","Bacteria","Pseudomonadota","Gammaproteobacteria","Pseudomonadales","Moraxellaceae","Permianibacter",0,0,0,0,0,0,0,0,0,0,0,0,0,0,0,0,0,0,0,0,0,0,0,0,0,0,0,0,0,0,0,0,0,0,0,0,0,0,0,0,0,0,0,27,0,0,0,0,0,0,0,0,0,0,0,0,0,0,0,0,0,0,0,0,0,0,0,0,0,0,0,0,0,0,0,0
"ASV672","Bacteria","Bacteroidota","Bacteroidia","Chitinophagales","Saprospiraceae","Phaeodactylibacter",0,0,0,0,0,0,0,0,0,0,0,0,0,0,0,0,0,0,0,0,0,0,0,0,3,0,0,0,0,6,0,0,0,0,0,0,0,0,0,0,0,0,0,0,0,0,0,0,0,0,0,4,0,0,0,0,0,0,0,0,0,0,5,0,0,0,0,0,0,0,0,0,0,0,0,0
"ASV673","Bacteria","Myxococcota","Polyangiia","Polyangiales","Phaselicystaceae","Phaselicystis",30,0,0,0,0,0,0,0,0,0,0,33,0,0,0,0,0,0,0,0,0,0,0,7,0,0,4,0,0,0,0,0,0,0,0,0,0,0,100,0,0,0,0,0,0,0,0,0,0,34,0,0,0,0,0,0,0,0,0,0,0,0,0,0,0,0,0,0,0,0,0,0,0,0,0,0
"ASV674","Bacteria","Pseudomonadota","Alphaproteobacteria","Caulobacterales","Caulobacteraceae","Phenylobacterium",91,13,199,122,83,426,508,106,0,97,71,41,25,0,0,1205,192,15,404,0,243,983,282,2779,36,42,80,205,309,636,11,0,0,41,149,381,177,42,88,0,79,14,47,106,94,19,0,46,9,18,18,0,0,607,71,24,71,0,0,48,133,339,24,15,34,0,0,31,6,0,9,0,20,119,115,22
"ASV675","Bacteria","Pseudomonadota","Alphaproteobacteria","Hyphomicrobiales","Hyphomicrobiales Incertae Sedis","Phreatobacter",16,0,0,0,0,0,0,0,0,0,0,0,66,0,0,0,3,12,0,0,0,0,0,0,0,0,0,0,0,0,4,0,0,0,9,0,0,0,34,0,0,0,0,0,0,0,0,0,0,0,121,0,0,0,0,26,0,0,0,0,0,0,0,0,0,0,0,0,2,0,0,0,13,0,0,0
"ASV676","Bacteria","Planctomycetota","Planctomycetes","Pirellulales","Pirellulaceae","Pir1 lineage",0,0,0,0,0,0,0,0,0,0,0,0,0,0,0,0,0,0,0,0,0,0,0,0,0,0,5,0,0,0,0,0,0,0,0,0,0,0,0,0,0,0,0,0,0,0,0,0,0,0,0,0,0,0,0,0,0,0,0,0,0,0,0,0,0,0,0,0,0,0,0,0,0,0,0,0
"ASV677","Bacteria","Planctomycetota","Planctomycetes","Pirellulales","Pirellulaceae","Pir4 lineage",0,0,0,0,0,0,0,0,0,0,0,0,0,12,0,0,0,0,0,0,0,0,0,0,0,0,0,0,0,0,0,0,0,0,0,0,0,0,0,0,0,0,0,0,0,0,0,0,0,0,0,0,0,0,0,0,0,0,0,0,0,0,0,0,0,0,0,0,0,0,0,0,0,0,0,0
"ASV678","Bacteria","Planctomycetota","Planctomycetes","Pirellulales","Pirellulaceae","Pirellula",0,0,0,26,0,0,0,0,0,0,0,0,0,0,0,0,0,0,0,0,0,3,0,0,0,0,0,0,4,0,0,0,0,0,0,0,4,0,0,0,0,0,0,0,0,0,0,0,0,0,0,0,0,0,0,0,0,0,0,0,0,0,0,0,0,0,0,0,0,0,0,0,0,0,0,0
"ASV679","Bacteria","Planctomycetota","Planctomycetes","Pirellulales","Pirellulaceae","Pirellulaceae",0,0,0,7,0,0,11,0,0,0,0,0,0,5,0,0,0,0,0,0,0,0,0,38,0,0,0,0,0,0,0,0,0,0,0,0,0,0,0,0,0,0,0,0,0,0,0,0,0,0,0,0,0,0,0,0,0,0,0,0,0,0,0,0,0,0,0,0,0,0,0,0,0,0,0,0
"ASV680","Bacteria","Planctomycetota","Pla4 lineage","Pla4 lineage","Pla4 lineage","Pla4 lineage",0,0,0,0,0,10,0,0,0,2,0,0,0,0,0,0,0,0,0,0,2,0,0,15,0,8,27,0,0,25,0,0,0,0,0,40,0,0,0,0,0,0,0,0,0,0,0,0,0,0,0,2,0,0,0,0,0,0,0,0,0,0,0,0,0,0,0,0,0,0,0,0,0,0,0,0
"ASV681","Bacteria","Planctomycetota","Planctomycetes","Planctomycetales","Planctomycetales","Planctomycetales",0,0,0,8,0,0,0,0,0,0,0,0,0,0,0,101,0,0,0,0,0,0,0,0,0,0,0,0,0,0,0,0,0,0,0,0,0,0,0,0,0,0,0,0,0,0,0,0,0,0,0,0,0,0,0,0,0,0,0,0,0,0,0,0,0,0,0,0,0,0,0,0,0,0,0,0
"ASV682","Bacteria","Planctomycetota","Planctomycetota","Planctomycetota","Planctomycetota","Planctomycetota",0,0,0,0,0,0,0,0,0,0,0,0,0,0,0,0,0,0,0,0,0,0,0,0,0,0,0,0,0,0,0,0,0,4,0,5,0,0,0,0,0,0,0,0,0,0,0,0,0,0,0,0,0,0,0,0,0,0,0,0,0,0,0,0,0,0,0,0,0,0,0,0,0,0,0,0
"ASV683","Bacteria","Planctomycetota","Planctomycetes","Planctomycetales","Schlesneriaceae","Planctopirus",0,0,0,66,0,0,12,0,0,0,0,0,0,0,0,0,0,0,0,0,0,0,288,0,0,0,0,0,0,4,0,0,0,0,0,0,0,0,0,0,0,0,0,0,0,0,0,0,0,0,0,0,0,0,0,0,0,0,0,0,0,0,0,0,0,0,0,0,0,0,0,0,0,0,0,0
"ASV684","Bacteria","Bacteroidota","Bacteroidia","Flavobacteriales","Flavobacteriaceae","Planktosalinus",0,0,0,0,0,0,0,0,0,0,0,0,0,27,0,0,0,0,0,0,0,0,0,0,0,0,0,0,0,0,0,0,0,0,0,0,0,0,0,0,0,0,0,0,0,0,0,0,0,0,0,135,0,0,0,0,0,0,0,0,0,0,0,0,0,0,0,0,0,0,0,0,0,0,0,4
"ASV685","Bacteria","Bacillota","Bacilli","Bacillales","Planococcaceae","Planococcus",0,0,0,0,0,0,0,0,0,0,0,0,0,0,0,0,0,0,0,0,0,0,0,58,0,0,0,0,0,11,0,0,0,0,0,0,0,0,0,0,0,16,0,0,0,0,0,0,0,0,0,0,0,0,0,0,0,0,0,0,0,36,0,0,0,0,0,0,0,0,0,0,0,0,0,0
"ASV686","Bacteria","Pseudomonadota","Gammaproteobacteria","Burkholderiales","Comamonadaceae","Polaromonas",86,0,0,11,218,93,40,16,47,181,0,0,307,0,11,98,0,0,13,733,324,829,603,70,520,1488,1121,330,302,738,0,9,0,603,160,52,13,0,663,0,0,165,1127,359,83,42,53,1010,0,29,1175,0,42,496,216,0,17,1742,713,2638,3260,165,3016,5273,3436,363,439,1149,0,53,0,3378,76,78,214,0
"ASV687","Bacteria","Myxococcota","Polyangiia","Polyangiia","Polyangiia","Polyangiia",0,0,0,0,0,0,0,0,0,0,0,0,0,0,0,0,0,0,0,0,0,0,0,0,0,5,0,0,0,0,0,0,0,0,0,0,0,0,0,0,0,0,0,0,0,0,0,0,0,0,0,0,0,0,0,0,0,0,0,0,0,0,0,0,0,0,0,0,0,0,0,0,0,0,0,0
"ASV688","Bacteria","Pseudomonadota","Gammaproteobacteria","Salinisphaerales","Nevskiaceae","Polycyclovorans",193,0,0,0,0,0,164,0,0,0,0,0,0,0,0,0,0,0,0,0,0,0,0,0,0,0,0,0,0,0,0,0,0,0,0,0,0,0,304,0,0,0,0,0,114,0,0,0,0,0,0,0,0,0,0,0,0,0,0,0,0,0,0,0,0,0,0,0,0,0,0,0,0,0,0,0
"ASV689","Bacteria","Pseudomonadota","Gammaproteobacteria","Burkholderiales","Burkholderiaceae","Polynucleobacter",0,0,0,0,0,0,0,0,0,0,0,7,0,0,0,0,0,0,0,0,0,0,0,0,9,0,0,0,0,0,0,0,0,0,0,0,7,0,0,0,0,0,0,0,0,0,0,40,0,14,0,0,0,0,33,0,0,0,0,0,0,0,36,0,0,0,0,0,0,0,0,0,0,0,53,0
"ASV690","Bacteria","Bacteroidota","Bacteroidia","Bacteroidales","Prolixibacteraceae","Prolixibacteraceae",88,0,32,0,0,0,8,0,7,0,0,0,0,10,0,0,0,5,0,10,0,0,0,0,0,0,0,0,0,0,8,0,0,0,0,11,18,7,89,0,48,0,0,0,24,0,0,0,0,0,0,36,0,0,0,0,4,0,0,0,0,0,0,0,0,0,0,0,0,0,0,0,0,0,56,14
"ASV691","Bacteria","Actinomycetota","Actinobacteria","Propionibacteriales","Propionibacteriales","Propionibacteriales",0,0,0,1,0,0,0,0,0,0,0,0,0,0,0,0,0,0,0,0,0,0,0,0,0,0,0,0,0,0,0,0,0,0,0,0,0,0,0,0,0,0,0,0,0,0,0,0,0,0,0,0,0,0,0,0,0,0,0,0,0,0,0,0,0,0,0,0,0,0,0,0,0,0,0,0
"ASV692","Bacteria","Actinomycetota","Actinobacteria","Propionibacteriales","Propionibacteriaceae","Propionicimonas",0,0,0,0,0,0,0,0,0,0,0,0,0,0,0,0,0,0,0,0,0,0,0,0,0,0,0,0,0,0,0,0,0,0,0,0,0,0,0,0,0,3,0,0,0,0,0,0,0,0,0,0,0,0,0,0,0,0,0,0,0,0,0,0,0,0,0,0,0,0,0,0,0,0,0,0
"ASV693","Bacteria","Pseudomonadota","Gammaproteobacteria","Burkholderiales","Rhodocyclaceae","Propionivibrio",0,0,0,0,0,0,0,0,0,0,0,0,0,0,0,0,0,0,0,0,0,0,0,0,0,0,0,0,0,0,0,0,0,0,6,0,0,0,0,0,0,0,0,0,0,0,0,0,0,0,0,0,0,0,0,0,0,0,0,0,0,0,0,0,0,0,0,0,0,0,0,0,0,0,0,0
"ASV694","Bacteria","Verrucomicrobiota","Verrucomicrobiia","Verrucomicrobiales","Verrucomicrobiaceae","Prosthecobacter",0,0,0,0,0,0,0,0,0,0,0,0,0,0,0,0,0,0,0,0,0,0,0,0,0,0,0,0,0,0,0,0,0,0,0,0,0,0,0,0,0,0,0,0,22,0,0,0,0,0,0,0,0,0,0,0,14,0,0,0,0,0,0,0,0,0,0,0,0,0,0,0,0,0,0,0
"ASV695","Bacteria","Bacillota","Clostridia","Clostridiales","Clostridiaceae","Proteiniclasticum",0,0,0,0,0,0,0,0,0,0,0,0,0,0,0,0,0,0,0,0,0,0,0,0,0,0,0,0,0,0,0,0,0,0,0,0,0,0,0,0,0,0,0,0,0,0,0,0,0,0,0,0,0,0,0,0,0,0,0,0,0,0,0,0,0,0,0,0,0,0,2,0,0,0,0,0
"ASV696","Bacteria","Bacteroidota","Bacteroidia","Bacteroidales","Dysgonomonadaceae","Proteiniphilum",0,0,0,0,0,0,0,0,0,0,0,0,0,0,0,0,0,0,0,0,0,0,0,0,0,0,0,0,0,0,0,0,11,0,0,0,0,0,0,0,0,0,0,0,0,0,0,0,0,0,0,0,0,0,0,0,0,0,0,0,0,0,0,0,0,0,0,0,0,0,21,0,0,0,0,0
"ASV697","Bacteria","Bacillota","Clostridia","Peptostreptococcales-Tissierellales","Peptostreptococcaceae","Proteocatella",0,0,0,0,0,0,0,0,0,0,0,0,0,0,0,0,0,0,0,0,0,0,0,0,0,0,0,0,0,0,0,0,4,0,0,0,0,0,0,0,0,0,0,0,0,0,0,0,0,0,0,0,0,0,0,0,0,0,0,0,0,0,0,0,0,0,0,0,0,0,40,0,0,0,0,0
"ASV698","Bacteria","Actinomycetota","Actinobacteria","Micrococcales","Micrococcaceae","Pseudarthrobacter",0,0,0,0,0,0,0,0,0,0,0,0,0,0,0,0,0,0,0,0,24,0,0,9,0,0,0,5,0,0,0,0,0,0,0,79,0,0,0,0,0,30,0,8,0,0,0,0,0,0,0,0,0,0,0,5,0,0,14,0,29,22,39,0,0,0,9,74,0,9,0,0,0,85,0,0
"ASV699","Bacteria","Pseudomonadota","Gammaproteobacteria","Burkholderiales","Rhodocyclaceae","Pseudazoarcus",0,0,0,0,0,0,0,0,0,0,0,0,0,0,0,0,0,0,0,0,0,0,0,0,0,0,0,0,0,0,0,0,0,0,0,0,0,0,0,0,0,0,0,0,0,0,0,0,0,0,0,11,0,0,0,0,0,0,0,0,0,0,0,0,0,0,0,0,0,0,0,0,0,0,0,0
"ASV700","Bacteria","Bacillota","Clostridia","Oscillospirales","Oscillospiraceae","Pseudobacteroides",0,0,0,0,0,0,0,0,0,0,0,0,4,0,0,0,0,0,0,0,0,0,0,0,0,15,0,0,0,0,0,0,0,0,0,0,0,0,0,0,0,0,0,0,0,0,0,0,0,0,0,0,0,0,0,0,0,0,0,0,0,0,0,0,0,0,0,0,0,0,0,0,0,0,0,0
"ASV701","Bacteria","Bdellovibrionota","Bdellovibrionia","Bdellovibrionales","Pseudobdellovibrionaceae","Pseudobdellovibrio",0,0,0,0,0,0,0,0,0,0,0,0,0,0,0,0,0,0,0,0,0,0,0,0,0,0,0,0,0,0,0,0,0,0,0,0,0,0,0,0,0,11,0,0,0,0,0,0,0,0,0,0,0,0,0,0,0,0,0,0,0,0,0,0,0,0,0,0,0,0,0,0,6,0,0,0
"ASV702","Bacteria","Bdellovibrionota","Bdellovibrionia","Bdellovibrionales","Pseudobdellovibrionaceae","Pseudobdellovibrionaceae",0,0,0,0,0,0,0,0,0,0,0,0,0,0,0,0,0,0,0,0,0,0,0,0,0,0,0,0,0,0,0,0,0,0,0,0,0,0,0,0,0,0,0,0,0,0,0,0,0,0,0,9,0,0,0,0,0,0,0,0,0,11,0,0,0,0,0,0,0,0,0,0,0,0,0,0
"ASV703","Bacteria","Pseudomonadota","Gammaproteobacteria","Lysobacterales","Rhodanobacteraceae","Pseudofulvimonas",0,0,0,0,0,0,0,0,0,0,0,0,0,0,0,0,0,0,0,0,0,0,0,0,0,0,0,0,0,0,0,0,0,0,0,13,0,0,7,0,0,0,0,0,0,0,0,0,0,0,0,0,0,0,0,0,0,0,0,0,0,0,0,0,0,0,0,0,0,0,0,0,0,0,0,0
"ASV704","Bacteria","Pseudomonadota","Gammaproteobacteria","Pseudomonadales","Pseudohongiellaceae","Pseudohongiella",69,0,45,0,0,0,59,28,0,0,0,9,0,0,0,0,0,5,0,0,34,46,32,0,0,0,0,85,85,317,0,0,11,0,36,0,0,13,449,0,138,37,0,0,224,86,0,0,0,123,12,20,0,0,44,158,0,0,131,147,322,0,22,0,0,136,144,315,0,0,164,0,0,25,12,94
"ASV705","Bacteria","Pseudomonadota","Alphaproteobacteria","Hyphomicrobiales","Xanthobacteraceae","Pseudolabrys",9,0,0,9,0,0,375,0,0,0,0,10,0,14,0,7,0,0,0,87,0,0,0,19,0,0,0,0,0,0,0,0,0,0,7,0,0,0,0,0,0,66,9,0,255,0,0,0,0,0,0,31,0,20,0,0,0,98,0,0,0,17,0,0,0,0,0,0,0,0,0,0,0,0,39,0
"ASV706","Bacteria","Actinomycetota","Actinobacteria","Micrococcales","Microbacteriaceae","Pseudolysinimonas",0,0,0,0,0,0,0,0,0,0,0,0,0,0,0,0,8,0,0,0,0,0,0,0,0,0,0,0,0,0,0,0,0,0,0,0,0,0,0,0,0,0,0,0,0,0,0,0,0,0,0,0,0,0,0,0,0,0,0,0,0,0,0,0,0,0,0,0,0,0,0,0,0,0,0,0
"ASV707","Bacteria","Pseudomonadota","Gammaproteobacteria","Lysobacterales","Rhodanobacteraceae","Pseudolysobacter",0,0,0,0,0,0,30,0,0,0,0,0,0,0,0,0,0,0,0,0,0,0,0,0,0,0,0,0,0,0,0,0,0,0,0,0,0,0,0,0,0,0,0,0,22,0,0,0,0,0,0,0,0,0,0,0,0,0,0,0,0,0,0,0,0,0,0,0,0,0,0,0,0,0,0,0
"ASV708","Bacteria","Pseudomonadota","Gammaproteobacteria","Burkholderiales","Methylophilaceae","Pseudomethylobacillus",0,0,0,0,0,0,0,0,0,0,0,0,0,0,0,0,0,0,0,0,0,0,0,0,0,0,0,0,0,0,0,0,0,0,0,0,0,0,0,0,0,0,0,0,0,0,0,0,0,0,13,0,0,0,0,0,0,0,4,0,0,0,0,0,0,0,0,0,0,0,0,0,0,0,2,0
"ASV709","Bacteria","Pseudomonadota","Gammaproteobacteria","Pseudomonadales","Pseudomonadaceae","Pseudomonadaceae",0,0,0,0,0,0,0,0,0,0,0,0,0,0,0,0,0,0,0,0,0,0,0,0,0,0,0,0,0,0,2,0,0,0,0,0,0,0,0,0,0,0,0,0,0,0,0,0,0,0,0,0,0,0,0,0,0,0,0,0,0,0,0,0,0,0,0,0,0,0,0,0,0,0,0,0
"ASV710","Bacteria","Pseudomonadota","Pseudomonadota","Pseudomonadota","Pseudomonadota","Pseudomonadota",0,0,0,0,0,0,0,0,0,0,0,0,0,0,0,0,0,0,0,0,0,0,0,0,0,0,0,0,0,0,0,0,0,0,0,0,0,0,0,0,0,19,0,0,0,0,0,0,0,0,0,22,0,9,2,0,0,0,0,0,0,0,16,0,0,0,0,0,0,0,0,0,0,0,0,0
"ASV711","Bacteria","Pseudomonadota","Gammaproteobacteria","Pseudomonadales","Pseudomonadaceae","Pseudomonas",16,12,0,0,0,9,0,11,70,0,0,0,0,83,0,31,0,0,43,2106,119,15,0,0,0,0,194,7,119,99,0,580,35,251,336,0,0,0,198,76,24,32,0,0,0,62,130,0,0,10,13,1531,0,580,0,0,101,12584,315,88,18,48,0,0,651,11,205,277,9,3532,678,2018,755,0,0,10
"ASV712","Bacteria","Actinomycetota","Actinobacteria","Pseudonocardiales","Pseudonocardiaceae","Pseudonocardia",0,0,0,23,0,0,0,0,0,0,0,0,0,0,0,0,0,0,0,0,0,0,0,0,0,0,0,0,0,0,0,0,0,0,0,0,0,0,0,0,0,22,0,0,0,0,0,0,0,0,0,0,0,0,0,0,0,0,0,0,0,0,0,0,0,0,0,0,0,0,0,0,0,0,0,0
"ASV713","Bacteria","Pseudomonadota","Alphaproteobacteria","Hyphomicrobiales","Xanthobacteraceae","Pseudorhodoplanes",9,0,0,0,0,0,0,0,0,0,0,8,0,0,0,0,0,0,5,0,0,0,7,9,0,0,0,0,0,0,0,0,0,0,0,0,0,0,0,0,0,0,0,0,0,0,0,0,0,0,0,0,0,0,0,0,0,0,0,0,17,21,0,0,0,0,0,0,0,0,0,0,0,0,0,0
"ASV714","Bacteria","Pseudomonadota","Alphaproteobacteria","Hyphomicrobiales","Xanthobacteraceae","Pseudoxanthobacter",0,0,0,0,0,0,0,0,0,0,0,0,0,0,0,0,0,0,10,0,0,0,0,0,0,0,0,0,0,0,0,0,0,0,0,49,0,0,0,0,0,0,0,0,0,0,0,0,0,0,0,0,0,0,0,0,0,0,0,0,0,0,0,0,0,0,0,0,0,0,0,0,0,61,0,0
"ASV715","Bacteria","Verrucomicrobiota","Verrucomicrobiia","Opitutales","Puniceicoccaceae","Puniceicoccaceae",0,0,0,0,0,0,0,0,0,0,0,0,0,0,0,0,0,8,0,0,0,0,0,0,0,0,0,0,0,0,0,0,0,0,0,0,0,0,0,0,0,0,0,0,0,0,0,0,0,0,0,0,0,0,0,0,0,0,0,0,0,0,0,0,0,0,0,0,0,0,0,0,0,0,0,0
"ASV716","Bacteria","Acidobacteriota","Blastocatellia","Pyrinomonadales","Pyrinomonadaceae","Pyrinomonadaceae",0,0,0,0,0,0,0,0,0,0,0,0,0,0,0,0,0,0,0,0,0,0,0,0,0,0,0,0,0,0,0,0,0,0,0,0,0,0,0,0,0,0,0,0,0,0,0,0,0,0,0,0,0,0,0,0,0,0,0,0,0,34,0,0,0,0,0,0,0,0,0,0,0,0,0,0
"ASV717","Bacteria","Chloroflexota","Dehalococcoidia","RBG-13-46-9","RBG-13-46-9","RBG-13-46-9",0,0,0,0,0,0,0,0,0,0,0,25,0,0,0,0,0,0,0,0,25,0,0,0,0,21,0,21,19,0,0,0,0,0,0,6,0,0,0,0,0,0,0,0,0,0,0,0,0,72,0,0,0,0,0,0,0,0,39,7,7,0,0,76,0,22,27,0,0,0,0,5,2,20,0,0
"ASV718","Bacteria","Chloroflexota","Anaerolineae","RBG-13-54-9","RBG-13-54-9","RBG-13-54-9",0,0,0,0,0,37,0,0,0,0,0,52,0,0,0,0,0,0,0,0,0,0,3,4,0,11,9,0,0,7,0,0,0,0,0,5,0,0,0,0,0,0,0,0,0,0,0,0,0,41,0,0,0,0,0,0,0,0,0,0,0,8,0,0,0,0,0,0,0,0,0,0,3,0,0,0
"ASV719","Bacteria","Spirochaetota","Leptospirae","Leptospirales","Leptospiraceae","RBG-16-49-21",0,0,0,0,0,0,0,0,0,0,0,0,0,0,0,0,0,0,0,0,0,0,0,0,0,0,0,0,0,0,0,0,0,0,0,0,0,0,0,0,7,0,0,0,0,0,0,0,0,0,8,0,0,0,3,0,0,0,0,2,0,0,0,0,0,0,0,0,0,0,0,6,0,11,0,0
"ASV720","Bacteria","Actinomycetota","RBG-16-55-12","RBG-16-55-12","RBG-16-55-12","RBG-16-55-12",0,0,0,0,0,0,0,0,0,0,0,23,0,0,0,0,0,0,4,0,0,0,0,0,0,18,0,0,0,6,0,0,0,4,4,31,0,0,0,0,0,0,0,0,16,0,0,0,0,30,0,0,0,0,0,0,0,0,0,0,0,0,0,47,0,0,0,0,0,0,0,8,0,4,0,0
"ASV721","Bacteria","RCP2-54","RCP2-54","RCP2-54","RCP2-54","RCP2-54",0,0,0,0,0,6,0,0,0,0,0,0,0,0,0,0,0,0,0,0,0,0,0,27,12,0,0,0,0,0,0,0,0,0,0,0,0,0,0,0,0,0,0,0,0,0,0,0,0,0,0,147,0,0,0,0,0,0,0,0,0,7,12,0,0,0,0,0,0,0,0,0,0,0,0,0
"ASV722","Bacteria","Pseudomonadota","Gammaproteobacteria","Burkholderiales","Burkholderiaceae","Ralstonia",0,0,0,0,0,0,0,0,0,0,0,0,0,0,0,0,0,0,0,0,0,0,0,0,0,0,0,0,0,0,0,0,0,0,0,0,0,0,0,0,0,0,0,0,0,0,0,0,0,0,0,0,0,0,0,0,0,0,0,0,0,0,0,0,0,0,0,0,0,0,0,18,0,0,0,0
"ASV723","Bacteria","Pseudomonadota","Gammaproteobacteria","Burkholderiales","Comamonadaceae","Ramlibacter",0,0,0,0,0,0,0,0,0,0,0,0,0,0,0,0,0,0,0,0,0,0,0,0,0,0,0,0,0,0,0,0,0,0,0,0,0,0,22,0,0,0,0,0,0,0,0,0,0,0,0,0,0,0,0,0,0,0,0,0,4,0,0,0,0,0,0,0,0,0,0,0,0,0,0,0
"ASV724","Bacteria","Spirochaetota","Spirochaetia","Spirochaetales","Spirochaetaceae","Rectinema",11,0,30,0,0,0,0,40,11,34,0,21,51,0,22,0,14,21,0,0,7,3,0,0,0,8,112,6,6,0,13,0,7,119,7,17,16,0,8,0,11,0,0,0,0,0,0,58,0,4,117,0,8,0,16,40,0,0,0,0,6,0,0,10,23,0,0,0,0,0,0,33,0,0,43,3
"ASV725","Bacteria","Pseudomonadota","Gammaproteobacteria","Lysobacterales","Lysobacteraceae","Rehaibacterium",0,0,0,0,0,0,0,0,0,0,0,0,0,0,0,0,0,0,0,0,0,0,0,0,0,0,0,0,0,0,0,0,0,0,0,17,0,0,0,0,0,0,0,0,0,27,0,0,0,0,0,0,0,0,0,0,0,0,0,0,0,0,0,0,0,0,0,0,0,0,0,0,0,0,0,0
"ASV726","Bacteria","Pseudomonadota","Alphaproteobacteria","Reyranellales","Reyranellaceae","Reyranella",41,0,0,58,24,0,505,34,0,50,0,38,0,0,0,71,16,0,52,0,0,0,63,15,0,0,0,6,11,5,0,0,0,0,54,43,67,0,100,0,0,168,49,0,508,21,0,108,0,56,0,0,0,155,62,0,11,0,0,0,81,9,0,0,0,0,0,0,0,0,0,0,24,55,134,0
"ASV727","Bacteria","Pseudomonadota","Alphaproteobacteria","Reyranellales","Reyranellaceae","Reyranellaceae",16,0,0,9,0,0,0,2,0,4,0,0,0,0,0,1,0,0,0,0,0,0,0,0,0,0,0,2,0,0,0,0,0,0,0,0,0,0,58,0,0,34,0,0,0,0,0,5,0,0,0,0,0,0,0,0,0,0,0,0,0,0,0,0,0,0,0,0,0,0,0,0,0,0,0,0
"ASV728","Bacteria","Bacteroidota","Bacteroidia","Cytophagales","Spirosomataceae","Rhabdobacter",0,0,0,0,0,0,0,0,0,0,0,0,0,0,0,0,0,0,44,0,0,0,0,0,0,0,0,0,0,0,0,0,0,0,0,0,0,0,0,0,0,0,0,0,0,0,0,0,0,0,0,0,0,0,0,0,26,0,0,0,0,0,0,0,0,0,0,0,0,0,0,0,0,0,0,0
"ASV729","Bacteria","Pseudomonadota","Gammaproteobacteria","Enterobacterales","Alteromonadaceae","Rheinheimera",0,0,0,0,0,0,0,0,0,0,0,0,0,0,0,0,0,0,0,0,0,0,0,0,0,0,0,0,0,0,0,0,0,0,0,0,0,0,0,3,10,0,0,0,0,0,0,0,0,9,0,1528,0,0,0,10,0,0,0,0,0,0,0,0,0,0,0,0,0,0,0,7,0,0,0,0
"ASV730","Bacteria","Pseudomonadota","Gammaproteobacteria","Burkholderiales","Comamonadaceae","Rhizobacter",0,0,0,0,0,0,0,0,0,0,0,0,0,0,0,11,0,0,0,7,22,23,1,0,0,0,0,33,19,0,0,0,0,0,0,0,0,0,0,0,0,0,0,0,0,0,0,0,0,0,0,0,0,60,0,0,0,0,48,79,0,0,0,0,0,27,0,0,0,0,0,0,0,0,0,0
"ASV731","Bacteria","Pseudomonadota","Alphaproteobacteria","Hyphomicrobiales","Rhizobiaceae","Rhizobiaceae",13,0,0,15,0,0,0,7,0,0,0,0,0,7,0,0,0,9,84,0,19,36,0,0,0,0,25,0,6,42,0,0,0,0,5,0,14,0,0,0,0,0,0,0,0,0,0,0,0,0,18,35,59,0,0,0,0,0,0,0,0,14,0,0,0,0,21,0,0,0,0,0,0,0,0,0
"ASV732","Bacteria","Pseudomonadota","Alphaproteobacteria","Hyphomicrobiales","Rhizobiaceae","Rhizobium",0,0,0,0,0,0,0,0,0,0,0,0,0,0,0,0,0,0,0,0,0,0,0,0,0,0,0,0,0,0,0,0,0,0,0,0,0,0,0,0,0,0,0,0,0,0,0,0,0,0,0,0,0,0,0,0,0,0,0,0,0,0,0,0,22,0,0,0,0,0,0,0,0,0,0,0
"ASV733","Bacteria","Pseudomonadota","Alphaproteobacteria","Sphingomonadales","Sphingomonadaceae","Rhizorhabdus",0,0,0,0,0,0,0,0,0,0,0,0,0,0,0,0,0,0,0,0,0,0,0,0,0,0,0,0,0,0,0,0,0,0,0,0,0,0,0,0,0,0,0,0,0,0,0,0,0,0,0,0,0,0,0,0,0,0,0,13,0,0,0,0,0,0,0,0,0,0,0,0,0,0,0,0
"ASV734","Bacteria","Pseudomonadota","Alphaproteobacteria","Sphingomonadales","Sphingomonadaceae","Rhizorhapis",0,0,0,0,0,0,0,0,0,0,0,0,0,0,0,0,0,0,0,0,0,0,0,0,0,0,0,0,0,0,0,0,0,0,26,0,0,0,0,0,0,0,0,0,0,0,0,0,0,0,0,0,0,0,0,0,0,0,0,0,0,0,0,0,0,0,0,0,0,0,0,0,0,0,0,0
"ASV735","Bacteria","Pseudomonadota","Gammaproteobacteria","Lysobacterales","Rhodanobacteraceae","Rhodanobacteraceae",0,0,0,0,0,0,0,0,0,0,0,0,0,0,0,0,11,0,0,0,0,0,0,0,0,0,0,0,0,0,0,0,0,0,0,0,0,0,0,0,0,0,0,0,0,0,0,0,0,0,0,0,0,0,0,0,0,0,0,0,0,0,0,0,0,0,0,0,0,0,0,0,0,0,0,0
"ASV736","Bacteria","Pseudomonadota","Alphaproteobacteria","Hyphomicrobiales","Rhodobiaceae","Rhodobiaceae",0,0,0,0,0,0,0,0,0,0,0,0,0,16,0,0,0,0,0,0,0,0,0,0,0,0,0,0,0,0,0,0,0,0,0,0,0,0,0,0,0,0,0,0,0,0,0,0,0,0,0,0,0,0,0,0,0,0,0,0,0,0,0,0,0,0,0,0,0,0,0,0,0,0,0,0
"ASV737","Bacteria","Actinomycetota","Actinobacteria","Mycobacteriales","Nocardiaceae","Rhodococcus",6,0,4,28,0,0,0,0,0,0,0,0,0,71,0,0,0,0,0,7,23,0,9,83,0,0,0,0,0,22,0,0,0,21,0,85,0,0,16,0,0,47,0,0,0,0,0,0,0,0,0,126,0,0,10,12,0,0,16,0,15,73,0,0,0,0,0,0,0,0,0,16,0,104,0,0
"ASV738","Bacteria","Pseudomonadota","Gammaproteobacteria","Burkholderiales","Rhodocyclaceae","Rhodocyclaceae",0,41,0,0,0,0,32,0,80,0,0,45,7,0,0,0,1,0,0,5,0,0,1,0,0,0,0,0,0,0,18,0,0,0,0,43,15,0,89,56,173,0,0,0,117,9,91,0,0,130,0,0,0,0,0,0,0,0,0,0,0,0,0,0,0,0,0,0,23,0,31,0,0,133,124,0
"ASV739","Bacteria","Pseudomonadota","Gammaproteobacteria","Burkholderiales","Comamonadaceae","Rhodoferax",76,0,36,58,0,67,0,0,0,0,0,0,0,25,0,46,0,0,0,0,196,456,54,205,124,340,410,133,330,528,0,0,0,0,22,829,0,0,479,0,32,478,121,320,886,0,706,176,0,0,0,167,1074,287,65,43,69,0,491,855,543,446,539,955,451,232,418,467,87,0,0,0,34,3168,0,0
"ASV740","Bacteria","Actinomycetota","Actinobacteria","Micrococcales","Microbacteriaceae","Rhodoglobus",0,0,0,0,0,0,0,0,0,0,0,0,0,15,0,0,0,0,0,0,0,0,0,0,0,0,0,0,0,0,0,0,0,0,0,0,0,0,0,0,0,0,0,0,0,0,0,0,0,0,0,0,0,0,0,0,0,0,0,0,0,0,0,0,0,0,0,0,0,0,0,0,0,0,0,0
"ASV741","Bacteria","Bacteroidota","Bacteroidia","Cytophagales","Cyclobacteriaceae","Rhodonellum",0,0,0,0,0,0,0,0,0,0,0,0,0,0,0,0,0,0,0,0,0,0,0,0,0,0,0,0,0,0,0,0,0,0,0,0,0,0,0,0,0,0,0,0,0,0,0,0,0,0,0,0,0,0,0,0,0,0,0,0,0,0,0,0,0,0,0,0,0,0,223,0,0,0,0,3
"ASV742","Bacteria","Pseudomonadota","Alphaproteobacteria","Hyphomicrobiales","Xanthobacteraceae","Rhodopseudomonas",0,0,0,0,0,0,0,0,0,0,0,0,0,0,0,0,0,0,0,65,0,0,0,0,0,0,0,0,0,0,0,0,0,0,0,0,0,0,147,4,0,163,21,0,151,0,0,69,0,22,0,0,0,160,103,0,0,118,49,40,65,0,0,0,0,20,62,41,0,0,0,0,57,25,86,0
"ASV743","Bacteria","Pseudomonadota","Alphaproteobacteria","Rhodospirillales","Rhodospirillaceae","Rhodospirillaceae",0,0,0,0,0,0,21,0,0,0,0,0,0,0,0,0,0,0,0,0,0,0,0,0,0,0,0,0,0,0,0,0,0,0,0,0,0,0,0,0,0,0,0,0,23,0,0,0,0,0,6,0,0,0,0,0,0,0,0,0,0,0,0,0,0,0,0,0,0,0,0,0,0,0,0,0
"ASV744","Bacteria","Pseudomonadota","Alphaproteobacteria","Rhodospirillales","Rhodospirillales","Rhodospirillales",0,0,0,0,0,0,20,5,0,0,0,0,0,0,0,0,0,0,4,0,0,0,0,0,0,0,0,0,0,0,0,0,0,0,0,0,0,0,15,0,0,10,0,0,18,0,0,0,0,0,11,0,0,0,0,0,0,0,0,0,0,42,0,0,0,0,0,0,0,0,0,0,0,0,0,0
"ASV745","Bacteria","Pseudomonadota","Alphaproteobacteria","Acetobacterales","Acetobacteraceae","Rhodovastum",6,0,0,0,0,0,0,0,0,0,0,0,0,0,0,0,0,0,0,0,0,0,0,0,0,0,0,0,0,0,0,0,0,0,9,0,10,0,0,0,0,0,0,0,0,0,0,0,0,0,0,0,0,0,0,0,0,0,0,0,0,0,0,0,0,0,0,0,0,0,0,0,0,0,0,0
"ASV746","Bacteria","Pseudomonadota","Alphaproteobacteria","Rickettsiales","Rickettsiaceae","Rickettsiaceae",0,0,0,0,0,0,0,0,0,0,0,0,0,0,0,0,0,0,0,0,0,0,0,0,0,0,0,0,0,5,0,0,0,0,0,0,0,0,0,0,0,0,0,0,0,0,0,0,0,0,5,22,0,0,0,0,0,0,0,0,0,0,0,0,0,0,0,0,0,0,0,0,0,0,0,0
"ASV747","Bacteria","Pseudomonadota","Alphaproteobacteria","Rickettsiales","Rickettsiales","Rickettsiales",0,0,0,13,0,0,77,0,0,0,0,0,0,0,0,0,0,13,0,0,0,0,0,0,0,0,0,0,0,0,0,0,0,0,0,0,0,0,0,0,0,85,0,0,108,0,0,0,0,0,0,0,0,0,0,87,0,0,0,0,0,0,0,0,0,0,0,2,0,0,0,0,0,0,0,0
"ASV748","Bacteria","Pseudomonadota","Gammaproteobacteria","Rickettsiellales","Rickettsiellaceae","Rickettsiellaceae",0,0,0,0,0,6,0,0,0,0,0,0,0,0,0,6,0,0,0,0,0,0,0,12,0,0,0,0,0,0,0,0,0,0,0,0,0,0,0,0,0,6,0,0,0,0,0,0,0,0,7,9,0,23,0,0,0,0,0,0,6,7,0,0,0,0,0,0,0,0,0,0,0,0,0,0
"ASV749","Bacteria","Bacteroidota","Bacteroidia","Bacteroidales","Rikenellaceae","Rikenellaceae",39,0,10,0,0,0,0,28,69,0,0,0,0,0,0,0,33,257,0,0,28,0,0,0,0,0,59,37,33,0,18,26,64,12,31,61,11,0,0,0,10,0,0,0,0,9,0,0,0,7,0,0,0,0,83,257,0,0,0,0,0,0,0,0,29,0,17,0,0,10,13,14,11,0,37,0
"ASV750","Bacteria","Methylomirabilota","Methylomirabilia","Rokubacteriales","Rokubacteriales","Rokubacteriales",0,0,0,0,0,27,0,0,0,0,0,0,0,55,0,0,0,0,0,0,0,0,0,206,22,0,0,0,0,0,0,0,0,0,0,0,0,0,0,0,0,0,0,21,0,0,0,0,0,0,0,190,0,15,0,0,0,0,0,0,0,188,36,0,0,0,0,0,0,0,0,0,0,0,0,0
"ASV751","Bacteria","Bacteroidota","Bacteroidia","Bacteroidales","Prolixibacteraceae","Roseimarinus",5,5,0,0,0,0,0,0,0,0,0,0,0,0,0,0,0,0,0,0,0,0,0,0,0,0,0,0,0,0,0,12,0,0,0,0,0,0,0,0,0,0,0,0,0,0,0,0,0,0,0,0,0,0,0,0,0,0,0,0,0,0,0,0,0,0,0,0,0,11,0,0,0,0,0,0
"ASV752","Bacteria","Pseudomonadota","Alphaproteobacteria","Acetobacterales","Acetobacteraceae","Roseococcus",0,0,0,0,0,0,0,0,0,0,0,0,0,0,0,0,0,0,0,0,0,0,0,0,0,0,0,0,0,0,0,0,0,0,0,12,0,0,0,0,0,0,0,0,0,0,0,0,0,0,0,0,0,0,0,0,0,0,0,0,0,0,0,0,0,0,0,0,0,0,0,0,0,36,0,0
"ASV753","Bacteria","Pseudomonadota","Alphaproteobacteria","Acetobacterales","Acetobacteraceae","Roseomonas",7,0,0,0,0,0,0,0,0,0,0,0,0,0,0,0,0,38,4,0,0,0,0,0,0,0,0,0,0,0,0,0,15,0,0,0,0,0,24,0,8,0,0,0,0,0,0,0,0,4,0,0,0,0,0,74,6,0,0,0,0,0,0,0,0,0,0,0,0,0,53,0,0,0,0,0
"ASV754","Bacteria","Elusimicrobiota","Rs-M47","Rs-M47","Rs-M47","Rs-M47",0,0,0,0,0,0,0,0,0,0,0,0,0,0,0,0,0,0,0,0,0,0,0,0,0,0,5,0,0,0,0,0,0,0,0,0,0,0,0,0,0,0,0,0,0,0,0,0,0,0,0,0,0,0,0,0,0,0,0,0,0,0,0,0,0,0,0,0,0,0,0,0,0,0,0,0
"ASV755","Bacteria","Planctomycetota","Planctomycetes","Planctomycetales","Rubinisphaeraceae","Rubinisphaeraceae",0,0,0,0,0,0,10,0,0,0,0,0,0,0,0,0,0,0,0,0,0,9,0,0,0,0,0,0,0,0,0,0,0,0,0,0,0,0,0,0,0,0,0,0,0,0,0,0,0,0,0,0,0,0,0,0,0,0,0,0,0,0,0,0,0,0,0,0,0,0,0,0,0,0,0,0
"ASV756","Bacteria","Pseudomonadota","Gammaproteobacteria","Burkholderiales","Oxalobacteraceae","Rugamonas",0,0,0,0,0,0,0,0,0,0,0,0,0,0,0,0,0,0,0,0,0,0,0,20,0,0,0,0,0,0,0,0,0,0,0,0,0,0,0,0,0,0,0,0,0,0,0,0,0,0,0,0,0,0,0,0,0,0,0,0,0,81,0,0,0,0,0,0,0,0,0,0,0,0,0,0
"ASV757","Bacteria","Pseudomonadota","Gammaproteobacteria","Burkholderiales","Rhodocyclaceae","Rugosibacter",0,0,0,0,0,0,0,0,0,0,0,0,57,0,0,0,0,0,0,0,17,10,19,256,0,0,0,22,11,154,0,0,0,0,23,0,0,0,26,0,0,0,0,0,0,0,0,11,0,0,0,0,17,0,0,0,0,0,63,30,103,346,0,0,27,20,28,136,20,0,0,0,62,0,0,0
"ASV758","Bacteria","Bacillota","Clostridia","Oscillospirales","Oscillospiraceae","Ruminiclostridium",0,0,0,0,0,0,0,0,0,0,0,100,19,30,0,0,0,0,0,0,9,0,0,0,107,73,7,8,0,0,0,0,0,0,0,10,0,0,0,0,0,0,0,0,0,0,0,0,0,57,22,32,0,0,0,0,0,0,0,0,0,0,43,23,2,0,0,0,0,0,0,3,0,0,0,0
"ASV759","Bacteria","Bacillota","Clostridia","Oscillospirales","Ruminococcaceae","Ruminococcaceae",0,0,0,0,0,0,0,0,0,6,0,0,0,0,0,0,0,0,0,0,0,0,0,0,0,55,0,0,0,0,0,0,0,0,0,0,0,0,0,0,0,0,0,0,0,0,0,0,0,0,0,0,0,0,0,0,0,0,0,0,0,0,0,0,0,0,0,0,0,0,0,0,0,0,0,0
"ASV760","Bacteria","Chloroflexota","Dehalococcoidia","S085","S085","S085",0,0,0,0,0,28,0,0,0,0,0,40,0,74,0,0,0,0,0,0,0,7,7,42,20,13,0,0,0,0,0,0,0,6,0,11,0,0,0,0,0,0,0,0,0,0,0,0,0,60,0,191,0,0,0,0,0,0,3,20,46,6,32,19,0,0,0,0,0,0,0,0,0,25,0,0
"ASV761","Bacteria","Bacteroidota","Bacteroidia","Sphingobacteriales","S15A-MN91","S15A-MN91",0,0,0,0,0,0,0,0,0,0,0,0,0,0,0,0,0,0,0,0,0,0,0,0,0,14,0,0,9,0,0,0,0,0,0,34,0,0,0,0,0,0,0,0,0,0,0,0,0,0,0,0,0,0,2,0,0,0,0,0,0,0,0,49,0,0,0,0,0,0,0,0,0,24,0,0
"ASV762","Bacteria","Chloroflexota","Dehalococcoidia","SAR202 clade","SAR202 clade","SAR202 clade",0,0,0,8,0,203,0,0,0,0,0,101,0,5,0,6,0,0,0,0,0,27,7,107,58,0,6,3,0,11,0,0,0,144,0,0,0,0,0,0,0,17,0,82,0,0,0,0,0,125,0,50,0,0,0,0,0,0,0,0,0,76,52,5,0,0,0,0,0,0,0,207,0,7,0,0
"ASV763","Bacteria","Bacteroidota","Bacteroidia","Bacteroidales","SB-5","SB-5",0,14,19,0,0,0,0,0,0,0,0,0,0,0,0,0,0,0,0,0,0,0,0,0,0,0,0,0,0,0,0,0,0,0,0,0,0,0,0,0,41,0,0,0,0,0,0,0,0,0,0,0,0,0,0,0,0,0,0,0,0,0,0,0,0,0,0,0,0,0,0,3,0,0,0,0
"ASV764","Archaea","Nanoarchaeota","Nanoarchaeia","Pacearchaeales","Incertae Sedis","SCGC AAA011-D5",0,0,0,38,133,342,0,25,0,13,0,517,8,1224,0,279,0,0,25,10,80,6,42,60,374,1583,23,62,38,22,3,0,3,293,0,0,0,0,0,0,0,0,0,0,0,0,0,0,0,0,0,0,0,45,0,0,0,0,0,0,0,0,4,0,0,0,0,0,0,0,0,0,0,0,0,0
"ASV765","Bacteria","Chloroflexota","Dehalococcoidia","GIF9","AB-539-J10","SCGC-AB-539-J10",0,0,20,0,0,0,0,0,0,0,0,0,0,0,0,0,0,0,0,0,0,0,0,0,0,0,0,0,0,0,0,0,0,0,5,102,0,0,0,0,0,0,0,0,0,0,0,0,0,0,0,0,0,0,0,0,0,0,0,0,0,0,0,0,0,0,0,0,0,0,0,0,0,12,0,0
"ASV766","Bacteria","Pseudomonadota","Alphaproteobacteria","Sphingomonadales","Sphingomonadaceae","SD04E11",0,0,0,0,0,0,0,0,0,0,0,0,0,0,0,0,0,0,0,0,0,11,0,0,0,0,0,0,0,0,0,0,0,0,0,0,0,0,0,0,0,0,0,0,0,0,0,0,0,0,0,0,0,0,0,0,0,0,0,0,0,0,0,0,0,0,0,0,0,0,0,0,0,0,0,0
"ASV767","Archaea","Halobacteriota","Methanomicrobia","Methanomicrobiales","Methanomicrobiaceae","SDB",0,0,0,0,0,0,0,0,0,0,0,0,0,0,0,0,0,0,0,0,2,0,0,0,0,0,0,0,0,0,0,0,0,0,0,0,0,0,0,0,0,0,0,0,0,0,0,0,0,0,0,0,0,0,0,0,0,0,0,0,0,0,0,0,0,0,0,0,0,0,0,0,0,0,0,0
"ASV768","Bacteria","Thermodesulfobacteriota","Desulfobacteria","Desulfobacterales","Desulfosarcinaceae","SEEP-SRB1",0,0,6,0,0,0,0,0,0,0,0,0,0,24,0,0,0,0,0,0,0,0,0,0,0,0,5,0,0,0,0,0,69,12,0,0,0,0,0,0,0,0,0,0,0,0,0,0,0,0,0,68,0,0,0,0,0,0,0,0,0,0,0,0,0,0,0,0,0,0,155,0,0,0,0,0
"ASV769","Bacteria","Planctomycetota","Phycisphaerae","MSBL9","SG8-4","SG8-4",0,0,0,0,0,0,0,0,0,0,0,19,0,0,0,0,0,0,0,0,0,0,0,0,0,120,0,0,0,0,0,0,0,12,9,8,0,0,0,0,0,0,0,0,0,0,0,0,0,0,0,0,0,0,0,0,0,0,0,0,0,0,0,0,0,0,0,0,0,0,0,0,0,0,0,0
"ASV770","Archaea","Thermoplasmatota","Thermoplasmata","SG8-5","SG8-5","SG8-5",0,0,0,0,0,0,0,0,0,7,0,6,0,0,0,0,0,0,0,0,5,0,0,0,0,16,79,6,6,0,0,0,77,0,0,0,0,0,0,0,0,0,0,0,0,0,0,0,0,0,0,0,0,0,0,0,0,0,0,0,0,0,0,0,0,0,0,0,0,0,0,0,0,0,0,0
"ASV771","Bacteria","Planctomycetota","Planctomycetes","Planctomycetales","Rubinisphaeraceae","SH-PL14",0,0,0,0,0,0,0,0,0,0,0,0,0,0,0,0,0,0,0,0,0,0,2,0,0,0,0,0,0,0,0,0,0,0,0,4,0,0,0,0,0,0,0,0,0,0,0,0,0,0,0,0,0,0,0,0,0,0,0,0,0,0,0,0,0,0,0,0,0,0,0,0,0,0,0,0
"ASV772","Bacteria","Verrucomicrobiota","Verrucomicrobiia","Pedosphaerales","Pedosphaeraceae","SH3-11",0,0,0,0,0,0,0,0,0,0,0,0,0,0,0,0,0,0,0,0,0,0,0,0,0,0,0,0,0,0,0,0,0,0,0,0,0,0,0,0,0,0,0,0,0,0,0,7,0,0,0,0,0,0,0,0,0,0,0,0,0,0,0,0,0,0,0,0,0,0,0,0,0,0,0,0
"ASV773","Bacteria","Chloroflexota","SHA-26","SHA-26","SHA-26","SHA-26",0,0,0,0,0,6,0,0,0,3,0,129,0,57,0,0,0,0,0,0,0,19,198,12,5,139,9,0,0,23,0,0,0,12,0,4,20,0,0,0,0,0,0,0,0,0,0,0,0,0,0,73,0,0,0,0,0,0,0,0,0,0,16,0,0,0,0,0,0,0,0,0,0,0,0,0
"ASV774","Bacteria","Cloacimonadota","Cloacimonadia","Cloacimonadales","SHA-4","SHA-4",0,0,0,0,0,0,0,0,12,0,0,0,0,0,0,0,0,0,0,0,0,0,0,0,0,0,0,0,0,0,0,0,0,0,0,0,0,0,0,0,0,0,0,0,0,0,0,0,0,0,0,0,0,0,0,0,0,0,0,0,0,0,0,0,0,0,0,0,0,0,0,0,0,0,0,0
"ASV775","Bacteria","Cloacimonadota","Cloacimonadia","Cloacimonadales","SHA-41","SHA-41",23,0,23,0,0,0,0,4,26,0,214,0,0,0,0,0,0,0,0,0,0,0,0,0,0,0,0,0,0,0,6,0,0,0,0,0,0,5,60,0,28,0,0,0,0,0,12,0,64,0,0,0,0,0,0,0,0,0,0,0,0,0,0,0,0,0,0,0,0,0,0,0,0,0,0,3
"ASV776","Bacteria","Chloroflexota","Anaerolineae","SJA-15","SJA-15","SJA-15",0,0,0,0,0,0,0,0,0,0,0,0,0,0,0,0,0,0,0,0,0,0,0,0,0,419,0,0,0,0,0,0,0,14,0,91,0,0,0,0,0,0,0,0,0,0,0,0,0,8,0,0,0,0,0,0,0,0,0,0,0,0,4,204,0,0,0,0,0,0,0,9,0,61,0,0
"ASV777","Bacteria","Incertae Sedis","Incertae Sedis","SJA-28","SJA-28","SJA-28",0,0,13,9,0,0,0,0,0,0,0,8,0,0,0,0,0,0,0,0,0,0,7,15,0,0,4,0,0,0,0,0,0,0,0,0,0,0,0,0,10,23,0,0,0,0,0,0,0,0,0,0,0,0,0,0,0,0,0,0,0,0,0,0,0,0,0,0,0,0,0,0,0,0,0,0
"ASV778","Bacteria","Thermodesulfobacteriota","Desulfuromonadia","Bradymonadales","Incertae Sedis","SKP-2",0,0,0,0,0,0,0,0,0,0,0,0,0,0,0,0,0,0,0,0,0,0,0,0,0,0,0,0,0,0,0,0,0,0,0,0,0,0,0,0,0,0,0,0,0,0,0,0,0,0,0,6,0,0,0,0,0,0,0,0,0,0,0,0,0,0,0,0,0,0,0,0,0,0,0,0
"ASV779","Bacteria","Planctomycetota","Phycisphaerae","Phycisphaerales","Phycisphaeraceae","SM1A02",0,0,0,0,0,0,0,0,0,0,0,0,0,0,0,0,0,0,0,0,0,0,0,0,0,0,0,0,0,0,0,0,0,0,0,0,0,0,15,0,0,0,0,0,6,0,0,0,0,0,0,0,0,0,0,0,0,0,0,0,0,0,0,0,0,0,0,0,0,0,0,0,0,0,0,0
"ASV780","Bacteria","Ignavibacteriota","Ignavibacteria","Ignavibacteriales","SM1H02","SM1H02",0,0,0,0,0,0,0,0,0,0,0,0,0,0,0,0,0,0,0,0,0,0,0,0,0,0,0,0,0,0,0,0,0,0,5,0,0,0,0,0,0,0,0,0,0,0,0,0,0,0,0,0,0,0,0,0,0,0,0,0,0,0,0,0,0,0,0,0,0,0,0,0,0,0,0,0
"ASV781","Bacteria","Pseudomonadota","Alphaproteobacteria","Rickettsiales","SM2D12","SM2D12",0,0,0,0,0,0,0,0,0,0,0,0,0,0,0,0,0,0,0,0,0,0,0,0,0,0,0,0,0,0,0,0,0,0,0,0,0,0,0,0,0,0,0,0,0,0,0,0,0,0,8,0,0,0,0,0,0,0,0,0,0,51,0,0,0,0,0,0,0,0,0,0,0,0,0,0
"ASV782","Bacteria","Chloroflexota","Dehalococcoidia","SPG12-343-353-B75","SPG12-343-353-B75","SPG12-343-353-B75",0,0,0,0,0,0,0,0,0,0,0,0,0,8,0,0,0,0,0,0,0,29,14,0,0,24,0,0,0,0,0,0,0,205,0,18,0,0,0,0,0,0,0,0,0,0,0,0,0,0,0,68,0,0,0,0,0,0,0,65,0,0,0,17,0,0,0,0,0,0,0,91,0,82,0,0
"ASV783","Bacteria","Ignavibacteriota","Ignavibacteria","Ignavibacteriales","SR-FBR-L83","SR-FBR-L83",0,0,62,23,0,0,0,11,0,23,0,71,0,0,0,0,19,34,0,0,0,0,0,0,0,13,3,0,0,0,7,0,0,0,8,34,11,0,0,0,45,39,0,0,0,0,0,23,0,26,0,0,0,0,18,37,0,0,0,0,5,0,0,10,0,0,0,0,0,0,0,0,0,5,12,0
"ASV784","Bacteria","Bacillota","Thermoanaerobacteria","Thermoanaerobacterales","SRB2","SRB2",3,0,30,0,0,0,0,70,33,0,65,3,0,0,0,0,0,85,0,0,0,0,0,0,0,0,0,0,0,0,20,0,102,0,18,2,0,9,0,0,25,0,0,0,0,28,15,0,16,0,0,0,0,0,0,59,0,0,0,0,0,0,0,0,0,0,0,0,8,0,84,0,0,0,0,0
"ASV785","Bacteria","Pseudomonadota","Alphaproteobacteria","Caulobacterales","Hyphomonadaceae","SWB02",0,0,0,0,0,0,0,0,0,0,0,0,0,0,0,0,0,0,0,0,0,0,0,0,0,0,0,0,0,0,0,0,0,0,0,0,0,0,0,0,0,13,0,0,0,0,0,0,0,0,0,0,0,0,0,0,0,0,0,0,0,0,0,0,0,0,0,0,0,0,0,0,0,0,0,0
"ASV786","Bacteria","Pseudomonadota","Gammaproteobacteria","Burkholderiales","Alcaligenaceae","Saccharedens",0,0,16,0,0,0,0,0,0,0,0,11,0,0,0,0,0,0,0,0,0,0,0,0,0,9,0,15,0,0,0,0,0,0,22,0,0,0,17,0,71,0,0,0,15,0,0,0,0,46,0,0,0,0,0,0,0,0,16,0,0,0,73,26,0,34,0,0,0,69,29,0,34,0,79,7
"ASV787","Bacteria","Patescibacteria","Saccharimonadia","Saccharimonadales","Saccharimonadales","Saccharimonadales",0,0,0,0,0,0,3,0,0,0,0,0,0,2,0,0,0,0,0,0,0,0,0,8,0,0,0,0,0,11,0,0,0,0,0,0,0,0,0,0,0,69,0,4,16,0,0,0,0,0,6,279,0,0,0,0,0,0,0,0,0,97,0,0,0,0,0,92,0,0,0,0,0,0,0,0
"ASV788","Bacteria","Bacillota","Clostridia","Oscillospirales","Oscillospiraceae","Saccharofermentans",0,0,0,0,0,0,0,0,0,0,0,7,0,0,0,0,0,0,0,0,0,0,0,0,0,21,81,0,0,0,0,0,0,0,0,0,22,0,0,0,0,0,0,0,0,0,0,0,0,0,0,0,0,0,0,0,0,0,0,0,0,0,0,13,41,0,0,0,0,0,0,0,0,0,40,0
"ASV789","Bacteria","Pseudomonadota","Alphaproteobacteria","Hyphomicrobiales","Beijerinckiaceae","Salinarimonas",0,0,0,0,0,0,0,0,0,0,0,0,0,0,0,0,0,0,0,0,0,0,0,0,0,0,0,0,0,0,0,0,0,0,0,0,0,9,0,0,0,0,0,0,0,0,0,0,0,0,0,0,0,0,0,0,0,0,0,0,0,0,0,0,0,0,0,0,0,0,11,0,0,0,0,8
"ASV790","Bacteria","Myxococcota","Polyangiia","Polyangiales","Sandaracinaceae","Sandaracinus",0,0,0,0,0,0,0,0,0,0,0,0,0,5,0,0,0,0,0,0,0,0,0,4,0,0,0,0,0,0,0,0,0,0,0,0,0,0,0,0,0,0,0,0,0,0,0,0,0,0,0,10,0,0,0,0,0,0,0,0,8,0,0,0,0,0,0,0,0,0,0,0,0,0,0,0
"ASV791","Bacteria","Bacteroidota","Bacteroidia","Chitinophagales","Saprospiraceae","Saprospiraceae",93,0,0,24,2,0,13,0,0,0,0,17,0,0,0,0,0,0,0,0,11,0,63,0,0,0,0,13,8,72,0,0,0,0,0,3,7,0,90,0,0,128,0,0,0,0,0,0,0,28,0,0,0,0,0,0,0,0,0,5,97,0,8,0,7,0,0,35,0,0,0,0,0,8,50,0
"ASV792","Bacteria","Schekmanbacteria","Schekmanbacteria","Schekmanbacteria","Schekmanbacteria","Schekmanbacteria",0,0,0,0,0,0,0,0,0,0,0,0,0,0,0,0,0,0,0,0,0,0,0,0,0,0,0,0,0,0,0,0,0,13,32,0,0,0,0,0,0,22,0,0,0,0,0,0,0,0,0,0,0,0,0,0,0,0,0,0,0,0,0,0,0,0,0,0,0,0,0,0,17,0,0,0
"ASV793","Bacteria","Planctomycetota","Planctomycetes","Planctomycetales","Schlesneriaceae","Schlesneria",0,0,0,0,0,0,0,0,0,0,0,0,0,0,0,0,0,0,0,0,0,0,8,0,0,0,0,0,0,0,0,0,0,0,0,0,0,0,0,0,0,0,0,0,0,0,0,0,0,0,0,0,0,0,0,0,0,0,0,0,0,0,0,0,0,0,0,0,0,0,0,0,0,0,0,0
"ASV794","Bacteria","Bacillota","Clostridia","Peptostreptococcales-Tissierellales","Sedimentibacteraceae","Sedimentibacter",0,0,0,0,0,0,0,0,0,0,0,0,0,0,0,0,0,0,0,0,0,0,0,0,0,0,0,0,0,0,0,0,0,0,0,0,0,0,0,0,0,0,0,0,0,0,0,0,0,7,0,0,0,0,0,0,0,0,0,0,0,0,0,0,0,0,0,0,0,0,0,0,0,0,0,0
"ASV795","Bacteria","Bacteroidota","Bacteroidia","Chitinophagales","Chitinophagaceae","Sediminibacterium",17,3,0,3673,7538,0,74,0,0,4090,0,12,22,0,0,23,2341,1262,137,0,0,0,299,294,0,5,0,0,4,0,416,0,0,15,23,188,323,0,14,0,0,1613,2875,0,0,0,0,851,0,0,2,0,0,0,717,305,12,0,0,0,73,76,0,0,0,6,0,0,22,0,0,0,0,68,74,0
"ASV796","Bacteria","Cyanobacteriota","Sericytochromatia","Sericytochromatia","Sericytochromatia","Sericytochromatia",0,0,0,6,0,0,0,0,0,0,0,0,0,8,0,0,0,0,0,0,0,0,0,9,0,0,0,0,0,24,0,0,0,0,0,0,3,0,0,0,0,7,0,0,0,0,0,0,0,0,0,57,0,0,0,0,0,0,0,0,0,30,0,0,0,0,0,0,0,0,0,0,0,0,0,0
"ASV797","Bacteria","Chloroflexota","Dehalococcoidia","Sh765B-AG-111","Sh765B-AG-111","Sh765B-AG-111",0,0,0,0,0,0,10,0,0,0,0,0,0,0,0,0,0,0,0,0,0,51,12,0,0,5,7,0,0,0,0,0,0,547,0,83,0,0,0,0,0,0,0,0,0,0,0,0,0,6,0,0,0,0,0,0,0,0,0,0,0,0,0,0,0,0,0,0,0,0,0,139,0,26,0,0
"ASV798","Bacteria","Chloroflexota","Dehalococcoidia","Sh765B-TzT-20","Sh765B-TzT-20","Sh765B-TzT-20",0,0,0,0,0,95,0,0,0,0,0,61,0,18,0,0,0,0,0,0,0,56,0,0,122,72,0,0,0,45,0,0,0,236,0,62,0,0,0,0,0,0,0,98,0,0,0,0,0,0,0,0,0,0,0,0,0,0,0,0,0,0,166,22,0,0,0,10,0,0,0,0,0,0,0,0
"ASV799","Bacteria","Methylomirabilota","Methylomirabilia","Methylomirabilales","Methylomirabilaceae","Sh765B-TzT-35",0,0,0,0,0,8,0,0,0,0,0,0,0,0,0,0,0,0,0,0,0,0,0,0,0,0,0,0,0,0,0,0,0,0,0,0,0,0,0,0,0,0,0,22,0,0,0,0,0,0,0,0,0,0,0,0,0,0,0,0,4,0,0,0,0,0,0,0,0,0,0,0,0,0,0,0
"ASV800","Bacteria","Pseudomonadota","Gammaproteobacteria","Enterobacterales","Shewanellaceae","Shewanella",0,0,0,0,0,0,0,0,0,0,0,0,0,0,0,0,0,0,0,0,0,0,0,0,0,0,0,0,0,0,0,0,0,0,0,0,0,0,0,0,0,0,0,0,0,0,0,0,0,0,0,0,0,0,0,0,0,11,9,0,0,0,0,0,0,0,0,0,0,0,0,0,0,0,0,6
"ASV801","Bacteria","Pseudomonadota","Alphaproteobacteria","Hyphomicrobiales","Rhizobiaceae","Shinella",0,0,0,0,0,0,0,0,0,0,0,0,0,0,0,0,0,0,0,0,0,0,0,0,0,0,0,0,0,0,0,0,0,0,0,0,0,0,0,0,0,24,0,0,0,0,0,0,0,0,0,0,0,0,0,0,13,0,0,0,0,0,0,0,0,0,0,10,0,0,0,0,0,0,0,0
"ASV802","Bacteria","Pseudomonadota","Gammaproteobacteria","Burkholderiales","Gallionellaceae","Sideroxydans",0,19,0,0,0,0,20,0,0,0,0,0,28,32,0,0,0,0,0,0,0,0,73,0,0,0,0,0,0,14,0,0,0,0,0,0,72,0,0,0,0,0,20,0,25,0,0,0,0,0,76,0,0,0,0,22,0,0,0,0,247,0,54,0,0,0,0,20,0,0,0,0,0,0,614,0
"ASV803","Bacteria","Pseudomonadota","Gammaproteobacteria","Lysobacterales","Lysobacteraceae","Silanimonas",0,0,0,0,0,0,0,0,0,0,0,0,0,0,0,0,0,0,0,0,0,0,0,0,0,0,0,0,0,18,0,0,0,0,0,0,0,0,0,0,0,0,0,0,0,0,0,0,0,0,0,0,0,0,0,0,0,0,0,0,0,0,0,0,0,0,0,0,0,0,0,0,0,0,0,0
"ASV804","Bacteria","Chlamydiota","Chlamydiia","Chlamydiales","Simkaniaceae","Simkaniaceae",0,0,0,0,0,0,0,0,0,0,0,0,0,6,0,0,0,0,0,0,0,0,0,15,0,0,0,0,0,0,0,0,0,0,0,0,0,0,0,0,0,0,0,0,0,0,0,0,0,0,14,41,0,0,0,0,0,0,0,0,0,24,0,0,0,0,0,0,0,0,0,0,0,0,0,0
"ASV805","Bacteria","Pseudomonadota","Gammaproteobacteria","Burkholderiales","Comamonadaceae","Simplicispira",0,0,0,0,0,0,0,24,0,0,0,0,0,0,0,0,0,0,0,0,0,0,0,0,0,0,0,0,0,0,0,0,0,0,85,0,0,0,0,0,80,0,0,0,0,33,0,0,0,0,0,78,0,0,46,0,0,0,0,0,0,0,0,0,0,0,0,0,0,0,0,0,84,0,0,0
"ASV806","Bacteria","Actinomycetota","Actinobacteria","Mycobacteriales","Nocardiaceae","Smaragdicoccus",0,0,0,0,0,0,0,0,0,0,0,0,0,0,0,0,0,0,0,0,0,0,0,0,0,0,0,0,0,0,0,0,0,0,0,0,0,0,0,0,0,14,0,0,0,0,0,0,0,0,0,0,0,0,0,0,0,0,0,0,0,0,0,0,0,0,0,0,0,0,0,0,0,0,0,0
"ASV807","Bacteria","Thermodesulfobacteriota","Syntrophia","Syntrophales","Smithellaceae","Smithella",7,0,0,0,0,0,0,0,0,0,0,0,20,0,5,0,0,0,0,0,21,6,11,0,0,0,37,23,21,0,0,0,5,0,0,121,0,0,0,0,0,0,0,0,0,0,0,0,0,0,42,0,0,0,12,0,0,0,0,10,32,0,0,0,0,0,0,0,0,0,12,0,0,101,0,0
"ASV808","Bacteria","Pseudomonadota","Gammaproteobacteria","Burkholderiales","Oxalobacteraceae","Solimicrobium",0,0,0,0,0,13,0,0,0,0,0,0,0,0,0,10,0,0,0,0,0,0,0,27,0,0,9,0,0,0,0,0,0,0,0,0,0,0,0,0,0,0,0,0,0,0,0,0,0,0,0,0,0,0,0,0,0,0,0,0,0,0,0,0,0,0,0,44,0,0,0,0,0,0,0,0
"ASV809","Bacteria","Pseudomonadota","Gammaproteobacteria","Salinisphaerales","Nevskiaceae","Solimonas",0,0,0,0,0,0,0,0,0,0,0,0,0,0,0,0,0,0,0,0,0,0,0,0,0,0,0,0,0,0,0,0,0,0,0,0,0,0,10,0,0,0,0,0,0,0,0,0,0,0,0,0,0,0,0,0,0,0,0,0,0,0,0,0,0,0,0,0,0,0,0,0,0,0,0,0
"ASV810","Bacteria","Actinomycetota","Thermoleophilia","Solirubrobacterales","Solirubrobacteraceae","Solirubrobacteraceae",0,0,0,61,0,0,0,0,0,0,0,0,0,149,0,0,0,0,0,78,13,0,0,35,0,0,0,21,14,21,0,0,0,0,0,0,0,0,0,0,0,71,0,0,0,0,0,0,0,0,0,73,0,0,0,0,0,45,0,0,0,0,0,0,0,0,0,0,0,0,0,0,0,0,0,0
"ASV811","Bacteria","Spirochaetota","Spirochaetia","Spirochaetales","Spirochaetaceae","Sphaerochaeta",0,0,0,0,0,0,0,0,0,0,0,0,0,0,24,0,0,19,0,0,0,0,0,0,0,0,0,0,0,0,0,12,20,4,0,3,0,10,0,0,0,0,0,0,0,0,0,0,0,0,0,0,7,0,0,14,0,0,0,0,0,0,0,0,0,0,0,0,0,0,37,0,0,0,0,0
"ASV812","Bacteria","Pseudomonadota","Alphaproteobacteria","Sphingomonadales","Sphingomonadaceae","Sphingoaurantiacus",0,0,0,0,0,0,14,0,0,6,0,0,0,0,0,0,0,0,0,0,0,0,0,0,0,0,0,0,0,0,0,0,0,0,92,85,0,0,0,0,0,0,0,0,9,0,4,0,0,0,0,0,0,0,0,0,0,0,0,0,0,0,0,0,0,0,0,0,0,0,0,0,33,43,0,0
"ASV813","Bacteria","Bacteroidota","Bacteroidia","Sphingobacteriales","Sphingobacteriaceae","Sphingobacteriaceae",383,0,0,0,0,0,0,0,0,0,0,0,0,0,0,0,0,0,0,0,0,0,0,0,0,0,0,0,0,0,6,0,0,0,0,0,0,0,456,0,0,0,0,0,0,0,0,0,0,0,9,0,0,0,0,0,0,0,0,0,0,0,0,0,0,0,0,0,0,0,0,0,0,0,0,0
"ASV814","Bacteria","Bacteroidota","Bacteroidia","Sphingobacteriales","Sphingobacteriales","Sphingobacteriales",0,0,0,0,0,0,0,0,0,0,0,0,0,0,59,0,0,0,0,0,0,0,0,4,0,0,0,0,0,0,0,12,117,0,0,0,0,0,0,0,0,0,0,0,0,0,0,0,0,0,0,0,0,0,0,0,0,0,0,0,0,0,0,0,0,0,0,0,0,0,0,0,0,0,0,0
"ASV815","Bacteria","Pseudomonadota","Alphaproteobacteria","Sphingomonadales","Sphingomonadaceae","Sphingobium",0,0,0,0,0,0,0,0,0,0,0,0,0,0,0,0,0,0,109,0,0,0,125,215,0,0,0,0,0,0,0,0,29,0,0,10,0,0,0,0,0,0,0,0,0,0,0,0,0,0,0,0,0,0,0,0,17,0,0,0,82,151,0,0,0,0,0,0,0,0,55,0,0,20,0,0
"ASV816","Bacteria","Pseudomonadota","Alphaproteobacteria","Sphingomonadales","Sphingomonadaceae","Sphingomonadaceae",0,0,0,0,0,0,0,0,0,0,0,0,0,0,0,0,0,0,0,0,0,8,0,0,0,0,0,0,0,0,0,0,0,0,0,0,0,0,0,0,0,0,0,0,0,0,0,0,0,0,0,0,0,0,9,0,0,0,0,0,0,0,0,0,0,0,0,0,0,0,0,0,0,0,0,0
"ASV817","Bacteria","Pseudomonadota","Alphaproteobacteria","Sphingomonadales","Sphingomonadaceae","Sphingomonas",0,0,0,0,0,6,0,0,0,0,0,0,0,0,0,0,0,0,53,0,0,0,0,35,0,0,0,0,0,0,0,0,0,0,10,12,0,0,0,0,0,75,0,61,0,0,0,0,0,0,0,7,0,0,0,0,25,22,11,0,0,39,0,0,0,0,0,0,0,0,0,4,0,19,0,0
"ASV818","Bacteria","Pseudomonadota","Alphaproteobacteria","Sphingomonadales","Sphingomonadaceae","Sphingopyxis",0,0,0,9,0,49,20,27,0,0,0,20,0,0,0,53,0,0,0,1974,0,57,65,229,0,0,0,0,0,0,0,0,0,0,40,0,0,0,0,0,0,21,0,37,27,0,0,0,0,14,0,0,0,86,0,4,0,1169,0,53,90,124,0,0,4,0,0,0,0,0,0,0,0,8,0,0
"ASV819","Bacteria","Pseudomonadota","Alphaproteobacteria","Sphingomonadales","Sphingomonadaceae","Sphingorhabdus",0,0,0,0,0,0,0,0,0,0,0,0,0,0,0,12,0,0,0,0,31,99,0,0,0,0,0,19,51,21,0,0,0,0,0,7,0,0,0,0,0,0,0,0,0,0,0,0,0,0,0,0,0,36,0,0,0,0,10,112,0,0,0,0,0,6,16,7,0,0,0,0,0,0,0,0
"ASV820","Bacteria","Spirochaetota","Spirochaetia","Spirochaetales","Spirochaetaceae","Spirochaeta 2",0,0,0,0,66,0,0,0,0,0,0,0,0,0,0,0,0,0,0,0,0,0,0,0,0,0,0,0,0,0,0,0,0,0,0,0,0,0,0,0,0,0,65,0,0,0,0,0,0,0,0,0,0,0,0,0,0,0,0,0,0,0,0,0,0,0,0,0,0,0,0,0,0,0,0,0
"ASV821","Bacteria","Spirochaetota","Spirochaetia","Spirochaetales","Spirochaetaceae","Spirochaetaceae",0,0,0,0,0,0,0,0,0,0,0,0,0,0,0,0,0,0,0,0,0,0,0,0,0,0,0,0,0,0,0,0,0,0,0,0,0,0,0,0,15,0,0,0,0,0,0,0,0,0,0,0,0,0,0,0,0,0,0,0,0,0,0,0,0,0,0,0,0,0,0,0,0,0,0,0
"ASV822","Bacteria","Spirochaetota","Spirochaetota","Spirochaetota","Spirochaetota","Spirochaetota",0,0,0,0,0,0,0,0,0,0,0,0,0,0,0,0,0,0,0,0,0,0,2,0,0,0,0,0,0,0,0,0,0,0,0,0,0,0,0,0,0,10,0,0,0,0,0,0,0,0,0,0,0,0,0,0,0,0,0,18,20,0,0,0,0,0,0,0,0,0,0,0,0,0,0,0
"ASV823","Bacteria","Bacillota","Negativicutes","Veillonellales-Selenomonadales","Sporomusaceae","Sporomusaceae",0,0,0,0,0,0,0,0,0,0,0,0,0,0,0,0,0,0,0,0,0,0,0,0,0,0,0,0,0,0,0,0,0,0,0,0,0,0,0,0,0,0,0,0,0,0,0,0,0,0,6,0,0,0,0,48,0,0,0,0,0,0,0,0,0,0,0,0,0,0,8,0,0,0,0,0
"ASV824","Bacteria","Pseudomonadota","Gammaproteobacteria","Salinisphaerales","Nevskiaceae","Stagnimonas",0,0,0,5,0,0,0,0,0,0,0,0,0,0,0,96,0,0,0,0,0,0,0,16,0,0,0,0,0,0,0,0,0,0,675,0,0,0,0,0,0,0,0,0,0,0,0,0,0,0,0,0,0,128,0,0,0,0,0,0,0,14,0,0,0,0,0,0,0,0,0,0,177,0,0,0
"ASV825","Bacteria","Bacillota","Bacilli","Staphylococcales","Staphylococcaceae","Staphylococcus",0,0,0,0,0,0,0,0,0,0,0,0,0,0,0,0,0,0,0,0,0,0,0,0,0,0,0,0,0,0,0,0,0,0,0,0,0,0,0,0,0,0,0,0,0,0,0,0,0,0,0,0,0,0,0,0,0,0,0,9,0,0,0,0,0,0,0,0,0,0,0,0,0,0,0,0
"ASV826","Bacteria","Pseudomonadota","Alphaproteobacteria","Hyphomicrobiales","Stappiaceae","Stappiaceae",0,0,0,0,0,0,0,0,0,0,0,0,0,0,0,0,0,0,0,0,0,0,0,0,0,0,0,0,0,0,0,0,0,0,0,0,0,0,0,0,0,0,0,0,0,0,0,0,0,0,0,22,0,0,0,0,0,0,0,0,0,0,0,0,0,0,0,0,0,0,0,0,0,0,0,0
"ASV827","Bacteria","Acidobacteriota","Blastocatellia","Blastocatellales","Blastocatellaceae","Stenotrophobacter",0,0,0,0,0,0,0,0,0,0,0,7,0,0,0,0,0,0,0,0,0,0,0,0,0,0,0,0,0,0,0,0,0,0,0,0,0,0,0,0,0,0,0,0,0,0,0,0,0,0,0,0,0,0,0,0,0,0,0,0,0,0,0,0,0,0,0,0,0,0,0,0,0,4,0,0
"ASV828","Bacteria","Pseudomonadota","Gammaproteobacteria","Salinisphaerales","Nevskiaceae","Stenotrophobium",0,0,0,0,0,0,0,0,0,0,0,0,0,0,0,2,0,0,0,0,0,0,0,0,0,0,0,0,0,0,0,0,0,0,0,0,0,0,0,0,0,0,0,0,0,0,0,0,0,0,0,0,0,0,0,0,0,0,0,0,0,0,0,0,0,0,0,0,0,0,0,0,0,0,0,0
"ASV829","Bacteria","Pseudomonadota","Gammaproteobacteria","Lysobacterales","Lysobacteraceae","Stenotrophomonas",0,0,0,0,0,0,0,18,0,0,0,0,0,17,0,0,0,0,12,0,0,0,0,0,0,0,0,0,0,0,0,0,10,61,0,0,0,0,0,0,0,0,0,0,0,0,0,0,0,0,0,42,0,0,0,0,0,0,0,0,0,0,0,0,0,0,0,0,0,0,9,70,0,0,0,0
"ASV830","Bacteria","Pseudomonadota","Gammaproteobacteria","Burkholderiales","Rhodocyclaceae","Sterolibacterium",0,0,0,0,0,0,0,0,0,0,0,0,13,0,0,0,0,0,0,0,0,0,0,0,0,0,0,0,0,0,0,0,0,0,0,0,0,0,0,0,0,0,0,0,0,0,0,0,0,0,66,0,0,0,0,0,0,0,0,0,0,0,0,0,0,0,0,0,0,0,0,0,0,0,0,0
"ASV831","Bacteria","Acidobacteriota","Thermoanaerobaculia","Thermoanaerobaculales","Thermoanaerobaculaceae","Subgroup 10",0,0,0,0,0,0,0,0,0,0,0,0,0,0,0,0,0,0,0,0,0,0,0,0,0,0,0,0,0,8,0,0,0,0,0,0,0,0,0,0,0,0,0,0,0,0,0,0,0,0,0,0,0,0,0,0,0,0,0,0,0,0,0,0,0,0,0,0,0,0,0,0,0,0,0,0
"ASV832","Bacteria","Acidobacteriota","Acidobacteriae","Subgroup 13","Subgroup 13","Subgroup 13",0,0,0,0,0,0,0,0,0,0,0,0,0,0,0,0,0,0,0,0,0,0,0,0,0,10,0,0,0,0,0,0,0,0,0,6,0,0,0,0,0,0,0,0,0,0,0,0,0,0,0,0,0,0,0,0,0,0,0,0,0,0,0,0,0,0,0,0,0,0,0,0,0,7,0,0
"ASV833","Bacteria","Acidobacteriota","Acidobacteriae","Subgroup 15","Subgroup 15","Subgroup 15",0,0,0,0,0,0,0,0,0,0,0,0,0,64,0,0,0,0,0,0,0,0,0,0,0,0,0,0,0,0,0,0,0,0,0,0,0,0,0,0,0,0,0,0,0,0,0,0,0,0,0,130,0,0,0,0,0,0,0,0,0,0,0,0,0,0,0,0,0,0,0,0,0,6,0,0
"ASV834","Bacteria","Acidobacteriota","Vicinamibacteria","Subgroup 17","Subgroup 17","Subgroup 17",0,0,0,0,0,0,0,0,0,0,0,0,0,0,0,0,0,0,0,0,0,0,0,0,0,0,0,0,0,0,0,0,0,0,0,0,0,0,0,0,0,0,0,0,0,0,0,0,0,0,0,12,0,0,0,0,0,0,0,0,0,0,0,0,0,0,0,0,0,0,0,0,0,0,0,0
"ASV835","Bacteria","Acidobacteriota","Acidobacteriae","Subgroup 2","Subgroup 2","Subgroup 2",0,0,0,0,0,0,0,0,0,0,0,0,0,5,0,0,0,0,0,0,0,0,0,7,0,0,0,0,0,0,0,0,0,0,0,0,0,0,0,0,0,0,0,0,0,0,0,0,0,0,0,10,0,0,0,0,0,0,0,0,0,0,0,0,0,0,0,0,0,0,0,0,0,0,0,0
"ASV836","Bacteria","Acidobacteriota","Subgroup 21","Subgroup 21","Subgroup 21","Subgroup 21",0,0,0,0,0,0,0,0,0,0,0,0,0,0,0,0,0,0,0,0,0,0,0,0,0,0,0,0,0,0,0,0,0,0,0,0,0,0,0,0,0,0,0,0,0,0,0,0,0,0,0,0,0,0,0,0,0,0,0,0,0,0,0,0,0,0,0,0,0,0,7,0,0,0,0,0
"ASV837","Bacteria","Acidobacteriota","Subgroup 22","Subgroup 22","Subgroup 22","Subgroup 22",0,0,0,0,0,0,0,0,0,0,0,0,0,0,0,0,0,0,0,0,0,0,0,0,0,0,0,0,0,0,0,0,0,0,0,0,0,0,0,0,0,0,0,0,0,0,0,0,0,0,0,24,0,5,0,0,0,0,0,0,0,0,0,0,0,0,0,0,0,0,0,0,0,0,0,0
"ASV838","Bacteria","Acidobacteriota","Subgroup 25","Subgroup 25","Subgroup 25","Subgroup 25",0,0,0,0,0,2,0,0,0,0,0,0,0,0,0,0,0,0,0,0,0,0,0,0,0,0,0,0,0,0,0,0,0,0,0,0,0,0,0,0,0,0,0,0,0,0,0,0,0,0,0,0,0,0,0,0,0,0,0,0,0,3,0,0,0,0,0,0,0,0,0,0,0,0,0,0
"ASV839","Bacteria","Acidobacteriota","Subgroup 5","Subgroup 5","Subgroup 5","Subgroup 5",0,0,0,0,0,0,0,0,0,0,0,0,0,0,0,0,0,0,0,0,0,0,0,42,0,0,0,0,0,0,0,0,0,0,0,0,0,0,0,0,0,0,0,0,0,0,0,0,0,0,0,2,0,0,0,0,0,0,0,0,0,31,0,0,0,0,0,0,0,0,0,0,0,0,0,0
"ASV840","Bacteria","Acidobacteriota","Holophagae","Subgroup 7","Subgroup 7","Subgroup 7",0,0,0,0,0,0,0,0,0,0,0,0,0,0,0,0,0,0,0,0,0,0,0,0,0,0,0,0,0,21,0,0,0,0,0,0,0,0,0,0,0,0,0,0,6,0,0,0,0,0,0,7,0,0,0,0,0,0,0,0,0,0,0,0,0,0,0,0,0,0,0,0,0,0,0,0
"ASV841","Bacteria","Bacteroidota","Bacteroidia","Flavobacteriales","Flavobacteriaceae","Sufflavibacter",0,0,0,0,0,0,0,0,0,0,0,0,0,0,0,0,0,0,0,0,0,0,0,0,0,0,1,0,0,0,0,0,0,0,0,0,0,0,0,0,0,0,0,0,0,0,0,0,0,0,0,0,0,0,0,0,0,0,0,0,0,0,0,0,0,0,0,0,0,0,0,0,0,0,0,0
"ASV842","Bacteria","Pseudomonadota","Gammaproteobacteria","Acidiferrobacterales","Acidiferrobacteraceae","Sulfuricaulis",0,0,0,0,0,8,0,0,0,0,0,0,5,10,0,0,0,0,0,0,0,0,0,0,21,0,0,0,0,0,0,0,0,0,0,0,0,0,0,0,0,0,0,0,0,0,0,0,0,0,12,26,0,0,0,0,0,0,0,0,0,0,44,0,0,0,0,0,0,0,0,0,0,0,0,0
"ASV843","Bacteria","Pseudomonadota","Gammaproteobacteria","Burkholderiales","Sulfuricellaceae","Sulfuricella",28,0,0,0,0,0,0,0,0,0,0,0,42,0,0,0,16,34,0,0,17,0,253,0,0,29,163,18,26,36,0,0,0,0,0,12,25,0,37,0,0,27,0,0,13,0,0,0,0,0,57,0,0,0,34,85,0,0,0,0,98,0,0,24,81,0,0,0,0,0,0,0,0,13,9,0
"ASV844","Bacteria","Pseudomonadota","Gammaproteobacteria","Burkholderiales","Sulfuricellaceae","Sulfuricellaceae",0,0,0,0,0,0,0,0,0,0,0,0,0,0,0,0,0,0,0,0,0,0,0,0,0,0,0,0,0,0,0,0,0,0,0,0,0,0,0,0,0,23,9,0,0,0,0,0,0,0,0,0,0,0,0,2,0,0,0,0,0,0,0,0,0,0,0,0,0,0,0,0,0,0,0,0
"ASV845","Bacteria","Campylobacterota","Campylobacteria","Campylobacterales","Sulfurimonadaceae","Sulfuricurvum",0,0,0,0,0,0,0,25,0,0,0,0,0,0,0,0,0,0,0,0,0,0,0,0,0,0,0,6,0,0,0,0,0,0,0,0,0,0,24,727,10223,90,342,8,86,14657,0,2494,2802,4340,1447,0,0,29,1166,699,9,0,2062,271,29,0,0,55,1613,1206,1521,0,0,0,0,7,10,12,2844,0
"ASV846","Bacteria","Pseudomonadota","Gammaproteobacteria","Burkholderiales","Sulfuricellaceae","Sulfuriferula",0,0,40,0,0,0,33,0,0,0,0,310,0,0,0,0,0,0,0,0,0,0,0,0,0,0,0,0,0,0,23,0,0,0,0,0,0,0,0,0,0,1418,0,0,6,0,0,0,0,0,22,0,0,0,0,0,0,0,0,0,0,0,0,0,0,0,0,0,0,0,0,0,0,0,0,0
"ASV847","Bacteria","Pseudomonadota","Gammaproteobacteria","Acidiferrobacterales","Acidiferrobacteraceae","Sulfurifustis",0,0,0,0,0,0,0,0,0,0,0,0,0,22,0,0,0,0,0,0,0,0,0,0,0,0,0,0,0,0,0,0,0,0,0,0,0,0,0,0,0,0,0,0,0,0,0,0,0,0,0,35,0,14,0,0,0,0,0,0,0,0,10,0,0,0,0,0,0,0,0,0,0,0,0,0
"ASV848","Bacteria","Campylobacterota","Campylobacteria","Campylobacterales","Sulfurimonadaceae","Sulfurimonas",0,0,0,0,0,0,0,0,0,0,0,0,0,0,0,0,0,0,0,0,0,0,0,0,0,0,0,0,0,0,0,0,0,0,0,0,0,0,0,0,0,0,0,0,0,0,0,0,0,0,72,0,0,0,0,0,0,0,439,0,83,0,58,0,301,384,506,14,0,0,0,0,0,0,0,0
"ASV849","Bacteria","Pseudomonadota","Gammaproteobacteria","Burkholderiales","Rhodocyclaceae","Sulfurisoma",16,0,42,0,0,0,0,0,0,0,0,0,0,0,0,0,0,0,0,0,0,0,0,0,0,0,0,0,0,0,0,0,0,0,0,0,0,0,0,0,0,7,0,0,0,0,0,0,0,0,181,0,0,0,0,0,0,0,0,0,0,0,0,0,0,0,0,0,0,0,0,0,0,0,30,0
"ASV850","Bacteria","Pseudomonadota","Gammaproteobacteria","Burkholderiales","Rhodocyclaceae","Sulfuritalea",0,0,0,0,0,0,92,8,0,0,0,0,17,0,7,0,0,0,0,0,0,10,0,0,0,0,27,0,0,77,0,0,0,0,0,110,0,0,53,44,22,0,18,0,171,0,0,0,0,0,163,0,0,0,85,0,0,0,0,18,113,0,0,37,62,0,0,90,0,0,0,0,0,209,0,0
"ASV851","Bacteria","Sumerlaeota","Sumerlaeia","Sumerlaeales","Sumerlaeaceae","Sumerlaea",0,0,0,0,0,0,0,0,0,0,0,0,0,0,0,0,0,0,0,0,0,0,0,3,0,12,0,0,0,0,0,0,0,0,0,0,0,0,0,0,0,0,0,0,0,0,0,0,0,0,0,0,0,0,0,0,0,0,0,0,0,0,0,0,0,0,0,0,0,0,0,0,0,16,0,0
"ASV852","Bacteria","Bacillota","Bacilli","Bacillales","Bacillaceae","Sutcliffiella",0,0,0,0,0,0,0,0,0,0,0,0,0,0,0,0,0,0,0,0,0,0,0,0,0,0,0,0,0,32,10,0,0,0,0,0,0,0,0,0,0,0,0,0,0,0,0,0,0,0,0,0,0,0,0,0,0,0,0,0,0,0,0,0,0,0,0,14,9,0,0,0,0,0,0,0
"ASV853","Bacteria","Thermodesulfobacteriota","Desulfobacteria","Desulfobacterales","Desulfosarcinaceae","Sva0081 sediment group",0,0,0,0,0,0,0,0,0,0,0,0,0,0,0,0,0,0,0,0,0,0,0,0,0,0,0,0,0,0,0,0,0,0,0,0,16,0,0,0,0,0,0,0,0,0,0,0,0,0,0,0,0,0,0,0,0,0,0,0,0,0,0,0,0,0,0,0,0,0,0,0,0,0,30,0
"ASV854","Bacteria","Sva0485","Sva0485","Sva0485","Sva0485","Sva0485",9,0,21,0,0,0,14,10,0,0,22,157,0,0,0,0,0,0,0,0,29,205,66,0,0,329,77,38,35,11,0,0,0,232,40,432,16,0,27,0,0,9,0,0,0,0,0,0,0,97,0,0,0,0,0,0,0,0,0,215,68,0,0,271,33,0,17,0,0,6,0,124,21,235,34,0
"ASV855","Bacteria","Bacillota","Symbiobacteriia","Symbiobacteriales","Symbiobacteraceae","Symbiobacteraceae",0,0,0,0,0,0,0,0,0,0,0,0,0,34,0,0,0,0,0,0,0,0,0,0,0,0,0,0,0,0,0,0,0,0,0,0,0,0,0,0,0,0,0,0,0,0,0,0,0,0,0,38,0,0,0,0,0,0,0,0,0,0,0,0,0,0,0,0,0,0,0,0,0,0,0,0
"ASV856","Bacteria","Bacillota","Symbiobacteriia","Symbiobacteriales","Symbiobacteraceae","Symbiobacterium",0,0,0,0,0,0,0,0,0,0,0,0,0,0,0,0,0,0,0,6,0,0,0,0,0,0,0,0,0,0,0,0,0,0,0,0,0,6,0,0,0,0,0,0,0,0,0,0,0,0,0,0,0,0,0,0,0,0,0,0,0,0,0,0,0,0,0,0,0,0,0,0,0,0,0,0
"ASV857","Bacteria","Synergistota","Synergistia","Synergistales","Synergistaceae","Synergistaceae",0,0,0,0,0,0,0,0,0,0,0,0,0,0,0,0,0,0,0,0,0,0,0,0,0,0,0,0,0,0,0,0,20,0,0,0,0,0,0,0,0,0,0,0,0,0,0,0,0,0,0,0,0,0,0,0,0,0,0,0,0,0,0,0,0,0,0,0,0,0,33,0,0,0,0,0
"ASV858","Bacteria","Thermodesulfobacteriota","Syntrophia","Syntrophales","Syntrophales","Syntrophales",0,0,0,0,0,0,0,12,0,0,0,0,0,0,10,0,0,0,0,0,0,0,0,0,0,0,16,0,0,0,0,0,77,0,0,0,9,8,15,0,0,0,0,0,0,0,0,0,0,0,0,0,0,0,0,0,0,0,0,0,0,0,0,0,0,0,2,0,0,0,174,0,0,0,0,0
"ASV859","Bacteria","Bacillota","Desulfitobacteriia","Desulfitobacteriales","Syntrophobotulaceae","Syntrophobotulaceae",0,0,0,0,0,0,0,0,0,0,0,0,0,0,0,0,0,0,0,0,0,0,0,0,0,0,0,0,0,0,0,0,0,0,0,0,0,0,4,0,0,0,0,0,0,0,0,0,0,0,0,0,0,0,0,0,0,0,0,0,0,0,0,0,0,0,0,0,0,0,0,0,0,0,0,0
"ASV860","Bacteria","Bacillota","Syntrophomonadia","Syntrophomonadales","Syntrophomonadaceae","Syntrophomonadaceae",0,0,0,0,0,0,0,0,0,0,0,0,0,0,0,0,0,0,0,0,4,0,0,0,0,0,0,0,0,0,0,0,0,0,0,0,0,0,0,0,0,0,0,0,0,0,0,0,0,0,0,0,0,0,0,0,0,0,0,0,0,0,0,0,0,0,0,0,0,0,0,0,0,0,0,0
"ASV861","Bacteria","Bacillota","Syntrophomonadia","Syntrophomonadales","Syntrophomonadaceae","Syntrophomonas",0,0,0,0,0,0,0,0,0,4,0,0,0,0,0,0,0,0,0,0,0,0,0,0,0,0,0,11,11,0,0,0,0,0,0,0,0,0,0,0,0,0,0,0,0,0,0,0,0,0,0,0,0,0,0,0,0,0,0,0,0,0,0,0,0,0,0,0,0,0,0,0,0,0,0,0
"ASV862","Bacteria","Thermodesulfobacteriota","Syntrophorhabdia","Syntrophorhabdales","Syntrophorhabdaceae","Syntrophorhabdus",0,0,0,0,0,0,7,17,8,5,0,6,0,0,0,0,0,0,0,0,0,0,0,0,0,0,0,0,0,0,0,8,8,0,0,0,0,0,0,0,0,0,0,0,6,0,0,0,0,0,0,0,8,0,0,0,0,0,0,0,0,0,0,0,0,0,0,0,0,0,36,0,0,0,9,0
"ASV863","Bacteria","Thermodesulfobacteriota","Syntrophia","Syntrophales","Syntrophaceae","Syntrophus",25,0,146,87,0,0,0,77,0,45,13,41,10,57,6,0,14,0,10,0,125,40,53,0,24,297,46,120,128,34,0,0,0,136,38,275,26,0,99,0,204,177,14,0,7,22,0,65,0,29,21,120,0,0,0,0,0,0,60,35,75,0,40,237,38,24,43,0,5,28,0,160,0,250,69,0
"ASV864","Bacteria","TA06","TA06","TA06","TA06","TA06",0,0,0,0,0,0,0,0,0,0,0,0,0,0,0,0,0,0,0,0,0,0,0,0,0,0,0,0,0,0,0,0,0,0,0,19,0,0,0,0,0,0,0,0,0,0,0,0,0,0,0,0,0,0,0,0,0,0,0,0,0,0,0,5,0,0,5,0,0,0,19,0,0,45,0,0
"ASV865","Bacteria","Bacillota","Desulfitobacteriia","Desulfitobacteriales","Incertae Sedis","TC1",7,0,0,0,0,0,0,0,0,0,0,0,0,0,0,0,0,0,0,0,0,0,0,0,0,0,5,0,0,0,0,0,17,0,3,0,0,0,9,0,0,0,0,0,0,0,0,0,0,0,0,0,0,0,0,0,0,0,0,0,0,0,0,0,0,0,0,0,0,0,34,0,0,0,0,0
"ASV866","Bacteria","Chloroflexota","TK10","TK10","TK10","TK10",0,0,0,0,0,6,0,0,0,0,0,0,0,20,0,0,0,0,0,0,0,7,0,28,10,33,0,0,0,0,0,0,0,0,0,0,0,0,0,0,0,5,0,0,0,0,0,0,0,0,0,70,0,0,0,0,0,0,0,0,0,5,0,0,0,0,0,0,0,0,0,0,0,0,0,0
"ASV867","Bacteria","Patescibacteria","Saccharimonadia","Saccharimonadales","Saccharimonadaceae","TM7a",0,0,0,0,0,0,0,0,0,0,0,0,0,0,0,0,0,0,0,0,0,0,4,0,0,0,0,0,0,0,0,0,0,0,0,0,0,0,0,0,0,13,0,0,0,0,0,0,0,0,0,0,0,0,43,24,0,0,0,0,59,0,0,0,0,0,0,14,0,8,0,0,0,0,5,0
"ASV868","Bacteria","Pseudomonadota","Gammaproteobacteria","Burkholderiales","TRA3-20","TRA3-20",18,0,0,8,0,10,0,0,0,0,0,0,0,0,0,0,0,0,0,0,0,0,0,0,0,0,0,0,0,0,0,0,0,0,10,0,0,0,93,0,0,25,0,58,75,0,0,17,0,24,0,114,0,0,11,0,0,0,0,0,0,0,54,0,0,0,0,0,0,0,0,0,0,0,0,0
"ASV869","Bacteria","Bacillota","TSAC18","TSAC18","TSAC18","TSAC18",0,0,10,0,0,0,0,0,0,0,0,2,0,0,0,0,0,0,0,0,0,0,0,0,0,0,0,0,0,0,0,0,0,6,0,0,0,0,0,0,27,0,0,0,0,0,0,0,0,178,0,0,0,0,0,0,0,0,0,0,0,0,0,0,0,0,0,0,0,0,10,38,0,81,0,0
"ASV870","Bacteria","Acidobacteriota","Acidobacteriae","TSBb06","TSBb06","TSBb06",0,0,0,0,0,0,0,0,0,0,0,0,0,0,0,0,0,0,0,0,0,0,0,0,0,0,0,0,0,0,0,0,0,0,0,0,0,0,0,0,0,0,0,0,0,0,0,0,0,0,0,0,0,0,0,0,0,0,0,0,0,0,0,0,0,0,0,0,0,0,0,0,0,17,0,0
"ASV871","Bacteria","TX1A-33","TX1A-33","TX1A-33","TX1A-33","TX1A-33",0,0,0,0,0,0,0,0,0,0,0,0,0,0,0,0,0,0,0,0,0,0,0,0,0,0,0,0,0,0,0,0,0,0,0,0,0,0,0,0,0,0,0,0,0,0,0,0,0,0,0,3,0,0,0,0,0,0,0,0,0,0,0,0,0,0,0,0,0,0,0,0,0,0,0,0
"ASV872","Bacteria","Pseudomonadota","Alphaproteobacteria","Rhodobacterales","Paracoccaceae","Tabrizicola",0,0,16,0,0,0,0,0,0,79,0,57,0,0,0,0,136,0,0,0,0,0,13,0,0,0,0,0,0,56,16,0,0,0,128,0,0,0,0,0,0,0,0,0,0,0,0,69,0,64,0,1,0,0,173,0,0,0,0,0,0,0,0,0,0,0,0,0,15,0,0,0,39,0,0,0
"ASV873","Bacteria","Pseudomonadota","Gammaproteobacteria","Lysobacterales","Rhodanobacteraceae","Tahibacter",0,0,0,0,0,0,0,53,0,0,0,0,0,0,0,0,0,5,0,0,0,0,0,0,0,0,0,0,2,0,0,0,0,0,0,0,0,0,0,0,0,0,0,0,0,0,0,0,0,0,0,0,0,0,0,0,0,0,0,0,0,0,0,0,0,0,0,0,0,0,0,0,0,0,0,0
"ASV874","Bacteria","Pseudomonadota","Alphaproteobacteria","Hyphomicrobiales","Xanthobacteraceae","Tardiphaga",0,0,0,0,0,7,0,0,0,0,0,0,0,0,0,16,0,0,0,196,0,5,11,111,0,0,0,0,0,0,0,0,0,0,3,0,13,0,0,0,0,0,0,0,0,0,0,0,0,0,0,0,0,0,0,0,0,73,0,0,0,0,0,0,0,0,0,0,0,0,0,0,0,0,0,0
"ASV875","Bacteria","Spirochaetota","Spirochaetia","Spirochaetales","Spirochaetaceae","Teretinema",0,0,0,0,0,0,0,0,0,0,0,0,0,0,0,0,0,0,0,0,0,0,0,0,0,0,0,0,0,0,0,0,0,0,0,0,0,0,0,0,0,5,0,0,0,0,0,0,0,0,0,0,0,0,0,0,0,0,0,0,0,0,0,0,0,0,0,0,0,0,0,0,0,0,0,0
"ASV876","Bacteria","Acidobacteriota","Acidobacteriae","Terriglobales","Terriglobales","Terriglobales",0,0,0,0,0,0,0,0,0,0,0,0,0,0,0,0,0,0,0,0,0,0,0,118,0,0,0,0,0,0,0,0,0,0,0,0,0,0,0,0,0,0,0,0,0,0,0,0,0,0,0,0,0,0,0,0,0,0,0,0,0,96,0,0,0,0,0,0,0,0,0,0,0,0,0,0
"ASV877","Bacteria","Bacteroidota","Bacteroidia","Chitinophagales","Chitinophagaceae","Terrimonas",0,0,0,0,0,32,0,0,0,11,0,0,0,0,0,0,0,0,19,0,23,0,0,0,0,0,58,14,23,67,0,0,0,0,0,0,0,0,0,0,0,0,0,3,0,0,0,0,0,0,0,0,0,0,0,0,0,0,0,0,0,0,0,0,5,0,0,0,0,0,0,0,0,0,0,0
"ASV878","Bacteria","Pseudomonadota","Alphaproteobacteria","Thalassobaculales","Thalassobaculales","Thalassobaculales",0,0,0,0,0,0,0,0,0,0,0,0,0,0,0,0,0,0,0,0,0,0,0,0,0,0,3,0,0,0,0,0,0,0,0,0,0,0,0,0,0,11,0,0,0,0,0,0,0,0,0,0,0,0,0,0,0,0,0,0,0,0,0,0,0,0,0,0,0,0,0,0,0,0,0,0
"ASV879","Bacteria","Pseudomonadota","Alphaproteobacteria","Thalassobaculales","Thalassobaculaceae","Thalassobaculum",0,0,0,0,0,0,0,0,0,0,0,0,0,0,0,0,0,0,0,0,0,0,0,0,0,0,0,0,0,0,0,0,0,0,0,0,0,0,0,0,0,0,0,0,0,0,0,0,0,0,0,11,0,0,0,0,0,0,0,0,0,0,0,0,0,0,0,0,0,0,0,0,0,0,0,0
"ASV880","Bacteria","Pseudomonadota","Alphaproteobacteria","Rhodospirillales","Thalassospiraceae","Thalassospira",0,0,0,0,0,0,0,0,0,0,0,0,0,338,0,0,0,0,0,0,0,0,0,0,0,0,0,0,0,0,0,0,0,0,0,0,0,0,0,0,0,0,0,0,0,0,0,0,0,0,0,679,0,0,0,0,0,0,0,0,0,0,0,0,0,0,0,0,0,0,0,0,0,0,0,0
"ASV881","Bacteria","Bacillota","Clostridia","Thermincolales","Thermincolaceae","Thermincola",0,0,0,0,0,0,0,0,0,0,0,0,0,0,0,0,0,0,0,0,0,0,0,0,0,0,0,0,4,0,0,0,0,0,0,0,0,0,0,0,0,0,0,0,0,0,0,0,0,0,0,0,0,0,0,0,0,0,0,0,0,0,0,0,0,0,0,0,0,0,0,0,0,0,0,0
"ASV882","Bacteria","Acidobacteriota","Thermoanaerobaculia","Thermoanaerobaculales","Thermoanaerobaculaceae","Thermoanaerobaculum",0,0,0,0,0,0,0,9,0,0,0,0,0,0,0,0,0,0,0,0,0,0,0,0,0,0,0,0,0,0,0,0,0,0,0,0,0,0,0,0,0,0,0,0,0,0,0,0,0,0,0,0,0,0,0,0,0,0,0,0,0,0,0,0,0,0,0,0,0,0,0,0,0,0,0,0
"ASV883","Bacteria","Thermodesulfobacteriota","Thermodesulfobacteriota","Thermodesulfobacteriota","Thermodesulfobacteriota","Thermodesulfobacteriota",0,0,0,0,0,0,5,730,0,0,289,43,0,0,0,0,0,0,7,0,62,40,33,0,0,19,58,56,45,0,0,0,0,330,100,87,14,0,0,0,10,0,0,0,7,139,0,0,77,26,22,63,0,0,0,0,0,0,16,69,58,0,13,10,23,12,18,0,0,0,0,295,50,97,20,0
"ASV884","Bacteria","Nitrospirota","Thermodesulfovibrionia","Thermodesulfovibrionia","Thermodesulfovibrionia","Thermodesulfovibrionia",93,0,170,38,39,0,30,43,0,54,114,20,25,5,0,0,0,0,36,0,14,14,23,0,8,93,178,0,7,468,4,0,0,13,24,119,10,0,191,0,376,199,98,4,35,6,0,283,38,30,54,16,0,0,0,0,10,0,33,26,91,0,20,229,159,0,6,137,0,0,0,0,7,150,68,0
"ASV885","Bacteria","Chloroflexota","Anaerolineae","Thermoflexales","Thermoflexaceae","Thermoflexus",0,0,0,0,0,0,0,0,0,0,0,0,0,0,0,0,0,0,0,0,0,0,0,0,0,0,0,0,0,0,0,0,0,9,0,0,0,0,0,0,0,0,0,0,0,0,0,0,0,0,0,0,0,0,0,0,0,0,0,0,0,0,0,0,0,0,0,0,0,0,0,0,0,0,0,0
"ASV886","Bacteria","Actinomycetota","Thermoleophilia","Thermoleophilia","Thermoleophilia","Thermoleophilia",0,0,0,0,0,0,0,0,0,0,0,0,0,0,0,0,0,0,0,0,0,0,0,15,0,0,0,0,0,0,0,0,0,0,0,0,0,0,0,0,0,0,0,0,0,0,0,0,0,0,0,0,0,0,0,0,0,0,0,0,0,0,0,0,0,0,0,0,0,0,0,0,0,0,0,0
"ASV887","Bacteria","Pseudomonadota","Gammaproteobacteria","Lysobacterales","Lysobacteraceae","Thermomonas",0,0,0,0,0,0,0,0,0,0,0,0,0,0,0,0,0,0,0,0,0,0,0,0,0,0,0,0,0,0,0,0,0,0,0,0,0,0,0,0,0,30,0,0,0,0,0,0,0,0,0,8,0,0,0,0,0,0,0,0,0,0,0,0,0,0,0,0,0,0,0,0,0,0,0,0
"ASV888","Archaea","Thermoplasmatota","Thermoplasmata","Thermoplasmata","Thermoplasmata","Thermoplasmata",96,0,220,0,5,0,2,78,0,11,28,0,8,23,138,0,0,0,43,0,0,0,0,55,0,49,29,0,0,0,0,18,0,253,0,0,0,0,0,0,0,0,0,0,0,0,0,0,0,0,0,0,0,0,0,0,0,0,0,0,0,0,0,0,0,0,0,0,0,0,0,0,0,0,0,0
"ASV889","Archaea","Thermoplasmatota","Thermoplasmata","Thermoplasmatales","Thermoplasmatales","Thermoplasmatales",0,0,0,0,0,0,0,0,0,0,0,0,0,0,0,0,0,0,0,0,0,0,0,41,0,0,0,0,0,0,0,0,0,0,0,0,0,0,0,0,0,0,0,0,0,0,0,0,0,0,0,0,0,0,0,0,0,0,0,0,0,0,0,0,0,0,0,0,0,0,0,0,0,0,0,0
"ASV890","Bacteria","Synergistota","Synergistia","Synergistales","Synergistaceae","Thermovirga",0,0,0,0,0,0,0,0,0,0,0,0,0,0,0,0,0,0,0,0,0,0,0,0,0,0,0,0,0,0,0,37,61,0,0,0,0,12,0,0,0,0,0,0,0,0,0,0,0,0,0,0,0,0,0,0,0,0,0,0,0,0,0,0,0,0,0,0,0,89,255,0,4,0,9,88
"ASV891","Bacteria","Pseudomonadota","Gammaproteobacteria","Burkholderiales","Hydrogenophilaceae","Thiobacillus",15,96,103,616,49,0,43,24,0,69,0,259,238,0,0,0,12,7,0,0,55,0,0,0,0,0,74,58,87,0,0,262,5,14,1123,69,17,0,61,136,285,3708,226,0,90,42,0,290,0,846,1135,30,0,0,83,48,0,0,112,0,0,0,0,0,204,66,152,0,0,1124,27,32,979,167,174,8
"ASV892","Bacteria","Bacillota","Clostridia","Peptostreptococcales-Tissierellales","Family XI","Tissierella",0,0,0,0,0,0,0,0,0,0,0,0,0,0,0,0,0,0,0,0,0,0,0,0,0,0,0,0,0,0,0,0,0,0,0,0,0,0,0,0,0,0,0,0,0,0,0,0,0,0,0,0,0,0,0,0,0,0,0,0,0,0,0,0,0,0,0,0,0,0,17,0,0,0,0,0
"ASV893","Bacteria","Spirochaetota","Spirochaetia","Spirochaetales","Spirochaetaceae","Treponema",0,0,0,0,0,0,0,0,0,0,0,0,0,0,9,0,0,0,0,0,0,0,0,0,0,0,10,0,0,0,0,0,0,0,0,0,0,0,0,0,0,0,0,0,0,0,0,0,0,0,0,0,0,0,0,0,0,0,0,0,0,0,0,0,0,0,0,0,0,0,0,0,0,0,0,0
"ASV894","Bacteria","Thermodesulfobacteriota","Desulfuromonadia","Geobacterales","Geobacteraceae","Trichlorobacter",0,0,0,0,0,0,0,0,0,0,0,0,0,0,0,0,12,0,0,0,88,0,0,0,0,0,0,113,94,0,0,0,0,0,0,0,30,0,0,0,0,0,0,0,0,0,0,0,0,0,0,0,0,0,0,0,0,0,0,0,0,0,0,0,0,0,0,0,0,0,0,0,0,0,0,0
"ASV895","Bacteria","Thermodesulfobacteriota","Desulfuromonadia","Desulfuromonadales","Desulfuromonadaceae","Trichloromonas",0,0,0,0,0,0,0,0,0,0,0,0,0,0,0,0,0,0,0,0,0,0,0,0,0,0,0,0,0,0,0,0,0,0,8,6,0,0,0,0,0,0,0,0,0,0,0,0,0,0,0,0,0,0,0,0,0,0,0,0,0,0,0,0,0,0,0,0,0,0,0,0,0,0,0,0
"ASV896","Bacteria","Bacillota","Bacilli","Lactobacillales","Carnobacteriaceae","Trichococcus",0,0,0,0,0,0,0,0,0,0,0,0,0,0,0,0,0,0,0,0,0,0,0,0,0,0,15,0,0,0,0,0,0,3,0,0,0,0,0,0,0,0,0,0,0,0,0,0,0,9,0,0,0,0,12,0,0,0,0,0,0,0,0,0,77,0,0,0,0,4,0,56,0,0,0,0
"ASV897","Bacteria","Deinococcota","Deinococci","Deinococcales","Trueperaceae","Truepera",0,0,0,0,0,0,0,0,0,0,0,0,0,0,0,0,0,0,0,0,0,0,0,0,0,0,0,0,0,0,0,0,0,0,0,0,0,0,0,0,0,0,0,0,0,0,0,0,0,0,0,16,0,0,0,0,0,0,0,0,0,0,0,0,0,0,0,0,0,0,0,0,0,0,0,0
"ASV898","Bacteria","Planctomycetota","Planctomycetes","Isosphaerales","Isosphaeraceae","Tundrisphaera",0,0,0,17,0,0,0,0,0,0,0,0,0,0,0,0,0,0,0,0,0,0,0,0,0,0,0,0,0,0,0,0,0,0,0,0,0,0,0,0,0,0,0,0,0,0,0,0,0,0,0,0,0,0,0,0,0,0,0,0,0,0,0,0,0,0,0,0,0,0,0,0,0,0,0,0
"ASV899","Bacteria","Myxococcota","Polyangiia","UASB-TL25","UASB-TL25","UASB-TL25",0,0,0,0,0,0,0,0,0,0,0,0,0,0,0,0,0,0,0,0,0,0,0,0,0,0,0,0,0,0,0,0,0,0,0,0,0,0,0,0,0,0,0,0,0,0,0,0,0,0,0,0,0,0,0,0,0,0,0,0,0,0,0,0,12,0,0,0,0,0,0,0,0,0,0,0
"ASV900","Bacteria","Dependentiae","Babeliae","Babeliales","Incertae Sedis","UBA12409",0,0,0,0,0,0,0,0,0,0,0,0,2,0,0,367,0,0,0,0,0,0,0,24,0,0,0,0,0,4,0,0,0,0,0,0,0,0,0,0,0,0,0,0,0,0,0,0,0,0,0,53,0,541,0,0,0,0,0,0,4,20,0,0,0,0,0,0,0,0,0,0,0,0,0,0
"ASV901","Bacteria","Dependentiae","Babeliae","Babeliales","Incertae Sedis","UBA12411",0,0,0,0,0,0,0,0,0,0,0,0,0,0,0,0,0,0,0,0,0,0,0,0,0,0,0,0,0,0,0,0,0,0,0,0,0,0,0,0,0,0,0,0,0,0,0,0,0,0,0,52,0,0,0,0,0,0,0,0,4,0,0,0,0,0,0,0,0,0,0,0,0,0,0,0
"ASV902","Bacteria","Pseudomonadota","Gammaproteobacteria","Burkholderiales","Methylophilaceae","UBA6140",0,0,0,0,0,0,0,0,0,0,0,0,0,0,0,0,0,0,0,40,0,0,0,0,0,0,0,0,0,0,13,0,0,0,0,0,0,8,15,0,0,0,0,0,0,0,0,0,0,0,0,0,0,0,0,0,0,23,0,0,0,0,0,0,0,0,0,7,0,0,0,0,0,0,0,0
"ASV903","Bacteria","Bacillota","Clostridia","Oscillospirales","Oscillospiraceae","UCG-012",0,0,0,0,0,0,0,0,0,0,0,0,0,0,0,0,0,0,0,0,0,0,0,0,0,0,0,0,0,0,0,6,0,0,0,0,0,0,0,0,0,0,0,0,0,0,0,0,0,0,0,0,0,0,0,0,0,0,0,0,0,0,0,0,0,0,0,0,0,3,6,0,0,0,0,0
"ASV904",NA,NA,NA,NA,NA,NA,36,88,10,32,0,6,42,7,61,25,3,9,96,14,65,18,0,30,13,201,2,10,38,49,4,49,51,0,0,48,5,0,0,112,36,222,33,13,0,0,0,0,0,0,0,0,0,0,0,0,0,0,0,0,0,0,0,0,0,0,0,0,0,0,0,0,0,0,0,0,0,0,0,0,0,0
"ASV905","Bacteria","Pseudomonadota","Gammaproteobacteria","Burkholderiales","Oxalobacteraceae","Undibacterium",0,0,0,0,0,1044,0,0,0,0,0,0,0,0,0,7,0,0,0,0,653,82,42,222,202,0,13,405,653,123,0,0,0,0,0,0,0,0,0,0,0,385,0,4894,0,0,0,0,0,0,0,0,0,49,0,0,0,0,1398,289,205,511,997,26,39,394,998,198,0,0,0,0,0,0,0,0
"ASV906","Bacteria","Pseudomonadota","Gammaproteobacteria","Gammaproteobacteria Incertae Sedis","Unknown Family","Unknown Family",0,0,0,23,0,0,0,0,0,0,0,0,0,0,0,0,0,0,0,0,0,0,0,0,0,0,0,0,0,0,0,0,0,0,0,0,0,0,0,0,0,0,0,0,0,0,0,0,0,0,0,0,0,0,0,0,0,0,0,0,0,0,0,0,0,0,0,0,0,0,0,0,0,0,0,0
"ASV907","Bacteria","Spirochaetota","V2072-189E03","V2072-189E03","V2072-189E03","V2072-189E03",0,0,0,0,0,0,0,0,0,0,0,0,0,0,0,0,0,0,0,0,0,0,0,0,0,0,0,0,0,0,0,0,0,0,0,0,0,0,0,0,0,0,0,0,0,0,0,4,0,0,0,0,0,0,0,0,0,0,0,0,0,0,0,0,0,0,0,0,0,0,0,0,0,0,0,0
"ASV908","Bacteria","Cyanobacteriota","Vampirivibrionia","Vampirovibrionales","Vampirovibrionales","Vampirovibrionales",0,0,0,0,0,0,0,0,0,0,0,0,0,0,0,0,0,0,0,0,0,0,0,26,0,0,0,0,0,0,0,0,0,0,0,0,0,0,0,0,0,0,0,0,0,0,0,0,0,0,0,0,0,0,0,0,0,0,0,0,0,21,0,0,0,0,0,0,0,0,0,0,0,0,0,0
"ASV909","Bacteria","Pseudomonadota","Gammaproteobacteria","Burkholderiales","Comamonadaceae","Variovorax",0,0,0,0,0,0,0,0,0,0,0,0,0,0,0,0,0,0,0,72,0,0,0,65,70,0,0,0,0,10,0,0,0,26,0,0,0,0,0,0,0,0,0,0,0,0,0,0,0,0,0,0,0,0,0,0,0,242,0,0,0,0,0,0,0,0,0,0,0,0,0,82,0,0,0,0
"ASV910","Bacteria","Dependentiae","Babeliae","Babeliales","Vermiphilaceae","Vermiphilaceae",0,0,0,0,0,0,0,0,0,0,0,6,0,65,0,10,0,0,0,0,0,0,18,13,0,0,0,0,0,0,0,0,0,2,0,0,0,0,0,0,0,0,0,0,0,0,0,0,0,0,0,116,0,23,0,0,0,0,0,0,48,21,0,0,0,0,0,0,0,0,0,0,0,0,0,0
"ASV911","Bacteria","Verrucomicrobiota","Verrucomicrobiia","Opitutales","Puniceicoccaceae","Verruc-01",0,0,0,0,0,0,0,0,0,0,0,0,0,0,0,0,0,0,0,0,0,0,37,5,0,0,0,0,0,0,0,0,0,0,0,0,0,0,0,0,0,0,0,0,0,0,0,0,0,0,0,0,0,0,0,0,0,0,0,0,0,0,0,0,0,0,0,0,0,0,0,0,0,0,0,0
"ASV912","Bacteria","Verrucomicrobiota","Verrucomicrobiia","Verrucomicrobiales","Verrucomicrobiaceae","Verrucomicrobiaceae",0,0,0,0,0,0,0,0,0,0,0,0,0,0,0,0,0,0,0,0,0,0,0,0,0,0,0,0,0,0,0,0,0,0,0,0,0,0,22,0,0,0,0,0,0,0,0,0,0,0,0,0,0,0,0,0,0,0,0,0,0,0,0,0,0,0,0,0,0,0,0,0,0,0,0,0
"ASV913","Bacteria","Acidobacteriota","Vicinamibacteria","Vicinamibacterales","Vicinamibacteraceae","Vicinamibacteraceae",8,0,0,16,0,9,266,0,0,0,0,0,0,13,0,9,17,0,7,0,0,0,52,55,32,0,0,0,0,23,0,0,0,0,0,22,0,0,47,0,7,36,10,12,329,0,0,18,0,0,15,24,0,19,87,0,0,0,0,0,101,72,40,0,0,0,0,0,0,0,0,0,0,11,6,0
"ASV914","Bacteria","Acidobacteriota","Vicinamibacteria","Vicinamibacterales","Vicinamibacterales","Vicinamibacterales",0,0,0,0,13,0,0,0,0,0,0,16,0,21,0,0,0,0,0,0,0,6,97,29,14,22,14,0,0,51,0,0,0,0,0,10,13,0,12,0,0,26,20,0,0,0,0,0,0,30,0,72,0,0,0,0,0,0,0,0,179,10,24,9,8,0,0,35,0,0,0,0,0,0,33,0
"ASV915","Bacteria","Bacteroidota","Bacteroidia","Flavobacteriales","Cryomorphaceae","Vicingus",0,10,0,0,0,0,9,0,0,0,0,28,0,15,0,0,0,0,36,0,0,0,0,0,0,0,0,0,0,0,0,0,0,0,0,0,0,0,0,0,0,0,0,0,0,0,0,0,0,36,0,53,0,0,0,0,23,0,0,0,0,0,0,0,2,0,0,0,0,0,0,0,0,0,0,0
"ASV916","Bacteria","Verrucomicrobiota","Lentisphaeria","Victivallales","Victivallales","Victivallales",0,0,0,0,0,0,0,0,0,0,0,0,0,0,0,0,0,0,0,0,0,0,0,0,0,0,2,0,2,0,0,0,0,0,0,0,0,0,0,0,0,0,0,0,0,0,0,0,0,0,0,0,0,0,0,0,0,0,0,0,0,0,0,0,0,0,0,0,0,0,0,0,0,0,0,0
"ASV917","Bacteria","Caldisericota","Caldisericia","Caldisericales","WCHB1-02","WCHB1-02",0,0,0,0,0,0,0,0,0,0,0,0,0,0,0,0,0,0,0,0,0,0,0,0,0,5,5,0,0,0,0,0,0,0,0,0,0,0,0,0,23,0,0,0,0,0,0,0,0,0,0,0,0,0,0,0,0,0,0,0,0,0,0,0,0,0,0,0,0,0,0,18,0,0,0,0
"ASV918","Bacteria","Bacteroidota","Bacteroidia","Bacteroidales","Prolixibacteraceae","WCHB1-32",77,72,13,16,116,0,0,0,0,24,0,66,32,0,1571,0,78,122,74,0,21,0,10,0,0,15,202,12,12,7,62,0,23,0,18,31,16,52,95,0,10,16,126,0,0,0,0,26,0,67,57,23,691,0,108,157,18,0,0,0,0,0,0,15,105,0,0,0,15,4,79,0,0,17,53,84
"ASV919","Bacteria","Verrucomicrobiota","Kiritimatiellia","WCHB1-41","WCHB1-41","WCHB1-41",0,0,0,0,0,0,0,0,20,0,0,0,0,0,0,0,0,0,0,0,0,0,0,0,0,0,0,0,0,0,0,0,0,0,0,0,0,0,0,0,0,0,0,0,0,0,0,0,0,0,0,0,0,0,0,0,0,0,0,0,0,0,0,0,0,0,0,0,0,0,24,0,0,0,0,0
"ASV920","Bacteria","Actinomycetota","WCHB1-81","WCHB1-81","WCHB1-81","WCHB1-81",0,0,9,0,0,0,20,8,0,4,0,72,0,0,0,0,0,0,0,0,3,18,0,0,0,186,0,0,8,0,0,3,6,17,49,131,0,0,0,0,5,0,0,0,0,0,0,0,0,54,0,0,0,0,0,0,0,0,0,15,0,0,11,192,0,0,0,0,0,0,28,13,29,120,0,0
"ASV921","Bacteria","Planctomycetota","Phycisphaerae","Tepidisphaerales","WD2101 soil group","WD2101 soil group",0,0,0,0,0,0,0,0,0,0,0,0,0,0,0,0,0,0,0,0,0,0,0,0,0,0,0,0,0,0,0,0,0,0,0,19,0,0,0,0,0,0,0,0,0,0,0,0,0,0,0,0,0,0,0,0,0,0,0,0,0,0,0,0,0,0,0,0,0,0,0,0,0,0,0,0
"ASV922","Bacteria","WOR-1","WOR-1","WOR-1","WOR-1","WOR-1",0,0,0,0,0,0,0,0,0,0,0,0,0,0,0,0,0,0,0,0,0,0,0,0,0,0,0,0,0,0,0,0,0,0,0,0,0,0,0,0,7,8,16,0,0,0,0,8,0,45,2,36,0,11,0,0,0,0,0,0,0,0,0,27,0,0,0,0,0,0,0,5,0,2,0,0
"ASV923","Bacteria","WS1","WS1","WS1","WS1","WS1",0,0,0,0,0,0,0,0,0,0,0,0,0,0,0,0,0,0,0,0,0,0,0,0,0,0,0,0,0,0,0,0,0,0,0,13,0,0,0,0,0,0,0,0,0,0,0,0,0,0,0,0,0,0,0,0,0,0,0,0,0,0,0,0,0,0,0,0,0,0,0,0,0,0,0,0
"ASV924","Bacteria","WS2","WS2","WS2","WS2","WS2",0,0,0,0,0,0,0,0,0,0,0,0,0,0,0,0,0,0,0,0,0,0,0,0,0,0,0,0,0,0,0,0,0,0,0,0,0,0,0,0,0,0,0,0,0,0,0,0,0,0,0,29,0,0,0,0,0,0,0,0,0,0,0,0,0,0,0,0,0,0,0,0,0,0,0,0
"ASV925","Bacteria","WS4","WS4","WS4","WS4","WS4",0,0,0,0,0,0,0,0,0,0,0,0,0,0,0,0,0,0,0,0,0,0,0,0,5,0,0,0,0,0,0,0,0,0,0,0,0,0,0,0,0,0,0,0,0,0,0,0,0,0,0,0,0,0,0,0,0,0,0,0,0,0,0,0,0,0,0,0,0,0,0,0,0,0,0,0
"ASV926","Bacteria","Patescibacteria","WWE3","WWE3","WWE3","WWE3",0,0,0,7,0,21,3,4,0,0,5,26,4,187,0,0,0,0,0,0,0,18,4,115,22,242,0,0,0,171,0,0,0,6,0,23,0,0,0,0,0,8,0,13,0,0,0,0,0,0,0,738,0,0,0,0,0,0,0,0,0,5,78,12,0,0,0,14,0,0,0,0,0,0,0,0
"ASV927","Bacteria","Patescibacteria","Saccharimonadia","Saccharimonadales","WWH38","WWH38",0,0,0,0,0,0,0,0,0,0,0,0,0,7,0,0,0,0,0,0,0,0,0,31,7,0,0,0,0,0,0,0,0,0,0,0,0,0,0,0,0,0,0,7,0,0,0,0,0,0,0,73,0,0,0,0,0,0,0,0,0,60,0,0,0,0,0,0,0,0,0,0,0,0,0,0
"ASV928","Bacteria","Methylomirabilota","Methylomirabilia","Rokubacteriales","WX65","WX65",0,0,0,0,0,0,0,0,0,0,0,0,0,0,0,0,0,0,0,0,0,0,0,6,0,0,0,0,0,0,0,0,0,0,0,0,0,0,0,0,0,0,0,0,0,0,0,0,0,0,0,0,0,0,0,0,0,0,0,0,0,0,0,0,0,0,0,0,0,0,0,0,0,0,0,0
"ASV929","Archaea","Nanoarchaeota","Nanoarchaeia","Woesearchaeales","Woesearchaeales","Woesearchaeales",8,0,19,231,797,3513,13,29,0,76,0,1405,1120,5984,7,4249,52,2,27,3,47,92,19,1238,1713,3143,227,57,49,241,7,0,64,1066,30,55,52,0,0,0,0,0,0,0,0,0,0,0,0,0,0,2,0,0,0,0,0,0,0,0,0,0,0,0,7,0,0,0,0,0,0,0,0,0,0,0
"ASV930","Bacteria","Pseudomonadota","Alphaproteobacteria","Hyphomicrobiales","Xanthobacteraceae","Xanthobacter",0,0,0,0,0,0,0,0,0,0,0,0,0,0,0,0,0,0,0,0,0,0,0,0,0,0,0,0,0,0,0,0,0,0,0,0,0,0,0,0,0,0,0,0,0,0,0,0,0,0,0,0,0,0,0,0,0,0,0,0,0,0,0,0,0,0,0,6,0,0,0,0,0,0,19,0
"ASV931","Bacteria","Pseudomonadota","Alphaproteobacteria","Hyphomicrobiales","Xanthobacteraceae","Xanthobacteraceae",0,0,0,0,0,0,44,0,0,0,0,0,0,0,0,0,0,0,0,0,0,0,0,55,0,0,0,0,0,2,0,0,0,0,0,0,0,0,0,0,0,0,0,0,0,0,0,0,0,0,0,0,0,0,0,0,0,0,0,0,0,0,0,0,0,0,0,0,0,0,0,0,0,0,0,0
"ASV932","Bacteria","Pseudomonadota","Gammaproteobacteria","Lysobacterales","Lysobacteraceae","Xanthomonas",0,0,0,0,0,0,0,0,0,0,4,0,0,0,0,0,0,0,0,0,0,0,0,0,0,0,0,0,0,0,0,0,0,4,0,0,0,0,0,0,0,0,0,0,0,0,0,0,0,0,0,0,0,0,0,0,0,0,0,0,0,0,0,0,0,0,0,0,0,0,0,0,0,0,0,0
"ASV933","Bacteria","Pseudomonadota","Gammaproteobacteria","Burkholderiales","Comamonadaceae","Xenophilus",0,0,0,0,0,0,0,0,0,0,0,0,0,0,0,0,0,0,0,0,0,0,0,0,0,0,0,0,0,0,0,0,0,0,0,2,0,0,0,0,0,0,0,0,0,0,0,0,0,0,0,0,0,0,0,0,0,0,0,0,0,0,0,0,0,0,0,0,0,0,0,0,0,0,0,0
"ASV934","Bacteria","Pseudomonadota","Gammaproteobacteria","Burkholderiales","Comamonadaceae","Xylophilus",0,17,0,0,0,0,0,0,0,0,0,0,0,0,0,0,0,0,0,0,0,0,0,0,0,0,0,0,0,0,0,0,0,0,0,0,0,0,0,0,0,0,0,0,0,0,0,0,0,0,0,0,0,0,0,0,0,0,0,0,0,0,0,0,0,0,0,0,0,0,0,0,0,0,0,0
"ASV935","Bacteria","Bacillota","Clostridia","Clostridiales","Clostridiaceae","Youngiibacter",22,0,0,0,0,0,0,0,0,0,0,0,0,0,0,0,0,0,0,0,0,0,0,0,0,0,4,0,0,0,0,0,0,0,0,0,0,0,32,0,0,0,0,0,0,0,0,0,0,0,0,0,0,0,0,0,0,0,0,0,0,0,0,0,0,0,0,0,0,0,0,0,0,0,0,0
"ASV936","Bacteria","Pseudomonadota","Alphaproteobacteria","Zavarziniales","Zavarziniales","Zavarziniales",0,0,0,0,0,8,0,0,0,0,0,0,10,0,0,0,0,0,0,0,0,0,0,0,0,0,0,0,0,0,0,0,0,0,0,0,0,0,0,0,0,12,0,21,0,0,0,0,0,0,12,21,0,0,0,0,0,0,0,0,0,0,0,0,0,0,0,0,0,0,0,0,0,0,0,0
"ASV937","Bacteria","Pseudomonadota","Alphaproteobacteria","Hyphomicrobiales","Rhizobiaceae","Zhengella",0,0,0,0,0,0,0,0,0,0,0,0,0,8,0,0,0,0,0,0,0,0,0,0,0,0,0,0,0,0,0,0,0,0,0,0,0,0,0,0,0,0,0,0,0,0,0,0,0,0,0,0,0,0,0,0,0,0,0,0,0,0,0,0,0,0,0,0,0,0,0,0,0,0,0,0
"ASV938","Bacteria","Zixibacteria","Zixibacteria","Zixibacteria","Zixibacteria","Zixibacteria",0,0,0,0,0,0,7,0,0,0,0,45,0,0,0,0,0,0,0,0,0,0,0,0,0,0,6,0,0,4,0,0,0,17,0,10,0,0,0,0,0,15,0,7,0,0,0,0,0,0,0,7,0,0,0,0,0,0,0,0,4,0,4,5,0,0,0,2,0,0,0,0,0,0,0,0
"ASV939","Bacteria","Bacillota","Clostridia","Peptostreptococcales-Tissierellales","Anaerovoracaceae","[Eubacterium] brachy group",0,0,0,0,0,0,0,0,0,0,0,0,0,0,0,0,0,0,0,0,0,0,0,0,0,0,0,3,0,0,0,0,0,0,0,0,0,0,0,0,0,0,0,0,0,0,0,0,0,0,0,0,0,0,0,0,0,0,0,0,0,0,0,0,9,0,0,0,0,0,0,0,0,0,0,0
"ASV940","Bacteria","Pseudomonadota","Alphaproteobacteria","Hyphomicrobiales","Beijerinckiaceae","alphaI cluster",27,0,0,0,0,0,304,0,0,8,0,53,0,0,0,0,0,0,0,0,0,0,0,0,0,0,0,0,0,0,0,0,0,0,26,0,0,0,86,0,0,20,0,0,121,0,0,26,0,70,0,0,0,0,0,0,0,0,0,0,0,0,0,0,0,0,0,0,0,0,0,0,0,0,0,0
"ASV941","Bacteria","Myxococcota","bacteriap25","bacteriap25","bacteriap25","bacteriap25",0,0,0,0,0,112,0,0,0,0,0,11,0,180,0,12,0,0,0,0,0,0,0,304,62,0,18,0,0,0,0,0,0,0,0,0,0,0,0,0,0,0,0,81,0,0,0,0,0,13,2,20,0,0,0,0,0,0,0,0,0,181,27,0,0,0,0,0,0,0,0,0,0,0,0,0
"ASV942","Bacteria","Chlamydiota","Chlamydiia","Chlamydiales","cvE6","cvE6",0,0,0,0,0,0,74,0,0,0,0,0,0,0,0,6,0,0,0,0,0,0,0,31,0,0,0,0,0,0,0,0,0,0,0,0,0,0,0,0,0,0,0,0,90,0,0,0,0,0,0,0,0,20,0,0,0,0,0,0,0,28,0,0,0,0,0,0,0,0,0,0,0,0,0,0
"ASV943","Bacteria","Bacteroidota","Bacteroidia","Sphingobacteriales","env.OPS 17","env.OPS 17",20,0,0,66,101,0,0,0,0,217,0,212,252,0,0,0,60,0,0,0,0,0,3,12,0,0,0,0,0,2,0,0,0,4,0,0,45,0,28,0,0,143,216,0,0,0,0,322,0,164,395,0,0,0,190,0,0,0,0,0,0,14,0,0,0,0,0,0,0,0,0,0,0,0,124,0
"ASV944","Bacteria","Pseudomonadota","Gammaproteobacteria","eub62A3","eub62A3","eub62A3",0,0,0,0,0,0,0,0,0,0,0,0,0,14,0,0,0,0,0,0,0,0,0,0,0,0,0,0,0,0,0,0,0,0,0,0,0,0,0,0,0,0,0,0,0,0,0,0,0,0,0,0,0,0,0,0,0,0,0,0,0,0,0,0,0,0,0,0,0,0,0,0,0,0,0,0
"ASV945","Bacteria","Actinomycetota","Actinobacteria","Frankiales","Sporichthyaceae","hgcI clade",0,0,0,0,0,0,0,0,0,0,0,0,0,0,0,0,0,0,0,0,0,0,0,0,0,0,0,0,0,0,0,0,0,0,0,0,0,0,0,0,0,0,38,0,0,0,0,0,0,0,0,0,0,0,0,0,0,0,0,0,0,0,0,0,0,0,0,0,0,0,0,0,0,0,0,0
"ASV946","Bacteria","Myxococcota","Polyangiia","mle1-27","mle1-27","mle1-27",4,0,0,0,0,0,0,0,0,132,0,148,8,0,0,0,0,0,0,0,10,0,0,4,0,0,0,4,14,0,0,0,0,0,0,0,96,0,24,0,0,6,0,0,0,0,0,168,0,91,5,0,0,0,0,0,0,0,0,0,0,0,0,0,0,0,0,0,0,0,0,0,0,0,136,0
"ASV947","Bacteria","Planctomycetota","Phycisphaerae","mle1-8","mle1-8","mle1-8",0,0,0,0,0,0,0,0,0,0,0,5,0,0,0,0,0,0,0,0,0,0,0,0,0,0,0,0,0,0,0,0,0,0,0,0,0,0,0,0,0,0,0,0,0,0,0,0,0,0,0,0,0,0,0,0,0,0,0,0,0,0,0,0,0,0,0,0,0,0,0,0,0,0,0,0
"ASV948","Bacteria","Pseudomonadota","Gammaproteobacteria","Burkholderiales","Nitrosomonadaceae","oc32",0,0,0,0,0,0,0,0,0,0,0,0,0,0,0,0,0,0,0,0,0,0,0,0,0,0,0,0,0,4,0,0,0,0,0,0,0,0,0,0,0,23,0,0,0,0,0,0,0,0,0,0,0,0,13,0,0,0,0,0,0,0,0,0,0,0,0,0,0,0,0,0,0,0,0,0
"ASV949","Bacteria","Fibrobacterota","Fibrobacteria","Fibrobacterales","Fibrobacteraceae","possible genus 04",0,0,0,0,0,0,0,0,0,0,0,0,0,0,0,0,0,0,0,0,0,0,0,14,0,0,0,0,0,0,0,0,0,0,0,0,0,0,0,0,0,0,0,0,0,0,0,0,0,0,0,0,0,0,0,0,0,0,0,0,0,0,0,0,0,0,0,0,0,0,0,0,0,0,0,0
"ASV950","Bacteria","Pseudomonadota","Gammaproteobacteria","Burkholderiales","Oxalobacteraceae","s3t2d-1089",0,0,0,0,0,0,0,0,0,0,0,0,0,0,0,0,0,0,0,0,0,0,0,0,0,0,0,0,0,0,0,0,0,0,0,0,0,0,0,0,0,0,0,0,0,0,0,0,0,0,0,0,0,0,0,0,0,0,0,0,0,325,0,0,0,0,0,0,0,0,0,0,0,0,0,0
"ASV951","Bacteria","Bacteroidota","Bacteroidia","Sphingobacteriales","s74e-6049","s74e-6049",0,0,0,0,0,0,0,0,0,0,0,0,0,0,0,0,0,0,0,0,0,0,0,0,0,0,0,0,0,0,0,0,0,0,0,0,0,0,8,0,0,0,0,0,0,0,0,0,0,0,0,0,0,0,0,95,0,0,0,0,0,0,0,0,0,0,0,0,0,0,0,14,8,0,0,0
"ASV952","Bacteria","Chloroflexota","Dehalococcoidia","t0.6.f","t0.6.f","t0.6.f",0,0,0,0,0,0,0,9,0,0,0,0,0,0,0,0,0,0,0,0,0,9,0,0,0,0,0,2,0,0,0,0,0,26,0,4,0,0,0,0,0,0,0,0,0,0,0,0,0,0,0,0,0,0,0,0,0,0,0,0,0,0,0,0,0,0,0,0,0,0,0,32,0,0,0,0
"ASV953","Bacteria","Chloroflexota","Dehalococcoidia","vadinBA26","vadinBA26","vadinBA26",0,0,0,0,0,0,0,0,0,0,0,0,0,0,0,0,0,0,0,0,32,0,5,0,0,20,0,19,27,0,0,0,0,8,0,10,0,0,0,0,0,0,0,0,0,0,0,0,0,0,0,0,0,0,0,0,0,0,15,0,0,0,0,16,0,0,0,0,0,0,0,8,0,0,0,0
"ASV954","Bacteria","Verrucomicrobiota","Lentisphaeria","Victivallales","vadinBE97","vadinBE97",0,0,0,0,0,0,0,0,0,0,0,0,0,0,0,0,0,0,0,0,0,0,0,0,0,0,104,0,0,0,0,0,0,0,0,0,0,0,0,0,0,0,0,0,0,0,0,0,0,0,0,0,0,0,0,0,0,0,0,0,0,0,0,0,25,0,0,0,0,0,0,0,0,0,0,0
"ASV955","Bacteria","Planctomycetota","vadinHA49","vadinHA49","vadinHA49","vadinHA49",0,2,0,0,0,0,0,0,0,0,0,2,0,0,0,0,0,0,0,0,0,0,0,13,0,0,0,0,0,0,0,0,0,0,0,0,0,0,0,0,0,0,0,0,0,0,0,0,0,0,0,0,0,0,0,0,0,0,0,0,0,0,0,0,0,0,0,0,0,0,0,0,0,0,0,0
