"","DMO-GOWN-C1-20200316","DMO-GOWN-C10-20200316","DMO-GOWN-C12-20200316","DMO-GOWN-C13-20200316","DMO-GOWN-C15-20200316","DMO-GOWN-C17-20200316","DMO-GOWN-C18-20200316","DMO-GOWN-C19-20200316","DMO-GOWN-C20-20200316","DMO-GOWN-C21-20200316","DMO-GOWN-C24-20200316","DMO-GOWN-C3-20200316","DMO-GOWN-C4-20200316","DMO-GOWN-C5-20200316","DMO-GOWN-C8-20200316","DMO-GOWN-C9-20200316","DMO-GOWN-E1-20200316","DMO-GOWN-E10-20200316","DMO-GOWN-E14-20200316","DMO-GOWN-E19-20200316","DMO-GOWN-E2-20200316","DMO-GOWN-E21-20200316","DMO-GOWN-E23-20200316","DMO-GOWN-E6-20200316","DMO-GOWN-E9-20200316","MDI-GOWN-C1-20200316","MDI-GOWN-C10-20200316","MDI-GOWN-C12-20200316","MDI-GOWN-C13-20200316","MDI-GOWN-C15-20200316","MDI-GOWN-C17-20200316","MDI-GOWN-C18-20200316","MDI-GOWN-C19-20200316","MDI-GOWN-C20-20200316","MDI-GOWN-C21-20200316","MDI-GOWN-C24-20200316","MDI-GOWN-C3-20200316","MDI-GOWN-C4-20200316","MDI-GOWN-C5-20200316","MDI-GOWN-C8-20200316","MDI-GOWN-C9-20200316","MDI-GOWN-E1-20200316","MDI-GOWN-E10-20200316","MDI-GOWN-E14-20200316","MDI-GOWN-E19-20200316","MDI-GOWN-E2-20200316","MDI-GOWN-E21-20200316","MDI-GOWN-E23-20200316","MDI-GOWN-E6-20200316","MDI-GOWN-E9-20200316"
"ASV1",0,0,8,0,0,0,0,0,0,0,0,0,4,0,0,0,0,0,0,0,0,0,0,0,0,0,0,0,0,0,0,0,0,0,0,0,0,5,0,0,0,0,0,0,0,0,3,0,0,0
"ASV2",0,0,0,0,0,0,0,0,0,0,0,0,0,0,0,0,0,4,0,9,0,0,0,0,0,0,0,0,0,0,0,0,0,0,0,0,0,0,0,0,0,0,0,0,0,0,0,0,0,0
"ASV3",0,0,0,0,0,0,0,0,0,0,0,0,0,0,0,0,0,0,0,0,0,0,0,0,0,0,0,0,0,0,0,0,0,0,0,0,0,0,0,0,0,0,0,0,0,0,0,0,0,0
"ASV4",0,0,0,0,0,0,0,0,0,0,0,0,0,0,0,0,0,0,0,0,0,0,0,0,0,0,0,0,0,0,0,0,0,0,0,0,0,0,0,0,0,0,0,0,0,0,0,0,0,0
"ASV5",0,0,0,0,0,0,0,0,0,0,0,0,0,0,0,0,0,0,0,0,0,0,0,0,0,0,0,0,0,0,0,0,0,0,0,0,0,0,0,0,0,0,0,0,0,0,0,0,0,0
"ASV6",0,0,0,0,0,0,0,0,0,0,0,0,0,0,0,0,0,0,0,0,0,0,0,0,0,0,0,0,0,0,0,0,0,0,0,0,0,0,0,0,0,0,0,0,0,0,0,0,0,0
"ASV7",4,0,11,0,0,0,0,0,0,0,0,0,0,0,0,0,0,0,0,9,0,0,0,0,0,15,0,14,0,0,0,0,0,0,0,0,0,0,0,0,0,0,0,0,0,0,0,0,0,0
"ASV8",0,0,0,0,0,0,0,0,9,0,48,0,0,0,0,0,0,0,25,0,0,0,0,0,0,0,0,0,0,0,0,0,0,10,0,172,0,0,0,0,0,0,0,17,0,0,0,0,0,0
"ASV9",0,0,0,0,0,0,0,0,7,0,46,0,15,0,0,0,0,0,7,14,0,0,0,0,0,0,0,7,0,0,0,0,0,0,0,80,0,100,0,0,0,0,17,12,5,0,0,0,5,0
"ASV10",0,0,0,0,0,0,0,0,0,0,0,0,0,0,0,0,0,0,0,0,0,0,0,0,0,0,0,0,0,0,0,0,0,0,0,0,0,0,0,0,0,0,0,0,0,0,0,0,0,0
"ASV11",0,0,0,0,0,0,0,0,5,0,0,0,0,0,0,0,0,0,0,0,8,0,8,7,0,0,0,0,0,0,0,0,0,0,0,0,0,0,0,0,0,0,0,0,0,0,0,0,0,0
"ASV12",89,0,0,0,0,0,0,0,0,0,0,0,0,0,0,0,0,0,0,0,0,0,0,0,0,0,0,0,0,0,0,0,0,0,0,0,0,0,0,0,0,0,0,0,0,0,0,0,0,0
"ASV13",0,0,0,0,0,0,0,0,0,0,0,0,0,0,0,0,0,0,0,0,0,7,0,0,0,0,0,0,0,0,0,0,0,0,0,0,0,0,0,0,0,0,0,0,0,0,0,0,0,0
"ASV14",0,0,0,7,0,0,0,0,0,0,3,0,0,0,0,0,0,0,0,0,0,0,0,0,0,0,0,0,0,0,0,0,0,0,0,48,0,0,0,0,0,0,0,0,0,0,0,0,0,0
"ASV15",0,0,0,0,0,0,0,0,0,0,0,0,0,0,0,0,0,0,0,0,0,0,0,0,0,0,0,0,0,0,0,0,0,0,0,0,0,0,0,0,0,0,0,0,0,0,0,0,0,0
"ASV16",0,0,0,0,0,0,0,0,5,0,0,0,0,0,0,0,0,0,0,0,0,0,0,0,0,0,0,0,0,0,0,0,0,7,0,0,0,0,0,0,0,0,0,0,0,0,0,0,0,0
"ASV17",0,0,0,0,0,0,0,0,0,0,0,0,0,0,0,0,0,0,0,0,0,0,0,0,0,0,0,0,0,0,0,0,0,0,0,0,0,0,0,0,0,0,0,0,0,0,0,0,0,0
"ASV18",0,0,0,0,0,0,0,0,0,0,5,0,0,0,0,0,0,0,0,0,0,0,0,0,0,0,0,0,0,0,0,0,0,0,0,0,0,0,0,0,0,0,0,0,0,0,0,0,0,0
"ASV19",0,0,0,0,0,0,0,0,4,0,0,0,0,0,0,0,0,0,0,0,0,0,0,0,0,0,0,0,0,0,0,0,0,0,0,0,0,0,0,0,0,0,0,0,0,0,0,0,0,0
"ASV20",0,0,0,0,0,0,0,0,0,0,0,0,0,0,0,0,0,0,0,0,0,0,0,0,0,0,0,0,0,0,0,0,0,0,0,11,0,0,0,0,0,0,0,18,0,0,0,0,0,0
"ASV21",0,0,0,0,0,0,0,0,0,0,0,0,0,0,0,0,0,0,0,0,0,185,0,0,0,0,0,0,0,0,0,0,0,0,0,0,0,0,0,0,0,0,0,0,0,0,0,0,0,0
"ASV22",0,0,0,0,0,0,0,0,0,0,0,0,0,0,0,0,0,0,0,0,0,0,0,0,0,0,0,0,0,0,0,0,0,0,0,0,0,0,0,0,0,0,0,0,0,0,0,0,0,0
"ASV23",0,0,89,0,0,0,0,0,8,0,75,0,6,0,0,0,0,13,9,62,0,0,0,0,0,0,0,0,0,0,0,0,0,0,0,0,0,0,0,0,0,0,0,0,0,0,0,0,0,0
"ASV24",0,0,0,0,0,0,0,0,7,5,241,0,334,0,0,0,0,0,0,0,0,0,0,0,0,0,0,0,0,0,0,0,0,0,0,0,0,0,0,0,0,0,0,0,0,0,0,0,0,0
"ASV25",0,0,0,0,0,0,0,0,0,0,0,0,0,0,0,0,0,0,0,0,0,0,0,0,0,0,0,0,0,0,0,0,0,0,0,4,0,0,0,0,0,0,0,0,0,0,0,0,0,0
"ASV26",0,0,0,0,0,0,0,0,0,0,0,0,0,0,0,0,0,0,0,0,0,0,0,0,0,0,0,0,0,0,0,0,0,0,0,0,0,0,0,0,0,0,0,0,0,0,0,0,0,0
"ASV27",0,0,0,0,0,0,0,5,0,0,68,0,4,0,0,0,0,0,0,0,0,0,0,0,0,0,0,0,0,0,0,0,0,0,0,33,0,0,0,0,0,0,0,0,0,0,0,0,0,0
"ASV28",0,9,0,0,0,0,0,0,0,0,0,0,0,0,0,0,0,0,0,0,0,0,0,0,0,0,0,0,0,0,0,0,0,0,0,0,0,0,0,0,0,0,0,0,0,0,0,0,0,0
"ASV29",0,0,0,0,0,0,0,0,0,0,0,0,0,0,0,0,0,0,0,0,0,0,9,5,0,17,0,17,0,0,0,14,0,0,0,0,0,0,38,0,0,0,0,0,0,0,0,0,19,0
"ASV30",0,0,0,0,0,0,0,0,0,13,0,0,0,8,8,0,0,0,0,0,0,49,0,7,0,0,0,12,0,0,0,0,0,0,22,0,0,0,48,26,0,0,0,0,0,0,146,0,39,0
"ASV31",0,0,0,0,0,0,0,0,20,5,0,9,0,0,1,0,0,0,0,0,0,36,0,0,0,0,0,11,0,0,0,0,0,61,27,0,25,0,0,10,0,0,0,0,0,0,160,0,8,0
"ASV32",0,0,0,0,0,0,0,0,0,0,0,0,0,0,0,0,0,0,0,0,0,0,0,0,0,0,0,56,0,0,0,0,0,0,0,10,0,0,0,0,0,0,0,11,0,0,0,0,0,0
"ASV33",0,0,0,0,202,0,0,0,0,0,0,0,0,0,0,0,28,0,0,0,0,0,0,0,0,0,0,12,0,123,0,0,0,0,0,0,0,0,0,0,0,24,0,0,0,0,0,0,0,0
"ASV34",0,0,0,0,0,0,0,0,0,0,0,0,0,0,0,0,0,0,0,0,0,0,0,0,0,0,0,20,0,0,0,0,0,0,0,0,0,0,0,0,0,0,0,0,0,0,0,0,0,0
"ASV35",0,0,0,0,0,0,0,0,0,0,0,0,0,0,0,0,0,0,0,0,0,0,0,0,0,0,0,0,0,0,0,0,0,0,0,0,0,0,0,0,0,0,0,0,0,0,0,0,0,0
"ASV36",0,0,0,0,0,0,0,0,0,0,0,0,0,0,0,0,0,0,0,11,0,0,0,0,0,0,0,0,0,0,0,0,0,0,0,0,0,0,0,0,0,0,0,0,0,0,0,0,0,0
"ASV37",0,13,0,0,0,0,33,0,0,0,0,0,0,0,4,44,0,0,0,0,0,0,0,0,0,4,21,0,0,0,0,87,0,0,0,0,0,0,14,0,60,0,0,0,0,0,22,0,0,0
"ASV38",0,0,0,0,0,0,0,0,0,0,0,0,0,0,0,0,0,0,0,15,0,0,0,0,0,0,0,0,0,0,0,0,0,0,0,16,0,0,0,0,0,0,0,0,47,0,0,0,0,0
"ASV39",0,0,0,0,0,0,0,0,0,0,0,0,0,0,0,0,0,0,0,0,0,0,0,0,0,0,0,0,0,0,0,0,0,0,0,0,0,48,0,0,0,0,0,0,0,0,0,0,0,0
"ASV40",0,0,0,0,0,0,0,0,0,0,26,0,0,0,0,0,0,0,0,3,0,0,0,0,0,0,0,0,0,0,0,0,0,0,0,464,0,0,0,0,0,0,0,0,0,0,0,0,0,0
"ASV41",0,0,0,0,0,0,0,0,0,0,0,0,0,0,0,0,0,0,0,0,0,0,0,0,0,0,0,0,0,0,0,0,0,0,0,275,0,0,0,0,0,0,0,0,0,0,0,0,0,0
"ASV42",0,0,0,0,0,0,0,0,0,0,0,0,0,0,0,0,0,0,0,0,0,0,0,0,0,0,0,0,0,0,0,0,5,0,0,15,0,0,0,0,0,0,0,0,0,0,0,0,0,0
"ASV43",0,0,0,0,0,0,0,0,37,8,0,108,0,0,0,30,0,0,0,0,0,0,0,0,0,0,0,0,0,0,0,0,0,0,0,0,0,0,0,0,0,0,0,0,0,0,0,0,0,0
"ASV44",0,0,0,0,0,0,0,0,0,0,210,0,0,0,0,0,0,0,0,0,0,0,0,0,0,0,0,0,0,0,0,0,0,0,0,136,0,0,0,0,0,0,0,0,0,0,0,0,0,0
"ASV45",0,0,0,0,0,0,0,0,0,0,0,0,0,0,0,0,0,0,0,27,0,0,0,0,0,0,0,0,0,0,0,0,0,0,0,0,0,0,0,0,0,0,0,0,0,0,0,0,0,0
"ASV46",0,0,0,0,0,0,0,0,0,0,0,0,45,0,0,0,0,0,0,9,0,0,0,0,0,44,0,0,0,179,0,0,0,0,0,0,0,98,0,0,0,0,0,0,0,0,0,0,49,0
"ASV47",0,0,0,0,0,0,0,0,0,0,0,0,0,0,0,0,0,0,0,0,0,0,0,0,0,0,0,0,0,0,0,0,0,0,0,0,0,0,0,0,0,0,0,0,0,0,0,0,0,0
"ASV48",0,0,0,0,0,0,0,0,0,0,0,0,0,0,0,0,0,0,0,0,0,0,0,0,0,0,0,0,0,0,0,0,0,0,0,0,0,0,0,0,0,0,0,0,0,0,24,0,0,0
"ASV49",0,0,0,0,0,0,0,0,0,0,0,0,0,0,0,0,0,33,0,24,0,0,0,0,0,0,0,0,0,0,0,0,0,0,0,0,0,0,0,0,0,0,83,0,90,0,0,0,0,0
"ASV50",0,0,0,0,0,0,0,0,0,0,0,0,0,0,0,0,0,0,0,0,0,0,0,0,0,0,0,0,0,0,0,0,0,0,0,0,0,0,0,0,0,0,0,0,0,0,0,0,0,0
"ASV51",0,0,0,0,0,0,0,0,0,0,0,0,0,0,0,0,0,0,0,0,0,0,0,0,0,0,0,0,0,0,0,0,0,0,0,0,0,0,19,0,0,0,0,0,0,0,0,0,0,0
"ASV52",0,0,0,0,0,0,0,0,0,0,0,0,0,0,0,0,0,4,0,0,0,0,0,0,0,0,0,0,0,0,0,0,0,0,0,0,0,0,0,0,0,0,0,0,0,0,0,0,0,0
"ASV53",0,0,0,0,0,0,0,0,0,0,0,0,0,0,0,0,0,0,0,0,0,0,0,0,0,0,0,0,0,0,0,0,0,0,0,5,0,0,0,0,0,0,0,0,0,0,0,0,0,0
"ASV54",3,92,0,7,8,0,314,0,10,0,7,0,0,0,255,162,82,0,0,4,55,115,141,95,4,3,29,0,0,0,0,315,0,0,0,19,0,0,0,379,39,65,0,0,7,20,0,42,113,0
"ASV55",0,0,0,0,0,0,0,0,0,0,0,0,0,0,0,0,0,0,0,0,0,0,0,0,0,0,0,0,0,0,0,0,0,0,0,0,0,0,102,0,0,0,0,0,0,0,0,0,0,0
"ASV56",0,0,0,0,0,0,0,0,0,0,0,0,0,0,0,0,0,0,0,0,0,0,0,0,0,0,0,0,0,0,0,0,0,0,0,4,0,0,0,0,0,0,0,0,0,0,0,0,0,0
"ASV57",0,0,0,0,0,0,0,0,0,0,0,0,0,0,0,0,0,0,0,0,0,0,0,0,0,0,0,0,0,0,0,0,0,0,0,0,0,0,0,0,0,0,0,0,0,0,0,0,0,0
"ASV58",0,0,0,0,0,0,0,0,0,0,0,0,0,0,0,0,3,0,0,0,0,0,0,0,0,0,0,0,0,0,0,0,0,0,0,0,6,0,23,0,0,20,0,0,0,0,0,0,0,0
"ASV59",0,0,0,0,0,0,0,0,0,0,0,0,0,20,0,15,12,14,0,0,0,0,0,0,0,0,0,0,0,0,0,0,0,0,0,0,0,0,19,0,0,0,0,0,0,0,0,0,0,0
"ASV60",0,0,0,0,0,0,0,0,0,5,2,0,5,0,0,0,0,0,0,0,0,0,0,4,0,0,0,12,0,0,0,0,0,0,0,6,0,0,0,0,0,0,0,0,0,0,0,0,10,0
"ASV61",0,0,0,0,0,0,0,0,0,0,0,0,0,0,0,0,0,0,0,10,0,0,0,0,0,0,0,0,0,0,0,0,0,0,0,0,0,0,0,0,0,0,0,0,0,0,0,0,0,0
"ASV62",0,0,0,0,0,0,0,0,0,0,0,0,0,0,0,0,0,0,0,0,0,0,0,0,0,0,0,44,0,0,0,0,0,0,0,0,0,0,0,0,0,0,0,20,0,0,0,0,0,0
"ASV63",2,0,7,0,0,0,0,0,174,2,0,0,0,0,0,0,0,17,0,0,0,5,25,0,0,0,0,0,0,0,0,0,0,12,0,0,0,0,0,0,0,0,0,0,0,0,9,0,0,0
"ASV64",0,0,0,0,0,0,0,0,0,0,0,0,0,0,0,0,0,0,0,0,0,0,0,0,0,0,0,7,0,0,0,0,0,0,0,0,0,0,0,0,0,0,13,0,0,0,0,0,0,0
"ASV65",5,0,0,0,0,0,0,0,0,0,0,0,0,0,0,0,0,0,0,0,0,0,0,0,0,0,0,0,0,0,0,0,0,0,0,0,0,0,0,0,0,0,0,0,0,0,0,0,0,0
"ASV66",0,0,0,0,0,0,0,0,0,0,0,0,0,0,0,0,0,0,0,0,0,0,0,0,0,0,0,0,0,0,0,0,0,0,0,0,0,0,0,0,0,0,0,0,0,0,0,0,0,0
"ASV67",0,0,0,0,0,0,0,0,0,0,0,0,0,0,0,0,0,8,0,0,0,0,0,0,0,0,0,0,0,0,0,0,0,0,0,0,0,0,0,0,0,0,0,0,0,0,0,0,0,0
"ASV68",8,2,0,0,0,26,0,0,19,0,0,0,0,0,0,0,0,0,5,0,0,0,0,0,0,0,0,0,0,0,0,0,0,0,0,0,0,0,0,0,0,0,0,0,0,0,0,0,0,0
"ASV69",33,0,58,46,622,0,9,0,63,0,109,0,0,0,0,0,0,52,21,75,0,0,13,19,0,18,0,0,0,0,0,0,0,42,0,0,0,0,0,0,0,0,0,0,0,0,0,0,32,0
"ASV70",0,0,0,0,0,0,0,0,0,0,0,0,0,0,0,0,0,0,0,0,0,0,0,0,0,0,0,0,0,0,0,0,0,0,0,0,0,0,0,0,0,0,0,0,0,0,0,0,0,0
"ASV71",0,0,0,3,0,0,0,0,0,0,0,0,0,0,0,0,0,0,0,0,0,0,0,0,0,0,0,0,0,0,0,0,0,0,0,0,0,0,0,0,0,0,0,0,0,0,0,0,0,0
"ASV72",0,0,0,0,0,0,0,0,0,3,0,0,0,0,0,0,0,0,0,0,0,0,0,0,0,9,0,0,0,0,0,0,0,0,0,0,14,0,0,0,0,0,0,0,0,0,36,0,0,0
"ASV73",0,0,0,0,0,0,0,0,0,0,0,0,0,0,0,0,0,0,0,0,0,0,0,0,0,0,0,0,0,0,0,0,0,0,0,0,0,0,0,0,0,0,0,0,0,0,0,0,0,0
"ASV74",0,0,0,0,0,0,0,0,0,0,0,0,0,0,0,0,0,0,0,5,0,0,0,0,0,0,0,0,0,0,0,0,0,0,0,0,0,0,0,0,0,0,0,0,0,0,0,0,0,0
"ASV75",0,0,0,0,15,0,0,0,0,0,0,0,0,0,0,0,0,502,0,7,0,0,0,37,0,0,0,0,0,0,0,0,0,0,0,0,0,0,25,0,0,0,800,28,0,0,0,0,292,0
"ASV76",0,0,0,0,0,0,0,0,0,0,0,0,0,0,0,0,0,0,0,0,0,0,0,0,0,0,0,0,0,0,0,0,0,0,0,0,0,0,0,0,0,0,0,0,0,0,0,0,0,0
"ASV77",0,0,0,0,0,0,0,0,0,0,0,0,0,0,0,0,0,0,0,0,0,0,0,0,0,0,0,0,0,0,0,0,0,0,0,0,0,0,7,0,0,0,0,0,0,0,0,0,0,0
"ASV78",37,0,0,0,7,0,0,0,0,0,0,0,0,0,13,0,0,0,0,0,0,0,0,0,0,55,0,0,0,0,0,0,0,0,0,0,0,0,0,26,0,0,0,0,0,0,0,0,0,0
"ASV79",0,0,0,0,0,0,0,0,0,0,0,0,0,0,0,0,0,0,0,0,0,0,0,0,0,0,0,0,0,0,0,0,0,0,0,0,0,0,0,0,0,0,0,0,0,0,32,0,0,0
"ASV80",0,0,0,0,0,0,0,0,0,0,0,0,0,0,0,0,0,0,0,0,0,0,0,0,0,0,0,0,0,0,0,0,0,0,0,0,0,0,0,0,0,0,0,0,0,0,0,0,0,0
"ASV81",0,0,0,0,0,0,0,0,0,0,0,0,0,0,0,0,0,0,0,0,0,0,0,0,0,0,0,0,0,0,0,0,0,0,0,14,0,0,0,0,0,0,0,0,0,0,0,0,0,0
"ASV82",0,0,0,0,0,0,0,0,0,0,0,0,6,0,0,0,0,27,0,14,0,0,0,0,0,0,0,0,0,0,0,0,0,0,0,13,0,8,0,0,0,0,17,0,0,0,0,0,0,0
"ASV83",0,0,0,0,0,0,0,0,0,0,0,0,0,0,0,0,0,0,0,0,0,0,0,0,0,0,0,0,0,0,0,0,0,0,0,0,0,0,0,0,0,0,0,0,0,0,0,0,0,0
"ASV84",0,0,2,0,0,0,0,0,0,0,14,0,0,0,0,0,0,4,8,0,0,15,0,0,0,0,0,0,0,0,0,0,0,0,0,19,0,0,0,0,0,0,0,0,0,0,0,0,0,0
"ASV85",0,0,0,7,32,0,0,0,0,0,0,0,0,0,0,0,0,0,0,0,0,0,0,0,0,0,0,29,0,49,0,41,0,0,0,0,0,0,0,0,24,0,0,0,61,0,0,0,0,0
"ASV86",0,0,0,0,0,0,0,0,0,0,81,0,0,0,0,0,0,0,0,0,0,0,0,0,0,0,0,0,0,0,0,0,0,0,0,0,0,0,0,0,0,0,0,0,0,0,0,0,0,0
"ASV87",0,0,0,0,0,0,0,0,0,0,0,0,0,0,0,0,0,0,0,18,0,0,0,0,0,0,0,0,0,0,0,0,0,0,0,19,0,0,0,0,0,0,0,0,0,0,0,0,0,0
"ASV88",0,0,0,0,0,0,0,0,0,0,0,0,0,0,0,0,0,0,0,0,0,0,0,0,0,0,0,0,0,0,0,0,0,0,0,0,0,0,0,0,0,0,0,0,0,0,0,0,0,0
"ASV89",0,0,0,0,0,0,0,0,0,0,0,0,0,0,0,0,0,0,0,0,0,0,0,0,0,0,0,0,0,0,0,0,0,0,0,0,0,0,0,0,0,0,0,8,0,0,0,0,0,0
"ASV90",0,0,0,0,0,0,0,0,0,0,0,0,0,0,0,0,0,0,0,0,0,0,0,0,0,0,0,0,0,0,0,0,0,0,0,0,0,0,0,0,0,0,0,0,0,0,14,0,0,0
"ASV91",0,0,0,0,0,0,0,0,0,0,0,0,0,0,0,0,0,0,0,0,11,0,0,0,0,10,0,0,0,0,0,0,0,0,0,0,0,0,0,0,0,0,0,0,0,0,0,0,0,0
"ASV92",0,0,0,0,0,0,0,0,0,0,1,0,0,0,0,0,0,0,0,0,0,0,0,0,0,0,0,0,0,0,0,0,0,0,0,0,0,0,0,0,0,0,0,0,0,0,0,0,0,0
"ASV93",0,0,0,0,0,0,0,0,0,0,0,0,0,0,0,0,0,0,0,0,0,0,0,0,0,0,0,0,0,0,0,0,0,0,0,0,0,0,0,0,0,0,0,0,0,0,0,0,0,0
"ASV94",0,0,0,0,0,0,0,0,12,0,0,0,0,0,0,0,0,0,0,0,0,0,0,0,0,0,0,0,0,0,0,0,0,15,0,4,0,0,0,0,0,0,0,0,0,0,0,0,0,0
"ASV95",0,0,0,0,0,0,0,0,0,0,0,0,0,0,0,0,0,0,0,3,0,0,0,0,0,0,0,0,0,0,0,0,0,0,0,0,0,0,0,0,0,0,0,0,0,0,0,0,0,0
"ASV96",0,0,0,0,4,0,0,0,0,0,0,0,0,0,0,0,0,0,0,0,0,4,0,0,0,0,0,0,0,0,0,0,0,0,0,0,0,0,0,0,0,0,0,0,0,0,11,0,0,0
"ASV97",0,0,0,0,15,0,0,0,0,0,0,0,0,0,0,0,0,0,0,0,0,0,0,0,0,0,0,0,0,16,0,0,0,0,0,0,0,0,0,0,0,0,0,0,0,0,0,0,0,0
"ASV98",0,0,0,0,0,0,0,0,0,6,0,0,0,0,0,0,0,0,0,0,0,0,0,0,0,0,0,0,0,0,0,0,0,0,20,0,0,0,0,0,0,0,0,0,0,0,0,0,0,0
"ASV99",0,0,0,12,0,0,0,0,0,0,0,0,0,23,0,0,0,26,9,16,0,0,0,0,0,0,0,0,16,0,0,0,0,0,0,0,0,0,55,0,0,0,0,28,0,0,0,0,0,0
"ASV100",21,0,14,48,9,6,0,9,66,0,11,0,0,1,0,7,0,8,2,11,16,0,13,0,0,21,0,50,61,0,0,0,5,32,0,12,0,0,0,0,0,0,0,0,0,0,0,0,0,0
"ASV101",0,0,28,12,14,0,43,0,19,0,0,0,0,28,0,0,0,0,12,69,0,0,0,0,0,0,0,63,19,0,0,58,0,0,0,11,0,0,31,0,0,0,0,0,10,0,0,0,0,0
"ASV102",0,0,0,0,0,0,0,0,0,0,12,0,0,0,0,0,0,0,0,0,0,0,0,0,0,0,0,4,0,0,0,0,0,0,0,33,0,0,0,0,0,0,0,0,0,0,0,0,0,0
"ASV103",0,0,0,0,0,0,0,0,0,0,24,0,0,0,0,0,0,6,0,0,0,0,0,0,0,0,0,0,0,0,0,0,0,0,0,75,0,56,0,20,0,0,0,0,0,0,0,0,0,0
"ASV104",0,0,0,0,0,0,0,0,0,0,0,0,0,0,0,0,0,0,0,0,0,0,0,0,0,0,0,0,0,0,0,0,0,0,0,0,0,0,0,0,0,0,0,0,0,0,0,0,0,0
"ASV105",0,0,0,0,0,0,0,0,0,0,0,0,0,0,0,0,0,0,0,0,0,0,5,0,0,0,0,0,0,0,0,0,0,0,3,51,0,0,0,0,0,0,0,0,0,0,0,0,0,0
"ASV106",32,3,0,5,110,0,4,15,23,4,305,4,4,0,0,0,0,0,2,9,5,52,12,6,0,76,0,73,8,102,0,9,0,4,19,379,0,57,3,0,0,0,0,134,21,0,154,0,23,0
"ASV107",0,0,0,0,0,0,0,0,0,205,0,0,0,0,0,0,0,70,0,0,0,0,0,0,0,0,0,0,0,0,0,0,0,0,252,0,0,0,0,0,0,0,51,0,0,0,0,0,0,0
"ASV108",0,0,0,0,0,0,0,0,0,0,0,0,0,0,0,0,0,0,0,0,0,0,0,0,0,0,6,0,0,0,0,7,0,0,0,0,0,0,0,0,0,0,0,0,0,0,0,0,0,4
"ASV109",0,0,0,0,0,0,0,0,17,0,0,0,0,0,0,0,0,0,0,0,0,0,0,8,5,0,0,9,0,4,0,0,0,10,0,0,0,0,4,0,0,0,0,0,0,0,0,0,29,0
"ASV110",13,0,0,0,0,0,0,0,0,0,108,0,0,0,0,8,0,0,0,0,0,0,0,0,0,14,0,0,0,0,0,0,0,0,0,93,0,0,0,0,0,0,0,0,0,0,0,0,0,0
"ASV111",0,0,0,5,7,0,0,0,226,0,0,0,0,0,0,0,0,214,0,0,0,16,25,0,5,0,0,37,0,0,0,0,0,122,0,7,0,0,0,0,0,0,0,0,0,0,42,4,15,7
"ASV112",0,0,0,0,0,0,0,0,0,0,0,0,0,0,0,0,0,0,0,0,0,0,0,0,0,0,0,0,0,0,0,0,0,0,0,0,0,0,0,56,0,0,0,0,0,0,80,0,0,0
"ASV113",0,0,0,0,0,0,0,0,0,0,0,0,0,0,0,0,0,0,0,0,0,0,0,0,0,0,0,0,0,0,0,0,0,0,0,6,0,0,0,0,0,0,0,0,0,0,0,0,0,0
"ASV114",0,0,0,0,8,0,0,0,79,25,0,0,0,0,0,0,0,14,0,0,0,0,8,0,0,0,0,0,0,0,0,0,0,0,0,0,0,0,0,0,0,0,0,0,0,0,0,0,0,0
"ASV115",0,0,0,0,0,0,0,0,0,0,9,0,0,0,0,0,0,0,0,0,0,0,0,0,0,0,0,0,0,0,0,0,0,0,0,9,0,0,0,0,0,0,0,0,0,0,0,0,0,0
"ASV116",14,0,5,41,53,0,0,0,10,18,523,0,8,0,0,19,0,10,305,52,0,0,0,0,0,0,0,5,124,0,0,0,0,0,9,456,0,13,0,0,0,0,0,402,26,0,25,0,0,0
"ASV117",0,0,0,0,0,0,0,0,0,0,0,0,0,0,0,0,0,0,0,0,0,0,0,0,0,0,0,60,0,0,0,0,0,82,0,0,0,0,0,0,0,0,0,0,0,0,0,0,0,0
"ASV118",0,0,0,0,0,0,0,0,0,0,0,0,0,0,0,37,0,0,0,0,0,0,0,0,0,36,0,0,0,0,0,0,0,0,0,0,0,0,0,0,0,0,0,0,0,0,0,0,0,0
"ASV119",0,0,51,0,0,0,0,0,0,0,4,0,0,0,0,5,0,0,0,0,0,0,0,0,0,0,0,244,0,0,0,0,0,0,0,10,0,0,0,3,0,0,0,0,0,0,0,0,0,0
"ASV120",0,0,0,0,0,0,0,0,0,4,0,5,0,0,0,0,0,0,0,0,4,0,0,0,0,0,0,0,0,0,0,0,0,0,6,0,0,0,0,0,0,0,0,0,0,0,0,0,4,0
"ASV121",0,0,0,0,0,0,12,0,0,4,0,0,0,17,66,57,0,0,0,0,0,0,9,0,0,0,0,22,0,0,0,17,0,0,0,0,0,0,79,80,35,17,0,0,0,0,0,0,0,0
"ASV122",65,0,48,0,374,0,31,0,10,0,0,0,21,16,0,0,84,71,0,79,0,0,94,13,0,0,0,0,0,0,0,0,0,0,0,0,0,0,0,0,0,0,0,0,0,0,0,0,0,0
"ASV123",567,23,283,8,110,6,30,0,72,111,20,0,60,57,68,250,0,0,0,15,16,40,76,26,0,367,0,241,0,77,0,19,0,21,129,22,0,41,69,33,43,0,0,0,0,0,59,14,24,0
"ASV124",0,0,0,0,0,0,0,0,0,0,0,0,0,0,0,0,0,0,0,0,0,0,0,0,0,0,0,14,0,0,0,7,0,39,0,0,0,0,0,0,0,0,0,0,0,0,0,0,7,0
"ASV125",0,0,0,0,0,0,0,0,18,0,0,0,0,0,0,0,0,0,0,4,0,0,0,0,0,0,0,0,0,0,0,0,0,0,0,0,0,0,0,0,0,0,0,0,0,0,0,0,0,0
"ASV126",0,0,913,1,10,0,0,0,0,0,0,0,0,0,0,0,0,0,0,5,0,0,0,0,0,0,0,21,0,0,0,0,0,0,0,0,0,0,0,0,0,0,0,0,2,0,0,0,0,0
"ASV127",0,0,0,0,0,0,0,0,0,0,0,0,0,0,0,0,0,0,0,0,0,0,0,0,0,30,0,0,0,0,0,0,0,0,0,0,0,0,0,0,0,0,0,0,0,0,0,0,0,13
"ASV128",0,0,0,0,0,0,0,0,0,0,3,0,0,0,0,0,0,0,0,19,0,0,0,0,0,0,0,0,0,0,0,0,0,0,0,0,0,0,0,0,0,0,0,0,0,0,0,0,0,0
"ASV129",0,0,0,0,7,0,0,0,0,0,0,0,0,0,0,0,0,0,0,0,0,0,0,0,0,0,0,0,0,23,0,0,0,0,0,0,0,0,0,0,0,0,0,0,0,0,0,0,0,0
"ASV130",0,0,0,0,0,0,0,0,0,0,0,0,0,0,0,0,0,0,0,0,0,0,0,0,0,0,0,0,0,0,0,0,0,59,0,0,0,0,0,0,0,0,0,0,0,0,0,0,0,0
"ASV131",0,0,0,0,0,0,0,0,0,0,0,0,0,0,0,0,0,0,0,0,0,0,0,0,0,0,0,0,0,0,0,0,0,0,0,0,0,0,0,0,0,0,0,0,0,0,0,0,0,0
"ASV132",0,0,42,60,0,0,0,0,7,0,6,0,48,0,0,3,0,13,108,60,0,0,0,0,0,0,0,0,0,0,0,0,0,0,0,0,0,0,0,0,0,0,0,0,0,0,0,0,0,0
"ASV133",0,0,12,41,0,0,0,0,45,47,140,0,15,10,0,0,0,0,89,200,0,0,2,0,0,0,0,0,0,0,0,0,0,0,0,0,0,0,0,0,0,0,0,0,0,0,0,0,0,0
"ASV134",91,0,55,0,4,0,0,0,0,0,0,0,0,9,0,0,0,0,0,0,0,0,0,0,0,147,0,144,0,7,0,0,0,0,0,0,0,0,0,0,0,0,0,0,0,0,0,0,0,0
"ASV135",0,0,0,0,0,0,0,0,0,0,14,0,0,0,0,0,0,0,0,0,0,0,0,0,0,36,0,0,0,0,0,0,0,0,0,2,0,0,0,0,0,0,0,0,0,0,0,0,0,0
"ASV136",0,0,32,8,9,0,0,0,0,7,0,0,0,0,0,0,0,16,0,335,0,0,0,0,0,0,0,95,5,13,0,0,0,0,11,0,0,0,0,0,0,0,0,8,100,0,0,0,0,0
"ASV137",0,0,0,0,7,0,0,0,0,0,0,0,0,0,0,0,0,0,0,0,0,0,0,0,0,0,0,0,0,0,0,0,0,0,0,0,0,0,0,0,0,0,0,0,0,0,0,0,0,0
"ASV138",0,0,0,0,0,0,0,2,0,0,0,0,0,0,0,0,0,0,0,0,0,0,0,0,0,0,0,0,0,0,0,0,0,0,0,0,0,0,0,0,0,0,0,0,0,0,0,0,0,0
"ASV139",0,0,0,0,0,0,0,0,0,0,0,0,0,0,0,0,0,0,0,0,0,0,0,0,0,0,0,6,0,0,0,0,0,0,0,0,0,0,0,0,0,0,0,0,0,0,0,0,0,0
"ASV140",0,0,0,0,0,0,0,0,0,0,69,0,0,0,0,0,0,0,0,0,0,0,0,0,0,0,0,0,0,0,0,0,0,0,0,34,0,0,0,0,0,0,0,0,0,0,0,0,0,0
"ASV141",0,0,0,0,0,0,0,0,0,0,0,0,12,0,0,0,0,0,0,0,0,0,0,0,0,56,0,0,0,0,0,0,0,0,0,0,0,87,0,0,0,0,0,0,0,0,0,0,0,0
"ASV142",0,0,0,0,0,0,0,0,0,0,0,0,0,0,0,0,0,0,0,0,0,8,0,0,0,0,0,0,0,0,0,0,0,0,0,0,0,0,0,0,0,0,0,0,0,0,10,0,0,0
"ASV143",0,0,0,0,0,0,0,0,10,0,35,0,0,0,0,0,0,3,0,96,0,0,0,5,0,0,0,0,0,0,0,0,0,0,0,10,0,0,0,0,0,0,0,0,0,0,0,0,0,0
"ASV144",0,0,0,0,0,0,0,0,0,0,0,0,0,0,0,0,0,0,0,0,0,0,0,0,0,0,0,0,0,0,0,0,0,0,0,18,0,0,0,0,0,0,0,0,0,0,0,0,0,0
"ASV145",0,0,0,0,0,0,10,0,0,0,0,0,0,0,0,0,0,0,0,0,0,0,53,238,0,0,0,0,0,0,0,0,0,0,0,0,0,0,0,0,0,0,0,0,0,0,22,7,228,0
"ASV146",0,0,0,0,0,0,0,0,0,0,0,0,0,0,0,0,0,0,0,0,0,0,0,0,0,0,0,0,0,0,0,0,0,0,0,11,0,0,0,0,0,0,0,18,0,0,0,0,0,0
"ASV147",0,0,0,0,0,0,0,0,0,0,0,0,0,0,0,0,0,0,0,0,0,0,0,0,0,0,0,0,0,0,0,0,0,0,0,0,0,0,0,0,0,0,0,0,0,0,0,0,0,0
"ASV148",0,0,0,0,0,0,0,0,0,0,0,0,0,0,0,0,0,0,0,0,0,0,0,0,0,0,0,0,0,0,0,0,0,0,0,0,0,0,0,0,0,0,0,0,0,0,0,0,0,0
"ASV149",0,0,0,0,0,0,0,0,0,29,0,0,0,0,0,0,0,0,0,0,0,0,0,0,0,0,0,0,0,0,0,0,0,0,0,0,0,0,0,0,0,0,0,0,0,0,0,0,0,0
"ASV150",0,0,0,39,0,0,0,0,0,0,50,0,0,0,0,0,0,0,5,9,0,0,0,0,0,0,0,0,0,0,0,0,0,0,0,0,0,0,0,0,0,0,0,0,0,0,0,0,0,0
"ASV151",0,0,0,0,0,0,0,0,0,0,0,0,0,0,0,0,0,0,0,0,0,0,0,0,0,11,0,79,6,0,0,14,0,77,0,213,0,249,0,0,0,0,0,163,0,0,0,6,0,0
"ASV152",0,0,44,0,6,0,0,0,20,0,2327,0,0,0,0,2,0,3,0,0,0,0,3,0,0,0,0,0,0,0,0,0,0,0,0,26,0,0,0,0,0,0,0,0,0,0,0,0,0,0
"ASV153",0,0,0,0,0,0,0,0,0,0,15,0,0,0,0,0,0,0,0,0,0,0,0,0,0,0,0,0,0,0,0,0,0,0,0,46,0,0,0,0,0,0,0,0,0,0,0,0,0,0
"ASV154",0,0,0,0,0,0,0,0,0,0,0,0,0,0,0,0,0,0,0,0,0,0,0,0,0,0,0,0,0,0,0,0,0,0,0,13,0,0,0,0,0,0,0,0,0,0,0,0,0,0
"ASV155",0,0,0,0,0,0,0,0,0,0,0,0,0,0,0,0,0,0,0,0,0,0,0,0,0,0,0,0,0,0,0,0,0,0,0,5,0,0,0,0,0,0,0,0,0,0,0,0,0,0
"ASV156",0,0,0,0,0,0,0,0,0,0,0,0,0,0,0,0,0,0,0,0,0,0,0,0,0,0,0,0,0,0,0,0,0,0,0,48,0,0,0,0,0,0,0,0,0,0,0,0,0,0
"ASV157",0,0,0,0,0,0,0,0,0,0,0,0,0,0,0,0,0,0,0,0,0,0,0,0,0,0,0,0,0,0,0,0,0,0,0,0,0,0,0,0,0,0,0,0,11,0,0,0,0,0
"ASV158",0,0,0,4,0,0,0,0,0,0,0,0,0,0,0,0,0,0,0,0,0,0,0,0,0,0,0,0,0,0,0,0,0,0,0,0,0,0,0,0,0,0,0,0,0,0,0,0,0,0
"ASV159",3,0,7,488,0,0,0,0,5,31,0,0,0,0,0,0,0,10,25,682,0,0,11,2,0,0,0,0,0,0,0,0,0,0,0,6,0,0,0,0,0,0,0,0,0,0,0,0,0,0
"ASV160",0,0,0,0,0,0,0,0,0,0,0,0,0,0,0,0,0,0,0,0,0,0,0,0,0,0,0,0,24,7,0,0,15,0,0,59,0,3,0,0,0,0,0,70,0,0,0,0,0,0
"ASV161",0,0,0,0,0,0,0,0,0,0,0,0,0,0,0,0,0,0,0,0,0,40,0,0,0,0,0,0,0,0,0,0,0,0,0,0,0,0,0,0,0,0,0,0,0,0,65,0,0,0
"ASV162",0,0,0,0,0,0,0,0,0,0,22,0,9,0,0,0,0,0,14,10,0,0,0,0,0,0,0,0,0,0,0,0,0,0,0,0,0,0,0,0,0,0,0,0,0,0,0,0,0,0
"ASV163",0,0,0,0,0,0,0,0,0,0,188,0,35,0,0,0,0,0,55,0,0,0,0,0,0,0,0,0,0,0,0,0,0,0,0,0,0,0,0,0,0,0,0,0,0,0,0,0,0,0
"ASV164",0,0,0,0,0,0,0,57,47,0,0,0,0,0,0,0,0,0,0,0,0,0,0,0,0,9,0,0,0,0,0,0,12,39,0,0,0,0,0,0,0,0,0,0,0,0,0,0,0,0
"ASV165",0,0,0,0,0,0,0,0,0,0,19,0,12,0,0,0,0,0,0,0,0,0,0,0,0,0,0,0,0,0,0,0,0,7,0,50,0,0,0,0,0,0,0,3,0,0,0,0,0,0
"ASV166",0,0,0,0,0,0,0,0,0,0,0,0,0,0,0,0,0,0,0,0,0,0,0,0,0,0,0,0,0,0,0,0,0,0,0,0,0,7,0,0,0,0,0,0,0,0,0,0,512,0
"ASV167",0,0,0,0,0,0,0,0,0,0,0,0,0,0,0,0,0,0,0,0,0,0,0,0,0,0,0,0,0,0,0,0,6,16,22,219,35,0,0,0,0,0,5,44,0,0,0,0,0,0
"ASV168",0,0,0,0,0,0,0,0,0,0,0,0,0,0,0,0,0,0,0,0,0,0,0,0,0,0,0,0,0,0,0,0,0,0,0,6,0,0,0,0,0,0,0,0,0,0,0,0,0,0
"ASV169",0,0,0,4,0,0,0,0,54,0,15,4,33,0,0,0,0,0,0,8,0,0,33,0,0,0,0,0,0,0,0,0,0,0,0,0,0,0,0,0,0,0,0,0,0,0,0,0,0,0
"ASV170",0,0,2,70,15,0,0,0,112,0,405,5,48,0,0,4,0,0,140,46,5,0,0,0,0,0,0,0,0,0,0,0,0,0,0,0,0,0,0,0,0,0,0,0,0,0,0,0,0,0
"ASV171",0,0,0,0,0,0,0,0,0,0,0,0,0,0,0,0,0,0,0,0,0,0,0,0,0,0,0,0,45,0,0,0,0,0,0,235,0,0,0,0,0,0,0,87,3,0,0,0,0,0
"ASV172",0,0,0,0,0,0,0,0,0,0,0,0,0,0,0,0,0,0,0,0,0,0,0,0,0,152,0,0,33,0,0,0,0,0,0,206,0,7,0,0,0,0,0,68,0,0,0,0,0,0
"ASV173",0,0,0,13,0,0,0,0,0,0,58,10,0,0,0,0,0,2,42,10,0,0,0,0,0,0,0,0,0,0,0,0,0,0,7,291,0,4,0,0,0,0,0,0,0,0,0,0,0,0
"ASV174",0,0,0,0,0,0,0,0,0,0,0,0,0,0,0,0,0,0,0,0,0,0,0,0,0,0,0,0,5,0,0,0,0,0,11,3,7,0,0,0,0,0,0,0,0,0,0,0,0,0
"ASV175",0,0,0,6,0,0,0,0,0,0,0,0,0,0,0,0,0,0,0,0,0,0,0,0,0,0,0,0,0,0,0,0,0,0,0,0,0,0,0,0,0,0,0,0,0,0,0,0,0,0
"ASV176",0,0,0,0,0,0,0,0,0,0,3,0,0,0,0,0,0,0,0,0,0,0,0,0,0,0,0,0,0,0,0,0,0,0,0,20,0,0,0,0,0,0,0,0,0,0,0,0,0,0
"ASV177",0,0,0,0,0,0,0,0,2,0,0,0,0,0,0,0,0,0,0,0,0,0,0,0,0,0,0,0,0,0,0,0,0,18,0,0,0,0,0,0,0,0,0,0,0,0,0,0,0,0
"ASV178",0,0,0,5,0,0,4,0,0,4,267,0,3,0,0,0,0,0,202,47,0,0,0,0,0,0,0,0,0,0,0,0,0,0,0,104,0,0,0,0,0,0,0,25,0,0,0,0,0,0
"ASV179",0,0,0,0,0,0,0,0,0,0,0,0,0,0,0,0,0,0,0,0,0,0,0,0,0,0,0,25,3,0,0,0,0,0,0,422,0,0,0,0,0,0,0,41,0,0,0,0,0,0
"ASV180",0,0,0,0,0,0,0,0,0,0,0,0,0,0,0,0,0,0,9,0,0,0,0,0,0,0,0,12,0,0,0,0,0,0,0,55,0,0,0,0,0,0,0,21,0,0,0,0,0,0
"ASV181",0,0,0,0,0,7,0,0,0,0,0,0,0,0,0,0,0,0,0,0,0,0,19,0,0,0,0,0,0,0,0,0,0,0,0,0,0,0,0,0,0,0,0,0,0,0,0,0,0,0
"ASV182",0,0,24,382,5,0,15,750,0,675,0,10,0,0,0,205,0,6,109,0,22,0,0,97,0,0,0,0,0,0,0,0,0,0,0,0,0,0,0,0,0,0,0,0,0,0,0,0,0,0
"ASV183",0,0,0,0,0,0,0,0,0,0,8,0,4,0,0,0,0,0,0,0,0,0,0,0,0,0,0,0,0,0,0,0,0,0,0,46,0,0,0,0,0,0,0,0,0,0,0,0,0,0
"ASV184",0,0,0,0,0,0,0,0,0,0,0,0,0,0,0,0,0,0,0,0,0,0,0,0,0,0,0,0,0,0,0,0,0,0,0,0,0,0,0,0,0,5,0,0,0,0,0,0,0,0
"ASV185",0,0,11,0,0,0,0,0,0,0,0,0,0,0,0,0,0,0,0,0,0,0,0,0,0,0,0,121,45,0,0,8,8,0,40,0,0,0,0,0,0,0,0,0,5,0,0,0,0,0
"ASV186",0,0,0,0,0,0,0,0,0,0,0,0,0,0,0,0,0,0,0,0,0,0,0,0,0,0,0,6,0,0,0,0,0,0,0,0,21,0,0,0,0,0,0,0,0,0,0,0,0,0
"ASV187",0,0,0,0,0,0,0,0,0,0,0,0,0,0,0,0,0,0,0,0,0,0,0,0,0,0,0,0,0,15,0,0,0,0,0,4,0,0,0,0,0,0,0,0,0,0,0,0,0,0
"ASV188",0,0,6,0,0,0,0,0,0,0,0,0,0,0,0,0,0,0,0,0,0,0,0,0,0,0,0,0,0,0,0,0,0,0,0,0,0,0,0,0,0,0,0,0,0,0,0,0,0,0
"ASV189",0,0,0,0,0,0,0,0,0,0,0,0,0,0,0,0,0,0,0,0,0,0,0,0,0,0,0,0,0,0,0,0,0,0,0,0,0,0,0,0,0,0,0,0,0,0,0,0,0,0
"ASV190",0,0,24,87,408,0,230,0,310,0,0,0,0,70,0,0,0,0,0,114,0,0,656,222,0,0,0,277,433,1639,0,1736,0,1510,0,294,0,0,1134,0,0,0,0,23,116,0,0,1002,2411,0
"ASV191",0,0,0,0,0,0,0,0,0,0,0,0,0,0,0,0,0,0,0,0,0,0,0,0,0,0,0,0,0,0,0,0,0,0,0,4,0,0,0,0,0,0,0,0,0,0,0,0,0,0
"ASV192",0,0,0,0,0,0,0,0,0,0,0,0,0,0,7,0,0,0,0,0,0,0,0,8,0,0,0,0,0,0,0,0,0,0,0,0,0,0,0,0,0,0,0,0,0,0,0,0,17,0
"ASV193",0,0,0,4,0,0,0,0,0,0,0,0,9,324,0,0,0,4,0,0,0,0,0,0,0,0,0,9,17,0,0,0,0,0,0,0,0,28,811,0,0,0,0,7,0,0,0,0,0,0
"ASV194",0,0,46,88,3,0,36,90,1195,114,25,0,91,0,0,31,0,16,139,29,0,17,16,7,0,0,0,50,24,0,0,10,6,258,21,45,0,67,0,0,0,0,0,87,0,0,20,0,0,0
"ASV195",0,0,0,0,0,0,0,0,0,0,0,0,0,0,0,0,0,0,0,0,0,18,0,0,0,0,0,0,0,0,0,0,0,0,0,0,0,0,0,0,0,0,0,0,0,0,67,0,0,0
"ASV196",0,10,8,43,119,0,0,0,0,0,213,31,0,0,0,0,0,0,0,234,0,0,0,15,0,0,0,0,0,0,0,0,0,0,0,0,0,0,0,0,0,0,0,0,0,0,0,0,0,0
"ASV197",0,0,0,0,0,0,0,0,0,0,0,0,0,0,0,0,0,0,0,0,0,0,0,0,0,0,0,0,0,0,0,0,0,0,0,88,0,0,0,0,0,0,0,0,0,0,0,0,0,0
"ASV198",0,0,0,0,9,0,0,0,0,0,0,0,0,0,0,0,0,0,0,0,0,0,0,0,0,0,0,14,0,16,0,0,0,0,0,0,0,0,9,0,0,0,0,0,0,0,0,0,0,0
"ASV199",0,0,0,0,0,0,0,0,0,0,0,0,0,0,0,0,0,0,0,0,0,0,0,0,0,0,0,16,51,7,0,0,0,0,22,538,0,14,0,0,0,0,0,96,0,0,0,0,0,0
"ASV200",0,0,0,0,0,0,0,0,0,0,0,0,0,0,0,0,0,0,0,0,0,0,0,0,0,0,0,3,0,0,0,0,0,0,0,62,0,68,0,0,0,0,0,86,0,0,0,0,0,0
"ASV201",0,0,135,52,0,0,0,0,0,0,0,0,0,0,0,0,0,0,0,0,0,0,0,0,0,44,0,1024,221,0,0,7,0,0,0,0,0,0,0,0,0,0,0,26,0,0,0,0,0,0
"ASV202",0,0,0,0,0,0,0,0,0,0,0,0,0,0,0,0,0,0,0,0,0,0,0,0,0,0,0,45,0,0,0,0,0,0,0,0,0,0,0,0,0,0,0,0,0,0,0,0,0,0
"ASV203",0,0,0,0,0,0,0,0,0,0,0,0,0,0,0,0,0,0,0,0,0,0,0,0,0,0,0,0,0,0,0,0,0,0,0,0,0,0,0,0,0,0,0,0,0,0,0,0,0,0
"ASV204",0,0,117,377,415,0,0,84,393,123,2543,0,125,0,0,45,7,108,493,946,0,0,98,124,0,0,0,0,0,0,0,0,0,0,0,21,0,0,0,0,0,0,0,0,0,0,0,0,0,0
"ASV205",0,0,0,18,8,0,19,0,47,0,301,32,0,0,0,0,0,11,11,26,0,12,0,4,0,0,0,0,0,0,0,0,0,0,0,4,0,0,0,0,0,0,0,0,0,0,0,0,0,0
"ASV206",0,0,0,0,0,0,0,0,0,0,0,0,0,0,0,0,0,0,0,0,0,0,0,0,0,0,0,0,0,0,0,0,0,0,0,0,0,0,0,0,0,0,0,0,0,0,0,0,0,0
"ASV207",0,0,0,0,0,0,0,0,0,0,0,0,0,0,0,0,0,0,0,0,0,0,0,0,0,0,0,0,0,0,0,0,0,0,0,42,0,0,0,0,0,0,0,0,0,0,0,0,0,0
"ASV208",0,0,0,0,0,0,0,0,0,0,0,0,0,0,0,0,0,0,0,0,0,0,0,0,0,0,0,8,8,0,0,0,0,0,0,57,0,0,0,0,0,0,0,33,0,0,0,0,0,0
"ASV209",0,0,0,0,0,0,0,0,0,0,0,0,0,0,0,0,0,67,0,0,0,0,0,0,0,0,0,0,0,0,0,0,0,0,0,0,0,0,0,0,0,0,0,0,0,0,0,0,0,0
"ASV210",0,0,0,0,0,0,0,0,0,0,0,0,0,0,0,0,0,0,0,0,0,0,0,3,0,0,0,0,0,0,0,0,0,0,0,0,0,0,0,0,0,0,0,0,0,0,0,0,0,0
"ASV211",0,0,0,0,0,0,0,0,0,0,0,0,0,0,0,0,0,0,0,0,0,0,0,0,0,0,0,0,0,0,0,0,0,0,0,0,0,0,0,0,0,0,0,2,0,0,0,0,0,0
"ASV212",0,0,0,0,0,0,0,0,0,0,0,0,0,0,0,0,0,0,0,0,0,0,0,0,0,0,0,0,0,0,0,0,0,0,0,37,0,0,0,0,0,0,0,0,0,0,0,0,0,0
"ASV213",0,0,0,0,0,0,0,0,0,0,0,0,0,0,0,0,0,0,0,0,0,0,0,0,0,0,0,0,0,0,0,0,0,0,0,58,0,0,0,0,0,0,0,0,0,0,0,0,0,0
"ASV214",0,0,0,11,0,0,0,0,51,0,38,0,44,0,0,0,0,4,158,7,0,0,2,0,0,0,0,0,0,0,0,0,0,0,0,18,0,0,0,0,0,0,0,0,0,0,0,0,0,0
"ASV215",0,0,0,0,0,0,0,0,0,0,0,0,0,0,0,0,0,0,0,0,0,0,0,0,0,0,0,0,0,0,0,0,9,0,0,0,0,0,0,0,0,0,0,0,0,0,0,0,0,0
"ASV216",0,0,0,0,0,0,0,0,0,0,91,0,0,0,0,0,0,0,0,21,0,0,0,0,0,0,0,0,0,0,0,0,0,5,0,240,0,0,0,0,0,0,0,0,0,0,0,0,0,0
"ASV217",0,0,0,0,0,0,0,0,0,0,5,0,0,0,0,0,0,0,0,0,0,0,0,0,0,0,0,0,0,0,0,0,0,17,0,167,0,15,0,0,0,0,0,46,0,0,0,0,0,0
"ASV218",152,0,16,17,339,0,0,0,45,11,0,14,146,0,0,0,594,99,0,305,0,0,1158,0,0,0,0,22,48,69,0,0,0,0,0,0,0,67,46,0,0,77,0,0,26,0,0,119,0,0
"ASV219",0,0,0,0,0,0,0,0,0,0,7,0,0,0,0,0,0,62,0,0,0,0,0,0,0,0,0,0,0,32,0,0,0,0,0,0,0,0,49,0,0,0,0,0,0,0,0,0,0,0
"ASV220",0,0,0,0,0,0,0,0,0,0,0,0,0,0,0,0,0,0,0,20,0,0,0,0,0,61,0,0,0,0,0,0,0,0,0,0,0,0,16,0,0,0,0,0,0,0,0,0,0,0
"ASV221",0,0,0,0,0,0,0,0,0,0,0,0,0,0,0,0,0,0,0,0,0,0,0,0,0,0,0,0,0,0,0,3,0,0,0,0,0,0,0,0,0,0,0,0,0,0,0,0,0,0
"ASV222",0,0,0,0,0,0,0,0,0,0,0,0,0,0,0,0,0,0,0,37,0,0,0,0,0,0,0,10,0,0,0,0,0,0,0,0,0,0,0,0,0,0,0,0,120,0,0,0,0,0
"ASV223",0,0,0,0,0,0,13,0,0,0,0,0,0,0,0,0,0,0,0,0,0,0,0,0,0,0,0,0,0,0,0,0,0,0,0,0,0,0,0,0,0,0,0,0,0,0,0,0,2,0
"ASV224",0,0,0,0,0,0,0,0,0,0,0,0,0,0,0,0,0,29,0,0,0,0,0,0,0,21,0,0,0,0,0,0,0,0,0,12,0,0,0,0,0,0,0,0,0,0,0,0,0,0
"ASV225",0,0,0,0,0,0,0,0,0,0,0,0,0,0,0,0,0,0,0,0,0,0,0,0,0,0,0,0,0,0,0,0,0,0,0,0,0,0,0,0,0,0,0,0,0,0,0,0,0,0
"ASV226",6,0,0,2,0,0,0,0,0,0,0,0,0,0,0,0,0,0,0,0,0,0,0,0,0,0,0,0,13,0,0,0,0,0,0,0,0,0,0,0,0,0,0,0,0,0,0,0,0,0
"ASV227",0,0,0,0,0,0,0,0,0,0,0,0,0,0,0,0,0,0,0,0,0,0,0,0,0,0,0,0,0,0,0,0,0,0,0,0,0,0,0,0,0,0,0,0,0,0,0,0,0,0
"ASV228",0,0,0,0,0,0,0,0,0,0,14,0,0,0,0,0,0,0,0,0,0,0,0,0,0,0,0,0,0,0,0,0,0,0,0,0,0,0,0,0,0,0,0,0,0,0,0,0,0,0
"ASV229",0,0,0,0,0,0,0,0,0,0,0,0,0,0,0,0,0,0,0,0,0,0,0,0,0,0,0,0,0,0,0,0,0,3,0,0,0,0,0,0,0,0,0,0,0,0,0,0,0,0
"ASV230",0,0,0,0,0,0,0,0,0,0,0,0,0,0,0,0,0,0,0,0,0,0,0,0,0,0,0,0,0,0,0,0,0,0,0,0,0,0,0,0,0,0,0,0,0,0,0,0,0,0
"ASV231",0,0,0,0,0,0,0,0,50,0,136,0,0,0,0,0,0,0,126,10,0,0,0,0,0,0,0,8,0,0,0,0,0,48,0,423,0,0,0,0,0,0,0,120,0,0,0,0,0,0
"ASV232",0,0,0,0,0,0,0,0,0,3,0,0,0,7,7,0,0,0,0,0,0,0,0,0,4,0,0,0,0,0,0,0,0,0,12,11,0,0,23,30,0,0,0,0,0,0,0,0,0,0
"ASV233",0,0,0,0,0,0,0,0,115,0,0,0,0,0,0,0,0,2,0,0,0,0,0,6,0,13,0,0,0,0,0,0,0,41,0,0,0,0,23,64,0,0,0,0,0,0,0,0,13,0
"ASV234",7,0,0,0,0,0,0,0,0,0,0,0,0,11,40,0,0,12,0,0,5,0,5,30,0,0,0,0,0,0,0,0,0,0,0,0,0,0,0,0,0,0,0,0,0,0,6,0,29,0
"ASV235",21,0,0,0,0,0,0,0,0,0,0,0,0,0,0,0,0,0,0,0,0,0,0,0,0,0,0,0,0,0,0,0,0,0,0,0,0,0,0,0,0,0,0,0,0,0,0,0,0,0
"ASV236",0,0,0,0,0,0,0,0,0,0,0,0,0,0,0,0,0,0,0,0,0,0,0,0,0,0,0,0,0,0,0,0,0,0,0,0,0,0,0,0,0,0,0,0,0,0,0,0,0,0
"ASV237",0,0,7,0,0,0,0,0,0,0,0,0,0,0,0,0,0,0,0,0,0,0,0,0,0,0,0,73,0,0,0,0,0,0,0,0,0,0,0,0,0,0,0,0,0,0,0,0,0,0
"ASV238",0,0,0,0,0,0,0,0,0,0,0,0,0,0,0,0,0,0,96,0,0,0,0,0,0,0,0,0,0,0,0,0,0,0,0,0,0,0,0,0,0,0,0,0,0,0,0,0,0,0
"ASV239",0,0,0,0,0,0,0,0,0,0,0,0,0,0,0,0,0,0,0,0,0,0,0,0,0,0,5,0,0,0,0,0,0,0,0,0,0,0,0,0,0,0,0,0,0,0,0,0,0,0
"ASV240",0,0,0,0,4,0,0,0,0,0,0,32,0,0,0,0,0,0,0,0,0,0,0,0,0,0,0,0,0,0,0,0,0,0,0,0,33,0,0,0,0,0,0,0,0,0,0,0,0,0
"ASV241",0,0,0,0,0,0,0,0,0,0,0,0,0,0,0,0,0,0,0,0,0,0,0,0,0,0,0,0,0,0,0,0,0,0,0,0,0,0,0,0,0,0,0,0,0,0,0,0,0,0
"ASV242",0,0,0,0,0,0,0,0,0,0,0,0,0,0,0,0,0,0,0,0,0,0,0,0,0,0,0,0,0,0,0,0,0,0,0,0,0,0,0,0,0,0,0,0,0,0,0,0,0,0
"ASV243",0,18,24,0,0,0,83,4,53,0,0,0,0,0,0,0,0,0,0,0,0,0,11,0,0,0,0,30,0,0,0,61,0,38,0,0,0,0,0,0,0,0,0,0,0,0,8,0,0,0
"ASV244",0,0,46,0,0,0,0,0,0,0,0,0,0,0,0,0,0,0,0,0,0,0,0,0,0,0,0,0,0,0,0,0,0,0,0,0,0,0,0,0,0,0,0,0,0,0,0,0,0,0
"ASV245",0,0,14,0,0,0,0,0,0,0,0,0,0,0,0,0,0,0,0,0,0,0,0,0,0,0,0,0,0,0,0,0,0,0,0,0,0,0,0,0,0,0,0,0,6,0,9,0,0,0
"ASV246",13,0,0,31,317,851,56,0,18,0,0,486,0,0,0,76,39,65,0,74,39,0,50,0,0,0,24,0,0,0,0,0,0,167,0,0,0,43,1,0,0,0,35,43,24,0,0,0,35,0
"ASV247",0,0,0,0,0,0,0,0,0,0,0,0,0,0,0,0,0,0,0,0,0,0,0,0,0,0,0,0,0,0,0,0,0,0,0,0,0,0,0,0,0,0,0,0,0,0,0,0,0,0
"ASV248",0,0,0,0,0,0,0,0,0,0,0,0,0,0,0,0,0,0,0,0,0,0,0,0,0,0,0,0,0,0,0,0,0,0,2,0,0,0,0,0,0,0,0,0,0,0,0,0,0,0
"ASV249",0,0,0,0,4882,0,0,0,0,0,0,2,0,0,0,0,0,0,0,4,0,0,0,0,0,0,0,0,8,5381,0,0,0,0,0,0,17,0,0,0,0,0,0,0,0,0,0,0,0,0
"ASV250",0,0,0,0,0,1330,0,77,0,0,0,272,0,0,0,1040,0,0,0,0,30,0,0,0,0,0,0,0,0,152,3651,0,2658,0,0,0,3726,0,0,0,5182,0,12,0,0,112,0,0,0,0
"ASV251",0,0,0,0,10,0,0,0,0,0,0,0,0,0,0,0,0,0,0,0,0,0,0,0,0,0,0,0,0,0,0,0,0,0,0,0,0,0,0,0,0,0,0,0,0,0,0,0,0,0
"ASV252",0,0,0,0,0,0,0,0,0,0,0,0,0,0,0,0,0,0,0,0,0,0,0,0,0,0,0,0,0,18,0,0,0,0,0,0,0,0,0,0,6,0,0,0,0,0,0,0,0,0
"ASV253",10,0,95,0,0,0,7,0,76,0,0,0,0,250,146,0,0,0,0,0,9,0,0,0,0,0,0,907,0,53,0,0,0,175,0,0,0,0,3615,0,0,0,0,0,0,0,0,0,35,0
"ASV254",0,0,0,0,0,0,0,0,24,0,0,0,0,0,0,0,0,0,0,0,0,0,0,0,0,0,0,0,0,0,0,0,0,0,0,0,0,0,0,0,0,0,0,0,0,0,0,0,0,0
"ASV255",0,20,282,0,30,0,19,0,0,0,62,0,18,0,0,134,0,0,0,132,0,0,14,174,0,0,91,503,54,30,12,12,0,34,0,3923,0,32,0,0,66,0,14,18,142,0,4007,81,300,78
"ASV256",0,0,0,0,0,0,0,0,33,0,0,0,0,0,0,0,0,0,0,0,0,0,0,0,0,0,0,0,0,0,0,0,0,66,0,0,0,0,0,0,0,0,0,0,0,0,0,0,0,0
"ASV257",0,0,0,0,0,0,0,0,2,0,0,0,0,0,0,0,0,0,0,0,0,0,0,0,0,0,0,0,0,0,0,0,0,0,0,0,0,0,0,0,0,0,0,0,0,0,0,0,0,0
"ASV258",0,0,0,0,0,0,0,0,2,0,0,0,0,0,0,0,0,0,0,0,0,0,0,0,0,0,0,0,0,0,0,0,0,0,0,0,0,0,0,0,0,0,0,0,0,0,0,0,0,0
"ASV259",0,0,0,0,0,0,0,0,0,0,83,0,0,0,0,0,0,0,8,21,0,0,0,0,0,0,0,0,0,0,0,0,0,0,0,140,0,0,0,0,0,0,0,7,0,0,0,0,0,0
"ASV260",0,0,0,0,0,0,0,0,0,0,0,0,0,0,0,0,0,0,0,0,0,0,0,0,0,0,0,0,0,0,0,0,0,0,0,0,0,0,0,0,0,0,0,0,0,0,0,0,0,0
"ASV261",150,0,27,80,0,0,431,0,0,0,15,0,75,39,125,0,0,0,0,19,0,2,6,36,0,124,0,98,141,0,0,634,0,9,0,16,0,115,56,166,0,0,0,0,0,0,0,0,76,0
"ASV262",0,0,0,0,0,0,11,0,0,0,0,0,0,0,12,0,0,0,0,0,0,0,0,8,0,0,0,0,0,0,0,39,0,0,0,0,0,0,58,353,0,0,0,0,0,0,1,0,35,0
"ASV263",0,0,0,7,0,0,0,0,0,20,0,0,26,0,0,0,0,0,0,0,0,0,0,0,0,0,0,0,0,0,0,0,0,0,0,0,0,0,0,0,0,0,0,0,0,0,0,0,0,0
"ASV264",0,0,0,0,0,0,0,0,0,0,0,0,0,0,0,0,0,0,0,12,0,0,0,0,0,0,0,0,0,0,0,0,0,0,0,0,0,0,0,0,0,0,0,0,0,0,0,0,0,0
"ASV265",0,0,0,0,0,0,0,0,91,0,0,0,0,0,0,0,0,17,0,0,0,0,0,4,0,0,0,0,0,0,0,0,0,6,0,0,0,0,0,0,0,0,0,0,0,0,0,0,17,0
"ASV266",5,0,14,0,0,0,2,0,225,0,299,4,0,0,0,0,0,34,144,43,0,0,19,4,0,0,0,12,0,0,0,0,0,151,0,138,0,0,2,0,0,0,0,144,0,0,0,0,34,0
"ASV267",0,0,0,0,0,0,0,0,0,0,0,31,0,0,0,0,0,0,0,0,0,0,0,0,0,0,0,0,0,0,0,0,0,0,0,30,22,0,0,0,0,0,0,0,0,0,0,0,0,0
"ASV268",0,0,0,0,5,0,0,0,0,0,0,0,0,0,0,0,0,0,0,0,0,0,0,0,0,0,0,0,0,36,0,0,0,0,0,0,0,0,0,0,0,0,0,0,0,0,0,0,0,0
"ASV269",0,0,0,0,0,0,0,0,0,0,0,0,0,0,0,0,0,0,0,0,0,0,0,0,0,0,0,0,0,0,0,0,0,0,0,0,0,0,0,0,0,0,0,0,0,0,0,0,0,0
"ASV270",0,0,0,0,0,0,0,0,0,0,0,0,0,0,0,0,0,6,0,0,0,0,0,0,0,0,0,0,0,0,0,0,0,0,0,0,0,0,0,0,0,0,0,0,0,0,0,0,0,0
"ASV271",0,0,0,0,0,0,0,0,0,0,0,0,0,0,0,0,0,0,0,16,0,0,0,0,0,0,0,0,0,0,0,0,0,0,0,0,0,0,0,0,0,0,0,0,0,0,0,0,0,0
"ASV272",0,0,0,0,0,0,0,0,0,0,0,0,0,0,0,0,0,0,0,0,0,0,0,0,0,0,0,0,0,10,0,0,0,0,0,0,0,0,9,0,0,0,0,0,0,0,0,0,0,0
"ASV273",0,0,0,0,20,0,10,0,32,6,0,8,0,9,0,0,0,5,0,0,10,0,26,50,0,0,0,29,0,0,0,13,0,40,18,0,0,0,0,0,0,0,0,11,0,0,0,10,94,0
"ASV274",0,0,0,0,0,0,0,0,0,0,0,0,0,0,0,0,0,0,0,0,0,0,0,0,0,0,0,0,0,0,0,0,0,0,0,0,0,0,0,0,0,0,0,0,0,0,0,0,0,0
"ASV275",0,0,0,0,0,0,0,0,0,0,0,0,0,0,0,0,0,0,0,0,0,0,0,0,0,0,0,0,0,0,0,0,0,0,0,10,0,0,0,0,0,0,0,0,0,0,0,0,0,0
"ASV276",0,0,0,0,0,0,0,0,0,0,0,0,0,0,0,0,0,0,0,0,0,0,0,0,0,0,0,0,0,0,0,0,0,0,0,24,0,0,0,0,0,0,0,0,0,0,0,0,0,0
"ASV277",0,0,0,0,0,0,0,0,0,0,0,0,0,0,0,0,0,0,0,0,0,0,0,0,0,0,0,0,0,0,0,0,0,0,0,0,0,0,0,0,0,0,0,0,0,0,0,0,0,0
"ASV278",0,0,14,19,0,0,90,10,8,0,0,0,0,0,0,0,0,9,0,0,0,8,32,21,0,0,0,60,51,0,0,110,5,13,0,0,0,0,0,0,0,0,0,0,0,0,40,0,35,0
"ASV279",0,0,0,0,0,0,0,0,3,0,0,0,0,0,5,0,0,17,0,0,0,0,0,0,0,0,0,0,0,0,0,0,0,0,0,0,0,0,16,9,0,0,9,0,0,0,0,0,0,0
"ASV280",0,0,0,0,0,0,0,0,0,0,7,0,0,0,0,0,0,0,0,0,0,0,0,0,0,0,0,9,9,0,0,0,0,0,0,22,0,0,0,0,0,0,0,11,8,0,0,0,0,0
"ASV281",0,0,0,0,0,0,0,0,0,0,0,0,0,0,0,0,0,0,0,0,0,0,0,0,0,0,0,0,0,0,0,0,0,0,0,0,0,0,0,0,0,0,0,0,0,0,25,0,0,0
"ASV282",0,0,25,0,0,0,0,0,0,0,0,0,0,0,0,0,0,0,0,14,0,0,0,0,0,0,0,65,0,0,0,0,0,0,0,0,0,0,0,0,0,0,0,0,0,0,0,0,0,0
"ASV283",0,18,0,0,0,0,0,0,0,7,0,0,0,0,0,0,0,0,0,29,0,0,0,5,0,0,0,0,0,0,0,0,0,0,0,0,0,0,0,0,0,0,0,0,8,0,0,0,16,0
"ASV284",0,0,0,0,0,0,0,0,0,0,0,4,0,0,7,0,0,0,0,0,9,0,0,0,0,0,0,0,0,0,0,0,0,0,0,0,0,0,14,18,0,0,0,0,0,0,0,0,6,0
"ASV285",24,0,23,0,0,0,14,0,53,9,0,0,0,25,11,0,0,70,0,6,0,0,11,975,0,30,0,64,0,0,0,0,0,60,19,0,0,0,39,0,0,0,15,0,0,0,0,7,1504,0
"ASV286",0,0,0,0,0,0,0,0,0,0,0,0,0,53,0,0,0,65,0,0,0,0,0,0,0,0,0,0,0,0,0,0,0,0,0,0,0,0,97,31,0,0,0,0,0,0,0,0,0,0
"ASV287",0,0,0,0,0,0,0,0,0,0,0,0,0,24,14,0,0,29,0,6,0,0,0,0,0,0,0,0,0,0,0,0,0,0,0,0,0,0,46,0,0,0,0,0,0,0,0,0,0,0
"ASV288",0,0,0,0,0,0,0,0,0,0,0,0,0,0,0,0,0,0,0,0,0,7,0,0,0,0,0,0,0,0,0,0,0,0,0,0,0,0,0,0,0,0,0,0,0,0,0,0,0,0
"ASV289",0,0,0,0,0,0,0,0,0,0,0,0,0,0,0,0,0,0,8,35,0,0,0,0,0,0,0,0,0,0,0,0,0,0,0,0,0,0,0,0,0,0,0,0,0,0,0,0,0,0
"ASV290",0,0,0,0,0,0,0,0,0,0,0,0,0,0,0,0,0,0,0,0,0,0,0,0,0,29,0,0,0,0,6,0,5,10,0,0,4,0,0,64,0,0,0,0,0,11,121,0,27,0
"ASV291",0,0,0,0,0,0,0,0,0,0,0,0,0,0,0,0,0,0,0,0,0,0,0,0,0,0,0,6,0,0,0,0,0,0,0,0,0,0,0,0,0,0,0,0,0,0,0,0,0,0
"ASV292",0,0,0,0,0,0,0,0,0,0,0,0,0,0,0,0,0,0,0,0,4,0,0,0,0,0,0,0,0,0,0,0,0,0,0,0,0,0,0,0,0,0,0,0,0,0,0,0,0,0
"ASV293",0,0,0,0,0,0,0,0,0,0,0,0,0,0,0,0,0,0,0,0,0,0,0,0,0,0,0,0,0,0,0,0,0,0,0,0,0,0,0,0,0,0,0,0,0,0,0,0,0,0
"ASV294",0,0,0,0,0,0,0,0,0,0,0,0,0,0,0,0,0,0,0,0,0,0,0,0,0,0,0,0,0,0,0,0,0,0,0,0,0,0,0,0,0,0,0,0,0,0,0,0,0,0
"ASV295",0,0,0,0,0,0,0,0,0,0,0,0,0,0,0,0,0,0,0,0,0,0,0,0,0,0,0,0,0,0,0,0,0,0,0,0,0,0,0,0,0,0,0,0,3,0,0,0,0,0
"ASV296",0,0,0,0,0,0,0,0,0,0,0,0,0,0,0,0,0,50,0,0,0,0,0,0,0,0,0,0,0,0,0,0,0,0,0,0,0,0,0,0,0,0,19,0,0,0,0,0,0,0
"ASV297",5,0,7,0,12,0,35,0,0,17,0,0,0,0,0,0,0,64,0,0,0,0,0,0,0,14,0,0,0,16,0,62,0,0,0,0,0,0,14,0,0,0,0,0,0,0,0,0,0,0
"ASV298",0,0,48,0,0,0,0,0,0,13,8,0,0,36,11,0,0,0,0,25,11,5,0,0,0,0,0,118,0,5,0,0,0,0,30,18,0,0,59,0,0,0,0,0,11,0,10,0,14,0
"ASV299",0,57,9,0,0,9,0,0,0,82,0,0,0,0,0,0,0,10,0,0,0,0,16,14,0,34,20,0,0,7,0,0,0,10,85,0,0,0,0,0,0,0,5,0,0,0,0,0,29,0
"ASV300",0,0,27,0,0,0,0,0,0,0,0,0,0,0,0,0,0,0,0,0,0,0,0,0,0,0,0,0,0,0,0,0,0,0,0,0,0,0,0,0,0,0,0,0,0,0,0,0,0,0
"ASV301",15,0,0,0,0,0,0,0,0,0,0,0,0,0,13,0,0,0,0,0,0,0,0,0,0,21,0,0,0,0,0,0,0,0,0,0,0,0,0,32,0,0,0,0,0,0,0,0,0,0
"ASV302",2,0,0,0,0,53,0,0,0,0,0,0,0,0,0,0,0,0,0,0,0,0,0,28,0,6,0,0,0,0,6,0,0,0,0,0,0,0,0,0,0,0,0,0,0,0,10,0,79,0
"ASV303",9,0,0,0,0,0,0,0,0,0,0,0,0,0,0,0,0,0,0,0,0,26,0,0,0,13,0,0,0,0,0,0,0,0,0,0,0,0,0,0,0,0,0,0,0,0,72,0,0,7
"ASV304",0,5,0,0,7,19,0,0,19,0,0,0,0,0,0,0,0,0,0,0,0,0,9,0,0,0,0,0,0,8,10,0,0,11,0,0,0,0,0,0,0,0,0,0,0,0,0,0,0,0
"ASV305",0,0,0,0,0,0,0,0,0,0,0,0,0,0,40,0,0,0,0,0,0,13,0,0,0,0,0,0,0,0,0,0,0,0,0,0,0,0,0,191,0,0,0,0,0,0,139,0,0,0
"ASV306",7,0,22,0,0,0,33,0,0,0,175,0,0,0,3,87,0,0,0,111,0,0,11,15,0,0,0,0,0,0,0,0,0,0,10,266,0,0,0,17,0,0,0,0,0,0,9,0,28,0
"ASV307",0,0,0,0,0,0,0,0,0,0,12,0,0,0,0,0,0,0,0,0,0,0,0,0,0,6,0,31,0,0,0,0,0,0,0,22,0,0,0,0,0,0,0,0,0,0,0,0,0,0
"ASV308",0,0,0,0,0,0,0,0,0,0,0,0,0,0,0,0,0,0,0,65,0,0,0,0,0,0,0,0,0,0,0,0,0,0,0,0,0,0,0,0,0,0,0,0,37,0,19,0,0,0
"ASV309",0,0,0,0,31,4,0,0,0,0,0,0,0,0,0,0,0,0,0,6,0,0,0,0,0,0,0,0,0,12,0,0,0,5,0,0,0,0,0,0,0,0,0,0,0,0,0,0,0,0
"ASV310",0,0,0,0,0,0,0,0,0,0,0,0,0,0,0,0,0,0,0,0,0,0,0,0,0,0,0,0,0,0,0,0,0,0,0,0,0,0,0,0,0,0,0,0,0,0,0,0,0,0
"ASV311",0,0,0,0,0,0,0,0,0,0,0,0,0,0,0,9,0,0,0,0,0,0,0,0,0,0,0,0,0,0,0,0,0,0,0,0,0,0,0,0,0,0,0,0,0,0,0,0,0,0
"ASV312",0,0,0,0,0,0,0,0,0,0,0,0,0,0,0,0,0,0,0,0,0,0,0,0,0,0,0,0,0,0,0,0,0,0,0,0,0,0,0,0,0,0,0,0,0,0,0,0,0,0
"ASV313",0,0,0,0,0,0,0,0,0,0,0,0,0,0,0,0,0,0,0,0,0,0,0,0,0,0,0,0,0,0,0,0,0,0,0,0,0,0,0,0,0,0,0,0,0,0,0,0,0,0
"ASV314",0,0,5,0,0,0,0,0,0,0,0,0,0,0,0,0,0,0,0,0,0,0,0,0,0,0,0,30,0,0,0,0,0,0,0,0,0,0,0,0,0,0,0,0,0,0,0,0,0,0
"ASV315",0,0,0,0,0,0,0,0,0,0,0,0,0,0,0,0,0,0,0,0,0,0,0,0,0,0,0,0,0,0,0,0,0,0,0,0,0,0,0,0,0,0,0,0,0,0,0,0,9,0
"ASV316",0,0,0,0,0,0,0,0,6,0,0,0,0,0,0,0,0,0,0,0,0,0,0,0,0,0,0,0,0,0,0,0,0,0,0,0,0,0,0,0,0,0,0,0,0,0,0,0,0,0
"ASV317",0,0,0,0,0,0,0,0,0,0,0,0,0,0,0,0,0,3,0,0,0,0,0,0,0,0,0,0,0,0,0,0,0,32,0,0,0,0,0,0,0,0,0,0,0,0,43,0,9,12
"ASV318",0,0,0,0,0,0,0,0,0,0,0,0,0,0,0,0,0,0,0,0,0,0,0,0,0,0,0,0,0,0,0,0,0,0,0,0,0,0,0,0,0,0,0,0,0,0,0,0,0,0
"ASV319",0,0,0,0,0,2,0,0,0,0,0,0,0,0,0,0,0,10,0,0,0,0,16,0,0,0,0,0,0,0,0,0,0,0,0,0,0,0,0,0,0,0,0,0,0,0,0,0,0,0
"ASV320",0,0,0,0,0,0,0,0,0,0,0,0,0,0,0,0,0,0,0,0,0,0,0,0,0,0,0,0,0,0,0,0,0,0,0,23,0,0,0,0,0,0,0,0,0,0,0,0,0,0
"ASV321",0,0,0,0,0,0,0,0,0,0,0,0,0,0,0,0,0,0,0,10,0,0,0,0,0,0,0,1,0,0,0,0,0,0,0,0,0,0,0,0,0,0,0,0,0,0,0,0,0,0
"ASV322",0,0,0,0,0,0,0,0,0,0,0,0,0,0,0,0,0,0,0,0,0,0,0,0,0,0,0,0,0,0,0,0,0,0,0,0,0,0,0,0,0,0,0,0,0,0,0,0,0,0
"ASV323",0,0,0,0,0,0,0,0,0,0,0,0,0,0,0,0,0,0,0,0,0,0,0,0,0,0,0,10,0,0,0,0,0,0,0,0,0,0,0,0,0,0,0,0,0,0,0,0,0,0
"ASV324",8,0,0,0,0,0,0,0,0,0,0,0,0,0,0,0,0,0,0,0,3,0,0,0,0,16,0,0,0,0,0,0,0,0,0,0,0,0,0,0,0,0,0,0,0,0,0,0,0,0
"ASV325",0,0,0,0,0,0,0,0,0,0,0,0,0,0,0,0,0,0,0,0,0,0,0,0,0,0,0,0,0,0,0,0,0,0,0,0,0,0,0,0,0,0,0,0,0,0,0,0,0,0
"ASV326",6,0,0,0,0,0,0,0,0,0,0,0,0,0,0,0,0,0,0,0,0,15,0,9,0,0,0,0,0,0,0,0,0,0,0,0,0,0,0,0,0,0,0,0,0,0,17,0,0,0
"ASV327",0,0,4,0,0,0,0,0,0,0,0,0,0,0,0,0,0,0,0,9,0,0,0,0,0,0,0,5,0,20,0,0,0,0,0,0,0,0,0,0,0,0,0,0,0,0,0,0,0,0
"ASV328",13,0,0,0,0,0,0,0,0,19,0,20,0,0,113,0,0,4,0,0,0,11,8,24,0,17,0,0,0,0,0,0,0,0,55,0,12,0,0,154,0,0,0,0,0,0,32,0,40,0
"ASV329",0,210,0,0,7,0,0,0,0,0,0,0,0,0,0,0,0,0,0,11,0,0,0,0,0,0,79,0,0,0,0,0,0,0,0,0,0,0,0,0,0,0,0,0,0,0,0,0,0,0
"ASV330",0,0,0,0,0,0,0,0,0,0,0,0,0,0,0,0,0,0,0,0,0,0,0,0,0,0,0,0,0,0,0,0,0,0,0,0,2,0,0,0,0,0,0,0,0,0,0,0,0,0
"ASV331",765,634,83,144,782,83,198,167,343,192,211,1165,98,40,185,500,569,147,48,327,152,48,1113,308,114,6,15,21,12,0,19,15,0,2,7,0,23,0,3,2,17,16,0,5,0,11,0,0,0,18
"ASV332",0,0,0,0,0,0,0,0,0,0,0,0,0,0,0,0,0,0,0,0,0,0,0,0,0,0,0,0,0,0,0,0,0,0,0,10,0,0,0,0,0,0,0,0,0,0,0,0,0,0
"ASV333",0,0,0,0,0,0,0,0,0,0,0,0,0,0,0,0,0,0,0,0,0,0,0,0,0,0,0,0,0,0,0,0,0,0,0,0,0,0,0,0,0,0,0,0,0,0,0,0,0,0
"ASV334",0,0,0,0,0,0,0,0,0,0,0,0,0,0,0,0,0,0,0,0,0,0,0,0,0,0,0,0,0,0,0,0,0,0,0,0,0,0,0,0,0,0,0,0,0,0,0,0,0,0
"ASV335",0,4,0,0,0,0,0,0,0,0,0,0,0,0,0,0,0,0,0,0,0,0,0,0,0,0,0,0,0,0,0,0,0,0,0,0,0,0,0,0,0,0,0,0,0,0,0,0,0,0
"ASV336",0,0,0,0,12,0,0,0,0,0,0,0,0,0,0,0,0,0,0,0,0,7,0,0,45,0,0,0,0,0,0,0,0,0,0,0,0,0,0,0,0,0,0,0,0,0,14,0,0,83
"ASV337",0,0,0,0,0,0,0,0,0,0,0,0,0,0,0,0,0,0,0,0,0,0,0,0,0,0,0,0,0,0,0,0,0,0,0,0,0,0,0,0,0,0,0,0,0,0,0,0,0,0
"ASV338",0,0,0,0,0,0,0,0,0,0,0,0,0,0,0,0,0,0,0,0,0,0,0,0,0,0,0,0,0,0,0,0,0,0,0,0,0,0,0,0,0,0,0,0,0,0,49,0,0,0
"ASV339",0,0,0,0,0,0,0,0,0,0,0,0,0,0,0,0,0,0,0,0,0,0,0,0,0,0,0,0,0,0,0,0,0,0,0,0,0,0,0,0,0,0,0,0,0,0,0,0,0,0
"ASV340",0,0,0,0,0,0,0,0,0,0,0,0,0,0,29,0,0,0,0,0,0,0,0,0,0,0,0,0,0,0,0,0,0,0,36,0,0,0,0,0,0,0,0,0,0,0,0,0,0,0
"ASV341",0,49,12,64,3,0,22,0,0,4227,0,0,0,30,11,0,0,0,0,18,23,0,0,342,0,0,20,0,45,29,0,44,0,135,5840,0,0,0,47,0,0,0,0,0,0,0,0,0,74,0
"ASV342",0,0,0,0,0,0,0,0,0,0,0,0,0,0,0,0,0,0,0,0,0,0,0,0,0,0,0,0,0,0,0,0,0,0,0,0,0,0,0,0,0,0,0,0,0,0,0,0,0,0
"ASV343",0,0,0,0,0,0,0,0,0,0,0,0,0,0,0,0,149,0,0,0,0,0,0,0,0,0,0,0,0,2,0,4,0,0,0,0,0,0,0,0,0,112,0,0,0,0,0,0,0,0
"ASV344",0,0,0,0,0,0,0,0,0,0,0,0,0,0,0,0,0,0,0,0,0,0,0,0,0,0,0,0,0,0,0,0,0,0,0,0,0,0,0,0,0,0,0,4,0,0,0,0,0,0
"ASV345",0,0,8,0,0,0,0,0,0,0,0,0,0,0,0,0,0,0,0,0,0,0,0,0,0,0,0,0,0,0,0,0,0,0,0,0,0,0,0,0,0,0,0,0,0,0,0,0,0,0
"ASV346",0,0,0,0,0,0,0,0,0,0,0,0,0,0,0,0,0,8,0,0,0,0,0,0,0,0,0,0,0,0,0,0,0,0,0,0,0,0,0,0,0,0,10,0,0,0,0,0,0,0
"ASV347",0,0,0,0,0,0,0,0,0,0,0,0,0,0,0,0,15,0,0,0,0,0,0,0,0,0,0,0,0,0,0,0,0,0,0,0,0,0,0,0,0,0,0,0,0,0,0,0,0,0
"ASV348",0,20,0,0,0,5,0,0,0,0,2,0,0,0,0,0,0,0,0,0,0,0,0,0,0,0,0,0,0,0,0,0,0,0,0,0,0,0,0,0,0,0,0,0,0,0,0,0,0,0
"ASV349",56,0,37,0,0,0,0,0,0,0,38,14,253,0,13,425,30,203,9,8827,0,0,0,0,9,88,0,133,0,0,0,2,0,0,0,54,10,384,4,27,143,24,88,0,3480,0,0,0,0,9
"ASV350",0,0,0,0,0,0,0,0,0,0,0,0,0,0,0,0,0,0,0,40,0,0,0,0,0,0,0,0,0,0,0,0,0,0,0,0,0,0,0,0,0,0,0,0,100,0,0,0,0,0
"ASV351",0,0,0,0,0,0,0,0,0,0,6,0,0,0,0,0,0,0,0,0,0,0,0,0,0,0,0,0,0,0,0,0,0,0,0,16,0,0,0,0,0,0,0,0,0,0,0,0,0,0
"ASV352",0,0,0,0,0,0,0,0,0,0,0,0,0,0,0,0,0,0,0,0,0,0,0,0,0,0,0,0,0,0,0,0,0,0,0,0,0,0,0,0,0,0,0,0,0,0,0,0,0,0
"ASV353",0,0,0,0,0,0,0,0,0,0,0,0,0,20,0,0,0,0,0,0,0,0,0,0,0,0,0,0,0,0,0,0,0,0,0,0,0,0,25,0,0,0,0,0,0,0,0,0,0,0
"ASV354",0,0,0,0,0,8,0,0,0,0,0,0,0,0,141,16,0,0,0,0,0,0,0,0,0,0,0,0,0,0,0,0,0,0,0,0,0,0,0,114,0,0,0,0,0,0,0,0,0,0
"ASV355",0,0,0,0,0,0,324,0,0,0,0,0,0,0,0,0,0,0,0,0,0,0,0,0,0,0,0,0,0,0,0,48,0,0,0,0,0,0,9,0,0,0,0,0,0,0,0,0,0,0
"ASV356",0,0,0,0,0,0,0,0,0,0,0,0,0,0,0,0,0,0,0,0,0,0,0,9,0,0,0,0,0,0,0,0,0,0,22,0,0,0,0,21,0,0,0,0,0,0,38,0,19,0
"ASV357",0,0,0,0,0,0,0,0,0,0,0,0,4,0,0,0,0,0,0,0,0,0,0,0,0,0,0,0,0,0,0,0,0,0,0,0,0,14,0,0,0,0,0,0,0,0,0,0,0,0
"ASV358",0,0,0,0,0,0,0,0,77,0,0,0,0,0,0,0,0,0,22,0,0,0,0,0,0,0,0,0,0,0,0,0,0,0,0,11,0,0,0,0,0,0,0,0,0,0,0,0,0,0
"ASV359",0,0,0,0,10,0,0,5,41,0,0,75,0,0,0,50,0,47,0,0,0,0,113,0,0,8,0,0,0,0,0,0,0,25,0,32,11,0,0,0,0,0,9,0,0,0,0,22,6,0
"ASV360",0,0,26,8,0,0,0,0,0,0,121,0,0,0,0,0,0,0,42,76,0,0,0,0,0,0,0,61,17,0,0,0,0,0,0,266,0,0,0,0,0,0,0,41,26,0,0,0,0,0
"ASV361",0,0,26,324,7,0,20,0,910,68,408,0,133,0,0,37,14,6,74,24,0,0,11,0,0,0,0,0,0,0,0,0,0,0,0,0,0,0,0,0,0,0,0,5,0,0,0,0,0,0
"ASV362",0,0,0,0,0,0,0,0,0,0,0,0,0,0,0,0,0,0,0,0,0,0,0,0,0,0,0,0,0,0,0,0,0,43,0,27,0,0,0,0,0,0,0,0,0,0,0,0,0,0
"ASV363",0,0,0,0,0,0,0,0,28,0,0,0,0,0,0,0,0,0,0,32,0,0,0,0,0,0,0,0,0,0,0,0,0,0,0,0,0,0,0,0,0,0,0,0,0,0,0,0,0,0
"ASV364",0,0,0,0,0,0,0,0,0,0,0,0,0,0,0,0,0,0,0,0,0,0,0,0,0,0,0,0,0,0,0,0,0,0,0,0,0,0,0,0,0,0,0,0,0,0,0,5,0,0
"ASV365",0,0,0,0,0,0,0,0,0,0,0,0,0,0,0,0,0,0,0,0,0,0,0,0,0,0,0,0,0,0,0,0,0,0,0,0,0,0,0,0,0,0,0,0,0,0,0,0,0,0
"ASV366",0,0,0,0,0,0,0,0,0,0,0,0,0,0,0,0,0,0,0,0,0,5,0,0,0,0,0,0,0,0,0,0,0,0,0,0,0,0,0,0,0,0,0,0,0,0,19,0,0,0
"ASV367",0,0,0,0,0,0,0,0,0,0,0,0,0,0,0,0,0,0,0,0,0,0,0,0,0,0,0,0,0,0,0,0,0,0,0,0,0,0,0,0,0,0,0,0,0,0,0,0,0,0
"ASV368",0,0,5,0,15,0,0,0,29,0,0,0,0,0,0,0,0,0,0,0,0,0,0,0,0,0,0,14,0,0,0,0,0,17,0,18,0,0,0,0,0,0,0,0,0,0,0,0,0,0
"ASV369",0,0,0,0,0,0,0,0,0,0,0,0,0,0,0,0,0,0,0,0,0,0,0,0,0,0,0,0,0,0,0,0,0,0,0,0,0,0,0,0,0,0,0,0,0,0,0,0,0,0
"ASV370",37,0,7,0,12,3,40,0,6,0,0,7,0,0,0,0,0,0,21,26,0,0,4,4,0,33,0,27,0,3,0,28,0,0,0,0,0,0,0,0,0,0,0,20,0,0,0,0,0,0
"ASV371",132,0,0,9,0,0,0,0,0,0,0,0,0,0,0,0,0,0,0,0,0,0,0,0,0,107,0,0,0,0,0,0,0,0,0,0,0,0,0,0,0,0,0,0,0,0,0,0,0,0
"ASV372",0,0,44,0,52,0,0,0,0,0,20,0,0,0,0,0,0,0,0,198,0,0,0,194,0,0,36,440,0,271,0,0,0,0,0,377,0,0,2,0,0,0,0,36,186,0,0,0,1240,0
"ASV373",0,0,0,0,16,7,0,0,0,0,21,0,0,0,0,0,0,0,17,0,0,0,0,0,0,0,0,0,7,27,13,0,0,0,35,0,0,0,0,0,0,0,0,0,51,0,0,0,0,0
"ASV374",0,0,0,0,0,0,0,0,0,4,26,0,11,43,0,0,0,0,0,0,0,0,0,291,0,0,0,78,4,0,0,0,0,0,7,93,0,20,56,2,8,0,0,0,0,0,0,3,0,5
"ASV375",0,0,0,0,0,0,0,0,0,0,0,0,0,0,0,0,0,0,0,0,0,0,0,0,0,0,0,0,0,0,0,0,0,0,0,0,0,0,0,0,0,0,0,0,0,0,0,0,0,0
"ASV376",56,0,40,0,8,0,0,0,4,0,36,0,15,0,0,0,0,0,25,11,0,0,0,0,0,61,0,174,0,6,0,0,0,14,0,65,0,20,0,0,0,0,0,32,0,0,0,0,0,0
"ASV377",0,0,0,0,4,0,0,0,0,0,0,0,0,0,0,0,0,0,0,3,0,0,0,0,0,4,0,4,0,0,0,0,0,0,0,0,0,0,0,0,0,0,0,0,0,0,0,0,0,0
"ASV378",36,118,0,0,0,0,0,7,0,0,1963,0,0,0,0,38,0,41,0,149,0,31,0,0,0,0,37,0,0,0,0,0,0,0,0,0,0,0,0,0,0,0,0,0,0,0,0,0,0,0
"ASV379",0,0,0,0,0,0,0,0,0,0,0,0,0,0,0,0,0,0,0,0,0,0,0,0,0,12,0,0,0,0,0,0,0,0,0,0,9,0,0,0,0,0,0,0,0,0,0,0,0,0
"ASV380",0,0,0,0,0,0,0,0,0,0,0,0,0,6,0,0,0,0,0,14,0,0,0,0,0,0,0,0,0,0,0,0,0,0,0,0,0,0,0,0,0,0,0,0,6,0,0,0,0,0
"ASV381",0,0,0,0,0,0,0,0,0,0,0,0,0,0,0,0,0,0,0,0,0,0,0,0,0,0,0,0,0,0,0,0,0,0,0,0,0,0,0,0,0,0,0,0,0,0,0,0,0,0
"ASV382",0,0,0,0,0,0,0,0,0,0,0,0,0,0,0,0,0,0,0,0,0,0,0,0,0,0,0,0,0,0,0,0,0,0,132,0,0,0,0,0,0,0,0,0,0,0,0,0,0,0
"ASV383",0,0,98,0,3,0,6,0,0,0,0,0,0,0,0,0,0,10,0,0,0,0,0,0,0,0,0,140,0,0,0,8,0,0,0,0,0,0,0,29,0,0,0,0,0,0,0,0,0,0
"ASV384",0,0,0,0,0,0,0,0,0,0,37,0,0,0,0,0,0,0,0,6,0,0,0,0,0,0,0,0,0,0,0,0,0,0,0,75,0,0,0,0,0,0,0,0,0,0,0,0,0,0
"ASV385",0,0,0,0,0,0,0,0,0,0,0,0,0,0,0,0,0,0,0,0,0,0,0,0,0,0,0,0,0,0,0,0,0,0,0,0,0,0,0,0,0,0,0,0,0,0,0,0,0,0
"ASV386",0,0,0,0,0,0,0,0,0,0,8,0,0,0,0,0,0,0,0,0,0,0,0,0,0,21,9,0,0,0,0,0,0,0,9,465,0,24,0,0,0,0,0,26,5,0,0,0,0,0
"ASV387",0,0,0,0,0,0,0,0,0,0,0,0,0,0,0,0,0,0,0,0,0,0,0,0,0,0,0,0,0,0,0,0,0,0,0,0,25,0,0,0,0,0,0,0,0,0,0,0,0,0
"ASV388",0,0,0,0,0,0,0,0,0,0,0,0,0,0,0,0,0,0,0,0,0,0,0,0,0,0,0,0,0,0,0,0,0,0,0,0,0,0,0,0,0,0,0,0,0,0,0,0,0,0
"ASV389",0,0,0,0,0,0,0,0,0,0,0,0,0,0,0,0,0,0,0,0,0,0,0,0,0,0,0,0,0,0,0,0,0,0,0,0,0,0,0,0,0,0,0,0,0,0,0,0,0,0
"ASV390",0,0,0,0,0,0,0,0,0,0,0,0,0,0,0,0,0,0,0,0,0,0,0,0,0,0,0,0,0,0,0,0,0,0,0,0,0,0,0,0,0,0,0,0,0,0,0,0,0,0
"ASV391",0,0,0,0,0,0,0,0,8,11,0,0,0,0,0,0,8,0,0,0,0,0,5,0,0,0,0,0,0,0,0,0,0,0,0,0,0,0,0,0,0,0,0,0,0,0,0,0,0,0
"ASV392",0,0,0,0,0,0,0,0,0,0,0,0,0,0,0,0,0,0,0,0,0,0,0,0,0,0,0,0,0,0,0,0,0,0,0,13,0,0,0,0,0,0,0,0,0,0,0,0,0,0
"ASV393",0,0,0,0,0,0,0,0,0,0,0,0,0,0,0,0,0,0,0,0,0,0,0,0,0,0,0,8,0,0,0,0,0,0,0,0,0,0,0,0,0,0,0,0,0,0,0,0,0,0
"ASV394",0,0,0,0,0,0,0,0,0,0,0,0,0,0,0,0,0,0,0,0,0,26,0,0,0,0,0,0,0,0,0,0,0,0,0,0,0,0,0,0,0,0,0,0,0,0,0,0,0,0
"ASV395",0,0,0,0,10,0,0,0,0,0,0,0,0,0,0,0,0,0,0,0,0,0,0,0,0,0,0,0,0,0,0,0,0,0,0,0,0,0,0,0,0,0,0,0,0,0,0,0,0,0
"ASV396",0,0,0,0,0,0,0,0,0,0,0,0,0,0,0,0,0,0,0,0,0,0,0,0,0,0,0,0,0,0,0,0,0,0,0,0,23,0,117,0,0,0,0,0,0,0,0,0,0,0
"ASV397",0,0,0,0,0,0,0,0,0,0,0,0,0,0,0,0,0,0,0,0,0,0,0,0,0,0,0,0,0,0,0,0,0,0,0,0,0,0,0,0,0,0,0,0,0,0,0,0,0,0
"ASV398",0,0,0,0,0,0,0,0,0,0,0,0,0,0,0,0,32,0,0,0,0,0,0,0,0,0,0,0,0,0,0,0,0,0,0,0,0,0,0,0,0,30,0,0,0,0,0,0,0,0
"ASV399",0,0,0,0,0,0,0,0,0,0,0,0,59,0,0,0,0,0,0,0,0,0,0,0,0,0,0,0,0,0,0,18,0,0,0,0,0,0,0,15,0,0,0,0,0,0,0,0,0,0
"ASV400",0,0,0,0,0,0,0,0,0,0,0,0,0,0,0,0,0,0,0,0,0,0,0,0,0,0,0,26,0,0,0,0,0,0,0,0,0,48,47,0,0,8,0,0,0,0,0,0,0,0
"ASV401",140,11,0,0,0,0,0,2,59,0,70,14,0,0,22,19,7,0,0,0,10,0,5,0,0,37,0,0,0,0,0,0,0,56,0,80,0,0,0,72,0,0,0,0,0,0,0,0,0,0
"ASV402",0,0,0,0,0,0,0,0,0,27,0,0,0,0,15,0,0,0,0,7,0,0,0,0,0,0,0,0,0,0,0,0,0,0,38,0,0,0,0,0,0,0,0,0,0,0,0,0,0,0
"ASV403",0,0,0,0,0,0,0,0,8,0,0,0,7,0,7,11,0,0,0,0,0,0,0,0,0,0,0,7,0,0,0,0,0,0,0,0,0,21,0,28,0,0,0,0,0,0,0,0,0,0
"ASV404",9,0,0,0,0,0,0,0,14,61,0,0,0,16,15,0,0,0,0,0,0,10,43,11,0,7,0,0,0,0,0,0,0,9,79,0,0,0,15,33,0,0,0,0,0,0,8,5,22,0
"ASV405",0,0,0,0,0,0,0,0,0,0,0,0,0,0,0,0,0,0,0,0,0,0,0,2,0,0,0,0,0,0,0,0,0,0,0,0,0,0,0,0,0,0,0,0,0,0,0,0,0,0
"ASV406",0,0,18,0,8,0,0,0,0,0,0,0,0,0,0,0,0,0,0,0,0,0,0,0,0,0,0,0,0,0,0,0,0,0,0,0,0,0,0,0,0,0,0,0,0,0,0,0,0,0
"ASV407",14,0,0,0,18,0,0,0,0,0,0,0,0,0,0,0,0,0,0,0,0,0,0,0,0,0,0,0,0,0,0,0,0,0,0,4,0,0,0,0,0,0,0,0,0,0,0,0,0,0
"ASV408",0,0,0,0,0,0,0,0,0,0,0,0,0,0,0,0,0,0,0,0,0,0,0,0,0,0,0,0,0,0,0,0,0,0,0,0,0,0,0,0,0,0,0,0,0,0,14,0,0,0
"ASV409",326,227,42,63,44,104,64,200,188,0,0,1287,105,22,814,674,100,133,0,33,386,95,1241,37,191,2279,373,517,254,90,103,413,217,687,88,75,4011,839,404,7106,1096,210,296,0,39,486,1097,1307,294,703
"ASV410",0,23,35,0,163,100,0,0,0,125,0,0,0,0,0,0,0,0,0,0,431,0,0,0,0,0,0,65,0,9,20,0,0,0,150,0,0,0,0,0,0,0,0,0,0,53,0,0,0,0
"ASV411",0,0,0,0,0,0,0,0,0,0,44,0,0,0,0,0,0,0,11,3,0,0,0,0,0,0,0,0,0,0,0,0,0,0,0,0,0,0,0,0,0,0,0,0,0,0,0,0,0,0
"ASV412",0,0,0,0,17,0,0,0,0,0,0,0,0,0,0,0,0,0,0,8,0,0,0,0,0,0,0,0,0,0,0,0,0,0,0,0,0,0,0,0,0,0,0,0,0,0,0,0,0,0
"ASV413",0,0,0,0,0,0,0,0,0,10,28,0,0,0,0,0,0,0,0,0,0,0,0,0,0,0,0,0,0,0,0,0,0,0,0,136,0,0,0,0,0,0,0,0,0,0,0,0,0,0
"ASV414",0,0,61,0,72,0,11,0,0,0,0,0,0,0,0,0,0,15,0,36,0,0,0,0,0,0,0,162,13,71,0,16,0,18,0,0,0,25,0,0,0,0,0,0,0,0,0,0,0,0
"ASV415",0,0,12,0,11,0,0,0,0,0,0,0,0,0,0,12,154,0,0,11,0,0,0,0,0,0,0,86,0,41,0,0,0,0,0,0,0,0,0,0,0,106,0,0,0,0,0,0,0,0
"ASV416",0,0,0,0,0,0,0,0,0,0,0,0,0,0,0,0,0,0,0,0,0,0,0,0,0,24,0,0,0,21,0,0,0,31,0,10,0,0,0,48,0,0,0,0,0,0,0,0,0,0
"ASV417",0,0,0,0,0,0,0,0,0,0,0,0,0,0,0,0,0,0,0,0,0,0,0,0,0,0,0,0,0,0,0,0,0,0,0,0,0,0,0,0,0,0,0,0,0,0,0,0,0,0
"ASV418",0,0,0,0,0,0,0,0,0,0,0,0,0,0,0,32,0,0,0,0,0,0,0,0,0,0,0,0,0,0,0,0,0,0,0,0,0,0,0,0,0,0,0,0,0,0,0,0,0,0
"ASV419",0,0,0,0,0,0,0,0,0,0,0,0,6,0,0,5,0,0,0,0,0,0,0,0,0,0,0,0,0,0,0,0,0,0,0,0,0,0,0,0,0,0,0,0,0,0,0,0,0,0
"ASV420",0,0,0,0,12,0,0,0,0,0,0,0,5,0,0,0,0,0,0,0,0,0,0,0,0,0,0,0,0,29,0,0,0,0,0,0,0,0,0,0,0,0,0,0,0,0,0,0,0,0
"ASV421",0,0,9,5,0,0,0,0,0,3,0,0,0,0,0,12,0,10,0,0,0,0,0,0,0,0,0,0,0,0,0,0,0,0,0,0,0,0,0,0,0,0,0,0,0,0,0,0,0,0
"ASV422",5,0,0,0,0,0,4,0,0,0,0,0,0,0,0,0,0,0,0,14,0,0,0,0,0,0,0,27,0,0,0,0,0,0,0,0,0,0,0,0,0,0,0,0,0,0,0,0,0,0
"ASV423",0,0,0,0,0,0,0,0,0,0,0,0,0,0,0,0,0,25,0,0,0,0,0,0,0,0,0,0,0,0,0,0,0,0,0,0,0,0,0,0,0,0,0,0,0,0,0,0,0,0
"ASV424",0,0,0,0,0,0,0,0,0,0,0,0,0,2,0,0,0,0,0,0,0,0,0,0,0,0,0,0,0,0,0,0,0,0,0,0,0,0,0,0,0,0,0,0,0,0,0,0,0,0
"ASV425",0,0,0,0,161,0,0,0,0,0,0,59,0,0,0,0,0,0,0,0,0,0,0,0,0,0,0,0,0,0,0,0,0,0,0,0,0,0,0,0,0,0,0,0,0,0,0,0,0,0
"ASV426",0,0,0,7,0,4,0,3,0,0,0,0,0,0,0,0,0,0,0,7,3,0,0,0,3,0,0,0,13,92,0,0,0,8,0,9,43,0,0,0,0,0,0,0,0,0,2,0,0,0
"ASV427",0,0,0,0,0,0,0,0,0,0,3,0,0,0,0,0,0,0,0,0,0,0,0,0,0,0,0,0,0,0,0,0,0,0,0,0,0,0,0,0,0,0,0,0,0,0,0,0,0,0
"ASV428",0,0,4,0,0,0,0,0,0,0,0,0,0,0,0,0,0,0,0,0,0,0,0,0,0,0,0,0,0,0,0,0,0,0,0,0,0,0,0,0,0,0,0,0,0,0,0,0,0,0
"ASV429",0,0,0,37,0,0,11,0,90,16,60,0,97,0,0,0,0,4,0,0,0,0,0,0,0,0,0,0,0,0,0,0,0,0,0,0,0,0,0,0,0,0,0,0,0,0,0,0,0,0
"ASV430",0,0,0,0,0,0,0,0,0,20,0,0,0,0,0,0,0,0,0,0,0,0,0,0,0,0,0,0,0,0,0,0,0,0,37,0,0,0,0,0,0,0,0,0,0,0,0,0,0,0
"ASV431",0,0,0,0,0,0,0,0,0,0,0,0,0,0,0,0,0,0,0,0,0,0,0,0,0,0,0,0,0,0,31,29,0,0,0,0,9,0,6,16,0,0,0,0,0,0,33,0,0,0
"ASV432",0,0,12,0,0,0,0,0,0,0,10,0,0,0,0,0,0,0,0,0,0,0,0,2,0,0,0,87,0,0,0,0,0,0,0,68,0,0,0,0,0,0,0,0,0,0,0,0,7,0
"ASV433",0,0,6,0,21,0,0,0,5,0,13,0,4,0,0,0,0,0,0,33,0,0,35,0,0,9,0,26,0,30,0,0,0,10,0,33,0,0,0,0,0,0,0,0,0,0,0,14,11,0
"ASV434",0,0,0,0,0,0,0,0,0,0,0,0,0,0,0,0,0,0,0,0,0,0,0,0,0,0,392,0,0,0,32,0,0,0,0,0,0,0,0,0,95,0,0,0,19,0,0,0,0,0
"ASV435",9,0,0,0,0,0,0,0,0,0,0,0,0,0,0,0,0,0,0,0,0,0,0,0,0,106,0,0,0,0,0,0,0,0,0,0,0,0,0,0,0,0,0,0,0,0,0,0,0,0
"ASV436",0,0,0,0,6,0,0,0,77,0,0,5,0,0,0,0,0,0,0,0,0,84,8,0,16,0,0,0,0,11,0,0,0,32,0,0,10,0,0,0,0,0,0,0,0,0,276,0,0,25
"ASV437",0,0,0,0,0,0,0,0,0,0,0,0,0,0,0,0,0,0,0,0,0,0,0,0,0,0,0,0,0,0,0,0,0,0,0,0,0,0,0,0,0,0,0,0,0,0,0,0,0,0
"ASV438",0,0,0,0,0,0,0,0,0,0,0,0,0,0,0,0,0,0,0,0,0,0,0,0,0,0,0,0,0,0,0,0,0,0,0,0,0,0,0,0,0,0,0,0,0,0,0,0,0,0
"ASV439",0,0,0,0,0,0,0,0,0,0,0,0,0,0,0,0,0,0,0,8,0,0,0,0,0,0,0,0,0,0,0,0,0,0,0,0,0,0,0,0,0,0,0,0,0,0,0,0,0,0
"ASV440",0,0,0,0,0,0,0,0,0,0,0,0,0,0,0,0,0,0,0,0,0,0,0,0,0,0,0,31,0,0,0,0,0,0,0,0,0,0,0,0,0,0,0,0,0,0,0,0,0,0
"ASV441",0,0,0,0,0,0,0,0,0,0,0,0,0,0,0,0,0,0,0,0,0,0,0,0,0,0,0,0,0,0,0,0,0,0,0,8,0,0,0,0,0,0,0,0,0,0,0,0,0,0
"ASV442",0,0,0,0,0,0,0,0,5,0,0,0,0,0,0,0,0,0,0,0,0,0,0,0,0,0,0,0,0,0,0,0,0,0,0,0,0,0,0,0,0,0,0,0,0,0,0,0,0,0
"ASV443",0,0,0,0,0,0,0,0,0,0,0,0,0,0,0,0,0,0,0,0,0,0,0,0,0,0,0,0,0,0,0,0,0,0,0,0,0,0,0,0,0,0,0,0,0,0,0,0,0,0
"ASV444",0,0,0,0,0,0,0,0,0,0,0,0,0,0,0,0,0,0,0,0,0,0,0,0,0,0,0,0,0,0,0,0,0,0,0,0,0,0,0,0,0,0,0,0,0,0,0,0,0,0
"ASV445",0,0,0,68,0,0,0,0,0,0,0,0,0,0,0,0,0,303,0,0,0,0,0,0,0,0,0,0,83,0,0,0,0,0,0,11,0,0,0,0,0,0,0,0,0,0,0,0,0,0
"ASV446",0,0,20,0,0,0,0,0,0,0,50,0,0,0,0,0,0,0,20,9,0,0,0,0,0,4,0,69,0,53,0,0,0,0,0,57,0,0,0,0,0,0,0,19,0,0,0,0,0,0
"ASV447",0,0,0,0,0,0,0,0,0,0,0,0,0,0,0,0,0,0,0,0,0,0,0,0,0,0,0,0,0,0,0,0,0,0,0,0,0,0,0,0,0,0,0,0,0,0,0,0,0,0
"ASV448",4,7,0,0,7,0,0,0,0,0,0,8,0,0,0,3,0,0,0,0,0,0,0,0,0,0,0,72,0,12,0,0,0,0,0,3,0,0,0,0,0,0,0,0,0,0,6,0,2,0
"ASV449",0,0,0,9,0,0,0,0,0,0,0,0,0,0,0,0,0,0,0,0,0,0,0,0,0,0,0,12,8,0,0,0,0,0,0,74,0,0,0,0,0,0,0,0,0,0,0,0,0,0
"ASV450",0,0,0,0,0,0,0,0,0,0,0,0,0,0,0,0,0,0,0,0,0,0,0,0,5,0,0,0,0,0,0,0,0,0,0,0,0,0,0,0,0,0,0,0,0,0,0,0,0,0
"ASV451",0,0,0,0,0,0,0,0,0,0,0,0,0,0,0,0,0,0,0,0,0,0,0,0,0,0,0,0,0,0,0,0,0,0,0,0,0,0,0,0,0,0,0,0,0,0,0,0,0,0
"ASV452",0,0,0,0,0,0,0,0,0,0,0,0,0,0,0,0,0,0,0,0,0,11,0,0,24,0,0,0,0,0,0,0,0,0,0,0,0,0,0,0,0,0,0,0,0,0,0,0,0,0
"ASV453",0,0,0,0,0,0,0,0,0,0,0,0,0,0,0,0,0,0,0,0,0,0,0,0,0,0,0,0,0,0,0,0,0,0,0,0,0,0,0,0,0,0,0,0,0,0,0,0,0,0
"ASV454",0,0,2,0,0,0,0,0,0,0,0,0,0,0,0,0,0,8,0,0,0,0,0,0,0,0,0,0,0,0,0,0,0,0,0,4,0,0,0,0,0,0,7,0,0,0,0,0,0,0
"ASV455",0,0,0,0,0,0,0,0,0,0,0,0,0,0,0,0,0,0,0,0,0,0,0,0,0,0,0,0,0,0,0,2,0,0,0,0,0,0,0,0,0,0,0,0,0,0,0,0,0,0
"ASV456",0,0,0,0,0,0,0,0,17,0,14,0,0,0,0,0,0,0,0,0,0,0,0,0,0,0,0,0,0,0,0,0,0,13,0,0,0,0,0,0,0,0,0,0,0,0,0,0,0,0
"ASV457",0,0,0,0,0,0,0,0,0,0,0,0,0,0,0,0,0,0,0,0,0,0,0,0,0,0,0,0,0,0,0,0,0,0,0,0,0,0,0,0,0,0,0,0,0,0,0,0,0,0
"ASV458",0,0,0,0,0,0,0,0,0,0,0,0,0,0,0,0,0,0,0,16,0,0,0,0,0,0,0,0,0,0,0,0,0,0,0,44,0,0,20,0,0,0,0,0,17,0,0,0,0,0
"ASV459",5,0,0,0,0,5,0,0,0,0,0,0,0,0,0,0,0,0,0,0,5,0,4,2,0,0,0,0,0,0,0,0,0,0,0,0,0,0,0,0,0,0,0,0,0,0,0,0,0,0
"ASV460",0,0,0,0,0,0,0,0,0,0,0,0,0,0,0,0,0,0,0,0,0,0,0,0,0,6,0,0,0,0,4,0,0,0,0,0,0,0,0,0,0,0,0,0,0,0,0,0,0,0
"ASV461",0,0,0,0,0,0,0,0,0,0,0,0,127,0,0,0,0,0,0,0,0,0,0,0,0,0,0,0,0,0,0,0,0,0,0,0,0,19,0,0,0,0,0,0,0,0,0,0,0,0
"ASV462",0,0,131,0,6,0,0,0,0,0,0,0,0,0,0,0,0,0,0,8,0,0,0,0,0,0,0,261,0,0,0,0,0,0,0,0,0,0,0,0,0,0,0,0,0,0,0,0,0,0
"ASV463",0,0,0,0,0,0,0,0,0,0,0,0,0,0,0,0,0,5,0,35,0,0,0,0,0,0,0,0,0,0,0,0,0,0,0,0,0,0,0,0,0,0,0,0,25,0,9,0,0,0
"ASV464",0,0,0,0,0,0,0,0,0,0,0,0,0,0,0,0,6,0,0,0,0,0,0,0,0,0,0,0,0,0,0,0,0,0,0,0,0,0,0,0,0,0,0,0,0,0,0,0,0,0
"ASV465",0,0,0,0,0,0,0,0,0,0,13,0,0,0,0,0,0,0,0,0,0,0,6,0,0,0,0,0,0,0,0,0,0,0,0,26,0,0,0,0,0,0,0,0,0,0,0,0,0,0
"ASV466",0,0,4,0,6,0,0,0,0,0,4,0,0,0,0,0,0,31,0,0,0,0,0,9,0,0,0,37,0,0,0,0,0,0,0,0,0,0,0,0,0,0,30,0,0,0,0,0,32,0
"ASV467",0,0,15,116,0,0,0,0,0,46,0,0,0,0,0,0,0,0,0,0,0,0,0,0,0,0,0,22,101,0,0,0,0,0,42,0,0,0,0,0,0,0,0,0,0,0,0,0,0,0
"ASV468",5,0,30,0,587,0,70,0,3604,218,42,0,1397,0,403,8,0,0,0,7,0,8,0,0,0,6,0,112,0,365,0,84,0,2745,212,84,0,2074,91,394,0,0,0,12,0,0,0,0,0,0
"ASV469",0,0,0,0,0,0,0,0,0,0,0,0,0,0,0,0,0,0,0,0,0,0,0,0,0,0,0,0,0,0,0,0,0,0,0,6,0,0,0,0,0,0,0,0,0,0,0,0,0,0
"ASV470",0,0,0,0,0,0,0,0,0,0,0,0,0,0,0,0,0,0,0,0,0,0,0,0,0,0,0,0,0,0,0,0,0,0,0,0,0,0,0,0,0,0,0,0,0,0,0,0,0,0
"ASV471",456,0,0,0,100,93,0,4,156,0,0,29,0,0,28,18,0,72,2,0,0,11,55,0,45,0,0,8,0,66,19,0,0,11,0,0,46,0,7,0,0,0,38,5,0,0,111,7,29,10
"ASV472",0,7,0,17,0,44,0,0,0,0,0,0,0,0,44,58,0,0,8,0,8,0,26,21,0,732,0,23,25,0,6,0,0,96,0,0,0,0,0,150,20,0,0,14,0,0,12,0,44,35
"ASV473",0,0,0,0,0,0,0,0,0,2,0,9,0,0,9,0,0,15,0,0,0,0,18,32,0,0,0,0,0,0,0,0,0,0,0,0,0,0,8,0,0,0,0,0,0,0,0,0,0,0
"ASV474",5,0,0,0,0,0,0,0,0,0,0,0,0,0,4,0,0,0,0,0,0,0,0,0,0,0,0,0,0,0,0,0,0,0,0,0,0,0,0,0,0,0,0,0,0,0,0,0,0,0
"ASV475",0,0,0,0,0,0,0,0,0,0,0,0,0,0,0,0,0,0,0,0,0,0,0,0,0,0,0,0,0,0,0,0,0,0,0,0,0,0,0,0,0,0,0,5,0,0,0,0,0,0
"ASV476",0,0,0,0,0,0,0,0,0,0,0,0,0,0,0,0,0,0,0,15,0,0,6,10,0,0,0,161,0,85,0,0,0,0,0,0,0,0,0,0,0,0,0,0,0,0,0,0,75,0
"ASV477",0,0,0,0,0,0,0,0,0,0,0,0,0,0,0,0,0,9,0,13,0,0,71,0,0,0,0,0,0,0,0,0,0,0,0,0,0,0,0,0,0,0,9,0,0,0,26,23,0,12
"ASV478",0,0,0,0,0,0,13,0,0,0,0,0,0,0,0,0,0,0,0,0,0,0,0,0,0,0,0,0,0,29,0,86,0,0,0,0,0,0,0,0,0,0,0,0,0,0,0,0,0,0
"ASV479",0,0,0,0,0,0,0,0,0,0,0,0,0,0,0,0,0,0,0,0,0,0,0,0,0,0,0,0,0,0,0,0,0,0,0,3,0,0,0,0,0,0,0,0,0,0,0,0,0,0
"ASV480",0,0,0,0,0,0,0,0,0,0,0,0,0,0,0,0,0,0,0,0,0,0,0,0,0,0,0,0,0,0,0,0,0,0,0,0,0,0,0,0,0,0,0,0,0,0,0,0,0,0
"ASV481",0,0,0,0,0,0,0,0,0,0,10,0,0,0,0,0,0,0,0,0,0,0,0,0,0,0,0,0,0,0,0,0,0,0,0,45,0,0,0,0,0,0,0,0,0,0,0,0,0,0
"ASV482",0,0,0,0,0,0,0,0,0,0,0,0,0,0,0,0,0,0,0,0,0,0,0,0,0,0,0,0,0,0,0,0,0,0,0,10,0,5,0,0,0,0,0,0,0,0,0,0,0,0
"ASV483",0,0,0,0,4,0,0,0,51,18,0,0,0,13,0,0,0,9,14,6,0,0,0,0,0,0,0,0,0,8,0,0,0,38,22,0,0,5,52,0,0,0,0,55,0,0,0,0,9,0
"ASV484",0,0,0,0,0,0,0,0,0,0,0,0,0,0,0,0,0,0,0,0,0,0,0,0,0,0,0,0,0,0,0,0,0,0,0,0,0,0,0,0,0,0,0,0,0,0,0,0,0,0
"ASV485",0,0,0,0,0,0,0,0,0,0,0,0,0,0,0,0,0,0,0,10,0,0,0,0,0,0,0,0,0,0,0,0,0,0,0,0,0,0,0,0,0,0,0,0,0,0,0,0,0,0
"ASV486",0,0,0,0,0,0,0,0,0,0,0,2,0,0,0,0,0,0,0,0,0,0,0,0,0,0,0,0,0,0,0,0,0,0,0,0,120,0,0,0,0,0,0,0,0,0,0,0,0,0
"ASV487",0,203,0,9,4,83,15,14,0,0,11,1407,0,0,148,1205,74,361,0,0,73,28,0,78,0,0,88,0,24,13,15,0,0,0,0,40,1695,0,0,168,337,52,115,0,0,36,6,0,132,0
"ASV488",0,0,0,0,0,0,0,0,0,0,0,0,0,0,0,0,0,0,0,0,0,0,0,0,0,0,0,0,0,0,0,0,0,0,0,0,0,0,0,0,0,0,0,0,0,0,0,0,0,0
"ASV489",0,0,0,0,0,0,0,0,0,0,0,0,0,0,0,0,0,0,0,18,0,0,0,0,0,0,0,0,0,0,0,0,0,0,0,0,0,0,0,0,0,0,0,0,0,0,0,0,0,0
"ASV490",0,199,0,0,280,0,0,0,0,0,0,0,0,0,0,0,0,5,0,0,0,0,0,0,0,0,84,0,0,66,0,0,0,0,0,0,0,0,0,0,0,0,0,0,0,0,0,0,0,0
"ASV491",0,0,0,0,0,0,0,0,0,0,0,0,0,0,0,0,0,0,0,0,0,0,0,0,0,0,0,0,7,0,0,0,0,0,0,0,0,0,0,0,0,6,0,0,0,0,0,0,0,0
"ASV492",0,0,0,0,0,0,0,0,0,0,0,0,0,0,0,0,0,0,0,12,0,0,0,0,0,0,0,0,0,0,0,0,0,0,0,0,0,0,0,0,0,0,0,0,0,0,0,0,0,0
"ASV493",0,0,0,0,0,0,0,0,0,0,12,0,0,0,0,0,0,0,0,7,0,0,0,0,0,0,0,0,0,0,0,0,0,0,0,38,0,0,0,0,0,0,0,0,0,0,0,0,0,0
"ASV494",0,0,37,10,0,0,0,0,0,6,60,0,0,0,0,0,0,0,55,10,0,0,0,7,0,0,0,91,16,0,0,0,0,0,0,131,0,0,0,0,0,0,0,78,0,0,0,0,15,0
"ASV495",0,0,0,0,0,0,0,0,0,0,0,0,0,0,0,0,0,0,0,0,0,0,0,0,0,0,0,0,0,0,0,0,0,0,0,0,0,0,0,0,0,0,0,0,0,0,0,0,0,0
"ASV496",0,0,0,0,0,0,0,0,0,0,0,0,0,0,0,0,0,0,0,0,0,0,0,0,0,0,0,0,0,0,0,0,0,0,0,0,0,23,0,0,0,0,0,0,0,0,0,0,0,0
"ASV497",0,0,0,0,3,0,0,0,0,0,4,0,0,0,0,0,0,14,0,0,0,0,0,0,0,0,0,0,0,0,0,0,0,0,0,0,0,0,0,0,0,0,0,0,0,0,0,0,0,0
"ASV498",0,0,0,0,0,0,0,0,10,0,0,0,0,0,0,0,0,0,0,0,0,0,0,0,0,0,0,0,0,0,0,0,0,0,0,0,0,0,0,0,0,0,0,0,0,0,0,0,0,0
"ASV499",0,0,0,0,0,0,0,0,0,0,0,0,0,0,0,0,0,0,0,0,0,0,0,0,0,0,0,0,0,0,0,0,0,0,0,0,0,0,0,0,0,0,0,0,0,0,0,0,0,0
"ASV500",0,0,0,0,0,0,0,0,0,0,0,0,0,0,0,0,0,0,0,0,0,0,0,0,0,0,0,0,0,0,0,0,0,0,0,0,0,0,0,0,0,0,0,0,0,0,8,0,0,0
"ASV501",0,0,0,0,2,0,0,0,59,0,0,0,0,0,0,0,0,0,20,10,0,0,3,0,0,0,0,0,0,0,0,0,0,24,0,0,0,0,0,0,0,0,0,3,0,0,0,0,0,0
"ASV502",0,0,46,0,0,0,13,0,0,0,0,0,0,0,0,0,0,0,0,0,0,0,0,0,0,0,0,198,4,0,0,17,0,0,0,0,0,0,0,0,0,0,0,10,0,0,0,0,0,0
"ASV503",0,0,0,0,0,0,0,0,0,0,0,0,0,0,0,0,0,0,0,0,0,0,0,0,0,0,0,0,0,0,0,0,0,0,0,0,0,0,0,0,0,0,0,0,0,0,66,0,0,0
"ASV504",0,0,0,0,0,0,0,0,0,0,0,0,0,0,0,0,0,0,0,0,0,0,0,0,0,0,0,0,0,0,0,0,0,0,0,0,0,0,0,0,0,0,0,0,0,0,0,0,0,0
"ASV505",4,3,0,0,0,0,0,0,0,4,0,0,0,0,4,0,0,0,0,6,0,0,0,4,15,0,0,0,0,0,0,0,0,0,5,0,0,0,0,31,0,0,0,0,0,0,0,0,11,32
"ASV506",0,0,0,0,0,0,0,0,0,0,0,0,0,0,0,0,0,0,0,0,0,0,0,0,0,0,0,0,0,0,0,0,0,0,0,0,0,0,0,0,0,0,0,0,0,0,0,0,0,0
"ASV507",0,0,0,0,0,0,0,0,0,0,0,0,0,0,0,0,0,0,0,0,0,0,0,0,0,0,0,0,0,0,0,0,0,0,0,0,0,0,0,0,0,0,0,0,0,0,0,0,0,0
"ASV508",0,0,0,0,0,0,0,0,0,0,12,0,0,0,0,0,0,0,0,0,0,0,0,0,0,0,0,0,0,0,0,0,0,0,6,21,0,0,0,0,0,0,0,0,0,0,0,0,0,0
"ASV509",0,0,0,0,0,0,0,0,0,0,0,0,0,0,0,0,0,0,20,0,0,0,0,0,0,0,0,7,0,0,0,0,0,0,0,0,0,0,0,0,0,0,0,54,0,0,0,0,0,0
"ASV510",0,0,0,0,3,0,0,0,0,0,0,0,0,0,0,0,0,0,0,0,0,0,0,0,0,0,0,0,0,0,0,0,0,0,0,0,0,0,0,0,0,0,0,0,0,0,0,0,0,0
"ASV511",0,0,0,0,0,0,0,0,0,0,0,0,0,0,0,16,0,0,0,0,0,0,0,0,0,0,0,0,0,0,0,0,0,0,0,0,0,0,0,0,0,0,0,0,0,0,0,0,0,0
"ASV512",0,0,0,0,0,0,0,0,0,0,0,0,0,0,0,0,0,0,0,8,0,0,0,0,0,0,0,0,0,0,0,0,0,0,0,0,0,0,0,0,0,0,0,0,7,0,0,0,0,0
"ASV513",0,0,0,0,0,0,0,0,0,0,0,0,0,0,0,0,0,0,0,0,0,0,0,0,0,0,0,0,0,0,0,0,0,0,0,14,0,0,0,0,0,0,0,0,0,0,0,0,0,0
"ASV514",0,0,25,0,0,0,0,0,13,0,0,0,0,0,0,0,0,0,0,109,0,0,0,0,0,0,0,0,0,0,0,0,0,0,0,0,0,0,0,0,0,0,0,0,0,0,0,0,0,0
"ASV515",0,0,0,0,0,0,0,0,0,7,0,0,0,0,0,0,2,6,0,0,0,0,0,0,0,0,0,0,0,0,0,0,0,0,0,0,0,0,0,0,0,0,0,0,0,0,0,0,0,0
"ASV516",0,0,10,0,0,0,0,0,0,0,0,0,0,0,0,0,0,0,0,42,0,0,0,0,0,0,0,0,0,0,0,0,0,0,0,0,0,0,0,0,0,0,0,0,0,0,0,0,0,0
"ASV517",0,0,0,0,113,0,0,0,0,0,0,0,0,0,0,0,0,0,0,0,0,0,0,2,0,0,0,0,0,0,0,0,0,0,0,0,0,0,0,0,0,0,0,0,0,0,0,0,0,0
"ASV518",0,0,0,0,0,0,0,0,0,0,0,0,0,0,0,0,0,0,0,0,0,0,0,0,0,0,0,0,0,0,0,0,0,0,0,0,0,0,0,0,0,0,0,0,0,0,0,0,0,0
"ASV519",0,0,0,0,0,0,0,0,0,0,0,0,0,0,0,0,0,0,0,0,0,0,0,0,0,0,0,0,0,0,0,0,0,0,0,0,0,0,0,0,0,0,0,0,0,0,11,0,0,0
"ASV520",0,0,0,0,0,0,0,0,0,0,0,0,0,0,0,0,0,0,0,0,0,21,0,0,0,0,0,0,0,0,0,0,0,0,0,8,0,0,0,0,0,0,0,0,0,0,27,0,0,0
"ASV521",0,280,0,0,0,0,0,0,0,0,0,0,0,0,0,230,0,0,0,0,44,0,23,0,0,0,76,0,0,0,0,0,0,0,0,0,0,0,0,0,61,0,0,0,0,15,0,0,0,0
"ASV522",0,0,0,0,0,0,0,0,0,0,0,0,0,0,0,0,0,0,0,0,0,0,0,0,0,0,0,0,0,0,0,0,0,0,0,0,0,0,0,0,0,0,0,0,0,0,0,0,0,0
"ASV523",0,0,0,0,0,0,0,0,0,0,0,0,0,0,0,0,0,0,0,0,0,0,0,0,0,0,0,0,0,0,0,0,0,0,0,0,0,0,9,0,0,0,0,0,0,0,0,0,0,0
"ASV524",0,0,0,0,0,0,0,0,0,0,0,0,0,0,0,0,0,0,0,0,0,0,0,0,0,0,0,0,0,0,0,0,0,0,0,0,0,1902,0,0,0,114,0,0,57,0,0,0,0,0
"ASV525",0,0,0,0,0,0,0,0,0,8,0,48,0,0,0,7,0,0,0,0,0,0,0,0,0,0,0,0,0,0,0,0,0,0,0,0,0,0,0,0,27,0,0,0,0,0,0,0,12,0
"ASV526",98,24,19,47,11,3249,544,4340,37,2606,5,284,22,3197,5102,7,66,181,0,0,2955,3320,920,6602,6511,0,0,0,0,0,0,0,0,3,0,0,0,0,0,5,0,0,0,8,0,0,0,5,0,0
"ASV527",0,0,0,0,0,0,0,347,0,0,0,0,0,7,0,0,0,18,0,0,0,0,0,0,0,0,0,0,0,0,0,0,0,0,0,0,0,0,0,0,0,0,0,0,0,0,0,0,0,0
"ASV528",0,0,0,0,0,0,0,0,0,0,0,0,0,0,0,0,0,0,0,0,0,2012,0,0,268,0,0,0,0,0,0,0,0,0,0,0,0,0,0,0,0,0,0,0,0,0,0,0,0,0
"ASV529",0,107,0,0,0,0,0,0,0,0,0,0,0,0,0,0,0,0,0,0,0,0,0,0,0,0,0,0,0,0,0,0,0,0,0,0,0,0,0,0,0,0,0,0,0,0,0,0,0,0
"ASV530",0,0,0,0,0,0,0,0,0,0,0,0,0,10,0,0,0,0,0,0,0,0,0,0,0,0,0,0,0,0,0,0,0,0,0,0,0,0,0,0,0,0,0,0,0,0,0,0,0,0
"ASV531",0,0,0,0,0,0,0,0,0,0,0,0,0,0,0,0,0,0,0,0,0,727,0,0,0,0,0,0,0,0,0,0,0,0,0,0,0,0,0,0,0,0,0,0,0,0,0,0,0,0
"ASV532",0,0,0,217,0,0,0,0,22,77,0,0,0,0,0,0,0,0,0,0,0,0,0,0,0,0,0,0,0,0,0,0,0,0,0,0,0,0,0,0,0,0,0,0,0,0,0,0,0,0
"ASV533",747,5,0,0,0,6,0,0,0,0,0,0,0,0,0,0,0,0,0,0,0,0,6,0,0,0,0,0,0,0,0,0,0,0,0,0,0,0,0,0,0,0,0,0,0,0,0,0,0,0
"ASV534",0,0,0,0,0,0,0,0,0,0,0,0,0,0,0,0,0,0,0,0,0,0,0,18,0,0,0,0,0,0,0,0,0,0,0,0,0,0,0,0,0,0,0,0,0,0,0,0,0,0
"ASV535",0,0,22,29,0,0,0,0,97,0,0,0,8,0,0,10,0,15,0,0,0,0,7,0,0,0,0,0,0,0,0,0,0,0,0,0,0,0,0,0,0,0,0,0,0,0,0,0,0,0
"ASV536",0,10,0,0,0,0,0,0,0,0,0,0,0,0,0,0,0,0,0,0,0,0,0,0,0,0,0,0,0,0,0,0,0,0,0,0,0,0,0,0,0,0,0,0,0,0,0,0,0,0
"ASV537",0,0,0,0,0,0,0,0,0,0,0,6,0,0,0,0,0,0,0,0,0,8,0,0,0,0,0,0,0,0,0,0,0,0,0,0,0,0,0,0,0,0,0,0,0,0,0,0,0,0
"ASV538",0,11,0,0,0,0,0,0,0,0,0,0,0,0,0,0,0,0,0,0,0,0,0,0,0,0,0,0,0,0,0,0,0,0,0,0,0,0,0,0,0,0,0,0,0,0,0,0,0,0
"ASV539",4,0,0,0,0,0,134,28,9,281,0,121,0,320,581,8,0,1419,0,0,0,2384,752,189,388,0,0,0,0,0,0,0,0,0,0,0,0,0,0,0,0,0,0,0,0,0,0,0,0,0
"ASV540",0,119,0,0,0,0,0,0,0,0,0,0,0,0,0,0,0,0,0,0,0,36,0,0,0,0,0,0,0,0,0,0,0,0,0,0,0,0,0,0,0,0,0,0,0,0,0,0,0,0
"ASV541",0,24,0,0,0,0,0,0,0,0,0,0,0,0,0,0,0,4,0,0,0,0,0,0,0,0,0,0,0,0,0,0,0,0,0,0,0,0,0,0,0,0,0,0,0,0,0,0,0,0
"ASV542",0,0,0,0,0,54,15,170,27,0,0,0,0,0,8,0,0,121,0,0,0,0,10,7,0,0,0,0,0,0,0,0,0,0,0,0,0,0,0,0,0,0,0,0,0,0,0,0,0,0
"ASV543",0,0,0,0,0,0,24,36,0,0,0,0,0,33,0,0,0,71,0,0,0,0,101,9,0,0,0,0,0,0,0,0,0,0,0,0,0,0,0,0,0,0,0,0,0,0,0,0,0,0
"ASV544",0,0,0,0,0,0,0,0,0,0,0,0,0,0,0,0,0,0,0,0,0,0,9,0,0,0,0,36,0,0,0,0,0,0,0,0,0,0,0,0,0,0,0,0,0,0,0,0,0,0
"ASV545",8,75,0,0,0,0,0,0,0,0,0,0,0,24,0,0,0,0,0,0,0,0,0,22,538,171,157,0,19,0,6,12,0,0,0,0,0,0,384,0,0,17,0,0,0,28,20,0,361,3123
"ASV546",0,0,0,0,0,0,0,0,0,0,0,0,0,884,0,0,0,0,0,0,0,0,0,84,0,0,0,0,0,0,0,0,0,0,0,0,0,0,0,0,0,0,0,0,0,0,0,0,0,0
"ASV547",0,4028,0,749,107,1477,0,1697,0,0,0,84,0,0,0,141,32,572,0,0,627,0,0,0,0,35,11602,93,10679,880,2306,0,541,0,25,0,502,0,123,0,428,64,2159,22,0,5297,0,0,93,0
"ASV548",0,0,0,0,0,0,0,0,0,0,0,0,0,0,0,0,362,8,0,0,0,0,0,0,0,0,0,0,0,0,0,0,0,0,0,0,0,0,0,0,0,255,0,0,0,0,0,0,0,0
"ASV549",0,0,0,0,0,0,0,0,0,0,0,0,0,0,0,0,31,0,0,0,0,0,0,0,0,0,0,0,0,0,0,0,0,0,0,0,0,0,0,0,0,26,0,0,0,0,0,0,0,0
"ASV550",0,0,0,0,17,0,6,0,0,0,0,0,0,24,0,0,0,0,0,0,0,0,0,0,0,0,3,0,0,0,0,0,0,0,0,0,0,0,85,0,3,0,0,0,0,0,0,0,15,0
"ASV551",0,0,0,0,0,0,0,0,0,0,0,0,0,0,0,0,0,0,0,0,0,0,0,0,0,0,0,0,0,0,0,0,0,0,0,0,0,0,0,0,0,0,0,0,0,0,0,0,0,0
"ASV552",0,0,0,0,0,0,0,0,0,0,0,65,0,0,0,70,0,6,0,0,0,0,0,0,0,0,0,0,0,0,0,0,0,0,0,0,0,0,0,0,2,0,0,0,0,0,0,0,0,0
"ASV553",0,0,0,0,0,0,0,0,0,0,0,0,0,0,0,0,0,0,0,0,0,0,0,0,0,0,0,0,0,0,0,0,0,0,0,0,0,0,0,0,0,0,0,0,0,0,0,0,0,0
"ASV554",0,0,0,0,0,0,0,0,0,0,0,0,0,0,0,0,0,0,0,0,0,0,0,0,125,0,0,0,0,0,0,0,0,0,0,0,0,0,0,0,0,0,0,0,0,0,72,0,0,5561
"ASV555",0,0,0,0,0,0,0,0,0,0,0,0,0,0,0,0,0,0,0,0,0,0,0,0,603,0,0,0,0,0,0,0,0,0,0,0,0,0,0,0,0,0,0,0,0,0,0,0,0,0
"ASV556",10,0,0,2,0,0,4,0,0,0,0,0,10,2,0,4,0,0,0,0,0,0,0,0,0,2378,169,49,793,326,1944,649,3598,528,0,9,2596,5,0,0,6414,9,2373,0,0,1252,11,51,905,0
"ASV557",0,0,0,0,18,0,0,0,0,0,0,0,0,0,0,43,0,0,0,0,0,0,0,0,0,0,0,0,0,0,0,0,0,0,0,0,0,0,1091,0,0,0,0,0,0,0,0,0,61,0
"ASV558",0,0,0,0,0,0,0,0,0,0,0,0,0,0,0,0,0,0,0,0,0,0,0,0,0,0,0,0,0,0,0,0,0,0,0,0,0,0,0,0,0,0,0,0,0,0,0,0,0,0
"ASV559",0,0,0,0,0,0,0,0,0,0,0,0,0,0,0,0,2,0,0,0,0,0,0,0,0,0,0,0,0,0,0,0,0,0,0,0,0,0,0,0,0,0,0,0,0,0,0,0,0,0
"ASV560",0,0,0,0,0,0,0,0,0,0,0,0,0,0,0,0,0,0,0,0,0,0,0,0,0,0,0,0,0,0,0,0,0,0,0,0,0,0,0,0,0,0,0,0,0,0,0,0,0,0
"ASV561",0,0,0,0,0,0,0,0,0,0,0,0,0,0,0,0,0,0,2,0,0,0,0,0,0,0,0,0,0,0,0,0,0,0,0,0,0,0,0,0,0,0,0,0,0,0,0,0,0,0
"ASV562",1864,622,0,82,110,1928,5390,2675,91,0,0,1282,1577,0,0,3292,5,1035,0,0,1476,0,65,73,0,4368,1588,101,810,320,3620,7701,4317,309,30,0,6025,5699,16,0,4681,114,1840,0,0,3205,12,155,522,0
"ASV563",0,0,0,0,0,0,0,0,0,0,0,0,0,0,0,0,0,0,0,0,2,0,0,0,0,0,0,0,0,0,0,0,0,0,0,0,0,0,0,0,0,0,0,0,0,0,0,0,0,0
"ASV564",0,0,0,0,0,0,0,0,0,39,0,0,8,0,0,0,0,0,0,0,0,0,9,0,0,0,0,12,0,0,0,27,0,0,178,22,0,108,56,35,0,0,0,0,0,0,0,0,0,0
"ASV565",0,0,0,0,0,0,0,0,0,32,0,0,0,0,0,0,0,0,0,0,0,0,0,14,0,0,0,0,0,0,0,0,0,0,257,0,0,0,3,0,0,0,0,0,0,0,0,0,254,0
"ASV566",0,0,0,0,0,24,0,0,0,0,0,0,0,0,0,0,0,0,0,0,0,0,0,0,0,3,0,0,0,0,0,0,0,0,0,0,0,0,0,0,0,0,0,0,0,0,0,0,0,0
"ASV567",0,0,0,0,0,0,0,0,0,0,0,0,0,0,0,0,0,0,0,0,0,0,0,0,0,0,0,0,0,0,0,0,0,0,0,0,0,0,0,0,0,0,0,0,0,0,0,0,0,0
"ASV568",0,0,2,0,0,0,0,0,0,0,0,0,0,0,0,0,0,0,0,0,0,0,0,0,0,0,0,10,0,0,0,0,0,0,0,18,0,0,0,0,0,0,0,0,0,0,0,0,0,0
"ASV569",0,0,110,107,26,0,35,13,140,9,79,0,23,0,0,0,0,10,146,57,0,0,4,0,0,0,0,0,0,0,0,0,0,0,0,0,0,0,0,0,0,0,0,0,0,0,0,0,0,0
"ASV570",0,0,0,0,0,0,0,0,0,0,0,0,0,2,0,0,0,0,0,0,0,0,10,20,0,0,0,0,0,0,0,0,0,0,0,90,0,0,24,0,0,0,0,0,11,0,0,0,44,0
"ASV571",0,0,0,0,0,0,0,0,0,0,10,0,0,0,0,0,0,0,0,12,0,0,0,0,0,0,0,0,0,0,0,0,0,0,0,50,0,0,0,0,0,0,0,0,0,0,0,0,0,0
"ASV572",0,0,0,0,0,0,0,0,0,0,0,0,0,0,0,0,0,0,0,42,0,0,0,0,0,38,0,0,0,0,0,0,0,0,0,0,0,0,0,0,0,0,0,0,0,0,0,0,0,0
"ASV573",0,0,0,0,0,0,0,0,0,0,0,0,0,0,0,0,0,0,17,127,0,0,0,0,0,0,0,0,0,0,0,0,0,0,0,0,0,0,0,0,0,0,0,0,0,0,0,0,0,0
"ASV574",0,0,0,0,0,0,0,0,21,0,23,0,0,0,0,0,0,0,0,0,0,0,0,0,0,0,0,0,0,0,0,0,0,0,0,0,0,0,0,0,0,0,0,0,0,0,0,0,0,0
"ASV575",0,0,0,0,0,0,0,0,0,0,0,0,0,0,0,0,0,0,0,0,0,0,0,0,0,0,0,0,0,0,0,0,0,0,0,0,0,0,0,0,0,0,0,0,0,0,0,0,0,0
"ASV576",0,0,0,0,0,0,0,0,0,0,9,0,0,0,0,0,0,0,0,0,0,0,0,0,0,0,0,0,0,0,0,0,0,0,0,17,0,0,0,0,0,0,0,0,0,0,0,0,0,0
"ASV577",0,0,1,0,0,0,0,0,0,0,0,0,0,0,0,0,0,0,0,0,0,0,0,0,0,0,0,6,0,0,0,0,0,0,0,0,0,0,0,0,0,0,0,0,0,0,0,0,0,0
"ASV578",0,37,0,0,432,29,10,0,31,0,90,1431,5,155,0,783,0,0,0,20,0,0,0,234,0,0,0,0,0,0,0,69,0,0,0,0,0,0,0,0,0,0,0,0,0,0,0,0,70,0
"ASV579",0,0,0,0,0,0,0,0,0,0,0,0,0,0,0,0,0,0,0,0,0,0,0,0,0,3,0,0,0,0,0,0,0,0,15,0,0,0,0,0,0,0,0,0,0,0,0,0,0,0
"ASV580",0,0,0,0,0,0,0,0,0,0,3,0,0,0,0,0,0,0,0,0,0,0,0,0,0,0,0,0,0,0,0,0,0,0,0,0,0,0,0,0,0,0,0,0,0,0,0,0,0,0
"ASV581",29,0,0,0,53,0,0,0,38,0,0,0,0,0,0,0,0,0,0,0,0,0,0,0,0,448,0,0,61,381,0,0,0,244,0,0,0,0,0,0,0,0,15,0,83,0,60,0,0,21
"ASV582",0,0,0,0,0,0,0,0,0,0,0,0,0,0,0,0,0,0,0,0,0,0,0,0,0,0,0,0,0,0,0,0,0,0,0,13,0,0,0,0,0,0,0,0,0,0,0,0,0,0
"ASV583",0,0,0,0,0,0,0,0,0,0,0,0,0,0,0,0,0,0,0,0,0,0,0,0,0,0,0,0,0,0,0,0,0,0,0,0,0,0,0,0,0,0,0,0,0,0,0,0,35,0
"ASV584",0,0,0,0,4,0,0,0,0,0,0,0,0,0,0,0,0,0,0,4,0,0,0,0,0,0,0,0,0,0,0,0,0,0,0,4,0,0,0,0,0,0,0,0,0,0,0,0,0,0
"ASV585",0,0,0,0,0,0,0,0,0,0,0,0,0,0,0,0,0,0,0,14,0,0,0,0,0,0,0,0,0,0,0,0,0,0,3,128,0,6,0,0,0,0,0,27,0,0,0,0,0,0
"ASV586",0,0,0,0,0,0,0,0,0,0,0,0,0,0,0,0,0,0,0,0,0,0,0,0,0,0,0,0,0,0,0,0,0,0,0,0,0,0,0,0,0,0,0,0,0,0,0,0,0,0
"ASV587",0,0,0,0,0,0,0,0,3,0,0,0,0,0,0,0,0,0,0,0,0,0,0,0,0,0,0,0,0,0,0,0,0,0,0,0,0,0,0,0,0,0,0,0,0,0,0,0,0,0
"ASV588",0,0,0,0,12,0,4,0,0,0,0,0,0,0,0,0,0,10,0,0,0,0,138,0,0,0,0,0,0,18,0,0,0,0,0,0,0,0,0,0,0,0,8,0,0,0,0,71,0,0
"ASV589",471,624,0,362,0,0,0,0,0,0,0,171,0,0,0,0,12,0,0,13,0,0,0,0,0,571,161,0,832,0,0,0,0,0,0,13,35,0,4,3,0,0,0,0,8,0,0,0,12,0
"ASV590",0,0,0,0,0,0,0,0,0,0,0,0,0,0,0,35,0,0,0,0,0,0,0,0,0,0,0,0,0,0,0,0,0,0,0,4,0,0,0,0,0,0,0,0,0,0,0,0,0,0
"ASV591",0,0,0,0,0,0,0,0,0,0,0,0,0,0,0,0,0,0,0,0,0,0,0,0,0,0,0,0,0,0,0,0,0,0,0,0,0,0,0,0,0,0,0,0,0,0,0,0,0,0
"ASV592",0,0,0,0,0,0,0,0,0,0,0,0,0,0,0,0,0,0,0,0,0,0,0,0,0,0,0,0,0,0,0,0,0,0,0,0,0,0,0,0,0,0,0,0,0,0,0,0,0,0
"ASV593",0,0,0,0,0,0,0,0,0,0,0,0,0,0,0,10,0,0,0,0,0,0,0,0,0,0,0,0,0,0,0,0,0,0,0,0,0,0,0,0,3,0,0,0,0,0,0,0,0,0
"ASV594",0,0,0,0,0,0,0,0,0,0,0,0,0,0,0,0,0,0,0,0,0,0,0,0,0,0,0,61,0,0,0,0,0,0,0,0,0,4,0,0,0,0,0,0,0,0,0,0,0,0
"ASV595",0,0,0,0,0,0,36,0,0,0,0,0,0,0,0,0,0,0,0,0,0,0,15,0,0,0,0,0,0,0,0,78,0,0,0,0,0,0,0,0,0,0,0,0,0,0,0,7,0,0
"ASV596",6,0,0,0,0,0,0,0,0,0,0,0,0,0,0,0,0,0,0,0,0,0,0,0,0,0,0,0,0,0,0,0,0,0,0,0,0,0,0,0,0,0,0,0,0,0,0,0,0,0
"ASV597",0,0,0,0,0,0,0,0,0,0,0,0,0,0,0,0,0,4,0,0,0,0,0,0,0,0,0,0,0,0,0,0,0,0,0,0,0,0,0,0,0,0,0,0,0,0,0,0,0,0
"ASV598",0,0,0,0,0,0,0,0,0,25,54,0,11,0,0,0,0,0,53,0,0,0,0,0,0,0,0,0,0,0,0,0,0,0,0,0,0,0,0,0,0,0,0,0,0,0,0,0,0,0
"ASV599",423,0,4,18,364,0,93,0,180,0,0,0,0,127,0,0,0,0,0,23,0,0,654,73,0,4859,0,146,135,1210,0,456,0,551,0,0,0,0,1351,0,0,0,0,0,26,0,0,1065,706,0
"ASV600",0,0,0,0,0,0,0,0,0,0,174,0,283,0,0,0,0,0,0,0,0,0,0,0,0,0,0,0,0,0,0,0,0,0,0,0,0,0,0,0,0,0,0,0,0,0,0,0,0,0
"ASV601",0,0,0,0,0,0,0,0,0,0,4,0,0,0,0,0,0,0,0,0,0,0,0,0,0,0,0,0,0,0,0,0,0,0,0,0,0,0,0,0,0,0,0,0,0,0,0,0,0,0
"ASV602",0,0,0,0,0,0,0,0,0,0,0,0,12,0,0,0,0,0,0,0,0,0,0,0,0,0,0,0,0,0,0,0,0,0,0,0,0,0,0,0,0,0,0,0,0,0,0,0,0,0
"ASV603",0,0,0,0,0,0,0,0,0,0,0,0,0,0,0,0,0,0,0,224,0,0,0,0,0,0,0,0,0,0,0,0,0,0,0,0,0,0,0,0,0,0,0,0,210,0,0,0,0,0
"ASV604",0,0,0,0,0,0,0,0,0,0,0,0,47,0,0,0,0,0,0,0,0,0,0,0,0,0,0,0,0,0,0,0,0,0,0,0,0,0,0,0,0,0,0,0,0,0,0,0,0,0
"ASV605",0,0,0,0,0,0,0,0,0,0,0,0,0,0,0,0,0,0,0,8,0,0,0,0,0,0,0,0,0,0,0,0,0,0,8,0,0,0,0,0,0,0,0,0,0,0,0,0,0,0
"ASV606",124,0,62,42,174,0,27,0,12,0,0,0,0,14,0,0,0,0,6,201,0,0,25,45,0,135,0,23,11,116,0,40,0,20,2,0,0,9,29,0,0,0,2,22,49,0,0,7,66,0
"ASV607",0,0,0,0,0,0,0,0,0,0,0,0,0,0,0,0,0,0,0,0,0,0,0,0,0,0,0,24,0,0,0,0,0,0,0,0,0,0,38,0,0,0,0,0,0,0,0,0,0,0
"ASV608",0,0,0,0,0,0,0,0,0,0,0,0,0,0,0,0,128,0,0,0,0,0,0,0,0,0,0,0,0,0,0,0,0,0,0,0,0,0,0,0,0,97,0,0,0,0,0,0,0,0
"ASV609",4,0,0,0,7,5,0,0,0,0,74,0,0,0,0,7,54,0,0,85,0,0,77,0,0,0,0,20,0,0,0,0,0,0,0,111,0,0,0,0,0,48,0,0,17,0,0,21,0,0
"ASV610",0,0,0,0,0,0,0,0,0,0,0,0,0,0,0,0,0,0,0,0,0,0,0,0,0,0,0,0,0,0,0,0,0,0,0,14,0,0,0,0,0,0,0,0,0,0,0,0,0,0
"ASV611",0,0,0,23,0,0,25,0,0,25,0,2158,0,92,0,34,0,0,0,0,0,0,0,0,0,0,0,0,36,0,0,22,0,0,36,0,976,63,166,0,0,0,0,0,0,0,0,0,0,0
"ASV612",0,0,0,0,36,0,0,0,0,0,0,0,0,0,0,0,0,0,0,0,0,0,0,0,0,0,0,0,0,0,0,0,0,0,0,0,0,0,0,0,0,0,0,0,0,0,0,0,0,0
"ASV613",0,0,0,0,4,0,0,0,0,0,0,0,2,0,0,0,0,0,0,0,0,0,0,0,0,0,0,9,0,0,0,0,0,0,0,0,0,0,0,0,0,0,0,0,0,0,0,0,0,0
"ASV614",0,0,40,0,0,0,0,0,0,0,16,0,0,3,0,0,0,0,0,47,0,0,0,0,0,0,0,65,0,0,0,0,0,0,0,17,0,0,11,0,0,0,0,0,0,0,0,0,0,0
"ASV615",0,0,10,0,0,0,0,0,0,0,11,0,0,0,0,0,0,0,0,23,0,0,0,0,0,0,0,0,0,0,0,0,0,0,0,12,0,0,0,0,0,0,0,0,0,0,0,0,0,0
"ASV616",0,0,118,152,0,0,0,0,0,0,4,0,0,6,0,0,0,66,0,6,0,0,0,0,0,0,0,87,60,0,0,0,0,0,0,9,0,0,10,0,0,0,7,0,0,0,0,0,0,0
"ASV617",94,7,29,0,37,193,0,36,0,0,0,0,0,31,24,43,0,63,3,50,96,209,139,227,174,74,0,59,0,0,16,0,0,11,0,0,3,0,43,19,12,0,27,0,0,23,102,7,367,92
"ASV618",0,0,2,0,0,0,0,0,0,0,0,0,0,0,0,0,0,0,0,0,0,0,0,0,0,0,0,0,0,0,0,0,0,0,0,0,0,0,0,0,0,0,0,0,0,0,0,0,0,0
"ASV619",0,0,0,0,0,0,0,0,0,0,0,0,0,0,0,0,0,0,0,0,0,8,0,0,0,0,0,0,0,0,0,0,0,0,0,5,0,0,0,0,0,0,0,0,0,0,37,0,0,0
"ASV620",0,0,0,0,0,0,0,0,0,0,0,0,0,0,0,0,0,0,0,0,0,0,0,0,0,0,0,0,0,0,0,0,0,0,0,0,0,0,0,0,0,0,0,0,0,0,0,0,0,0
"ASV621",648,2,8,0,46,0,0,0,3,0,0,0,0,0,0,32,0,0,0,0,0,0,6,0,0,88,0,0,0,3,0,0,0,0,0,0,0,0,0,0,0,0,0,0,0,0,0,0,0,0
"ASV622",0,0,0,0,0,0,0,0,0,0,0,0,0,0,0,0,0,0,0,0,0,0,0,0,0,0,0,0,0,0,0,0,0,0,0,0,0,0,0,0,0,0,0,0,0,0,0,0,0,0
"ASV623",0,0,0,0,0,0,0,0,0,0,11,0,0,0,0,0,0,0,0,0,0,0,0,0,0,0,0,0,0,0,0,0,0,0,0,0,0,0,0,0,0,0,0,0,0,0,0,0,0,0
"ASV624",0,0,0,0,0,0,0,0,0,0,89,0,0,0,0,0,0,0,0,0,0,0,0,0,0,0,0,0,0,0,0,0,0,0,0,0,0,0,0,0,0,0,0,0,0,0,0,0,0,0
"ASV625",0,0,0,0,0,0,12,0,0,0,0,0,0,0,0,0,0,0,0,0,0,0,0,0,0,0,0,0,0,0,0,0,0,0,0,0,0,0,0,0,0,0,0,0,0,0,0,0,0,0
"ASV626",0,0,0,0,0,0,0,0,0,3,0,0,0,0,0,0,0,0,16,0,0,0,0,0,0,0,0,0,0,0,0,0,0,0,0,0,0,0,0,0,0,0,0,0,0,0,0,0,0,0
"ASV627",0,0,0,0,0,0,0,0,0,0,0,0,0,0,0,0,0,0,0,0,0,0,0,6,0,0,0,0,0,0,0,0,0,0,0,0,0,0,0,0,0,0,0,56,0,0,8,0,0,0
"ASV628",0,0,0,0,0,0,0,0,0,0,0,0,0,0,0,0,0,0,0,0,0,0,0,0,0,0,0,0,0,0,0,0,0,0,0,0,0,0,0,0,0,67,0,0,0,0,0,0,0,0
"ASV629",0,0,0,0,0,0,0,0,0,0,0,0,302,0,0,0,65,1,2,52,0,0,10,0,0,0,0,0,0,0,0,0,0,0,0,0,0,180,0,0,0,41,0,0,0,0,0,0,0,0
"ASV630",0,0,0,0,0,0,0,0,0,0,0,0,0,0,0,0,0,0,14,0,0,0,0,0,0,0,0,0,0,0,0,0,0,0,0,0,0,2,0,0,0,0,0,0,0,0,0,0,0,0
"ASV631",580,0,110,0,0,0,173,0,12,0,0,7,0,47,39,0,0,0,0,0,0,0,0,9,0,731,0,257,0,0,0,237,0,11,0,6,0,0,93,103,0,0,0,0,0,0,0,0,38,0
"ASV632",0,0,0,0,0,0,0,0,0,0,0,0,0,0,0,0,0,0,0,0,0,0,0,0,0,0,0,0,0,0,0,0,0,0,0,0,0,0,0,0,0,0,0,0,2,0,0,0,0,0
"ASV633",0,0,11,0,7,0,0,0,5,0,0,0,0,0,0,0,0,3,0,17,0,0,0,0,0,0,0,48,0,16,0,0,0,13,0,0,0,0,0,0,0,0,0,0,0,0,0,0,0,0
"ASV634",0,0,0,0,0,0,0,0,0,0,0,0,0,0,0,0,0,0,0,0,0,0,0,0,0,0,0,19,0,13,0,0,0,0,0,0,0,0,0,0,0,0,0,0,0,0,0,0,0,0
"ASV635",0,0,0,0,0,0,0,8,0,0,0,0,0,0,0,0,0,0,0,0,0,0,0,0,0,0,0,0,0,0,0,0,0,0,0,0,0,0,0,0,0,0,0,0,0,0,0,0,0,0
"ASV636",0,0,0,0,48,0,0,0,0,6,127,3,0,0,0,4,0,0,0,0,0,0,0,0,0,0,0,0,11,33,0,0,0,0,0,173,0,0,0,0,0,0,0,23,0,0,0,0,0,0
"ASV637",0,0,0,0,0,0,0,0,0,0,28,0,0,0,0,0,0,0,0,0,0,0,0,0,0,0,0,0,0,0,0,0,0,0,0,20,0,0,0,0,0,0,0,0,0,0,0,0,0,0
"ASV638",0,0,0,108,3,0,17,12,136,26,158,6,0,0,0,0,11,23,84,7,0,39,12,30,0,0,0,0,0,0,0,0,0,0,0,0,0,0,0,0,0,0,0,0,0,0,0,0,0,0
"ASV639",0,0,0,0,0,0,0,0,0,0,0,0,0,0,0,0,0,0,0,0,0,0,0,0,0,0,0,0,0,0,0,0,0,0,0,5,0,0,0,0,0,0,0,0,0,0,0,0,0,0
"ASV640",0,0,0,0,0,0,0,0,0,0,0,0,0,0,0,0,4,0,0,0,0,0,0,0,0,0,0,15,0,0,0,7,0,0,0,0,0,0,0,0,0,8,0,0,0,0,0,0,0,0
"ASV641",0,0,0,0,0,0,0,0,0,11,0,0,0,0,18,13,0,0,0,0,249,59,0,0,0,9,0,0,0,0,0,0,0,2,17,0,0,0,0,59,10,2,0,0,0,156,190,0,0,0
"ASV642",0,0,0,0,0,0,0,0,0,0,0,0,0,0,0,0,0,0,0,0,0,8,0,0,0,0,0,0,0,0,0,0,0,0,0,0,0,0,0,0,0,0,0,0,0,0,8,0,0,0
"ASV643",29,0,6,0,14,0,3,0,9,0,0,6,0,0,0,0,0,0,0,0,0,0,0,0,0,79,0,26,0,18,0,0,0,9,5,0,3,0,0,0,0,0,0,0,0,0,0,0,31,0
"ASV644",0,0,0,0,0,0,0,0,0,0,0,0,0,0,0,0,0,0,0,0,0,0,0,0,0,0,0,0,0,0,0,0,0,0,0,0,0,0,0,0,0,0,0,0,0,0,0,0,0,0
"ASV645",0,0,0,0,0,0,0,0,0,0,0,0,0,0,0,0,0,0,0,0,0,0,0,0,0,0,0,33,0,8,0,12,0,0,0,0,0,14,0,0,0,0,0,0,0,0,0,0,0,0
"ASV646",0,0,0,0,0,0,0,0,0,0,0,0,14,0,0,0,0,0,0,0,0,0,0,0,0,0,0,0,0,0,0,0,0,0,0,0,0,0,0,0,0,0,0,0,0,0,0,0,0,0
"ASV647",0,6,0,0,0,0,0,0,4,0,0,47,0,4,0,59,14,0,0,0,20,0,0,0,0,0,26,0,0,11,0,0,0,5,0,0,64,8,61,211,39,84,0,0,0,10,0,0,0,0
"ASV648",0,0,0,0,0,0,0,0,0,7,0,0,0,0,0,0,0,0,0,0,0,0,0,0,0,0,0,0,0,0,0,0,0,0,0,0,0,0,4,0,0,0,0,0,0,0,0,0,0,0
"ASV649",0,645,0,48,536,12,0,0,33,0,15,187,0,0,10,0,0,0,0,258,16,2615,216,0,76,49,62,0,0,211,0,0,0,0,0,1,109,0,0,0,0,0,0,0,18,0,0,0,0,0
"ASV650",0,0,0,0,0,0,0,0,0,0,0,0,0,0,0,0,0,0,0,14,0,0,0,0,0,0,0,0,0,0,0,0,0,0,0,0,0,0,0,0,0,0,0,0,0,0,0,0,0,0
"ASV651",0,0,0,0,0,0,0,0,0,0,0,0,0,0,0,0,0,0,0,4,0,0,0,0,0,0,0,0,0,0,0,0,0,0,0,0,0,0,0,0,0,0,0,0,0,0,0,0,0,0
"ASV652",0,0,0,0,0,0,0,0,0,0,0,0,0,0,0,0,395,0,0,0,0,0,0,0,0,0,0,0,0,0,0,0,0,0,0,0,0,0,0,0,0,96,0,0,0,0,0,0,0,0
"ASV653",31,0,0,0,0,0,0,0,0,0,1,0,0,0,0,0,0,0,0,0,0,10,0,0,27,21,0,0,0,0,0,0,0,0,0,98,0,0,0,0,0,0,0,0,0,0,15,0,0,27
"ASV654",0,0,0,0,0,0,0,0,0,0,0,0,0,0,0,0,0,0,0,0,0,0,0,0,0,0,0,0,0,0,0,0,0,0,0,0,0,0,0,0,0,0,0,0,0,0,0,0,0,0
"ASV655",0,0,0,0,0,0,0,0,0,0,0,0,0,0,0,0,0,0,0,0,0,14,0,0,0,0,0,0,0,0,0,0,0,0,0,0,0,0,0,0,0,0,0,0,0,0,104,0,0,0
"ASV656",0,0,0,0,0,0,0,0,7,0,17,0,5,0,0,0,0,0,7,12,0,0,0,0,0,0,0,0,0,9,0,0,0,45,21,574,0,118,0,0,0,0,0,103,15,0,0,0,0,0
"ASV657",1689,0,0,0,761,0,3,4,21,0,0,0,5,0,0,240,0,10,0,247,10,0,38,0,133,2441,0,0,0,548,0,0,0,0,6,0,0,0,0,0,116,0,0,0,0,7,0,0,0,141
"ASV658",0,0,7,0,9,0,0,0,6,0,55,0,0,0,0,0,0,0,6,114,0,0,0,0,0,0,0,0,9,8,0,0,0,0,0,516,0,0,0,0,0,0,0,0,0,0,0,0,0,0
"ASV659",0,0,0,0,0,0,0,0,0,0,0,0,0,0,0,0,573,0,0,8,0,0,0,0,0,0,0,0,0,0,0,0,0,0,0,0,0,0,0,0,0,185,0,0,0,0,0,0,0,0
"ASV660",0,0,0,0,0,0,0,0,0,0,0,0,0,0,0,0,0,0,0,0,0,0,0,0,0,0,0,0,0,0,0,0,0,0,0,0,0,0,0,0,0,0,0,0,0,0,0,0,0,0
"ASV661",11,6,9,0,195,0,0,0,0,0,260,0,0,0,0,0,0,0,85,40,0,0,142,0,0,9,0,16,0,133,0,0,0,0,0,0,0,0,0,0,0,0,0,114,10,0,0,52,0,0
"ASV662",0,0,0,0,0,0,0,0,0,0,0,0,0,0,0,0,0,0,0,0,0,0,0,0,0,0,0,0,0,39,0,0,0,0,0,0,0,0,0,0,0,0,0,0,0,0,0,0,0,0
"ASV663",0,0,0,0,0,0,0,0,0,0,0,0,0,0,0,0,0,0,0,0,0,0,0,0,0,0,0,0,0,0,0,0,0,0,0,0,0,0,0,0,0,0,0,0,0,0,0,0,0,0
"ASV664",0,0,2,0,0,0,0,0,0,0,0,0,0,0,0,0,0,0,0,0,0,0,0,0,0,6,0,42,0,0,0,13,0,0,0,0,0,0,0,0,0,0,0,0,0,0,0,0,11,0
"ASV665",0,0,0,0,4,0,0,4,27,0,0,0,0,17,0,0,0,0,0,0,0,4,30,15,0,0,0,0,0,0,0,0,0,6,0,0,0,0,0,0,0,0,0,0,0,0,0,0,3,0
"ASV666",0,0,8,0,0,0,0,0,8,0,0,0,0,0,0,0,0,5,0,0,0,0,0,0,0,0,0,9,0,0,0,0,0,3,0,0,0,0,0,0,0,0,0,0,0,0,0,0,0,0
"ASV667",0,0,10,0,0,0,0,0,0,0,0,0,0,0,0,0,0,95,0,0,0,0,0,0,0,0,0,35,0,0,0,0,0,0,16,0,0,0,0,0,0,0,89,0,0,0,0,0,66,0
"ASV668",0,0,0,0,0,0,0,0,0,0,0,0,0,0,0,0,0,0,0,0,0,0,0,0,0,0,0,0,0,0,0,0,0,0,0,0,0,0,0,0,0,0,0,0,0,0,0,0,0,0
"ASV669",0,0,0,0,0,0,0,0,0,0,0,0,0,0,0,0,0,0,0,0,0,0,0,0,0,0,0,0,0,0,0,0,0,0,0,0,0,0,0,0,0,0,0,0,0,0,0,0,0,0
"ASV670",0,0,0,0,0,0,0,0,0,0,0,0,0,0,0,0,0,0,0,0,0,0,0,0,0,39,0,0,0,0,0,0,0,0,0,0,0,0,0,0,0,0,0,0,0,0,0,0,0,0
"ASV671",0,0,0,0,0,0,0,0,0,0,0,0,0,0,0,0,0,0,0,0,0,0,0,0,0,0,0,0,0,0,0,0,0,0,0,0,0,0,0,0,0,0,0,0,0,0,0,0,0,0
"ASV672",0,0,0,0,0,0,0,0,0,0,0,0,0,0,0,0,0,0,3,6,0,0,0,0,0,0,0,0,0,0,0,0,0,0,0,4,0,0,0,0,0,0,0,5,0,0,0,0,0,0
"ASV673",30,0,0,0,0,0,0,0,33,0,0,0,0,0,0,0,0,0,0,0,0,0,0,0,0,100,0,0,0,0,0,0,0,34,0,0,0,0,0,0,0,0,0,0,0,0,0,0,0,0
"ASV674",91,13,122,83,508,0,97,71,41,25,0,0,1205,192,15,404,0,243,36,636,11,0,149,177,42,88,0,14,47,94,0,46,9,18,18,0,0,607,71,24,71,0,0,24,31,6,9,20,115,22
"ASV675",16,0,0,0,0,0,0,0,0,66,0,0,0,3,12,0,0,0,0,0,4,0,9,0,0,34,0,0,0,0,0,0,0,0,121,0,0,0,0,26,0,0,0,0,0,2,0,13,0,0
"ASV676",0,0,0,0,0,0,0,0,0,0,0,0,0,0,0,0,0,0,0,0,0,0,0,0,0,0,0,0,0,0,0,0,0,0,0,0,0,0,0,0,0,0,0,0,0,0,0,0,0,0
"ASV677",0,0,0,0,0,0,0,0,0,0,12,0,0,0,0,0,0,0,0,0,0,0,0,0,0,0,0,0,0,0,0,0,0,0,0,0,0,0,0,0,0,0,0,0,0,0,0,0,0,0
"ASV678",0,0,26,0,0,0,0,0,0,0,0,0,0,0,0,0,0,0,0,0,0,0,0,4,0,0,0,0,0,0,0,0,0,0,0,0,0,0,0,0,0,0,0,0,0,0,0,0,0,0
"ASV679",0,0,7,0,11,0,0,0,0,0,5,0,0,0,0,0,0,0,0,0,0,0,0,0,0,0,0,0,0,0,0,0,0,0,0,0,0,0,0,0,0,0,0,0,0,0,0,0,0,0
"ASV680",0,0,0,0,0,0,2,0,0,0,0,0,0,0,0,0,0,2,0,25,0,0,0,0,0,0,0,0,0,0,0,0,0,0,0,2,0,0,0,0,0,0,0,0,0,0,0,0,0,0
"ASV681",0,0,8,0,0,0,0,0,0,0,0,0,101,0,0,0,0,0,0,0,0,0,0,0,0,0,0,0,0,0,0,0,0,0,0,0,0,0,0,0,0,0,0,0,0,0,0,0,0,0
"ASV682",0,0,0,0,0,0,0,0,0,0,0,0,0,0,0,0,0,0,0,0,0,0,0,0,0,0,0,0,0,0,0,0,0,0,0,0,0,0,0,0,0,0,0,0,0,0,0,0,0,0
"ASV683",0,0,66,0,12,0,0,0,0,0,0,0,0,0,0,0,0,0,0,4,0,0,0,0,0,0,0,0,0,0,0,0,0,0,0,0,0,0,0,0,0,0,0,0,0,0,0,0,0,0
"ASV684",0,0,0,0,0,0,0,0,0,0,27,0,0,0,0,0,0,0,0,0,0,0,0,0,0,0,0,0,0,0,0,0,0,0,0,135,0,0,0,0,0,0,0,0,0,0,0,0,0,4
"ASV685",0,0,0,0,0,0,0,0,0,0,0,0,0,0,0,0,0,0,0,11,0,0,0,0,0,0,0,16,0,0,0,0,0,0,0,0,0,0,0,0,0,0,0,0,0,0,0,0,0,0
"ASV686",86,0,11,218,40,47,181,0,0,307,0,11,98,0,0,13,733,324,520,738,0,0,160,13,0,663,0,165,1127,83,53,1010,0,29,1175,0,42,496,216,0,17,1742,713,3016,1149,0,0,76,214,0
"ASV687",0,0,0,0,0,0,0,0,0,0,0,0,0,0,0,0,0,0,0,0,0,0,0,0,0,0,0,0,0,0,0,0,0,0,0,0,0,0,0,0,0,0,0,0,0,0,0,0,0,0
"ASV688",193,0,0,0,164,0,0,0,0,0,0,0,0,0,0,0,0,0,0,0,0,0,0,0,0,304,0,0,0,114,0,0,0,0,0,0,0,0,0,0,0,0,0,0,0,0,0,0,0,0
"ASV689",0,0,0,0,0,0,0,0,7,0,0,0,0,0,0,0,0,0,9,0,0,0,0,7,0,0,0,0,0,0,0,40,0,14,0,0,0,0,33,0,0,0,0,36,0,0,0,0,53,0
"ASV690",88,0,0,0,8,7,0,0,0,0,10,0,0,0,5,0,10,0,0,0,8,0,0,18,7,89,0,0,0,24,0,0,0,0,0,36,0,0,0,0,4,0,0,0,0,0,0,0,56,14
"ASV691",0,0,1,0,0,0,0,0,0,0,0,0,0,0,0,0,0,0,0,0,0,0,0,0,0,0,0,0,0,0,0,0,0,0,0,0,0,0,0,0,0,0,0,0,0,0,0,0,0,0
"ASV692",0,0,0,0,0,0,0,0,0,0,0,0,0,0,0,0,0,0,0,0,0,0,0,0,0,0,0,3,0,0,0,0,0,0,0,0,0,0,0,0,0,0,0,0,0,0,0,0,0,0
"ASV693",0,0,0,0,0,0,0,0,0,0,0,0,0,0,0,0,0,0,0,0,0,0,6,0,0,0,0,0,0,0,0,0,0,0,0,0,0,0,0,0,0,0,0,0,0,0,0,0,0,0
"ASV694",0,0,0,0,0,0,0,0,0,0,0,0,0,0,0,0,0,0,0,0,0,0,0,0,0,0,0,0,0,22,0,0,0,0,0,0,0,0,0,0,14,0,0,0,0,0,0,0,0,0
"ASV695",0,0,0,0,0,0,0,0,0,0,0,0,0,0,0,0,0,0,0,0,0,0,0,0,0,0,0,0,0,0,0,0,0,0,0,0,0,0,0,0,0,0,0,0,0,0,2,0,0,0
"ASV696",0,0,0,0,0,0,0,0,0,0,0,0,0,0,0,0,0,0,0,0,0,11,0,0,0,0,0,0,0,0,0,0,0,0,0,0,0,0,0,0,0,0,0,0,0,0,21,0,0,0
"ASV697",0,0,0,0,0,0,0,0,0,0,0,0,0,0,0,0,0,0,0,0,0,4,0,0,0,0,0,0,0,0,0,0,0,0,0,0,0,0,0,0,0,0,0,0,0,0,40,0,0,0
"ASV698",0,0,0,0,0,0,0,0,0,0,0,0,0,0,0,0,0,24,0,0,0,0,0,0,0,0,0,30,0,0,0,0,0,0,0,0,0,0,0,5,0,0,14,39,74,0,0,0,0,0
"ASV699",0,0,0,0,0,0,0,0,0,0,0,0,0,0,0,0,0,0,0,0,0,0,0,0,0,0,0,0,0,0,0,0,0,0,0,11,0,0,0,0,0,0,0,0,0,0,0,0,0,0
"ASV700",0,0,0,0,0,0,0,0,0,4,0,0,0,0,0,0,0,0,0,0,0,0,0,0,0,0,0,0,0,0,0,0,0,0,0,0,0,0,0,0,0,0,0,0,0,0,0,0,0,0
"ASV701",0,0,0,0,0,0,0,0,0,0,0,0,0,0,0,0,0,0,0,0,0,0,0,0,0,0,0,11,0,0,0,0,0,0,0,0,0,0,0,0,0,0,0,0,0,0,0,6,0,0
"ASV702",0,0,0,0,0,0,0,0,0,0,0,0,0,0,0,0,0,0,0,0,0,0,0,0,0,0,0,0,0,0,0,0,0,0,0,9,0,0,0,0,0,0,0,0,0,0,0,0,0,0
"ASV703",0,0,0,0,0,0,0,0,0,0,0,0,0,0,0,0,0,0,0,0,0,0,0,0,0,7,0,0,0,0,0,0,0,0,0,0,0,0,0,0,0,0,0,0,0,0,0,0,0,0
"ASV704",69,0,0,0,59,0,0,0,9,0,0,0,0,0,5,0,0,34,0,317,0,11,36,0,13,449,0,37,0,224,0,0,0,123,12,20,0,0,44,158,0,0,131,22,315,0,164,0,12,94
"ASV705",9,0,9,0,375,0,0,0,10,0,14,0,7,0,0,0,87,0,0,0,0,0,7,0,0,0,0,66,9,255,0,0,0,0,0,31,0,20,0,0,0,98,0,0,0,0,0,0,39,0
"ASV706",0,0,0,0,0,0,0,0,0,0,0,0,0,8,0,0,0,0,0,0,0,0,0,0,0,0,0,0,0,0,0,0,0,0,0,0,0,0,0,0,0,0,0,0,0,0,0,0,0,0
"ASV707",0,0,0,0,30,0,0,0,0,0,0,0,0,0,0,0,0,0,0,0,0,0,0,0,0,0,0,0,0,22,0,0,0,0,0,0,0,0,0,0,0,0,0,0,0,0,0,0,0,0
"ASV708",0,0,0,0,0,0,0,0,0,0,0,0,0,0,0,0,0,0,0,0,0,0,0,0,0,0,0,0,0,0,0,0,0,0,13,0,0,0,0,0,0,0,4,0,0,0,0,0,2,0
"ASV709",0,0,0,0,0,0,0,0,0,0,0,0,0,0,0,0,0,0,0,0,2,0,0,0,0,0,0,0,0,0,0,0,0,0,0,0,0,0,0,0,0,0,0,0,0,0,0,0,0,0
"ASV710",0,0,0,0,0,0,0,0,0,0,0,0,0,0,0,0,0,0,0,0,0,0,0,0,0,0,0,19,0,0,0,0,0,0,0,22,0,9,2,0,0,0,0,16,0,0,0,0,0,0
"ASV711",16,12,0,0,0,70,0,0,0,0,83,0,31,0,0,43,2106,119,0,99,0,35,336,0,0,198,76,32,0,0,130,0,0,10,13,1531,0,580,0,0,101,12584,315,0,277,9,678,755,0,10
"ASV712",0,0,23,0,0,0,0,0,0,0,0,0,0,0,0,0,0,0,0,0,0,0,0,0,0,0,0,22,0,0,0,0,0,0,0,0,0,0,0,0,0,0,0,0,0,0,0,0,0,0
"ASV713",9,0,0,0,0,0,0,0,8,0,0,0,0,0,0,5,0,0,0,0,0,0,0,0,0,0,0,0,0,0,0,0,0,0,0,0,0,0,0,0,0,0,0,0,0,0,0,0,0,0
"ASV714",0,0,0,0,0,0,0,0,0,0,0,0,0,0,0,10,0,0,0,0,0,0,0,0,0,0,0,0,0,0,0,0,0,0,0,0,0,0,0,0,0,0,0,0,0,0,0,0,0,0
"ASV715",0,0,0,0,0,0,0,0,0,0,0,0,0,0,8,0,0,0,0,0,0,0,0,0,0,0,0,0,0,0,0,0,0,0,0,0,0,0,0,0,0,0,0,0,0,0,0,0,0,0
"ASV716",0,0,0,0,0,0,0,0,0,0,0,0,0,0,0,0,0,0,0,0,0,0,0,0,0,0,0,0,0,0,0,0,0,0,0,0,0,0,0,0,0,0,0,0,0,0,0,0,0,0
"ASV717",0,0,0,0,0,0,0,0,25,0,0,0,0,0,0,0,0,25,0,0,0,0,0,0,0,0,0,0,0,0,0,0,0,72,0,0,0,0,0,0,0,0,39,0,0,0,0,2,0,0
"ASV718",0,0,0,0,0,0,0,0,52,0,0,0,0,0,0,0,0,0,0,7,0,0,0,0,0,0,0,0,0,0,0,0,0,41,0,0,0,0,0,0,0,0,0,0,0,0,0,3,0,0
"ASV719",0,0,0,0,0,0,0,0,0,0,0,0,0,0,0,0,0,0,0,0,0,0,0,0,0,0,0,0,0,0,0,0,0,0,8,0,0,0,3,0,0,0,0,0,0,0,0,0,0,0
"ASV720",0,0,0,0,0,0,0,0,23,0,0,0,0,0,0,4,0,0,0,6,0,0,4,0,0,0,0,0,0,16,0,0,0,30,0,0,0,0,0,0,0,0,0,0,0,0,0,0,0,0
"ASV721",0,0,0,0,0,0,0,0,0,0,0,0,0,0,0,0,0,0,12,0,0,0,0,0,0,0,0,0,0,0,0,0,0,0,0,147,0,0,0,0,0,0,0,12,0,0,0,0,0,0
"ASV722",0,0,0,0,0,0,0,0,0,0,0,0,0,0,0,0,0,0,0,0,0,0,0,0,0,0,0,0,0,0,0,0,0,0,0,0,0,0,0,0,0,0,0,0,0,0,0,0,0,0
"ASV723",0,0,0,0,0,0,0,0,0,0,0,0,0,0,0,0,0,0,0,0,0,0,0,0,0,22,0,0,0,0,0,0,0,0,0,0,0,0,0,0,0,0,0,0,0,0,0,0,0,0
"ASV724",11,0,0,0,0,11,34,0,21,51,0,22,0,14,21,0,0,7,0,0,13,7,7,16,0,8,0,0,0,0,0,58,0,4,117,0,8,0,16,40,0,0,0,0,0,0,0,0,43,3
"ASV725",0,0,0,0,0,0,0,0,0,0,0,0,0,0,0,0,0,0,0,0,0,0,0,0,0,0,0,0,0,0,0,0,0,0,0,0,0,0,0,0,0,0,0,0,0,0,0,0,0,0
"ASV726",41,0,58,24,505,0,50,0,38,0,0,0,71,16,0,52,0,0,0,5,0,0,54,67,0,100,0,168,49,508,0,108,0,56,0,0,0,155,62,0,11,0,0,0,0,0,0,24,134,0
"ASV727",16,0,9,0,0,0,4,0,0,0,0,0,1,0,0,0,0,0,0,0,0,0,0,0,0,58,0,34,0,0,0,5,0,0,0,0,0,0,0,0,0,0,0,0,0,0,0,0,0,0
"ASV728",0,0,0,0,0,0,0,0,0,0,0,0,0,0,0,44,0,0,0,0,0,0,0,0,0,0,0,0,0,0,0,0,0,0,0,0,0,0,0,0,26,0,0,0,0,0,0,0,0,0
"ASV729",0,0,0,0,0,0,0,0,0,0,0,0,0,0,0,0,0,0,0,0,0,0,0,0,0,0,3,0,0,0,0,0,0,9,0,1528,0,0,0,10,0,0,0,0,0,0,0,0,0,0
"ASV730",0,0,0,0,0,0,0,0,0,0,0,0,11,0,0,0,7,22,0,0,0,0,0,0,0,0,0,0,0,0,0,0,0,0,0,0,0,60,0,0,0,0,48,0,0,0,0,0,0,0
"ASV731",13,0,15,0,0,0,0,0,0,0,7,0,0,0,9,84,0,19,0,42,0,0,5,14,0,0,0,0,0,0,0,0,0,0,18,35,59,0,0,0,0,0,0,0,0,0,0,0,0,0
"ASV732",0,0,0,0,0,0,0,0,0,0,0,0,0,0,0,0,0,0,0,0,0,0,0,0,0,0,0,0,0,0,0,0,0,0,0,0,0,0,0,0,0,0,0,0,0,0,0,0,0,0
"ASV733",0,0,0,0,0,0,0,0,0,0,0,0,0,0,0,0,0,0,0,0,0,0,0,0,0,0,0,0,0,0,0,0,0,0,0,0,0,0,0,0,0,0,0,0,0,0,0,0,0,0
"ASV734",0,0,0,0,0,0,0,0,0,0,0,0,0,0,0,0,0,0,0,0,0,0,26,0,0,0,0,0,0,0,0,0,0,0,0,0,0,0,0,0,0,0,0,0,0,0,0,0,0,0
"ASV735",0,0,0,0,0,0,0,0,0,0,0,0,0,11,0,0,0,0,0,0,0,0,0,0,0,0,0,0,0,0,0,0,0,0,0,0,0,0,0,0,0,0,0,0,0,0,0,0,0,0
"ASV736",0,0,0,0,0,0,0,0,0,0,16,0,0,0,0,0,0,0,0,0,0,0,0,0,0,0,0,0,0,0,0,0,0,0,0,0,0,0,0,0,0,0,0,0,0,0,0,0,0,0
"ASV737",6,0,28,0,0,0,0,0,0,0,71,0,0,0,0,0,7,23,0,22,0,0,0,0,0,16,0,47,0,0,0,0,0,0,0,126,0,0,10,12,0,0,16,0,0,0,0,0,0,0
"ASV738",0,41,0,0,32,80,0,0,45,7,0,0,0,1,0,0,5,0,0,0,18,0,0,15,0,89,56,0,0,117,91,0,0,130,0,0,0,0,0,0,0,0,0,0,0,23,31,0,124,0
"ASV739",76,0,58,0,0,0,0,0,0,0,25,0,46,0,0,0,0,196,124,528,0,0,22,0,0,479,0,478,121,886,706,176,0,0,0,167,1074,287,65,43,69,0,491,539,467,87,0,34,0,0
"ASV740",0,0,0,0,0,0,0,0,0,0,15,0,0,0,0,0,0,0,0,0,0,0,0,0,0,0,0,0,0,0,0,0,0,0,0,0,0,0,0,0,0,0,0,0,0,0,0,0,0,0
"ASV741",0,0,0,0,0,0,0,0,0,0,0,0,0,0,0,0,0,0,0,0,0,0,0,0,0,0,0,0,0,0,0,0,0,0,0,0,0,0,0,0,0,0,0,0,0,0,223,0,0,3
"ASV742",0,0,0,0,0,0,0,0,0,0,0,0,0,0,0,0,65,0,0,0,0,0,0,0,0,147,4,163,21,151,0,69,0,22,0,0,0,160,103,0,0,118,49,0,41,0,0,57,86,0
"ASV743",0,0,0,0,21,0,0,0,0,0,0,0,0,0,0,0,0,0,0,0,0,0,0,0,0,0,0,0,0,23,0,0,0,0,6,0,0,0,0,0,0,0,0,0,0,0,0,0,0,0
"ASV744",0,0,0,0,20,0,0,0,0,0,0,0,0,0,0,4,0,0,0,0,0,0,0,0,0,15,0,10,0,18,0,0,0,0,11,0,0,0,0,0,0,0,0,0,0,0,0,0,0,0
"ASV745",6,0,0,0,0,0,0,0,0,0,0,0,0,0,0,0,0,0,0,0,0,0,9,10,0,0,0,0,0,0,0,0,0,0,0,0,0,0,0,0,0,0,0,0,0,0,0,0,0,0
"ASV746",0,0,0,0,0,0,0,0,0,0,0,0,0,0,0,0,0,0,0,5,0,0,0,0,0,0,0,0,0,0,0,0,0,0,5,22,0,0,0,0,0,0,0,0,0,0,0,0,0,0
"ASV747",0,0,13,0,77,0,0,0,0,0,0,0,0,0,13,0,0,0,0,0,0,0,0,0,0,0,0,85,0,108,0,0,0,0,0,0,0,0,0,87,0,0,0,0,2,0,0,0,0,0
"ASV748",0,0,0,0,0,0,0,0,0,0,0,0,6,0,0,0,0,0,0,0,0,0,0,0,0,0,0,6,0,0,0,0,0,0,7,9,0,23,0,0,0,0,0,0,0,0,0,0,0,0
"ASV749",39,0,0,0,0,69,0,0,0,0,0,0,0,33,257,0,0,28,0,0,18,64,31,11,0,0,0,0,0,0,0,0,0,7,0,0,0,0,83,257,0,0,0,0,0,0,13,11,37,0
"ASV750",0,0,0,0,0,0,0,0,0,0,55,0,0,0,0,0,0,0,22,0,0,0,0,0,0,0,0,0,0,0,0,0,0,0,0,190,0,15,0,0,0,0,0,36,0,0,0,0,0,0
"ASV751",5,5,0,0,0,0,0,0,0,0,0,0,0,0,0,0,0,0,0,0,0,0,0,0,0,0,0,0,0,0,0,0,0,0,0,0,0,0,0,0,0,0,0,0,0,0,0,0,0,0
"ASV752",0,0,0,0,0,0,0,0,0,0,0,0,0,0,0,0,0,0,0,0,0,0,0,0,0,0,0,0,0,0,0,0,0,0,0,0,0,0,0,0,0,0,0,0,0,0,0,0,0,0
"ASV753",7,0,0,0,0,0,0,0,0,0,0,0,0,0,38,4,0,0,0,0,0,15,0,0,0,24,0,0,0,0,0,0,0,4,0,0,0,0,0,74,6,0,0,0,0,0,53,0,0,0
"ASV754",0,0,0,0,0,0,0,0,0,0,0,0,0,0,0,0,0,0,0,0,0,0,0,0,0,0,0,0,0,0,0,0,0,0,0,0,0,0,0,0,0,0,0,0,0,0,0,0,0,0
"ASV755",0,0,0,0,10,0,0,0,0,0,0,0,0,0,0,0,0,0,0,0,0,0,0,0,0,0,0,0,0,0,0,0,0,0,0,0,0,0,0,0,0,0,0,0,0,0,0,0,0,0
"ASV756",0,0,0,0,0,0,0,0,0,0,0,0,0,0,0,0,0,0,0,0,0,0,0,0,0,0,0,0,0,0,0,0,0,0,0,0,0,0,0,0,0,0,0,0,0,0,0,0,0,0
"ASV757",0,0,0,0,0,0,0,0,0,57,0,0,0,0,0,0,0,17,0,154,0,0,23,0,0,26,0,0,0,0,0,11,0,0,0,0,17,0,0,0,0,0,63,0,136,20,0,62,0,0
"ASV758",0,0,0,0,0,0,0,0,100,19,30,0,0,0,0,0,0,9,107,0,0,0,0,0,0,0,0,0,0,0,0,0,0,57,22,32,0,0,0,0,0,0,0,43,0,0,0,0,0,0
"ASV759",0,0,0,0,0,0,6,0,0,0,0,0,0,0,0,0,0,0,0,0,0,0,0,0,0,0,0,0,0,0,0,0,0,0,0,0,0,0,0,0,0,0,0,0,0,0,0,0,0,0
"ASV760",0,0,0,0,0,0,0,0,40,0,74,0,0,0,0,0,0,0,20,0,0,0,0,0,0,0,0,0,0,0,0,0,0,60,0,191,0,0,0,0,0,0,3,32,0,0,0,0,0,0
"ASV761",0,0,0,0,0,0,0,0,0,0,0,0,0,0,0,0,0,0,0,0,0,0,0,0,0,0,0,0,0,0,0,0,0,0,0,0,0,0,2,0,0,0,0,0,0,0,0,0,0,0
"ASV762",0,0,8,0,0,0,0,0,101,0,5,0,6,0,0,0,0,0,58,11,0,0,0,0,0,0,0,17,0,0,0,0,0,125,0,50,0,0,0,0,0,0,0,52,0,0,0,0,0,0
"ASV763",0,14,0,0,0,0,0,0,0,0,0,0,0,0,0,0,0,0,0,0,0,0,0,0,0,0,0,0,0,0,0,0,0,0,0,0,0,0,0,0,0,0,0,0,0,0,0,0,0,0
"ASV764",0,0,38,133,0,0,13,0,517,8,1224,0,279,0,0,25,10,80,374,22,3,3,0,0,0,0,0,0,0,0,0,0,0,0,0,0,0,45,0,0,0,0,0,4,0,0,0,0,0,0
"ASV765",0,0,0,0,0,0,0,0,0,0,0,0,0,0,0,0,0,0,0,0,0,0,5,0,0,0,0,0,0,0,0,0,0,0,0,0,0,0,0,0,0,0,0,0,0,0,0,0,0,0
"ASV766",0,0,0,0,0,0,0,0,0,0,0,0,0,0,0,0,0,0,0,0,0,0,0,0,0,0,0,0,0,0,0,0,0,0,0,0,0,0,0,0,0,0,0,0,0,0,0,0,0,0
"ASV767",0,0,0,0,0,0,0,0,0,0,0,0,0,0,0,0,0,2,0,0,0,0,0,0,0,0,0,0,0,0,0,0,0,0,0,0,0,0,0,0,0,0,0,0,0,0,0,0,0,0
"ASV768",0,0,0,0,0,0,0,0,0,0,24,0,0,0,0,0,0,0,0,0,0,69,0,0,0,0,0,0,0,0,0,0,0,0,0,68,0,0,0,0,0,0,0,0,0,0,155,0,0,0
"ASV769",0,0,0,0,0,0,0,0,19,0,0,0,0,0,0,0,0,0,0,0,0,0,9,0,0,0,0,0,0,0,0,0,0,0,0,0,0,0,0,0,0,0,0,0,0,0,0,0,0,0
"ASV770",0,0,0,0,0,0,7,0,6,0,0,0,0,0,0,0,0,5,0,0,0,77,0,0,0,0,0,0,0,0,0,0,0,0,0,0,0,0,0,0,0,0,0,0,0,0,0,0,0,0
"ASV771",0,0,0,0,0,0,0,0,0,0,0,0,0,0,0,0,0,0,0,0,0,0,0,0,0,0,0,0,0,0,0,0,0,0,0,0,0,0,0,0,0,0,0,0,0,0,0,0,0,0
"ASV772",0,0,0,0,0,0,0,0,0,0,0,0,0,0,0,0,0,0,0,0,0,0,0,0,0,0,0,0,0,0,0,7,0,0,0,0,0,0,0,0,0,0,0,0,0,0,0,0,0,0
"ASV773",0,0,0,0,0,0,3,0,129,0,57,0,0,0,0,0,0,0,5,23,0,0,0,20,0,0,0,0,0,0,0,0,0,0,0,73,0,0,0,0,0,0,0,16,0,0,0,0,0,0
"ASV774",0,0,0,0,0,12,0,0,0,0,0,0,0,0,0,0,0,0,0,0,0,0,0,0,0,0,0,0,0,0,0,0,0,0,0,0,0,0,0,0,0,0,0,0,0,0,0,0,0,0
"ASV775",23,0,0,0,0,26,0,214,0,0,0,0,0,0,0,0,0,0,0,0,6,0,0,0,5,60,0,0,0,0,12,0,64,0,0,0,0,0,0,0,0,0,0,0,0,0,0,0,0,3
"ASV776",0,0,0,0,0,0,0,0,0,0,0,0,0,0,0,0,0,0,0,0,0,0,0,0,0,0,0,0,0,0,0,0,0,8,0,0,0,0,0,0,0,0,0,4,0,0,0,0,0,0
"ASV777",0,0,9,0,0,0,0,0,8,0,0,0,0,0,0,0,0,0,0,0,0,0,0,0,0,0,0,23,0,0,0,0,0,0,0,0,0,0,0,0,0,0,0,0,0,0,0,0,0,0
"ASV778",0,0,0,0,0,0,0,0,0,0,0,0,0,0,0,0,0,0,0,0,0,0,0,0,0,0,0,0,0,0,0,0,0,0,0,6,0,0,0,0,0,0,0,0,0,0,0,0,0,0
"ASV779",0,0,0,0,0,0,0,0,0,0,0,0,0,0,0,0,0,0,0,0,0,0,0,0,0,15,0,0,0,6,0,0,0,0,0,0,0,0,0,0,0,0,0,0,0,0,0,0,0,0
"ASV780",0,0,0,0,0,0,0,0,0,0,0,0,0,0,0,0,0,0,0,0,0,0,5,0,0,0,0,0,0,0,0,0,0,0,0,0,0,0,0,0,0,0,0,0,0,0,0,0,0,0
"ASV781",0,0,0,0,0,0,0,0,0,0,0,0,0,0,0,0,0,0,0,0,0,0,0,0,0,0,0,0,0,0,0,0,0,0,8,0,0,0,0,0,0,0,0,0,0,0,0,0,0,0
"ASV782",0,0,0,0,0,0,0,0,0,0,8,0,0,0,0,0,0,0,0,0,0,0,0,0,0,0,0,0,0,0,0,0,0,0,0,68,0,0,0,0,0,0,0,0,0,0,0,0,0,0
"ASV783",0,0,23,0,0,0,23,0,71,0,0,0,0,19,34,0,0,0,0,0,7,0,8,11,0,0,0,39,0,0,0,23,0,26,0,0,0,0,18,37,0,0,0,0,0,0,0,0,12,0
"ASV784",3,0,0,0,0,33,0,65,3,0,0,0,0,0,85,0,0,0,0,0,20,102,18,0,9,0,0,0,0,0,15,0,16,0,0,0,0,0,0,59,0,0,0,0,0,8,84,0,0,0
"ASV785",0,0,0,0,0,0,0,0,0,0,0,0,0,0,0,0,0,0,0,0,0,0,0,0,0,0,0,13,0,0,0,0,0,0,0,0,0,0,0,0,0,0,0,0,0,0,0,0,0,0
"ASV786",0,0,0,0,0,0,0,0,11,0,0,0,0,0,0,0,0,0,0,0,0,0,22,0,0,17,0,0,0,15,0,0,0,46,0,0,0,0,0,0,0,0,16,73,0,0,29,34,79,7
"ASV787",0,0,0,0,3,0,0,0,0,0,2,0,0,0,0,0,0,0,0,11,0,0,0,0,0,0,0,69,0,16,0,0,0,0,6,279,0,0,0,0,0,0,0,0,92,0,0,0,0,0
"ASV788",0,0,0,0,0,0,0,0,7,0,0,0,0,0,0,0,0,0,0,0,0,0,0,22,0,0,0,0,0,0,0,0,0,0,0,0,0,0,0,0,0,0,0,0,0,0,0,0,40,0
"ASV789",0,0,0,0,0,0,0,0,0,0,0,0,0,0,0,0,0,0,0,0,0,0,0,0,9,0,0,0,0,0,0,0,0,0,0,0,0,0,0,0,0,0,0,0,0,0,11,0,0,8
"ASV790",0,0,0,0,0,0,0,0,0,0,5,0,0,0,0,0,0,0,0,0,0,0,0,0,0,0,0,0,0,0,0,0,0,0,0,10,0,0,0,0,0,0,0,0,0,0,0,0,0,0
"ASV791",93,0,24,2,13,0,0,0,17,0,0,0,0,0,0,0,0,11,0,72,0,0,0,7,0,90,0,128,0,0,0,0,0,28,0,0,0,0,0,0,0,0,0,8,35,0,0,0,50,0
"ASV792",0,0,0,0,0,0,0,0,0,0,0,0,0,0,0,0,0,0,0,0,0,0,32,0,0,0,0,22,0,0,0,0,0,0,0,0,0,0,0,0,0,0,0,0,0,0,0,17,0,0
"ASV793",0,0,0,0,0,0,0,0,0,0,0,0,0,0,0,0,0,0,0,0,0,0,0,0,0,0,0,0,0,0,0,0,0,0,0,0,0,0,0,0,0,0,0,0,0,0,0,0,0,0
"ASV794",0,0,0,0,0,0,0,0,0,0,0,0,0,0,0,0,0,0,0,0,0,0,0,0,0,0,0,0,0,0,0,0,0,7,0,0,0,0,0,0,0,0,0,0,0,0,0,0,0,0
"ASV795",17,3,3673,7538,74,0,4090,0,12,22,0,0,23,2341,1262,137,0,0,0,0,416,0,23,323,0,14,0,1613,2875,0,0,851,0,0,2,0,0,0,717,305,12,0,0,0,0,22,0,0,74,0
"ASV796",0,0,6,0,0,0,0,0,0,0,8,0,0,0,0,0,0,0,0,24,0,0,0,3,0,0,0,7,0,0,0,0,0,0,0,57,0,0,0,0,0,0,0,0,0,0,0,0,0,0
"ASV797",0,0,0,0,10,0,0,0,0,0,0,0,0,0,0,0,0,0,0,0,0,0,0,0,0,0,0,0,0,0,0,0,0,6,0,0,0,0,0,0,0,0,0,0,0,0,0,0,0,0
"ASV798",0,0,0,0,0,0,0,0,61,0,18,0,0,0,0,0,0,0,122,45,0,0,0,0,0,0,0,0,0,0,0,0,0,0,0,0,0,0,0,0,0,0,0,166,10,0,0,0,0,0
"ASV799",0,0,0,0,0,0,0,0,0,0,0,0,0,0,0,0,0,0,0,0,0,0,0,0,0,0,0,0,0,0,0,0,0,0,0,0,0,0,0,0,0,0,0,0,0,0,0,0,0,0
"ASV800",0,0,0,0,0,0,0,0,0,0,0,0,0,0,0,0,0,0,0,0,0,0,0,0,0,0,0,0,0,0,0,0,0,0,0,0,0,0,0,0,0,11,9,0,0,0,0,0,0,6
"ASV801",0,0,0,0,0,0,0,0,0,0,0,0,0,0,0,0,0,0,0,0,0,0,0,0,0,0,0,24,0,0,0,0,0,0,0,0,0,0,0,0,13,0,0,0,10,0,0,0,0,0
"ASV802",0,19,0,0,20,0,0,0,0,28,32,0,0,0,0,0,0,0,0,14,0,0,0,72,0,0,0,0,20,25,0,0,0,0,76,0,0,0,0,22,0,0,0,54,20,0,0,0,614,0
"ASV803",0,0,0,0,0,0,0,0,0,0,0,0,0,0,0,0,0,0,0,18,0,0,0,0,0,0,0,0,0,0,0,0,0,0,0,0,0,0,0,0,0,0,0,0,0,0,0,0,0,0
"ASV804",0,0,0,0,0,0,0,0,0,0,6,0,0,0,0,0,0,0,0,0,0,0,0,0,0,0,0,0,0,0,0,0,0,0,14,41,0,0,0,0,0,0,0,0,0,0,0,0,0,0
"ASV805",0,0,0,0,0,0,0,0,0,0,0,0,0,0,0,0,0,0,0,0,0,0,85,0,0,0,0,0,0,0,0,0,0,0,0,78,0,0,46,0,0,0,0,0,0,0,0,84,0,0
"ASV806",0,0,0,0,0,0,0,0,0,0,0,0,0,0,0,0,0,0,0,0,0,0,0,0,0,0,0,14,0,0,0,0,0,0,0,0,0,0,0,0,0,0,0,0,0,0,0,0,0,0
"ASV807",7,0,0,0,0,0,0,0,0,20,0,5,0,0,0,0,0,21,0,0,0,5,0,0,0,0,0,0,0,0,0,0,0,0,42,0,0,0,12,0,0,0,0,0,0,0,12,0,0,0
"ASV808",0,0,0,0,0,0,0,0,0,0,0,0,10,0,0,0,0,0,0,0,0,0,0,0,0,0,0,0,0,0,0,0,0,0,0,0,0,0,0,0,0,0,0,0,44,0,0,0,0,0
"ASV809",0,0,0,0,0,0,0,0,0,0,0,0,0,0,0,0,0,0,0,0,0,0,0,0,0,10,0,0,0,0,0,0,0,0,0,0,0,0,0,0,0,0,0,0,0,0,0,0,0,0
"ASV810",0,0,61,0,0,0,0,0,0,0,149,0,0,0,0,0,78,13,0,21,0,0,0,0,0,0,0,71,0,0,0,0,0,0,0,73,0,0,0,0,0,45,0,0,0,0,0,0,0,0
"ASV811",0,0,0,0,0,0,0,0,0,0,0,24,0,0,19,0,0,0,0,0,0,20,0,0,10,0,0,0,0,0,0,0,0,0,0,0,7,0,0,14,0,0,0,0,0,0,37,0,0,0
"ASV812",0,0,0,0,14,0,6,0,0,0,0,0,0,0,0,0,0,0,0,0,0,0,92,0,0,0,0,0,0,9,4,0,0,0,0,0,0,0,0,0,0,0,0,0,0,0,0,33,0,0
"ASV813",383,0,0,0,0,0,0,0,0,0,0,0,0,0,0,0,0,0,0,0,6,0,0,0,0,456,0,0,0,0,0,0,0,0,9,0,0,0,0,0,0,0,0,0,0,0,0,0,0,0
"ASV814",0,0,0,0,0,0,0,0,0,0,0,59,0,0,0,0,0,0,0,0,0,117,0,0,0,0,0,0,0,0,0,0,0,0,0,0,0,0,0,0,0,0,0,0,0,0,0,0,0,0
"ASV815",0,0,0,0,0,0,0,0,0,0,0,0,0,0,0,109,0,0,0,0,0,29,0,0,0,0,0,0,0,0,0,0,0,0,0,0,0,0,0,0,17,0,0,0,0,0,55,0,0,0
"ASV816",0,0,0,0,0,0,0,0,0,0,0,0,0,0,0,0,0,0,0,0,0,0,0,0,0,0,0,0,0,0,0,0,0,0,0,0,0,0,9,0,0,0,0,0,0,0,0,0,0,0
"ASV817",0,0,0,0,0,0,0,0,0,0,0,0,0,0,0,53,0,0,0,0,0,0,10,0,0,0,0,75,0,0,0,0,0,0,0,7,0,0,0,0,25,22,11,0,0,0,0,0,0,0
"ASV818",0,0,9,0,20,0,0,0,20,0,0,0,53,0,0,0,1974,0,0,0,0,0,40,0,0,0,0,21,0,27,0,0,0,14,0,0,0,86,0,4,0,1169,0,0,0,0,0,0,0,0
"ASV819",0,0,0,0,0,0,0,0,0,0,0,0,12,0,0,0,0,31,0,21,0,0,0,0,0,0,0,0,0,0,0,0,0,0,0,0,0,36,0,0,0,0,10,0,7,0,0,0,0,0
"ASV820",0,0,0,66,0,0,0,0,0,0,0,0,0,0,0,0,0,0,0,0,0,0,0,0,0,0,0,0,65,0,0,0,0,0,0,0,0,0,0,0,0,0,0,0,0,0,0,0,0,0
"ASV821",0,0,0,0,0,0,0,0,0,0,0,0,0,0,0,0,0,0,0,0,0,0,0,0,0,0,0,0,0,0,0,0,0,0,0,0,0,0,0,0,0,0,0,0,0,0,0,0,0,0
"ASV822",0,0,0,0,0,0,0,0,0,0,0,0,0,0,0,0,0,0,0,0,0,0,0,0,0,0,0,10,0,0,0,0,0,0,0,0,0,0,0,0,0,0,0,0,0,0,0,0,0,0
"ASV823",0,0,0,0,0,0,0,0,0,0,0,0,0,0,0,0,0,0,0,0,0,0,0,0,0,0,0,0,0,0,0,0,0,0,6,0,0,0,0,48,0,0,0,0,0,0,8,0,0,0
"ASV824",0,0,5,0,0,0,0,0,0,0,0,0,96,0,0,0,0,0,0,0,0,0,675,0,0,0,0,0,0,0,0,0,0,0,0,0,0,128,0,0,0,0,0,0,0,0,0,177,0,0
"ASV825",0,0,0,0,0,0,0,0,0,0,0,0,0,0,0,0,0,0,0,0,0,0,0,0,0,0,0,0,0,0,0,0,0,0,0,0,0,0,0,0,0,0,0,0,0,0,0,0,0,0
"ASV826",0,0,0,0,0,0,0,0,0,0,0,0,0,0,0,0,0,0,0,0,0,0,0,0,0,0,0,0,0,0,0,0,0,0,0,22,0,0,0,0,0,0,0,0,0,0,0,0,0,0
"ASV827",0,0,0,0,0,0,0,0,7,0,0,0,0,0,0,0,0,0,0,0,0,0,0,0,0,0,0,0,0,0,0,0,0,0,0,0,0,0,0,0,0,0,0,0,0,0,0,0,0,0
"ASV828",0,0,0,0,0,0,0,0,0,0,0,0,2,0,0,0,0,0,0,0,0,0,0,0,0,0,0,0,0,0,0,0,0,0,0,0,0,0,0,0,0,0,0,0,0,0,0,0,0,0
"ASV829",0,0,0,0,0,0,0,0,0,0,17,0,0,0,0,12,0,0,0,0,0,10,0,0,0,0,0,0,0,0,0,0,0,0,0,42,0,0,0,0,0,0,0,0,0,0,9,0,0,0
"ASV830",0,0,0,0,0,0,0,0,0,13,0,0,0,0,0,0,0,0,0,0,0,0,0,0,0,0,0,0,0,0,0,0,0,0,66,0,0,0,0,0,0,0,0,0,0,0,0,0,0,0
"ASV831",0,0,0,0,0,0,0,0,0,0,0,0,0,0,0,0,0,0,0,8,0,0,0,0,0,0,0,0,0,0,0,0,0,0,0,0,0,0,0,0,0,0,0,0,0,0,0,0,0,0
"ASV832",0,0,0,0,0,0,0,0,0,0,0,0,0,0,0,0,0,0,0,0,0,0,0,0,0,0,0,0,0,0,0,0,0,0,0,0,0,0,0,0,0,0,0,0,0,0,0,0,0,0
"ASV833",0,0,0,0,0,0,0,0,0,0,64,0,0,0,0,0,0,0,0,0,0,0,0,0,0,0,0,0,0,0,0,0,0,0,0,130,0,0,0,0,0,0,0,0,0,0,0,0,0,0
"ASV834",0,0,0,0,0,0,0,0,0,0,0,0,0,0,0,0,0,0,0,0,0,0,0,0,0,0,0,0,0,0,0,0,0,0,0,12,0,0,0,0,0,0,0,0,0,0,0,0,0,0
"ASV835",0,0,0,0,0,0,0,0,0,0,5,0,0,0,0,0,0,0,0,0,0,0,0,0,0,0,0,0,0,0,0,0,0,0,0,10,0,0,0,0,0,0,0,0,0,0,0,0,0,0
"ASV836",0,0,0,0,0,0,0,0,0,0,0,0,0,0,0,0,0,0,0,0,0,0,0,0,0,0,0,0,0,0,0,0,0,0,0,0,0,0,0,0,0,0,0,0,0,0,7,0,0,0
"ASV837",0,0,0,0,0,0,0,0,0,0,0,0,0,0,0,0,0,0,0,0,0,0,0,0,0,0,0,0,0,0,0,0,0,0,0,24,0,5,0,0,0,0,0,0,0,0,0,0,0,0
"ASV838",0,0,0,0,0,0,0,0,0,0,0,0,0,0,0,0,0,0,0,0,0,0,0,0,0,0,0,0,0,0,0,0,0,0,0,0,0,0,0,0,0,0,0,0,0,0,0,0,0,0
"ASV839",0,0,0,0,0,0,0,0,0,0,0,0,0,0,0,0,0,0,0,0,0,0,0,0,0,0,0,0,0,0,0,0,0,0,0,2,0,0,0,0,0,0,0,0,0,0,0,0,0,0
"ASV840",0,0,0,0,0,0,0,0,0,0,0,0,0,0,0,0,0,0,0,21,0,0,0,0,0,0,0,0,0,6,0,0,0,0,0,7,0,0,0,0,0,0,0,0,0,0,0,0,0,0
"ASV841",0,0,0,0,0,0,0,0,0,0,0,0,0,0,0,0,0,0,0,0,0,0,0,0,0,0,0,0,0,0,0,0,0,0,0,0,0,0,0,0,0,0,0,0,0,0,0,0,0,0
"ASV842",0,0,0,0,0,0,0,0,0,5,10,0,0,0,0,0,0,0,21,0,0,0,0,0,0,0,0,0,0,0,0,0,0,0,12,26,0,0,0,0,0,0,0,44,0,0,0,0,0,0
"ASV843",28,0,0,0,0,0,0,0,0,42,0,0,0,16,34,0,0,17,0,36,0,0,0,25,0,37,0,27,0,13,0,0,0,0,57,0,0,0,34,85,0,0,0,0,0,0,0,0,9,0
"ASV844",0,0,0,0,0,0,0,0,0,0,0,0,0,0,0,0,0,0,0,0,0,0,0,0,0,0,0,23,9,0,0,0,0,0,0,0,0,0,0,2,0,0,0,0,0,0,0,0,0,0
"ASV845",0,0,0,0,0,0,0,0,0,0,0,0,0,0,0,0,0,0,0,0,0,0,0,0,0,24,727,90,342,86,0,2494,2802,4340,1447,0,0,29,1166,699,9,0,2062,0,0,0,0,10,2844,0
"ASV846",0,0,0,0,33,0,0,0,310,0,0,0,0,0,0,0,0,0,0,0,23,0,0,0,0,0,0,1418,0,6,0,0,0,0,22,0,0,0,0,0,0,0,0,0,0,0,0,0,0,0
"ASV847",0,0,0,0,0,0,0,0,0,0,22,0,0,0,0,0,0,0,0,0,0,0,0,0,0,0,0,0,0,0,0,0,0,0,0,35,0,14,0,0,0,0,0,10,0,0,0,0,0,0
"ASV848",0,0,0,0,0,0,0,0,0,0,0,0,0,0,0,0,0,0,0,0,0,0,0,0,0,0,0,0,0,0,0,0,0,0,72,0,0,0,0,0,0,0,439,58,14,0,0,0,0,0
"ASV849",16,0,0,0,0,0,0,0,0,0,0,0,0,0,0,0,0,0,0,0,0,0,0,0,0,0,0,7,0,0,0,0,0,0,181,0,0,0,0,0,0,0,0,0,0,0,0,0,30,0
"ASV850",0,0,0,0,92,0,0,0,0,17,0,7,0,0,0,0,0,0,0,77,0,0,0,0,0,53,44,0,18,171,0,0,0,0,163,0,0,0,85,0,0,0,0,0,90,0,0,0,0,0
"ASV851",0,0,0,0,0,0,0,0,0,0,0,0,0,0,0,0,0,0,0,0,0,0,0,0,0,0,0,0,0,0,0,0,0,0,0,0,0,0,0,0,0,0,0,0,0,0,0,0,0,0
"ASV852",0,0,0,0,0,0,0,0,0,0,0,0,0,0,0,0,0,0,0,32,10,0,0,0,0,0,0,0,0,0,0,0,0,0,0,0,0,0,0,0,0,0,0,0,14,9,0,0,0,0
"ASV853",0,0,0,0,0,0,0,0,0,0,0,0,0,0,0,0,0,0,0,0,0,0,0,16,0,0,0,0,0,0,0,0,0,0,0,0,0,0,0,0,0,0,0,0,0,0,0,0,30,0
"ASV854",9,0,0,0,14,0,0,22,157,0,0,0,0,0,0,0,0,29,0,11,0,0,40,16,0,27,0,9,0,0,0,0,0,97,0,0,0,0,0,0,0,0,0,0,0,0,0,21,34,0
"ASV855",0,0,0,0,0,0,0,0,0,0,34,0,0,0,0,0,0,0,0,0,0,0,0,0,0,0,0,0,0,0,0,0,0,0,0,38,0,0,0,0,0,0,0,0,0,0,0,0,0,0
"ASV856",0,0,0,0,0,0,0,0,0,0,0,0,0,0,0,0,6,0,0,0,0,0,0,0,6,0,0,0,0,0,0,0,0,0,0,0,0,0,0,0,0,0,0,0,0,0,0,0,0,0
"ASV857",0,0,0,0,0,0,0,0,0,0,0,0,0,0,0,0,0,0,0,0,0,20,0,0,0,0,0,0,0,0,0,0,0,0,0,0,0,0,0,0,0,0,0,0,0,0,33,0,0,0
"ASV858",0,0,0,0,0,0,0,0,0,0,0,10,0,0,0,0,0,0,0,0,0,77,0,9,8,15,0,0,0,0,0,0,0,0,0,0,0,0,0,0,0,0,0,0,0,0,174,0,0,0
"ASV859",0,0,0,0,0,0,0,0,0,0,0,0,0,0,0,0,0,0,0,0,0,0,0,0,0,4,0,0,0,0,0,0,0,0,0,0,0,0,0,0,0,0,0,0,0,0,0,0,0,0
"ASV860",0,0,0,0,0,0,0,0,0,0,0,0,0,0,0,0,0,4,0,0,0,0,0,0,0,0,0,0,0,0,0,0,0,0,0,0,0,0,0,0,0,0,0,0,0,0,0,0,0,0
"ASV861",0,0,0,0,0,0,4,0,0,0,0,0,0,0,0,0,0,0,0,0,0,0,0,0,0,0,0,0,0,0,0,0,0,0,0,0,0,0,0,0,0,0,0,0,0,0,0,0,0,0
"ASV862",0,0,0,0,7,8,5,0,6,0,0,0,0,0,0,0,0,0,0,0,0,8,0,0,0,0,0,0,0,6,0,0,0,0,0,0,8,0,0,0,0,0,0,0,0,0,36,0,9,0
"ASV863",25,0,87,0,0,0,45,13,41,10,57,6,0,14,0,10,0,125,24,34,0,0,38,26,0,99,0,177,14,7,0,65,0,29,21,120,0,0,0,0,0,0,60,40,0,5,0,0,69,0
"ASV864",0,0,0,0,0,0,0,0,0,0,0,0,0,0,0,0,0,0,0,0,0,0,0,0,0,0,0,0,0,0,0,0,0,0,0,0,0,0,0,0,0,0,0,0,0,0,19,0,0,0
"ASV865",7,0,0,0,0,0,0,0,0,0,0,0,0,0,0,0,0,0,0,0,0,17,3,0,0,9,0,0,0,0,0,0,0,0,0,0,0,0,0,0,0,0,0,0,0,0,34,0,0,0
"ASV866",0,0,0,0,0,0,0,0,0,0,20,0,0,0,0,0,0,0,10,0,0,0,0,0,0,0,0,5,0,0,0,0,0,0,0,70,0,0,0,0,0,0,0,0,0,0,0,0,0,0
"ASV867",0,0,0,0,0,0,0,0,0,0,0,0,0,0,0,0,0,0,0,0,0,0,0,0,0,0,0,13,0,0,0,0,0,0,0,0,0,0,43,24,0,0,0,0,14,0,0,0,5,0
"ASV868",18,0,8,0,0,0,0,0,0,0,0,0,0,0,0,0,0,0,0,0,0,0,10,0,0,93,0,25,0,75,0,17,0,24,0,114,0,0,11,0,0,0,0,54,0,0,0,0,0,0
"ASV869",0,0,0,0,0,0,0,0,2,0,0,0,0,0,0,0,0,0,0,0,0,0,0,0,0,0,0,0,0,0,0,0,0,178,0,0,0,0,0,0,0,0,0,0,0,0,10,0,0,0
"ASV870",0,0,0,0,0,0,0,0,0,0,0,0,0,0,0,0,0,0,0,0,0,0,0,0,0,0,0,0,0,0,0,0,0,0,0,0,0,0,0,0,0,0,0,0,0,0,0,0,0,0
"ASV871",0,0,0,0,0,0,0,0,0,0,0,0,0,0,0,0,0,0,0,0,0,0,0,0,0,0,0,0,0,0,0,0,0,0,0,3,0,0,0,0,0,0,0,0,0,0,0,0,0,0
"ASV872",0,0,0,0,0,0,79,0,57,0,0,0,0,136,0,0,0,0,0,56,16,0,128,0,0,0,0,0,0,0,0,69,0,64,0,1,0,0,173,0,0,0,0,0,0,15,0,39,0,0
"ASV873",0,0,0,0,0,0,0,0,0,0,0,0,0,0,5,0,0,0,0,0,0,0,0,0,0,0,0,0,0,0,0,0,0,0,0,0,0,0,0,0,0,0,0,0,0,0,0,0,0,0
"ASV874",0,0,0,0,0,0,0,0,0,0,0,0,16,0,0,0,196,0,0,0,0,0,3,13,0,0,0,0,0,0,0,0,0,0,0,0,0,0,0,0,0,73,0,0,0,0,0,0,0,0
"ASV875",0,0,0,0,0,0,0,0,0,0,0,0,0,0,0,0,0,0,0,0,0,0,0,0,0,0,0,5,0,0,0,0,0,0,0,0,0,0,0,0,0,0,0,0,0,0,0,0,0,0
"ASV876",0,0,0,0,0,0,0,0,0,0,0,0,0,0,0,0,0,0,0,0,0,0,0,0,0,0,0,0,0,0,0,0,0,0,0,0,0,0,0,0,0,0,0,0,0,0,0,0,0,0
"ASV877",0,0,0,0,0,0,11,0,0,0,0,0,0,0,0,19,0,23,0,67,0,0,0,0,0,0,0,0,0,0,0,0,0,0,0,0,0,0,0,0,0,0,0,0,0,0,0,0,0,0
"ASV878",0,0,0,0,0,0,0,0,0,0,0,0,0,0,0,0,0,0,0,0,0,0,0,0,0,0,0,11,0,0,0,0,0,0,0,0,0,0,0,0,0,0,0,0,0,0,0,0,0,0
"ASV879",0,0,0,0,0,0,0,0,0,0,0,0,0,0,0,0,0,0,0,0,0,0,0,0,0,0,0,0,0,0,0,0,0,0,0,11,0,0,0,0,0,0,0,0,0,0,0,0,0,0
"ASV880",0,0,0,0,0,0,0,0,0,0,338,0,0,0,0,0,0,0,0,0,0,0,0,0,0,0,0,0,0,0,0,0,0,0,0,679,0,0,0,0,0,0,0,0,0,0,0,0,0,0
"ASV881",0,0,0,0,0,0,0,0,0,0,0,0,0,0,0,0,0,0,0,0,0,0,0,0,0,0,0,0,0,0,0,0,0,0,0,0,0,0,0,0,0,0,0,0,0,0,0,0,0,0
"ASV882",0,0,0,0,0,0,0,0,0,0,0,0,0,0,0,0,0,0,0,0,0,0,0,0,0,0,0,0,0,0,0,0,0,0,0,0,0,0,0,0,0,0,0,0,0,0,0,0,0,0
"ASV883",0,0,0,0,5,0,0,289,43,0,0,0,0,0,0,7,0,62,0,0,0,0,100,14,0,0,0,0,0,7,0,0,77,26,22,63,0,0,0,0,0,0,16,13,0,0,0,50,20,0
"ASV884",93,0,38,39,30,0,54,114,20,25,5,0,0,0,0,36,0,14,8,468,4,0,24,10,0,191,0,199,98,35,0,283,38,30,54,16,0,0,0,0,10,0,33,20,137,0,0,7,68,0
"ASV885",0,0,0,0,0,0,0,0,0,0,0,0,0,0,0,0,0,0,0,0,0,0,0,0,0,0,0,0,0,0,0,0,0,0,0,0,0,0,0,0,0,0,0,0,0,0,0,0,0,0
"ASV886",0,0,0,0,0,0,0,0,0,0,0,0,0,0,0,0,0,0,0,0,0,0,0,0,0,0,0,0,0,0,0,0,0,0,0,0,0,0,0,0,0,0,0,0,0,0,0,0,0,0
"ASV887",0,0,0,0,0,0,0,0,0,0,0,0,0,0,0,0,0,0,0,0,0,0,0,0,0,0,0,30,0,0,0,0,0,0,0,8,0,0,0,0,0,0,0,0,0,0,0,0,0,0
"ASV888",96,0,0,5,2,0,11,28,0,8,23,138,0,0,0,43,0,0,0,0,0,0,0,0,0,0,0,0,0,0,0,0,0,0,0,0,0,0,0,0,0,0,0,0,0,0,0,0,0,0
"ASV889",0,0,0,0,0,0,0,0,0,0,0,0,0,0,0,0,0,0,0,0,0,0,0,0,0,0,0,0,0,0,0,0,0,0,0,0,0,0,0,0,0,0,0,0,0,0,0,0,0,0
"ASV890",0,0,0,0,0,0,0,0,0,0,0,0,0,0,0,0,0,0,0,0,0,61,0,0,12,0,0,0,0,0,0,0,0,0,0,0,0,0,0,0,0,0,0,0,0,0,255,4,9,88
"ASV891",15,96,616,49,43,0,69,0,259,238,0,0,0,12,7,0,0,55,0,0,0,5,1123,17,0,61,136,3708,226,90,0,290,0,846,1135,30,0,0,83,48,0,0,112,0,0,0,27,979,174,8
"ASV892",0,0,0,0,0,0,0,0,0,0,0,0,0,0,0,0,0,0,0,0,0,0,0,0,0,0,0,0,0,0,0,0,0,0,0,0,0,0,0,0,0,0,0,0,0,0,17,0,0,0
"ASV893",0,0,0,0,0,0,0,0,0,0,0,9,0,0,0,0,0,0,0,0,0,0,0,0,0,0,0,0,0,0,0,0,0,0,0,0,0,0,0,0,0,0,0,0,0,0,0,0,0,0
"ASV894",0,0,0,0,0,0,0,0,0,0,0,0,0,12,0,0,0,88,0,0,0,0,0,30,0,0,0,0,0,0,0,0,0,0,0,0,0,0,0,0,0,0,0,0,0,0,0,0,0,0
"ASV895",0,0,0,0,0,0,0,0,0,0,0,0,0,0,0,0,0,0,0,0,0,0,8,0,0,0,0,0,0,0,0,0,0,0,0,0,0,0,0,0,0,0,0,0,0,0,0,0,0,0
"ASV896",0,0,0,0,0,0,0,0,0,0,0,0,0,0,0,0,0,0,0,0,0,0,0,0,0,0,0,0,0,0,0,0,0,9,0,0,0,0,12,0,0,0,0,0,0,0,0,0,0,0
"ASV897",0,0,0,0,0,0,0,0,0,0,0,0,0,0,0,0,0,0,0,0,0,0,0,0,0,0,0,0,0,0,0,0,0,0,0,16,0,0,0,0,0,0,0,0,0,0,0,0,0,0
"ASV898",0,0,17,0,0,0,0,0,0,0,0,0,0,0,0,0,0,0,0,0,0,0,0,0,0,0,0,0,0,0,0,0,0,0,0,0,0,0,0,0,0,0,0,0,0,0,0,0,0,0
"ASV899",0,0,0,0,0,0,0,0,0,0,0,0,0,0,0,0,0,0,0,0,0,0,0,0,0,0,0,0,0,0,0,0,0,0,0,0,0,0,0,0,0,0,0,0,0,0,0,0,0,0
"ASV900",0,0,0,0,0,0,0,0,0,2,0,0,367,0,0,0,0,0,0,4,0,0,0,0,0,0,0,0,0,0,0,0,0,0,0,53,0,541,0,0,0,0,0,0,0,0,0,0,0,0
"ASV901",0,0,0,0,0,0,0,0,0,0,0,0,0,0,0,0,0,0,0,0,0,0,0,0,0,0,0,0,0,0,0,0,0,0,0,52,0,0,0,0,0,0,0,0,0,0,0,0,0,0
"ASV902",0,0,0,0,0,0,0,0,0,0,0,0,0,0,0,0,40,0,0,0,13,0,0,0,8,15,0,0,0,0,0,0,0,0,0,0,0,0,0,0,0,23,0,0,7,0,0,0,0,0
"ASV903",0,0,0,0,0,0,0,0,0,0,0,0,0,0,0,0,0,0,0,0,0,0,0,0,0,0,0,0,0,0,0,0,0,0,0,0,0,0,0,0,0,0,0,0,0,0,6,0,0,0
"ASV904",36,88,32,0,42,61,25,3,9,96,14,65,18,0,30,13,201,2,4,48,5,0,36,33,13,0,0,0,0,0,0,0,0,0,0,0,0,0,0,0,0,0,0,0,0,0,0,0,0,0
"ASV905",0,0,0,0,0,0,0,0,0,0,0,0,7,0,0,0,0,653,202,123,0,0,0,0,0,0,0,385,0,0,0,0,0,0,0,0,0,49,0,0,0,0,1398,997,198,0,0,0,0,0
"ASV906",0,0,23,0,0,0,0,0,0,0,0,0,0,0,0,0,0,0,0,0,0,0,0,0,0,0,0,0,0,0,0,0,0,0,0,0,0,0,0,0,0,0,0,0,0,0,0,0,0,0
"ASV907",0,0,0,0,0,0,0,0,0,0,0,0,0,0,0,0,0,0,0,0,0,0,0,0,0,0,0,0,0,0,0,4,0,0,0,0,0,0,0,0,0,0,0,0,0,0,0,0,0,0
"ASV908",0,0,0,0,0,0,0,0,0,0,0,0,0,0,0,0,0,0,0,0,0,0,0,0,0,0,0,0,0,0,0,0,0,0,0,0,0,0,0,0,0,0,0,0,0,0,0,0,0,0
"ASV909",0,0,0,0,0,0,0,0,0,0,0,0,0,0,0,0,72,0,70,10,0,0,0,0,0,0,0,0,0,0,0,0,0,0,0,0,0,0,0,0,0,242,0,0,0,0,0,0,0,0
"ASV910",0,0,0,0,0,0,0,0,6,0,65,0,10,0,0,0,0,0,0,0,0,0,0,0,0,0,0,0,0,0,0,0,0,0,0,116,0,23,0,0,0,0,0,0,0,0,0,0,0,0
"ASV911",0,0,0,0,0,0,0,0,0,0,0,0,0,0,0,0,0,0,0,0,0,0,0,0,0,0,0,0,0,0,0,0,0,0,0,0,0,0,0,0,0,0,0,0,0,0,0,0,0,0
"ASV912",0,0,0,0,0,0,0,0,0,0,0,0,0,0,0,0,0,0,0,0,0,0,0,0,0,22,0,0,0,0,0,0,0,0,0,0,0,0,0,0,0,0,0,0,0,0,0,0,0,0
"ASV913",8,0,16,0,266,0,0,0,0,0,13,0,9,17,0,7,0,0,32,23,0,0,0,0,0,47,0,36,10,329,0,18,0,0,15,24,0,19,87,0,0,0,0,40,0,0,0,0,6,0
"ASV914",0,0,0,13,0,0,0,0,16,0,21,0,0,0,0,0,0,0,14,51,0,0,0,13,0,12,0,26,20,0,0,0,0,30,0,72,0,0,0,0,0,0,0,24,35,0,0,0,33,0
"ASV915",0,10,0,0,9,0,0,0,28,0,15,0,0,0,0,36,0,0,0,0,0,0,0,0,0,0,0,0,0,0,0,0,0,36,0,53,0,0,0,0,23,0,0,0,0,0,0,0,0,0
"ASV916",0,0,0,0,0,0,0,0,0,0,0,0,0,0,0,0,0,0,0,0,0,0,0,0,0,0,0,0,0,0,0,0,0,0,0,0,0,0,0,0,0,0,0,0,0,0,0,0,0,0
"ASV917",0,0,0,0,0,0,0,0,0,0,0,0,0,0,0,0,0,0,0,0,0,0,0,0,0,0,0,0,0,0,0,0,0,0,0,0,0,0,0,0,0,0,0,0,0,0,0,0,0,0
"ASV918",77,72,16,116,0,0,24,0,66,32,0,1571,0,78,122,74,0,21,0,7,62,23,18,16,52,95,0,16,126,0,0,26,0,67,57,23,691,0,108,157,18,0,0,0,0,15,79,0,53,84
"ASV919",0,0,0,0,0,20,0,0,0,0,0,0,0,0,0,0,0,0,0,0,0,0,0,0,0,0,0,0,0,0,0,0,0,0,0,0,0,0,0,0,0,0,0,0,0,0,24,0,0,0
"ASV920",0,0,0,0,20,0,4,0,72,0,0,0,0,0,0,0,0,3,0,0,0,6,49,0,0,0,0,0,0,0,0,0,0,54,0,0,0,0,0,0,0,0,0,11,0,0,28,29,0,0
"ASV921",0,0,0,0,0,0,0,0,0,0,0,0,0,0,0,0,0,0,0,0,0,0,0,0,0,0,0,0,0,0,0,0,0,0,0,0,0,0,0,0,0,0,0,0,0,0,0,0,0,0
"ASV922",0,0,0,0,0,0,0,0,0,0,0,0,0,0,0,0,0,0,0,0,0,0,0,0,0,0,0,8,16,0,0,8,0,45,2,36,0,11,0,0,0,0,0,0,0,0,0,0,0,0
"ASV923",0,0,0,0,0,0,0,0,0,0,0,0,0,0,0,0,0,0,0,0,0,0,0,0,0,0,0,0,0,0,0,0,0,0,0,0,0,0,0,0,0,0,0,0,0,0,0,0,0,0
"ASV924",0,0,0,0,0,0,0,0,0,0,0,0,0,0,0,0,0,0,0,0,0,0,0,0,0,0,0,0,0,0,0,0,0,0,0,29,0,0,0,0,0,0,0,0,0,0,0,0,0,0
"ASV925",0,0,0,0,0,0,0,0,0,0,0,0,0,0,0,0,0,0,5,0,0,0,0,0,0,0,0,0,0,0,0,0,0,0,0,0,0,0,0,0,0,0,0,0,0,0,0,0,0,0
"ASV926",0,0,7,0,3,0,0,5,26,4,187,0,0,0,0,0,0,0,22,171,0,0,0,0,0,0,0,8,0,0,0,0,0,0,0,738,0,0,0,0,0,0,0,78,14,0,0,0,0,0
"ASV927",0,0,0,0,0,0,0,0,0,0,7,0,0,0,0,0,0,0,7,0,0,0,0,0,0,0,0,0,0,0,0,0,0,0,0,73,0,0,0,0,0,0,0,0,0,0,0,0,0,0
"ASV928",0,0,0,0,0,0,0,0,0,0,0,0,0,0,0,0,0,0,0,0,0,0,0,0,0,0,0,0,0,0,0,0,0,0,0,0,0,0,0,0,0,0,0,0,0,0,0,0,0,0
"ASV929",8,0,231,797,13,0,76,0,1405,1120,5984,7,4249,52,2,27,3,47,1713,241,7,64,30,52,0,0,0,0,0,0,0,0,0,0,0,2,0,0,0,0,0,0,0,0,0,0,0,0,0,0
"ASV930",0,0,0,0,0,0,0,0,0,0,0,0,0,0,0,0,0,0,0,0,0,0,0,0,0,0,0,0,0,0,0,0,0,0,0,0,0,0,0,0,0,0,0,0,6,0,0,0,19,0
"ASV931",0,0,0,0,44,0,0,0,0,0,0,0,0,0,0,0,0,0,0,2,0,0,0,0,0,0,0,0,0,0,0,0,0,0,0,0,0,0,0,0,0,0,0,0,0,0,0,0,0,0
"ASV932",0,0,0,0,0,0,0,4,0,0,0,0,0,0,0,0,0,0,0,0,0,0,0,0,0,0,0,0,0,0,0,0,0,0,0,0,0,0,0,0,0,0,0,0,0,0,0,0,0,0
"ASV933",0,0,0,0,0,0,0,0,0,0,0,0,0,0,0,0,0,0,0,0,0,0,0,0,0,0,0,0,0,0,0,0,0,0,0,0,0,0,0,0,0,0,0,0,0,0,0,0,0,0
"ASV934",0,17,0,0,0,0,0,0,0,0,0,0,0,0,0,0,0,0,0,0,0,0,0,0,0,0,0,0,0,0,0,0,0,0,0,0,0,0,0,0,0,0,0,0,0,0,0,0,0,0
"ASV935",22,0,0,0,0,0,0,0,0,0,0,0,0,0,0,0,0,0,0,0,0,0,0,0,0,32,0,0,0,0,0,0,0,0,0,0,0,0,0,0,0,0,0,0,0,0,0,0,0,0
"ASV936",0,0,0,0,0,0,0,0,0,10,0,0,0,0,0,0,0,0,0,0,0,0,0,0,0,0,0,12,0,0,0,0,0,0,12,21,0,0,0,0,0,0,0,0,0,0,0,0,0,0
"ASV937",0,0,0,0,0,0,0,0,0,0,8,0,0,0,0,0,0,0,0,0,0,0,0,0,0,0,0,0,0,0,0,0,0,0,0,0,0,0,0,0,0,0,0,0,0,0,0,0,0,0
"ASV938",0,0,0,0,7,0,0,0,45,0,0,0,0,0,0,0,0,0,0,4,0,0,0,0,0,0,0,15,0,0,0,0,0,0,0,7,0,0,0,0,0,0,0,4,2,0,0,0,0,0
"ASV939",0,0,0,0,0,0,0,0,0,0,0,0,0,0,0,0,0,0,0,0,0,0,0,0,0,0,0,0,0,0,0,0,0,0,0,0,0,0,0,0,0,0,0,0,0,0,0,0,0,0
"ASV940",27,0,0,0,304,0,8,0,53,0,0,0,0,0,0,0,0,0,0,0,0,0,26,0,0,86,0,20,0,121,0,26,0,70,0,0,0,0,0,0,0,0,0,0,0,0,0,0,0,0
"ASV941",0,0,0,0,0,0,0,0,11,0,180,0,12,0,0,0,0,0,62,0,0,0,0,0,0,0,0,0,0,0,0,0,0,13,2,20,0,0,0,0,0,0,0,27,0,0,0,0,0,0
"ASV942",0,0,0,0,74,0,0,0,0,0,0,0,6,0,0,0,0,0,0,0,0,0,0,0,0,0,0,0,0,90,0,0,0,0,0,0,0,20,0,0,0,0,0,0,0,0,0,0,0,0
"ASV943",20,0,66,101,0,0,217,0,212,252,0,0,0,60,0,0,0,0,0,2,0,0,0,45,0,28,0,143,216,0,0,322,0,164,395,0,0,0,190,0,0,0,0,0,0,0,0,0,124,0
"ASV944",0,0,0,0,0,0,0,0,0,0,14,0,0,0,0,0,0,0,0,0,0,0,0,0,0,0,0,0,0,0,0,0,0,0,0,0,0,0,0,0,0,0,0,0,0,0,0,0,0,0
"ASV945",0,0,0,0,0,0,0,0,0,0,0,0,0,0,0,0,0,0,0,0,0,0,0,0,0,0,0,0,38,0,0,0,0,0,0,0,0,0,0,0,0,0,0,0,0,0,0,0,0,0
"ASV946",4,0,0,0,0,0,132,0,148,8,0,0,0,0,0,0,0,10,0,0,0,0,0,96,0,24,0,6,0,0,0,168,0,91,5,0,0,0,0,0,0,0,0,0,0,0,0,0,136,0
"ASV947",0,0,0,0,0,0,0,0,5,0,0,0,0,0,0,0,0,0,0,0,0,0,0,0,0,0,0,0,0,0,0,0,0,0,0,0,0,0,0,0,0,0,0,0,0,0,0,0,0,0
"ASV948",0,0,0,0,0,0,0,0,0,0,0,0,0,0,0,0,0,0,0,4,0,0,0,0,0,0,0,23,0,0,0,0,0,0,0,0,0,0,13,0,0,0,0,0,0,0,0,0,0,0
"ASV949",0,0,0,0,0,0,0,0,0,0,0,0,0,0,0,0,0,0,0,0,0,0,0,0,0,0,0,0,0,0,0,0,0,0,0,0,0,0,0,0,0,0,0,0,0,0,0,0,0,0
"ASV950",0,0,0,0,0,0,0,0,0,0,0,0,0,0,0,0,0,0,0,0,0,0,0,0,0,0,0,0,0,0,0,0,0,0,0,0,0,0,0,0,0,0,0,0,0,0,0,0,0,0
"ASV951",0,0,0,0,0,0,0,0,0,0,0,0,0,0,0,0,0,0,0,0,0,0,0,0,0,8,0,0,0,0,0,0,0,0,0,0,0,0,0,95,0,0,0,0,0,0,0,8,0,0
"ASV952",0,0,0,0,0,0,0,0,0,0,0,0,0,0,0,0,0,0,0,0,0,0,0,0,0,0,0,0,0,0,0,0,0,0,0,0,0,0,0,0,0,0,0,0,0,0,0,0,0,0
"ASV953",0,0,0,0,0,0,0,0,0,0,0,0,0,0,0,0,0,32,0,0,0,0,0,0,0,0,0,0,0,0,0,0,0,0,0,0,0,0,0,0,0,0,15,0,0,0,0,0,0,0
"ASV954",0,0,0,0,0,0,0,0,0,0,0,0,0,0,0,0,0,0,0,0,0,0,0,0,0,0,0,0,0,0,0,0,0,0,0,0,0,0,0,0,0,0,0,0,0,0,0,0,0,0
"ASV955",0,2,0,0,0,0,0,0,2,0,0,0,0,0,0,0,0,0,0,0,0,0,0,0,0,0,0,0,0,0,0,0,0,0,0,0,0,0,0,0,0,0,0,0,0,0,0,0,0,0
