"","Kingdom","Phylum","Class","Order","Family","Genus"
"ASV1","Bacteria","Bdellovibrionota","Oligoflexia","0319-6G20","0319-6G20","0319-6G20"
"ASV2","Bacteria","Bdellovibrionota","Oligoflexia","053A03-B-DI-P58","053A03-B-DI-P58","053A03-B-DI-P58"
"ASV3","Bacteria","Pseudomonadota","Gammaproteobacteria","1013-28-CG33","1013-28-CG33","1013-28-CG33"
"ASV4","Bacteria","Patescibacteria","Parcubacteria","32-520","32-520","32-520"
"ASV5","Bacteria","Bacteroidota","Bacteroidia","Chitinophagales","37-13","37-13"
"ASV6","Bacteria","Elusimicrobiota","4-29","4-29","4-29","4-29"
"ASV7","Bacteria","Nitrospirota","4-29-1","4-29-1","4-29-1","4-29-1"
"ASV8","Bacteria","Chloroflexota","Dehalococcoidia","661239","661239","661239"
"ASV9","Bacteria","Actinomycetota","Thermoleophilia","Solirubrobacterales","67-14","67-14"
"ASV10","Bacteria","Pseudomonadota","Alphaproteobacteria","Hyphomicrobiales","A0839","A0839"
"ASV11","Bacteria","Chloroflexota","Anaerolineae","Aggregatilineales","A4b","A4b"
"ASV12","Bacteria","Balneolota","Balneolia","Balneolales","Balneolaceae","A815"
"ASV13","Bacteria","Chloroflexota","Dehalococcoidia","GIF9","AB-539-J10","AB-539-J10"
"ASV14","Bacteria","Patescibacteria","ABY1","ABY1","ABY1","ABY1"
"ASV15","Bacteria","Chloroflexota","AD3","AD3","AD3","AD3"
"ASV16","Bacteria","Chloroflexota","Anaerolineae","ADurb.Bin180","ADurb.Bin180","ADurb.Bin180"
"ASV17","Bacteria","Bacteroidota","Bacteroidia","Sphingobacteriales","ADurb.Bin408","ADurb.Bin408"
"ASV18","Bacteria","Gemmatimonadota","AKAU4049","AKAU4049","AKAU4049","AKAU4049"
"ASV19","Bacteria","Chloroflexota","Chloroflexia","Thermomicrobiales","AKYG1722","AKYG1722"
"ASV20","Bacteria","Bacteroidota","Bacteroidia","Sphingobacteriales","AKYH767","AKYH767"
"ASV21","Archaea","Halobacteriota","Methanosarcinia","Methanosarcinales","Methanosarcinaceae","ANME-3"
"ASV22","Bacteria","Acetothermia","Acetothermiia","Incertae Sedis","Incertae Sedis","AOM-SR-B11"
"ASV23","Archaea","Nanoarchaeota","Nanoarchaeia","Woesearchaeales","GW2011","AR15"
"ASV24","Archaea","Nanoarchaeota","Nanoarchaeia","Woesearchaeales","GW2011","AR20"
"ASV25","Bacteria","Acidobacteriota","AT-s3-28","AT-s3-28","AT-s3-28","AT-s3-28"
"ASV26","Bacteria","Abditibacteriota","Abditibacteriia","Abditibacteriales","Abditibacteriaceae","Abditibacterium"
"ASV27","Bacteria","Patescibacteria","Gracilibacteria","Absconditabacteriales (SR1)","Absconditabacteriales (SR1)","Absconditabacteriales (SR1)"
"ASV28","Bacteria","Pseudomonadota","Alphaproteobacteria","Rickettsiales","Rickettsiaceae","Ac37b"
"ASV29","Bacteria","Pseudomonadota","Alphaproteobacteria","Acetobacterales","Acetobacteraceae","Acetobacteraceae"
"ASV30","Bacteria","Bacillota","Clostridia","Eubacteriales","Eubacteriaceae","Acetobacterium"
"ASV31","Bacteria","Bacillota","Clostridia","Peptostreptococcales-Tissierellales","Acidaminobacteraceae","Acidaminobacter"
"ASV32","Bacteria","Actinomycetota","Acidimicrobiia","Acidimicrobiales","Acidimicrobiaceae","Acidiferrimicrobium"
"ASV33","Bacteria","Pseudomonadota","Gammaproteobacteria","Acidiferrobacterales","Acidiferrobacteraceae","Acidiferrobacteraceae"
"ASV34","Bacteria","Actinomycetota","Acidimicrobiia","Acidimicrobiales","Acidimicrobiaceae","Acidimicrobiaceae"
"ASV35","Bacteria","Actinomycetota","Acidimicrobiia","Acidimicrobiia","Acidimicrobiia","Acidimicrobiia"
"ASV36","Bacteria","Acidobacteriota","Acidobacteriota","Acidobacteriota","Acidobacteriota","Acidobacteriota"
"ASV37","Bacteria","Pseudomonadota","Gammaproteobacteria","Burkholderiales","Comamonadaceae","Acidovorax"
"ASV38","Bacteria","Pseudomonadota","Gammaproteobacteria","Pseudomonadales","Moraxellaceae","Acinetobacter"
"ASV39","Bacteria","Pseudomonadota","Gammaproteobacteria","Burkholderiales","Oxalobacteraceae","Actimicrobium"
"ASV40","Bacteria","Actinomycetota","Actinobacteria","Actinobacteria","Actinobacteria","Actinobacteria"
"ASV41","Bacteria","Actinomycetota","Acidimicrobiia","Actinomarinales","Actinomarinales","Actinomarinales"
"ASV42","Bacteria","Actinomycetota","Actinomycetota","Actinomycetota","Actinomycetota","Actinomycetota"
"ASV43","Archaea","Aenigmarchaeota","Aenigmarchaeia","Aenigmarchaeales","Aenigmarchaeales","Aenigmarchaeales"
"ASV44","Bacteria","Bacteroidota","Bacteroidia","Flavobacteriales","Flavobacteriaceae","Aequorivita"
"ASV45","Bacteria","Actinomycetota","Actinobacteria","Propionibacteriales","Nocardioidaceae","Aeromicrobium"
"ASV46","Bacteria","Pseudomonadota","Alphaproteobacteria","Hyphomicrobiales","Xanthobacteraceae","Afipia"
"ASV47","Bacteria","Chloroflexota","Anaerolineae","Aggregatilineales","Aggregatilineaceae","Aggregatilineaceae"
"ASV48","Bacteria","Chloroflexota","Anaerolineae","Aggregatilineales","Aggregatilineales","Aggregatilineales"
"ASV49","Bacteria","Pseudomonadota","Gammaproteobacteria","Pseudomonadales","Moraxellaceae","Agitococcus"
"ASV50","Bacteria","Pseudomonadota","Alphaproteobacteria","Hyphomicrobiales","Rhizobiaceae","Agrobacterium"
"ASV51","Bacteria","Pseudomonadota","Gammaproteobacteria","Lysobacterales","Rhodanobacteraceae","Ahniella"
"ASV52","Bacteria","Pseudomonadota","Gammaproteobacteria","Burkholderiales","Alcaligenaceae","Alcaligenaceae"
"ASV53","Bacteria","Pseudomonadota","Gammaproteobacteria","Pseudomonadales","Alcanivoracaceae1","Alcanivorax"
"ASV54","Bacteria","Bacteroidota","Bacteroidia","Cytophagales","Cyclobacteriaceae","Algoriphagus"
"ASV55","Bacteria","Pseudomonadota","Gammaproteobacteria","Enterobacterales","Idiomarinaceae","Aliidiomarina"
"ASV56","Bacteria","Pseudomonadota","Gammaproteobacteria","Enterobacterales","Kangiellaceae","Aliikangiella"
"ASV57","Bacteria","Bacillota","Clostridia","Eubacteriales","Alkalibacteraceae","Alkalibacter"
"ASV58","Bacteria","Bacillota","Bacilli","Lactobacillales","Carnobacteriaceae","Alkalibacterium"
"ASV59","Bacteria","Bacillota","Bacilli","Bacillales","Salisediminibacteriaceae","Alkalicoccus"
"ASV60","Bacteria","Pseudomonadota","Alphaproteobacteria","Alphaproteobacteria","Alphaproteobacteria","Alphaproteobacteria"
"ASV61","Bacteria","Pseudomonadota","Alphaproteobacteria","Sphingomonadales","Sphingomonadaceae","Alteraurantiacibacter"
"ASV62","Bacteria","Pseudomonadota","Alphaproteobacteria","Hyphomicrobiales","Amb-16S-1323","Amb-16S-1323"
"ASV63","Bacteria","Acidobacteriota","Aminicenantia","Aminicenantales","Aminicenantaceae","Aminicenans"
"ASV64","Bacteria","Pseudomonadota","Alphaproteobacteria","Hyphomicrobiales","Rhizobiaceae","Aminobacter"
"ASV65","Bacteria","Bacillota","Bacilli","Bacillales","Bacillaceae","Anaerobacillus"
"ASV66","Bacteria","Bacteroidota","Bacteroidia","Bacteroidales","Rikenellaceae","Anaerocella"
"ASV67","Bacteria","Bacillota","Clostridia","Eubacteriales","Anaerofustaceae","Anaerofustis"
"ASV68","Bacteria","Chloroflexota","Anaerolineae","Anaerolineales","Anaerolineaceae","Anaerolinea"
"ASV69","Bacteria","Chloroflexota","Anaerolineae","Anaerolineales","Anaerolineaceae","Anaerolineaceae"
"ASV70","Bacteria","Chloroflexota","Anaerolineae","Anaerolineae","Anaerolineae","Anaerolineae"
"ASV71","Bacteria","Myxococcota","Myxococcia","Myxococcales","Anaeromyxobacteraceae","Anaeromyxobacter"
"ASV72","Bacteria","Bacillota","Clostridia","Peptostreptococcales-Tissierellales","Anaerovoracaceae","Anaerovorax"
"ASV73","Bacteria","Pseudomonadota","Alphaproteobacteria","Hyphomicrobiales","Xanthobacteraceae","Ancylobacter"
"ASV74","Bacteria","Bacteroidota","Bacteroidia","Flavobacteriales","Flavobacteriaceae","Antarcticibacterium"
"ASV75","Bacteria","Pseudomonadota","Gammaproteobacteria","Burkholderiales","Comamonadaceae","Aquabacterium"
"ASV76","Bacteria","Pseudomonadota","Alphaproteobacteria","Hyphomicrobiales","Rhizobiaceae","Aquamicrobium"
"ASV77","Bacteria","Pseudomonadota","Gammaproteobacteria","Rickettsiellales","Rickettsiellaceae","Aquicella"
"ASV78","Bacteria","Pseudomonadota","Gammaproteobacteria","Lysobacterales","Rhodanobacteraceae","Aquimonas"
"ASV79","Bacteria","Pseudomonadota","Gammaproteobacteria","Pseudomonadales","Moraxellaceae","Aquirhabdus"
"ASV80","Archaea","Archaea","Archaea","Archaea","Archaea","Archaea"
"ASV81","Bacteria","Bacteroidota","Bacteroidia","Flavobacteriales","Flavobacteriaceae","Arenibacter"
"ASV82","Bacteria","Pseudomonadota","Gammaproteobacteria","Lysobacterales","Lysobacteraceae","Arenimonas"
"ASV83","Bacteria","Armatimonadota","Armatimonadia","Armatimonadales","Armatimonadaceae","Armatimonadaceae"
"ASV84","Bacteria","Armatimonadota","Armatimonadota","Armatimonadota","Armatimonadota","Armatimonadota"
"ASV85","Bacteria","Pseudomonadota","Alphaproteobacteria","Hyphomicrobiales","Devosiaceae","Arsenicitalea"
"ASV86","Bacteria","Pseudomonadota","Gammaproteobacteria","Enterobacterales","Alteromonadaceae","Arsukibacterium"
"ASV87","Bacteria","Actinomycetota","Actinobacteria","Micrococcales","Micrococcaceae","Arthrobacter"
"ASV88","Bacteria","Pseudomonadota","Alphaproteobacteria","Caulobacterales","Caulobacteraceae","Asticcacaulis"
"ASV89","Bacteria","Actinomycetota","Actinobacteria","Micrococcales","Microbacteriaceae","Aurantimicrobium"
"ASV90","Bacteria","Pseudomonadota","Alphaproteobacteria","Hyphomicrobiales","Rhizobiaceae","Aurantimonas"
"ASV91","Bacteria","Bacteroidota","Bacteroidia","Chitinophagales","Chitinophagaceae","Aurantisolimonas"
"ASV92","Bacteria","Pseudomonadota","Gammaproteobacteria","Pseudomonadales","Pseudomonadaceae","Azomonas"
"ASV93","Bacteria","Pseudomonadota","Alphaproteobacteria","Azospirillales","Azospirillaceae","Azospirillum"
"ASV94","Bacteria","Gemmatimonadota","BD2-11 terrestrial group","BD2-11 terrestrial group","BD2-11 terrestrial group","BD2-11 terrestrial group"
"ASV95","Bacteria","Planctomycetota","BD7-11","BD7-11","BD7-11","BD7-11"
"ASV96","Bacteria","BHI80-139","BHI80-139","BHI80-139","BHI80-139","BHI80-139"
"ASV97","Bacteria","Myxococcota","Polyangiia","Polyangiales","BIrii41","BIrii41"
"ASV98","Bacteria","Nitrospirota","BMS9AB35","BMS9AB35","BMS9AB35","BMS9AB35"
"ASV99","Bacteria","Bacteroidota","Bacteroidia","Bacteroidales","Prolixibacteraceae","BSV13"
"ASV100","Bacteria","Candidatus Kryptonia","Kryptonia","Kryptoniales","BSV26","BSV26"
"ASV101","Bacteria","Ignavibacteriota","Ignavibacteria","Ignavibacteriales","BSV40","BSV40"
"ASV102","Bacteria","Dependentiae","Babeliae","Babeliales","Babeliaceae","Babeliaceae"
"ASV103","Bacteria","Dependentiae","Babeliae","Babeliales","Babeliales","Babeliales"
"ASV104","Bacteria","Bacillota","Bacilli","Bacilli","Bacilli","Bacilli"
"ASV105","Bacteria","Bacillota","Bacillota","Bacillota","Bacillota","Bacillota"
"ASV106","Bacteria","Bacteria","Bacteria","Bacteria","Bacteria","Bacteria"
"ASV107","Bacteria","Bdellovibrionota","Bacteriovoracia","Bacteriovoracales","Bacteriovoracaceae","Bacteriovorax"
"ASV108","Bacteria","Bacteroidota","Bacteroidia","Bacteroidales","Bacteroidales","Bacteroidales"
"ASV109","Bacteria","Bacteroidota","Bacteroidia","Bacteroidales","Bacteroidetes BD2-2","Bacteroidetes BD2-2"
"ASV110","Bacteria","Bacteroidota","Bacteroidia","Bacteroidetes VC2.1 Bac22","Bacteroidetes VC2.1 Bac22","Bacteroidetes VC2.1 Bac22"
"ASV111","Bacteria","Bacteroidota","Bacteroidia","Bacteroidales","Bacteroidetes vadinHA17","Bacteroidetes vadinHA17"
"ASV112","Bacteria","Bacteroidota","Bacteroidia","Bacteroidia","Bacteroidia","Bacteroidia"
"ASV113","Bacteria","Balneolota","Balneolia","Balneolales","Balneolaceae","Balneolaceae"
"ASV114","Archaea","Thermoproteota","Bathyarchaeia","Bathyarchaeia","Bathyarchaeia","Bathyarchaeia"
"ASV115","Bacteria","Pseudomonadota","Alphaproteobacteria","Hyphomicrobiales","Hyphomicrobiales Incertae Sedis","Bauldia"
"ASV116","Bacteria","Patescibacteria","Berkelbacteria","Berkelbacteria","Berkelbacteria","Berkelbacteria"
"ASV117","Bacteria","Acidobacteriota","Blastocatellia","Blastocatellales","Blastocatellaceae","Blastocatellaceae"
"ASV118","Bacteria","Pseudomonadota","Alphaproteobacteria","Sphingomonadales","Sphingomonadaceae","Blastomonas"
"ASV119","Bacteria","Myxococcota","Polyangiia","Blfdi19","Blfdi19","Blfdi19"
"ASV120","Bacteria","Bacteroidota","Bacteroidia","Bacteroidales","Williamwhitmaniaceae","Blvii28 wastewater-sludge group"
"ASV121","Bacteria","Pseudomonadota","Alphaproteobacteria","Hyphomicrobiales","Beijerinckiaceae","Bosea"
"ASV122","Bacteria","Pseudomonadota","Alphaproteobacteria","Hyphomicrobiales","Xanthobacteraceae","Bradyrhizobium"
"ASV123","Bacteria","Pseudomonadota","Alphaproteobacteria","Caulobacterales","Caulobacteraceae","Brevundimonas"
"ASV124","Bacteria","Acidobacteriota","Acidobacteriae","Bryobacterales","Bryobacteraceae","Bryobacter"
"ASV125","Bacteria","Acidobacteriota","Acidobacteriae","Bryobacterales","Bryobacteraceae","Bryobacteraceae"
"ASV126","Bacteria","Pseudomonadota","Gammaproteobacteria","Burkholderiales","Burkholderiales","Burkholderiales"
"ASV127","Bacteria","Pseudomonadota","Gammaproteobacteria","Pseudomonadales","Porticoccaceae","C1-B045"
"ASV128","Bacteria","Planctomycetota","Phycisphaerae","CCM11a","CCM11a","CCM11a"
"ASV129","Bacteria","Pseudomonadota","Gammaproteobacteria","CCM19a","CCM19a","CCM19a"
"ASV130","Bacteria","Patescibacteria","Parcubacteria","CG1-02-42-13","CG1-02-42-13","CG1-02-42-13"
"ASV131","Archaea","Nanoarchaeota","Nanoarchaeia","Woesearchaeales","Incertae Sedis","CG1-02-57-44"
"ASV132","Archaea","Micrarchaeota","Micrarchaeia","Micrarchaeales","Incertae Sedis","CG1_02_55_22"
"ASV133","Archaea","Micrarchaeota","Micrarchaeia","Micrarchaeales","Incertae Sedis","CG1_02_55_41"
"ASV134","Bacteria","Actinomycetota","Coriobacteriia","CG2-30-50-142","CG2-30-50-142","CG2-30-50-142"
"ASV135","Bacteria","Balneolota","Balneolia","Balneolales","Balneolaceae","CK06-06-Mud-MAS4B-21"
"ASV136","Bacteria","Actinomycetota","Acidimicrobiia","Microtrichales","Ilumatobacteraceae","CL500-29 marine group"
"ASV137","Bacteria","Planctomycetota","Phycisphaerae","Phycisphaerales","Phycisphaeraceae","CL500-3"
"ASV138","Bacteria","Bacteroidota","Bacteroidia","Sphingobacteriales","CMW-169","CMW-169"
"ASV139","Bacteria","Patescibacteria","CPR2","CPR2","CPR2","CPR2"
"ASV140","Bacteria","Dadabacteria","Dadabacteriia","Dadabacteriales","Incertae Sedis","CSP1-2"
"ASV141","Bacteria","Pseudomonadota","Gammaproteobacteria","Burkholderiales","Comamonadaceae","Caenimonas"
"ASV142","Bacteria","Bacillota","Clostridia","Caldicoprobacterales","Caldicoprobacteraceae","Caldicoprobacter"
"ASV143","Bacteria","Chloroflexota","Anaerolineae","Caldilineales","Caldilineaceae","Caldilineaceae"
"ASV144","Bacteria","Bacillota","Symbiobacteriia","Symbiobacteriales","Symbiobacteraceae","Caldinitratiruptor"
"ASV145","Bacteria","Caldisericota","Caldisericia","Caldisericales","Caldisericaceae","Caldisericum"
"ASV146","Bacteria","Patescibacteria","Gracilibacteria","Candidatus Abawacabacteria","Candidatus Abawacabacteria","Candidatus Abawacabacteria"
"ASV147","Bacteria","Pseudomonadota","Gammaproteobacteria","Burkholderiales","Rhodocyclaceae","Candidatus Accumulibacter"
"ASV148","Bacteria","Patescibacteria","Parcubacteria","Candidatus Adlerbacteria","Candidatus Adlerbacteria","Candidatus Adlerbacteria"
"ASV149","Archaea","Altiarchaeota","Altiarchaeia","Altiarchaeales","Altiarchaeaceae","Candidatus Altiarchaeum"
"ASV150","Bacteria","Patescibacteria","Microgenomatia","Candidatus Amesbacteria","Candidatus Amesbacteria","Candidatus Amesbacteria"
"ASV151","Bacteria","Patescibacteria","Parcubacteria","Candidatus Azambacteria","Candidatus Azambacteria","Candidatus Azambacteria"
"ASV152","Bacteria","Patescibacteria","Microgenomatia","Candidatus Beckwithbacteria","Candidatus Beckwithbacteria","Candidatus Beckwithbacteria"
"ASV153","Bacteria","Pseudomonadota","Gammaproteobacteria","Gammaproteobacteria Incertae Sedis","Unknown Family","Candidatus Berkiella"
"ASV154","Bacteria","Planctomycetota","Brocadiae","Brocadiales","Brocadiaceae","Candidatus Brocadia"
"ASV155","Bacteria","Patescibacteria","ABY1","Candidatus Buchananbacteria","Candidatus Buchananbacteria","Candidatus Buchananbacteria"
"ASV156","Bacteria","Patescibacteria","Parcubacteria","Candidatus Campbellbacteria","Candidatus Campbellbacteria","Candidatus Campbellbacteria"
"ASV157","Bacteria","Pseudomonadota","Alphaproteobacteria","Paracaedibacterales","Paracaedibacteraceae","Candidatus Captivus"
"ASV158","Bacteria","Patescibacteria","Microgenomatia","Candidatus Chisholmbacteria","Candidatus Chisholmbacteria","Candidatus Chisholmbacteria"
"ASV159","Bacteria","Patescibacteria","Microgenomatia","Candidatus Collierbacteria","Candidatus Collierbacteria","Candidatus Collierbacteria"
"ASV160","Bacteria","Patescibacteria","Parcubacteria","Candidatus Colwellbacteria","Candidatus Colwellbacteria","Candidatus Colwellbacteria"
"ASV161","Bacteria","Bacillota","Dethiobacteria","Dethiobacterales","Dethiobacteraceae","Candidatus Contubernalis"
"ASV162","Bacteria","Patescibacteria","Microgenomatia","Candidatus Curtissbacteria","Candidatus Curtissbacteria","Candidatus Curtissbacteria"
"ASV163","Bacteria","Patescibacteria","Microgenomatia","Candidatus Daviesbacteria","Candidatus Daviesbacteria","Candidatus Daviesbacteria"
"ASV164","Bacteria","Bacillota","Desulfotomaculia","Ammonifexales","Desulforudaceae","Candidatus Desulforudis"
"ASV165","Bacteria","Patescibacteria","Parcubacteria","Candidatus Doudnabacteria","Candidatus Doudnabacteria","Candidatus Doudnabacteria"
"ASV166","Bacteria","Pseudomonadota","Gammaproteobacteria","Piscirickettsiales","Piscirickettsiaceae","Candidatus Endoecteinascidia"
"ASV167","Bacteria","Patescibacteria","ABY1","Candidatus Falkowbacteria","Candidatus Falkowbacteria","Candidatus Falkowbacteria"
"ASV168","Bacteria","Patescibacteria","Parcubacteria","Candidatus Giovannonibacteria","Candidatus Giovannonibacteria","Candidatus Giovannonibacteria"
"ASV169","Bacteria","Patescibacteria","Microgenomatia","Candidatus Gottesmanbacteria","Candidatus Gottesmanbacteria","Candidatus Gottesmanbacteria"
"ASV170","Archaea","Iainarchaeota","Iainarchaeia","Iainarchaeales","Iainarchaeaceae","Candidatus Iainarchaeum"
"ASV171","Bacteria","Patescibacteria","Parcubacteria","Candidatus Jorgensenbacteria","Candidatus Jorgensenbacteria","Candidatus Jorgensenbacteria"
"ASV172","Bacteria","Patescibacteria","Parcubacteria","Candidatus Kaiserbacteria","Candidatus Kaiserbacteria","Candidatus Kaiserbacteria"
"ASV173","Bacteria","Patescibacteria","ABY1","Candidatus Kerfeldbacteria","Candidatus Kerfeldbacteria","Candidatus Kerfeldbacteria"
"ASV174","Bacteria","Patescibacteria","ABY1","Candidatus Komeilibacteria","Candidatus Komeilibacteria","Candidatus Komeilibacteria"
"ASV175","Bacteria","Patescibacteria","ABY1","Candidatus Kuenenbacteria","Candidatus Kuenenbacteria","Candidatus Kuenenbacteria"
"ASV176","Bacteria","Planctomycetota","Brocadiae","Brocadiales","Brocadiaceae","Candidatus Kuenenia"
"ASV177","Bacteria","Latescibacterota","Latescibacteria","Latescibacterales","Latescibacteraceae","Candidatus Latescibacter"
"ASV178","Bacteria","Patescibacteria","Microgenomatia","Candidatus Levybacteria","Candidatus Levybacteria","Candidatus Levybacteria"
"ASV179","Bacteria","Patescibacteria","Parcubacteria","Candidatus Liptonbacteria","Candidatus Liptonbacteria","Candidatus Liptonbacteria"
"ASV180","Bacteria","Patescibacteria","ABY1","Candidatus Magasanikbacteria","Candidatus Magasanikbacteria","Candidatus Magasanikbacteria"
"ASV181","Archaea","Methanobacteriota","Thermococci","Methanofastidiosales","Methanofastidiosaceae","Candidatus Methanofastidiosum"
"ASV182","Archaea","Halobacteriota","Methanosarcinia","Methanosarcinales","Methanoperedenaceae","Candidatus Methanoperedens"
"ASV183","Bacteria","Methylomirabilota","Methylomirabilia","Methylomirabilales","Methylomirabilaceae","Candidatus Methylomirabilis"
"ASV184","Bacteria","Pseudomonadota","Gammaproteobacteria","Burkholderiales","Methylophilaceae","Candidatus Methylopumilus"
"ASV185","Bacteria","Patescibacteria","Parcubacteria","Candidatus Moranbacteria","Candidatus Moranbacteria","Candidatus Moranbacteria"
"ASV186","Bacteria","Patescibacteria","Parcubacteria","Candidatus Nealsonbacteria","Candidatus Nealsonbacteria","Candidatus Nealsonbacteria"
"ASV187","Bacteria","SAR324 clade(Marine group B)","Incertae Sedis","Incertae Sedis","Incertae Sedis","Candidatus Nitrosoarchaeum"
"ASV188","Archaea","Thermoproteota","Nitrososphaeria","Nitrososphaerales","Nitrososphaeraceae","Candidatus Nitrosocosmicus"
"ASV189","Archaea","Thermoproteota","Nitrososphaeria","Nitrosotaleales","Nitrosotaleaceae","Candidatus Nitrosotalea"
"ASV190","Bacteria","Pseudomonadota","Gammaproteobacteria","Burkholderiales","Gallionellaceae","Candidatus Nitrotoga"
"ASV191","Bacteria","Patescibacteria","Parcubacteria","Candidatus Nomurabacteria","Candidatus Nomurabacteria","Candidatus Nomurabacteria"
"ASV192","Bacteria","Pseudomonadota","Alphaproteobacteria","Caedibacterales","Caedibacteraceae","Candidatus Nucleicultrix"
"ASV193","Bacteria","Cyanobacteriota","Vampirivibrionia","Obscuribacterales","Obscuribacteraceae","Candidatus Obscuribacter"
"ASV194","Bacteria","Verrucomicrobiota","Omnitrophia","Omnitrophales","Omnitrophaceae","Candidatus Omnitrophus"
"ASV195","Bacteria","Pseudomonadota","Gammaproteobacteria","Gammaproteobacteria Incertae Sedis","Unknown Family","Candidatus Ovatusbacter"
"ASV196","Bacteria","Patescibacteria","Microgenomatia","Candidatus Pacebacteria","Candidatus Pacebacteria","Candidatus Pacebacteria"
"ASV197","Bacteria","Patescibacteria","Parcubacteria","Paceibacterales","Paceibacteraceae","Candidatus Paceibacter"
"ASV198","Bacteria","Pseudomonadota","Alphaproteobacteria","Paracaedibacterales","Paracaedibacteraceae","Candidatus Paracaedibacter"
"ASV199","Bacteria","Patescibacteria","Gracilibacteria","Candidatus Peregrinibacteria","Candidatus Peregrinibacteria","Candidatus Peregrinibacteria"
"ASV200","Bacteria","Patescibacteria","Gracilibacteria","Candidatus Peribacteria","Candidatus Peribacteria","Candidatus Peribacteria"
"ASV201","Bacteria","Actinomycetota","Actinobacteria","Frankiales","Sporichthyaceae","Candidatus Planktophila"
"ASV202","Bacteria","Chlamydiota","Chlamydiia","Chlamydiales","Parachlamydiaceae","Candidatus Protochlamydia"
"ASV203","Bacteria","Chlamydiota","Chlamydiia","Chlamydiales","Simkaniaceae","Candidatus Renichlamydia"
"ASV204","Bacteria","Patescibacteria","Microgenomatia","Candidatus Roizmanbacteria","Candidatus Roizmanbacteria","Candidatus Roizmanbacteria"
"ASV205","Bacteria","Patescibacteria","Microgenomatia","Candidatus Shapirobacteria","Candidatus Shapirobacteria","Candidatus Shapirobacteria"
"ASV206","Bacteria","Acidobacteriota","Acidobacteriae","Solibacterales","Solibacteraceae","Candidatus Solibacter"
"ASV207","Bacteria","Patescibacteria","Parcubacteria","Candidatus Spechtbacteria","Candidatus Spechtbacteria","Candidatus Spechtbacteria"
"ASV208","Bacteria","Patescibacteria","Parcubacteria","Candidatus Staskawiczbacteria","Candidatus Staskawiczbacteria","Candidatus Staskawiczbacteria"
"ASV209","Bacteria","Pseudomonadota","Gammaproteobacteria","Burkholderiales","Comamonadaceae","Candidatus Symbiobacter"
"ASV210","Bacteria","Pseudomonadota","Gammaproteobacteria","Tenderiales","Tenderiaceae","Candidatus Tenderia"
"ASV211","Bacteria","Patescibacteria","Parcubacteria","Candidatus Terrybacteria","Candidatus Terrybacteria","Candidatus Terrybacteria"
"ASV212","Bacteria","Patescibacteria","ABY1","Candidatus Uhrbacteria","Candidatus Uhrbacteria","Candidatus Uhrbacteria"
"ASV213","Bacteria","Patescibacteria","Parcubacteria","Candidatus Vogelbacteria","Candidatus Vogelbacteria","Candidatus Vogelbacteria"
"ASV214","Bacteria","Patescibacteria","Microgenomatia","Candidatus Woesebacteria","Candidatus Woesebacteria","Candidatus Woesebacteria"
"ASV215","Bacteria","Patescibacteria","Parcubacteria","Candidatus Wolfebacteria","Candidatus Wolfebacteria","Candidatus Wolfebacteria"
"ASV216","Bacteria","Patescibacteria","Microgenomatia","Candidatus Woykebacteria","Candidatus Woykebacteria","Candidatus Woykebacteria"
"ASV217","Bacteria","Patescibacteria","Parcubacteria","Candidatus Yanofskybacteria","Candidatus Yanofskybacteria","Candidatus Yanofskybacteria"
"ASV218","Bacteria","Pseudomonadota","Alphaproteobacteria","Caulobacterales","Caulobacteraceae","Caulobacter"
"ASV219","Bacteria","Pseudomonadota","Alphaproteobacteria","Caulobacterales","Caulobacteraceae","Caulobacteraceae"
"ASV220","Bacteria","Pseudomonadota","Gammaproteobacteria","Pseudomonadales","Moraxellaceae","Cavicella"
"ASV221","Bacteria","Bacillota","Clostridia","Lachnospirales","Lachnospiraceae","Cellulosilyticum"
"ASV222","Bacteria","Pseudomonadota","Gammaproteobacteria","Pseudomonadales","Cellvibrionaceae","Cellvibrio"
"ASV223","Bacteria","Verrucomicrobiota","Verrucomicrobiia","Opitutales","Opitutaceae","Cephaloticoccus"
"ASV224","Bacteria","Pseudomonadota","Alphaproteobacteria","Hyphomicrobiales","Rhizobiaceae","Chelativorans"
"ASV225","Bacteria","Fibrobacterota","Chitinivibrionia","Chitinivibrionia","Chitinivibrionia","Chitinivibrionia"
"ASV226","Bacteria","Bacteroidota","Bacteroidia","Chitinophagales","Chitinophagaceae","Chitinophagaceae"
"ASV227","Bacteria","Bacteroidota","Bacteroidia","Chitinophagales","Chitinophagales","Chitinophagales"
"ASV228","Bacteria","Chlamydiota","Chlamydiia","Chlamydiales","Chlamydiaceae","Chlamydiaceae"
"ASV229","Bacteria","Chlamydiota","Chlamydiia","Chlamydiales","Chlamydiales","Chlamydiales"
"ASV230","Bacteria","Chlamydiota","Chlamydiia","Chlamydiia","Chlamydiia","Chlamydiia"
"ASV231","Bacteria","Chloroflexota","Chloroflexota","Chloroflexota","Chloroflexota","Chloroflexota"
"ASV232","Bacteria","Cyanobacteriota","Cyanobacteriia","Chloroplast","Chloroplast","Chloroplast"
"ASV233","Bacteria","Bacillota","Clostridia","Christensenellales","Christensenellaceae","Christensenellaceae"
"ASV234","Bacteria","Bacillota","Clostridia","Christensenellales","Christensenellaceae","Christensenellaceae R-7 group"
"ASV235","Bacteria","Actinomycetota","Actinobacteria","Micrococcales","Microbacteriaceae","Chryseoglobus"
"ASV236","Bacteria","Bacillota","Bacilli","Bacillales","Planococcaceae","Chryseomicrobium"
"ASV237","Bacteria","Bacteroidota","Bacteroidia","Cytophagales","Microscillaceae","Chryseotalea"
"ASV238","Bacteria","Armatimonadota","Chthonomonadia","Chthonomonadales","Chthonomonadales","Chthonomonadales"
"ASV239","Bacteria","Bacteroidota","Bacteroidia","Flavobacteriales","Flavobacteriaceae","Citreitalea"
"ASV240","Bacteria","Cloacimonadota","Cloacimonadia","Cloacimonadales","Cloacimonadaceae","Cloacimonadaceae"
"ASV241","Bacteria","Bacillota","Clostridia","Clostridia","Clostridia","Clostridia"
"ASV242","Bacteria","Bacillota","Clostridia","Clostridiales","Clostridiaceae","Clostridiaceae"
"ASV243","Bacteria","Bacillota","Clostridia","Clostridiales","Clostridiaceae","Clostridium"
"ASV244","Bacteria","Pseudomonadota","Gammaproteobacteria","Burkholderiales","Oxalobacteraceae","Collimonas"
"ASV245","Bacteria","Pseudomonadota","Gammaproteobacteria","Enterobacterales","Colwelliaceae","Colwellia"
"ASV246","Bacteria","Pseudomonadota","Gammaproteobacteria","Burkholderiales","Comamonadaceae","Comamonadaceae"
"ASV247","Bacteria","Actinomycetota","Actinobacteria","Micrococcales","Microbacteriaceae","Conyzicola"
"ASV248","Bacteria","Actinomycetota","Coriobacteriia","Coriobacteriia","Coriobacteriia","Coriobacteriia"
"ASV249","Bacteria","Pseudomonadota","Gammaproteobacteria","Coxiellales","Coxiellaceae","Coxiella"
"ASV250","Bacteria","Pseudomonadota","Gammaproteobacteria","Methylococcales","Methylomonadaceae","Crenothrix"
"ASV251","Bacteria","Bacteroidota","Bacteroidia","Flavobacteriales","Crocinitomicaceae","Crocinitomicaceae"
"ASV252","Bacteria","Bacteroidota","Bacteroidia","Flavobacteriales","Cryomorphaceae","Cryomorphaceae"
"ASV253","Bacteria","Pseudomonadota","Gammaproteobacteria","Burkholderiales","Comamonadaceae","Curvibacter"
"ASV254","Bacteria","Cyanobacteriota","Cyanobacteriia","Cyanobacteriia","Cyanobacteriia","Cyanobacteriia"
"ASV255","Bacteria","Pseudomonadota","Alphaproteobacteria","Rhodobacterales","Paracoccaceae","Cypionkella"
"ASV256","Bacteria","Bacillota","D8A-2","D8A-2","D8A-2","D8A-2"
"ASV257","Bacteria","Planctomycetota","Phycisphaerae","DG-20","DG-20","DG-20"
"ASV258","Bacteria","Armatimonadota","DG-56","DG-56","DG-56","DG-56"
"ASV259","Bacteria","DTB120","DTB120","DTB120","DTB120","DTB120"
"ASV260","Bacteria","Pseudomonadota","Alphaproteobacteria","Hyphomicrobiales","Rhizobiaceae","Daeguia"
"ASV261","Bacteria","Bacteroidota","Bacteroidia","Sphingobacteriales","Sphingobacteriaceae","Daejeonella"
"ASV262","Bacteria","Pseudomonadota","Gammaproteobacteria","Burkholderiales","Rhodocyclaceae","Dechloromonas"
"ASV263","Archaea","Aenigmarchaeota","Deep Sea Euryarchaeotic Group(DSEG)","Deep Sea Euryarchaeotic Group(DSEG)","Deep Sea Euryarchaeotic Group(DSEG)","Deep Sea Euryarchaeotic Group(DSEG)"
"ASV264","Bacteria","Deferrisomatota","Deferrisomatia","Deferrisomatales","Deferrisomataceae","Deferrisoma"
"ASV265","Bacteria","Chloroflexota","Dehalococcoidia","Dehalococcoidales","Dehalococcoidales","Dehalococcoidales"
"ASV266","Bacteria","Chloroflexota","Dehalococcoidia","Dehalococcoidia","Dehalococcoidia","Dehalococcoidia"
"ASV267","Bacteria","Actinomycetota","Actinobacteria","Micrococcales","Demequinaceae","Demequina"
"ASV268","Bacteria","Pseudomonadota","Gammaproteobacteria","Burkholderiales","Rhodocyclaceae","Denitratisoma"
"ASV269","Bacteria","Desantisbacteria","Desantisbacteria","Desantisbacteria","Desantisbacteria","Desantisbacteria"
"ASV270","Bacteria","Thermodesulfobacteriota","Desulfobacteria","Desulfobacterales","Desulfatibacillaceae","Desulfatibacillaceae"
"ASV271","Bacteria","Thermodesulfobacteriota","Desulfobacteria","Desulfobacterales","Desulfobacteraceae","Desulfatiferula"
"ASV272","Bacteria","Thermodesulfobacteriota","Desulfobacteria","Desulfobacterales","Desulfatirhabdiaceae","Desulfatirhabdiaceae"
"ASV273","Bacteria","Thermodesulfobacteriota","Desulfobacteria","Desulfobacterales","Desulfatirhabdiaceae","Desulfatirhabdium"
"ASV274","Bacteria","Thermodesulfobacteriota","Desulfobacteria","Desulfobacterales","Desulfosarcinaceae","Desulfatitalea"
"ASV275","Bacteria","Bacillota","Moorellia","Desulfitibacterales","Desulfitibacteraceae","Desulfitibacter"
"ASV276","Bacteria","Bacillota","Clostridia","Peptococcales","Peptococcaceae","Desulfitispora"
"ASV277","Bacteria","Bacillota","Desulfitobacteriia","Desulfitobacteriales","Desulfitobacteriales","Desulfitobacteriales"
"ASV278","Bacteria","Thermodesulfobacteriota","Desulfobaccia","Desulfobaccales","Desulfobaccaceae","Desulfobacca"
"ASV279","Bacteria","Thermodesulfobacteriota","Desulfobacteria","Desulfobacterales","Desulfobacteraceae","Desulfobacteraceae"
"ASV280","Bacteria","Thermodesulfobacteriota","Desulfobacteria","Desulfobacterales","Desulfobacterales","Desulfobacterales"
"ASV281","Bacteria","Thermodesulfobacteriota","Desulfobacteria","Desulfobacterales","Desulfobacteraceae","Desulfobacula"
"ASV282","Bacteria","Thermodesulfobacteriota","Desulfobulbia","Desulfobulbales","Desulfobulbaceae","Desulfobulbaceae"
"ASV283","Bacteria","Thermodesulfobacteriota","Desulfobulbia","Desulfobulbales","Desulfobulbales","Desulfobulbales"
"ASV284","Bacteria","Thermodesulfobacteriota","Desulfobulbia","Desulfobulbales","Desulfobulbaceae","Desulfobulbus"
"ASV285","Bacteria","Thermodesulfobacteriota","Desulfobulbia","Desulfobulbales","Desulfocapsaceae","Desulfocapsa"
"ASV286","Bacteria","Thermodesulfobacteriota","Desulfobulbia","Desulfobulbales","Desulfocapsaceae","Desulfocapsaceae"
"ASV287","Bacteria","Thermodesulfobacteriota","Desulfobulbia","Desulfobulbales","Desulfocapsaceae","Desulfocastanea"
"ASV288","Bacteria","Thermodesulfobacteriota","Desulfobacteria","Desulfobacterales","Desulfobacteraceae","Desulfoconvexum"
"ASV289","Bacteria","Thermodesulfobacteriota","Desulfobacteria","Desulfobacterales","Desulfolunaceae","Desulfolunaceae"
"ASV290","Bacteria","Thermodesulfobacteriota","Desulfovibrionia","Desulfovibrionales","Desulfomicrobiaceae","Desulfomicrobium"
"ASV291","Bacteria","Thermodesulfobacteriota","Desulfomonilia","Desulfomonilales","Desulfomonilaceae","Desulfomonile"
"ASV292","Bacteria","Thermodesulfobacteriota","Desulfovibrionia","Desulfovibrionales","Desulfonatronaceae","Desulfonatronum"
"ASV293","Bacteria","Thermodesulfobacteriota","Desulfovibrionia","Desulfovibrionales","Desulfonauticaceae","Desulfonauticaceae"
"ASV294","Bacteria","Thermodesulfobacteriota","Desulfobulbia","Desulfobulbales","Desulfocapsaceae","Desulfoprunum"
"ASV295","Bacteria","Thermodesulfobacteriota","Desulfobacteria","Desulfobacterales","Desulforegulaceae","Desulforegula"
"ASV296","Bacteria","Thermodesulfobacteriota","Desulfobulbia","Desulfobulbales","Desulfocapsaceae","Desulforhopalus"
"ASV297","Bacteria","Thermodesulfobacteriota","Desulfobacteria","Desulfobacterales","Desulfosarcinaceae","Desulfosarcinaceae"
"ASV298","Bacteria","Bacillota","Desulfitobacteriia","Desulfitobacteriales","Desulfitobacteriaceae","Desulfosporosinus"
"ASV299","Bacteria","Thermodesulfobacteriota","Desulfobulbia","Desulfobulbales","Desulfurivibrionaceae","Desulfurivibrio"
"ASV300","Bacteria","Thermodesulfobacteriota","Desulfobulbia","Desulfobulbales","Desulfurivibrionaceae","Desulfurivibrionaceae"
"ASV301","Bacteria","Thermodesulfobacteriota","Desulfuromonadia","Desulfuromonadales","Desulfuromonadaceae","Desulfuromonadaceae"
"ASV302","Bacteria","Thermodesulfobacteriota","Desulfuromonadia","Desulfuromonadales","Desulfuromonadaceae","Desulfuromonas"
"ASV303","Bacteria","Bacillota","Dethiobacteria","Dethiobacterales","Dethiobacteraceae","Dethiobacter"
"ASV304","Bacteria","Bacillota","Dethiobacteria","Dethiobacterales","Dethiobacteraceae","Dethiobacteraceae"
"ASV305","Bacteria","Bacillota","Clostridia","Peptostreptococcales-Tissierellales","Dethiosulfatibacteraceae","Dethiosulfatibacter"
"ASV306","Bacteria","Pseudomonadota","Alphaproteobacteria","Hyphomicrobiales","Devosiaceae","Devosia"
"ASV307","Bacteria","Pseudomonadota","Alphaproteobacteria","Hyphomicrobiales","Devosiaceae","Devosiaceae"
"ASV308","Bacteria","Actinomycetota","Actinobacteria","Mycobacteriales","Dietziaceae","Dietzia"
"ASV309","Bacteria","Patescibacteria","Dojkabacteria","Dojkabacteria","Dojkabacteria","Dojkabacteria"
"ASV310","Bacteria","Pseudomonadota","Gammaproteobacteria","Lysobacterales","Rhodanobacteraceae","Dokdonella"
"ASV311","Bacteria","Bacteroidota","Bacteroidia","Bacteroidales","Prolixibacteraceae","Draconibacterium"
"ASV312","Bacteria","Chloroflexota","Dehalococcoidia","DscP2","DscP2","DscP2"
"ASV313","Bacteria","Pseudomonadota","Gammaproteobacteria","Burkholderiales","Oxalobacteraceae","Duganella"
"ASV314","Bacteria","Bacteroidota","Bacteroidia","Cytophagales","Spirosomataceae","Dyadobacter"
"ASV315","Bacteria","Bacteroidota","Bacteroidia","Bacteroidales","Dysgonomonadaceae","Dysgonomonadaceae"
"ASV316","Bacteria","Chloroflexota","Dehalococcoidia","ER-E4-17","ER-E4-17","ER-E4-17"
"ASV317","Bacteria","Bacillota","Bacilli","Acholeplasmatales","Acholeplasmataceae","EUB33-2"
"ASV318","Bacteria","Bacteroidota","Bacteroidia","Chitinophagales","Chitinophagaceae","Edaphobaculum"
"ASV319","Bacteria","Edwardsbacteria","Edwardsbacteria","Edwardsbacteria","Edwardsbacteria","Edwardsbacteria"
"ASV320","Bacteria","Actinomycetota","Actinobacteria","Nitriliruptorales","Nitriliruptoraceae","Egicoccus"
"ASV321","Bacteria","Pseudomonadota","Gammaproteobacteria","Burkholderiales","Nitrosomonadaceae","Ellin6067"
"ASV322","Bacteria","Pseudomonadota","Alphaproteobacteria","Elsterales","Elsterales","Elsterales"
"ASV323","Bacteria","Bacteroidota","Bacteroidia","Cytophagales","Spirosomataceae","Emticicia"
"ASV324","Bacteria","Elusimicrobiota","Endomicrobiia","Endomicrobiales","Endomicrobiaceae","Endomicrobium"
"ASV325","Bacteria","Entotheonellaeota","Entotheonellia","Entotheonellales","Entotheonellaceae","Entotheonellaceae"
"ASV326","Bacteria","Bacillota","Clostridia","Oscillospirales","Oscillospiraceae","Ercella"
"ASV327","Bacteria","Candidatus Eremiobacterota","Eremiobacteria","Eremiobacteria","Eremiobacteria","Eremiobacteria"
"ASV328","Bacteria","Bacillota","Bacilli","Erysipelotrichales","Erysipelotrichaceae","Erysipelothrix"
"ASV329","Bacteria","Pseudomonadota","Alphaproteobacteria","Sphingomonadales","Sphingomonadaceae","Erythrobacter"
"ASV330","Bacteria","Pseudomonadota","Gammaproteobacteria","Enterobacterales","Enterobacteriaceae","Escherichia-Shigella"
"ASV331","Eukaryota","Eukaryota","Eukaryota","Eukaryota","Eukaryota","Eukaryota"
"ASV332","Bacteria","Actinomycetota","Actinobacteria","Euzebyales","Euzebyaceae","Euzebya"
"ASV333","Bacteria","FCPU426","FCPU426","FCPU426","FCPU426","FCPU426"
"ASV334","Bacteria","Bacteroidota","Bacteroidia","Sphingobacteriales","FFCH9454","FFCH9454"
"ASV335","Bacteria","Chloroflexota","Dehalococcoidia","FS117-23B-02","FS117-23B-02","FS117-23B-02"
"ASV336","Bacteria","Actinomycetota","Coriobacteriia","FS118-23B-02","FS118-23B-02","FS118-23B-02"
"ASV337","Bacteria","Chloroflexota","Dehalococcoidia","FW22","FW22","FW22"
"ASV338","Bacteria","Pseudomonadota","Alphaproteobacteria","Rhodobacterales","Paracoccaceae","Falsirhodobacter"
"ASV339","Bacteria","Fermentibacterota","Fermentibacteria","Fermentibacterales","Fermentibacteraceae","Fermentibacteraceae"
"ASV340","Bacteria","Pseudomonadota","Gammaproteobacteria","Burkholderiales","Rhodocyclaceae","Ferribacterium"
"ASV341","Bacteria","Pseudomonadota","Gammaproteobacteria","Burkholderiales","Sulfuricellaceae","Ferritrophicum"
"ASV342","Bacteria","Pseudomonadota","Alphaproteobacteria","Ferrovibrionales","Ferrovibrionaceae","Ferrovibrio"
"ASV343","Bacteria","Bacteroidota","Bacteroidia","Chitinophagales","Chitinophagaceae","Ferruginibacter"
"ASV344","Bacteria","Fibrobacterota","Fibrobacteria","Fibrobacterales","Fibrobacteraceae","Fibrobacteraceae"
"ASV345","Bacteria","Planctomycetota","Planctomycetes","Gemmatales","Gemmataceae","Fimbriiglobus"
"ASV346","Bacteria","Firestonebacteria","Firestonebacteria","Firestonebacteria","Firestonebacteria","Firestonebacteria"
"ASV347","Bacteria","Bacteroidota","Bacteroidia","Chitinophagales","Chitinophagaceae","Flavitalea"
"ASV348","Bacteria","Bacteroidota","Bacteroidia","Flavobacteriales","Flavobacteriaceae","Flavobacteriaceae"
"ASV349","Bacteria","Bacteroidota","Bacteroidia","Flavobacteriales","Flavobacteriaceae","Flavobacterium"
"ASV350","Bacteria","Pseudomonadota","Gammaproteobacteria","Pseudomonadales","Moraxellaceae","Fluviicoccus"
"ASV351","Bacteria","Bacteroidota","Bacteroidia","Flavobacteriales","Crocinitomicaceae","Fluviicola"
"ASV352","Bacteria","Bacillota","Clostridia","Clostridiales","Caloramatoraceae","Fonticella"
"ASV353","Bacteria","Actinomycetota","Actinobacteria","Frankiales","Frankiales","Frankiales"
"ASV354","Bacteria","Pseudomonadota","Alphaproteobacteria","Rhodobacterales","Paracoccaceae","Frigidibacter"
"ASV355","Bacteria","Pseudomonadota","Alphaproteobacteria","Rhodobacterales","Paracoccaceae","Fuscovulum"
"ASV356","Bacteria","Bacillota","Clostridia","Peptostreptococcales-Tissierellales","Fusibacteraceae","Fusibacter"
"ASV357","Bacteria","GAL15","GAL15","GAL15","GAL15","GAL15"
"ASV358","Bacteria","Chloroflexota","Dehalococcoidia","GIF3","GIF3","GIF3"
"ASV359","Bacteria","Chloroflexota","Dehalococcoidia","GIF9","GIF9","GIF9"
"ASV360","Bacteria","Pseudomonadota","Gammaproteobacteria","Burkholderiales","Nitrosomonadaceae","GOUTA6"
"ASV361","Archaea","Nanoarchaeota","Nanoarchaeia","Pacearchaeales","Incertae Sedis","GW2011_GWC1_47_15"
"ASV362","Bacteria","Patescibacteria","Parcubacteria","GWB1-42-6","GWB1-42-6","GWB1-42-6"
"ASV363","Bacteria","Planctomycetota","Phycisphaerae","MSBL9","GWC2-45-44","GWC2-45-44"
"ASV364","Bacteria","Chloroflexota","Anaerolineae","Anaerolineales","Anaerolineaceae","GWD2-49-16"
"ASV365","Bacteria","Spirochaetota","Spirochaetia","Spirochaetales","Spirochaetaceae","GWE2-31-10"
"ASV366","Bacteria","Bacteroidota","Bacteroidia","Bacteroidales","Rs-E47 termite group","GWE2-42-42"
"ASV367","Bacteria","Chlamydiota","Chlamydiia","Chlamydiales","Simkaniaceae","Ga0074140"
"ASV368","Bacteria","Pseudomonadota","Gammaproteobacteria","Ga0077536","Ga0077536","Ga0077536"
"ASV369","Bacteria","Actinomycetota","Thermoleophilia","Gaiellales","Gaiellaceae","Gaiella"
"ASV370","Bacteria","Actinomycetota","Thermoleophilia","Gaiellales","Gaiellales","Gaiellales"
"ASV371","Bacteria","Actinomycetota","Actinobacteria","Micrococcales","Microbacteriaceae","Galbitalea"
"ASV372","Bacteria","Pseudomonadota","Gammaproteobacteria","Burkholderiales","Gallionellaceae","Gallionella"
"ASV373","Bacteria","Pseudomonadota","Gammaproteobacteria","Burkholderiales","Gallionellaceae","Gallionellaceae"
"ASV374","Bacteria","Pseudomonadota","Gammaproteobacteria","Gammaproteobacteria","Gammaproteobacteria","Gammaproteobacteria"
"ASV375","Bacteria","Planctomycetota","Planctomycetes","Gemmatales","Gemmataceae","Gemmataceae"
"ASV376","Bacteria","Gemmatimonadota","Gemmatimonadia","Gemmatimonadales","Gemmatimonadaceae","Gemmatimonadaceae"
"ASV377","Bacteria","Gemmatimonadota","Gemmatimonadia","Gemmatimonadales","Gemmatimonadaceae","Gemmatimonas"
"ASV378","Bacteria","Pseudomonadota","Alphaproteobacteria","Rhodobacterales","Paracoccaceae","Gemmobacter"
"ASV379","Bacteria","Bacillota","Bacilli","Bacillales","Bacillaceae","Geobacillus"
"ASV380","Bacteria","Thermodesulfobacteriota","Desulfuromonadia","Geobacterales","Geobacteraceae","Geobacteraceae"
"ASV381","Bacteria","Thermodesulfobacteriota","Desulfuromonadia","Geobacterales","Geobacteraceae","Geomonas"
"ASV382","Bacteria","Pseudomonadota","Gammaproteobacteria","Burkholderiales","Rhodocyclaceae","Georgfuchsia"
"ASV383","Bacteria","Acidobacteriota","Holophagae","Holophagales","Holophagaceae","Geothrix"
"ASV384","Bacteria","Chloroflexota","Gitt-GS-136","Gitt-GS-136","Gitt-GS-136","Gitt-GS-136"
"ASV385","Bacteria","Pseudomonadota","Gammaproteobacteria","Burkholderiales","Oxalobacteraceae","Glaciimonas"
"ASV386","Bacteria","Patescibacteria","Gracilibacteria","Gracilibacteria","Gracilibacteria","Gracilibacteria"
"ASV387","Bacteria","Spirochaetota","Spirochaetia","Spirochaetales","Spirochaetaceae","Gracilinema"
"ASV388","Archaea","Thermoproteota","Nitrososphaeria","Group 1.1c","Group 1.1c","Group 1.1c"
"ASV389","Bacteria","Chloroflexota","Dehalococcoidia","H3.93","H3.93","H3.93"
"ASV390","Bacteria","Bacillota","Clostridia","Oscillospirales","Oscillospiraceae","HN-HF0106"
"ASV391","Archaea","Hadarchaeota","Hadarchaeia","Hadarchaeales","Hadarchaeaceae","Hadarchaeum"
"ASV392","Bacteria","Myxococcota","Polyangiia","Haliangiales","Haliangiaceae","Haliangiaceae"
"ASV393","Bacteria","Bacteroidota","Bacteroidia","Chitinophagales","Saprospiraceae","Haliscomenobacter"
"ASV394","Archaea","Halobacteriota","Halobacteriota","Halobacteriota","Halobacteriota","Halobacteriota"
"ASV395","Archaea","Halobacteriota","Halobacteria","Halobacterales","Halobacteriaceae","Halocalculus"
"ASV396","Bacteria","Pseudomonadota","Gammaproteobacteria","Pseudomonadales","Halomonadaceae","Halomonas"
"ASV397","Bacteria","Bacteroidota","Bacteroidia","Cytophagales","Microscillaceae","Hassallia"
"ASV398","Bacteria","Actinomycetota","Actinobacteria","Micrococcales","Microbacteriaceae","Herbiconiux"
"ASV399","Bacteria","Pseudomonadota","Gammaproteobacteria","Burkholderiales","Oxalobacteraceae","Herminiimonas"
"ASV400","Bacteria","Pseudomonadota","Alphaproteobacteria","Caulobacterales","Hyphomonadaceae","Hirschia"
"ASV401","Bacteria","Pseudomonadota","Alphaproteobacteria","Hyphomicrobiales","Rhizobiaceae","Hoeflea"
"ASV402","Bacteria","Acidobacteriota","Holophagae","Holophagales","Holophagaceae","Holophagaceae"
"ASV403","Bacteria","Pseudomonadota","Alphaproteobacteria","Holosporales","Holosporaceae","Holosporaceae"
"ASV404","Bacteria","Thermodesulfobacteriota","Desulfovibrionia","Desulfovibrionales","Desulfovibrionaceae","Humidesulfovibrio"
"ASV405","Bacteria","Pseudomonadota","Alphaproteobacteria","Acetobacterales","Acetobacteraceae","Humitalea"
"ASV406","Bacteria","Pseudomonadota","Gammaproteobacteria","Salinisphaerales","Nevskiaceae","Hydrocarboniphaga"
"ASV407","Bacteria","Hydrogenedentes","Hydrogenedentia","Hydrogenedentiales","Hydrogenedensaceae","Hydrogenedensaceae"
"ASV408","Bacteria","Bacillota","Clostridia","Oscillospirales","Ruminococcaceae","Hydrogenoanaerobacterium"
"ASV409","Bacteria","Pseudomonadota","Gammaproteobacteria","Burkholderiales","Comamonadaceae","Hydrogenophaga"
"ASV410","Bacteria","Pseudomonadota","Gammaproteobacteria","Burkholderiales","Hydrogenophilaceae","Hydrogenophilaceae"
"ASV411","Archaea","Hydrothermarchaeota","Hydrothermarchaeia","Hydrothermarchaeales","Hydrothermarchaeales","Hydrothermarchaeales"
"ASV412","Bacteria","Pseudomonadota","Alphaproteobacteria","Hyphomicrobiales","Hyphomicrobiaceae","Hyphomicrobiaceae"
"ASV413","Bacteria","Pseudomonadota","Alphaproteobacteria","Hyphomicrobiales","Hyphomicrobiales","Hyphomicrobiales"
"ASV414","Bacteria","Pseudomonadota","Alphaproteobacteria","Hyphomicrobiales","Hyphomicrobiales Incertae Sedis","Hyphomicrobiales Incertae Sedis"
"ASV415","Bacteria","Pseudomonadota","Alphaproteobacteria","Hyphomicrobiales","Hyphomicrobiaceae","Hyphomicrobium"
"ASV416","Bacteria","Pseudomonadota","Alphaproteobacteria","Caulobacterales","Hyphomonadaceae","Hyphomonas"
"ASV417","Bacteria","Fusobacteriota","Fusobacteriia","Fusobacteriales","Leptotrichiaceae","Hypnocyclicus"
"ASV418","Bacteria","Verrucomicrobiota","Verrucomicrobiia","Opitutales","Opitutaceae","IMCC26134"
"ASV419","Bacteria","Actinomycetota","Acidimicrobiia","Microtrichales","Microtrichaceae","IMCC26207"
"ASV420","Bacteria","Pseudomonadota","Gammaproteobacteria","Burkholderiales","Nitrosomonadaceae","IS-44"
"ASV421","Archaea","Iainarchaeota","Iainarchaeia","Iainarchaeales","Iainarchaeales","Iainarchaeales"
"ASV422","Bacteria","Actinomycetota","Acidimicrobiia","Microtrichales","Iamiaceae","Iamia"
"ASV423","Bacteria","Pseudomonadota","Gammaproteobacteria","Burkholderiales","Comamonadaceae","Ideonella"
"ASV424","Bacteria","Pseudomonadota","Gammaproteobacteria","Enterobacterales","Idiomarinaceae","Idiomarinaceae"
"ASV425","Bacteria","Ignavibacteriota","Ignavibacteria","Ignavibacteriales","Ignavibacteriales","Ignavibacteriales"
"ASV426","Bacteria","Ignavibacteriota","Ignavibacteria","Ignavibacteriales","Ignavibacteriaceae","Ignavibacterium"
"ASV427","Bacteria","Ignavibacteriota","Ignavibacteria","Ignavibacteriales","Melioribacteraceae","IheB3-7"
"ASV428","Bacteria","Actinomycetota","Acidimicrobiia","Microtrichales","Ilumatobacteraceae","Ilumatobacteraceae"
"ASV429","Archaea","Nanoarchaeota","Nanoarchaeia","Pacearchaeales","Incertae Sedis","Incertae Sedis"
"ASV430","Bacteria","Pseudomonadota","Gammaproteobacteria","Burkholderiales","Chitinibacteraceae","Iodobacter"
"ASV431","Bacteria","Bacillota","Bacilli","Izemoplasmatales","Izemoplasmataceae","Izemoplasmataceae"
"ASV432","Bacteria","Chloroflexota","Chloroflexia","Thermomicrobiales","JG30-KF-CM45","JG30-KF-CM45"
"ASV433","Bacteria","Chloroflexota","JG30-KF-CM66","JG30-KF-CM66","JG30-KF-CM66","JG30-KF-CM66"
"ASV434","Bacteria","Patescibacteria","Gracilibacteria","JGI 0000069-P22","JGI 0000069-P22","JGI 0000069-P22"
"ASV435","Bacteria","Acidobacteriota","Blastocatellia","Blastocatellales","Blastocatellaceae","JGI 0001001-H03"
"ASV436","Bacteria","Atribacterota","JS1","JS1","JS1","JS1"
"ASV437","Bacteria","Bacillota","Clostridia","Peptostreptococcales-Tissierellales","Incertae Sedis","JTB215"
"ASV438","Bacteria","Pseudomonadota","Gammaproteobacteria","JTB23","JTB23","JTB23"
"ASV439","Bacteria","Actinomycetota","Actinobacteria","Micrococcales","Intrasporangiaceae","Janibacter"
"ASV440","Bacteria","Pseudomonadota","Gammaproteobacteria","Burkholderiales","Oxalobacteraceae","Janthinobacterium"
"ASV441","Bacteria","Chloroflexota","Dehalococcoidia","JdFR-54","JdFR-54","JdFR-54"
"ASV442","Bacteria","Planctomycetota","Phycisphaerae","MSBL9","KCLunmb-38-53","KCLunmb-38-53"
"ASV443","Bacteria","Pseudomonadota","Gammaproteobacteria","Acidithiobacillales","Acidithiobacillaceae","KCM-B-112"
"ASV444","Bacteria","Myxococcota","Myxococcia","Myxococcales","Myxococcaceae","KD3-10"
"ASV445","Bacteria","Bacteroidota","Bacteroidia","Sphingobacteriales","KD3-93","KD3-93"
"ASV446","Bacteria","Chloroflexota","KD4-96","KD4-96","KD4-96","KD4-96"
"ASV447","Bacteria","Pseudomonadota","Alphaproteobacteria","Hyphomicrobiales","KF-JG30-B3","KF-JG30-B3"
"ASV448","Bacteria","Candidatus Kapabacteria","Kapabacteria","Kapabacteriales","Kapabacteriales","Kapabacteriales"
"ASV449","Bacteria","Patescibacteria","Kazania","Kazania","Kazania","Kazania"
"ASV450","Bacteria","Pseudomonadota","Gammaproteobacteria","Burkholderiales","Alcaligenaceae","Kerstersia"
"ASV451","Bacteria","Actinomycetota","Actinobacteria","Kineosporiales","Kineosporiaceae","Kineosporiaceae"
"ASV452","Bacteria","Planctomycetota","Phycisphaerae","MSBL9","L21-RPul-D3","L21-RPul-D3"
"ASV453","Archaea","Asgardarchaeota","Lokiarchaeia","Odinarchaeales","Incertae Sedis","LCB-4"
"ASV454","Bacteria","LCP-89","LCP-89","LCP-89","LCP-89","LCP-89"
"ASV455","Bacteria","Ignavibacteriota","Ignavibacteria","Ignavibacteriales","LD-RB-34","LD-RB-34"
"ASV456","Bacteria","Chlamydiota","Chlamydiia","LD1-PA32","LD1-PA32","LD1-PA32"
"ASV457","Bacteria","Verrucomicrobiota","Verrucomicrobiia","LD1-PB3","LD1-PB3","LD1-PB3"
"ASV458","Bacteria","Patescibacteria","Saccharimonadia","Saccharimonadales","LWQ8","LWQ8"
"ASV459","Bacteria","Bacillota","Clostridia","Lachnospirales","Lachnospiraceae","Lachnospiraceae"
"ASV460","Bacteria","Bacillota","Clostridia","Lachnospirales","Lachnospirales","Lachnospirales"
"ASV461","Bacteria","Bacteroidota","Bacteroidia","Chitinophagales","Chitinophagaceae","Lacibacter"
"ASV462","Bacteria","Bacteroidota","Bacteroidia","Cytophagales","Spirosomataceae","Lacihabitans"
"ASV463","Bacteria","Pseudomonadota","Gammaproteobacteria","Burkholderiales","Oxalobacteraceae","Lacisediminimonas"
"ASV464","Bacteria","Actinomycetota","Actinobacteria","Micrococcales","Intrasporangiaceae","Lapillicoccus"
"ASV465","Bacteria","Latescibacterota","Latescibacteria","Latescibacterales","Latescibacteraceae","Latescibacteraceae"
"ASV466","Bacteria","Latescibacterota","Latescibacterota","Latescibacterota","Latescibacterota","Latescibacterota"
"ASV467","Bacteria","Pseudomonadota","Gammaproteobacteria","Burkholderiales","Leeiaceae","Leeia"
"ASV468","Bacteria","Pseudomonadota","Gammaproteobacteria","Legionellales","Legionellaceae","Legionella"
"ASV469","Bacteria","Pseudomonadota","Gammaproteobacteria","Legionellales","Legionellaceae","Legionellaceae"
"ASV470","Bacteria","Verrucomicrobiota","Lentisphaeria","Oligosphaerales","Lenti-02","Lenti-02"
"ASV471","Bacteria","Bacteroidota","Bacteroidia","Sphingobacteriales","Lentimicrobiaceae","Lentimicrobiaceae"
"ASV472","Bacteria","Bacteroidota","Bacteroidia","Sphingobacteriales","Lentimicrobiaceae","Lentimicrobium"
"ASV473","Bacteria","Chloroflexota","Anaerolineae","Anaerolineales","Anaerolineaceae","Leptolinea"
"ASV474","Bacteria","Spirochaetota","Leptospirae","Leptospirales","Leptospiraceae","Leptospira"
"ASV475","Bacteria","Nitrospirota","Leptospirillia","Leptospirillales","Leptospirillaceae","Leptospirillum"
"ASV476","Bacteria","Pseudomonadota","Gammaproteobacteria","Burkholderiales","Comamonadaceae","Leptothrix"
"ASV477","Bacteria","Actinomycetota","Actinobacteria","Micrococcales","Microbacteriaceae","Leucobacter"
"ASV478","Bacteria","Pseudomonadota","Gammaproteobacteria","Burkholderiales","Burkholderiaceae","Limnobacter"
"ASV479","Bacteria","Bacillota","Limnochordia","Limnochordia","Limnochordia","Limnochordia"
"ASV480","Bacteria","Elusimicrobiota","Lineage IIa","Lineage IIa","Lineage IIa","Lineage IIa"
"ASV481","Bacteria","Elusimicrobiota","Lineage IIb","Lineage IIb","Lineage IIb","Lineage IIb"
"ASV482","Bacteria","Elusimicrobiota","Lineage IIc","Lineage IIc","Lineage IIc","Lineage IIc"
"ASV483","Bacteria","Elusimicrobiota","Elusimicrobia","Lineage IV","Lineage IV","Lineage IV"
"ASV484","Bacteria","Actinomycetota","Actinobacteria","Frankiales","Sporichthyaceae","Longivirga"
"ASV485","Bacteria","Pseudomonadota","Gammaproteobacteria","Lysobacterales","Lysobacteraceae","Luteimonas"
"ASV486","Bacteria","Verrucomicrobiota","Verrucomicrobiia","Verrucomicrobiales","Rubritaleaceae","Luteolibacter"
"ASV487","Bacteria","Bacteroidota","Bacteroidia","Flavobacteriales","Flavobacteriaceae","Lutibacter"
"ASV488","Bacteria","Bacillota","Clostridia","Incertae Sedis","Incertae Sedis","Lutispora"
"ASV489","Bacteria","Pseudomonadota","Gammaproteobacteria","Lysobacterales","Lysobacteraceae","Lysobacter"
"ASV490","Bacteria","Pseudomonadota","Gammaproteobacteria","Lysobacterales","Lysobacteraceae","Lysobacteraceae"
"ASV491","Bacteria","Pseudomonadota","Gammaproteobacteria","Lysobacterales","Lysobacterales","Lysobacterales"
"ASV492","Bacteria","Thermodesulfobacteriota","Desulfuromonadia","Desulfuromonadales","MA-28-I98C","MA-28-I98C"
"ASV493","Bacteria","Actinomycetota","MB-A2-108","MB-A2-108","MB-A2-108","MB-A2-108"
"ASV494","Bacteria","MBNT15","MBNT15","MBNT15","MBNT15","MBNT15"
"ASV495","Bacteria","Bacteroidota","Bacteroidia","Bacteroidales","ML635J-40 aquatic group","ML635J-40 aquatic group"
"ASV496","Bacteria","Pseudomonadota","Gammaproteobacteria","Burkholderiales","Methylophilaceae","MM2"
"ASV497","Bacteria","Pseudomonadota","Gammaproteobacteria","Burkholderiales","Nitrosomonadaceae","MND1"
"ASV498","Bacteria","Chloroflexota","Anaerolineae","MSB-5B2","MSB-5B2","MSB-5B2"
"ASV499","Bacteria","Chloroflexota","Anaerolineae","MSB-5E12","MSB-5E12","MSB-5E12"
"ASV500","Bacteria","Cloacimonadota","Cloacimonadia","MSBL2","MSBL2","MSBL2"
"ASV501","Bacteria","Chloroflexota","Dehalococcoidia","MSBL5","MSBL5","MSBL5"
"ASV502","Bacteria","Thermodesulfobacteriota","Desulfobulbia","Desulfobulbales","Desulfurivibrionaceae","MSBL7"
"ASV503","Bacteria","Cloacimonadota","Cloacimonadia","Cloacimonadales","MSBL8","MSBL8"
"ASV504","Bacteria","Nitrospinota","MT5B39","MT5B39","MT5B39","MT5B39"
"ASV505","Bacteria","Spirochaetota","MVP-15","MVP-15","MVP-15","MVP-15"
"ASV506","Bacteria","Elusimicrobiota","Elusimicrobia","MVP-88","MVP-88","MVP-88"
"ASV507","Bacteria","Bacteroidota","Bacteroidia","Bacteroidales","Tannerellaceae","Macellibacteroides"
"ASV508","Bacteria","Pseudomonadota","Alphaproteobacteria","Rhodospirillales","Magnetospiraceae","Magnetospiraceae"
"ASV509","Bacteria","Pseudomonadota","Alphaproteobacteria","Rhodospirillales","Magnetospirillaceae","Magnetospirillum"
"ASV510","Bacteria","Pseudomonadota","Alphaproteobacteria","Rhodospirillales","Magnetospiraceae","Magnetovibrio"
"ASV511","Bacteria","Pseudomonadota","Gammaproteobacteria","Burkholderiales","Comamonadaceae","Malikia"
"ASV512","Bacteria","Margulisbacteria","Margulisbacteria","Margulisbacteria","Margulisbacteria","Margulisbacteria"
"ASV513","Bacteria","Pseudomonadota","Alphaproteobacteria","Caulobacterales","Hyphomonadaceae","Maricaulis"
"ASV514","Archaea","Thermoproteota","Nitrososphaeria","Marine Benthic Group A","Marine Benthic Group A","Marine Benthic Group A"
"ASV515","Archaea","Thermoplasmatota","Thermoplasmata","Incertae Sedis","Incertae Sedis","Marine Benthic Group D and DHVEG-1"
"ASV516","Archaea","Thermoplasmatota","Thermoplasmata","Marine Group II","Marine Group II","Marine Group II"
"ASV517","Bacteria","Planctomycetota","Planctomycetes","Pirellulales","Pirellulaceae","Mariniblastus"
"ASV518","Bacteria","Bacteroidota","Bacteroidia","Bacteroidales","Marinifilaceae","Marinifilaceae"
"ASV519","Bacteria","Bacteroidota","Bacteroidia","Bacteroidales","Marinilabiliaceae","Marinilabiliaceae"
"ASV520","Bacteria","Marinimicrobia (SAR406 clade)","Marinimicrobia (SAR406 clade)","Marinimicrobia (SAR406 clade)","Marinimicrobia (SAR406 clade)","Marinimicrobia (SAR406 clade)"
"ASV521","Bacteria","Bacteroidota","Bacteroidia","Flavobacteriales","Flavobacteriaceae","Maritimimonas"
"ASV522","Bacteria","Pseudomonadota","Alphaproteobacteria","Rhodospirillales","Terasakiellaceae","Marivibrio"
"ASV523","Bacteria","Actinomycetota","Actinobacteria","Propionibacteriales","Nocardioidaceae","Marmoricola"
"ASV524","Bacteria","Pseudomonadota","Gammaproteobacteria","Burkholderiales","Oxalobacteraceae","Massilia"
"ASV525","Bacteria","Pseudomonadota","Alphaproteobacteria","Hyphomicrobiales","Rhizobiaceae","Mesorhizobium"
"ASV526","Archaea","Methanobacteriota","Methanobacteria","Methanobacteriales","Methanobacteriaceae","Methanobacteriaceae"
"ASV527","Archaea","Methanobacteriota","Methanobacteria","Methanobacteriales","Methanobacteriaceae","Methanobacterium"
"ASV528","Archaea","Halobacteriota","Methanomicrobia","Methanomicrobiales","Methanocorpusculaceae","Methanocalculus"
"ASV529","Archaea","Halobacteriota","Methanocellia","Methanocellales","Methanocellaceae","Methanocella"
"ASV530","Archaea","Halobacteriota","Methanosarcinia","Methanosarcinales","Methanosarcinaceae","Methanococcoides"
"ASV531","Archaea","Halobacteriota","Methanomicrobia","Methanomicrobiales","Methanocorpusculaceae","Methanocorpusculum"
"ASV532","Archaea","Methanobacteriota","Thermococci","Methanofastidiosales","Methanofastidiosales","Methanofastidiosales"
"ASV533","Archaea","Halobacteriota","Methanosarcinia","Methanosarcinales","Methanosarcinaceae","Methanolobus"
"ASV534","Archaea","Thermoplasmatota","Thermoplasmata","Methanomassiliicoccales","Methanomassiliicoccaceae","Methanomassiliicoccaceae"
"ASV535","Archaea","Thermoplasmatota","Thermoplasmata","Methanomassiliicoccales","Methanomassiliicoccales","Methanomassiliicoccales"
"ASV536","Archaea","Thermoplasmatota","Thermoplasmata","Methanomassiliicoccales","Methanomassiliicoccaceae","Methanomassiliicoccus"
"ASV537","Archaea","Thermoplasmatota","Thermoplasmata","Methanomassiliicoccales","Methanomethylophilaceae","Methanomethylophilaceae"
"ASV538","Archaea","Halobacteriota","Methanomicrobia","Methanomicrobiales","Methanomicrobiales","Methanomicrobiales"
"ASV539","Archaea","Halobacteriota","Methanomicrobia","Methanomicrobiales","Methanoregulaceae","Methanoregula"
"ASV540","Archaea","Halobacteriota","Methanosarcinia","Methanosarcinales","Methanosarcinaceae","Methanosarcina"
"ASV541","Archaea","Halobacteriota","Methanomicrobia","Methanomicrobiales","Methanoregulaceae","Methanosphaerula"
"ASV542","Archaea","Halobacteriota","Methanomicrobia","Methanomicrobiales","Methanospirillaceae","Methanospirillum"
"ASV543","Archaea","Halobacteriota","Methanosarcinia","Methanosarcinales","Methanosaetaceae","Methanothrix"
"ASV544","Bacteria","Pseudomonadota","Gammaproteobacteria","Burkholderiales","Comamonadaceae","Methylibium"
"ASV545","Bacteria","Pseudomonadota","Gammaproteobacteria","Methylococcales","Methylomonadaceae","Methylicorpusculum"
"ASV546","Bacteria","Pseudomonadota","Gammaproteobacteria","Burkholderiales","Methylophilaceae","Methylobacillus"
"ASV547","Bacteria","Pseudomonadota","Gammaproteobacteria","Methylococcales","Methylomonadaceae","Methylobacter"
"ASV548","Bacteria","Pseudomonadota","Alphaproteobacteria","Hyphomicrobiales","Beijerinckiaceae","Methylobacterium"
"ASV549","Bacteria","Pseudomonadota","Alphaproteobacteria","Hyphomicrobiales","Beijerinckiaceae","Methylocella"
"ASV550","Bacteria","Pseudomonadota","Alphaproteobacteria","Hyphomicrobiales","Beijerinckiaceae","Methylocystis"
"ASV551","Bacteria","Pseudomonadota","Alphaproteobacteria","Hyphomicrobiales","Methyloligellaceae","Methyloligellaceae"
"ASV552","Bacteria","Pseudomonadota","Gammaproteobacteria","Methylococcales","Methylomonadaceae","Methylomonadaceae"
"ASV553","Bacteria","Pseudomonadota","Gammaproteobacteria","Methylococcales","Methylomonadaceae","Methylomonas"
"ASV554","Bacteria","Pseudomonadota","Gammaproteobacteria","Nitrosococcales","Methylophagaceae","Methylophaga"
"ASV555","Bacteria","Pseudomonadota","Gammaproteobacteria","Nitrosococcales","Methylophagaceae","Methylophagaceae"
"ASV556","Bacteria","Pseudomonadota","Gammaproteobacteria","Burkholderiales","Methylophilaceae","Methylophilaceae"
"ASV557","Bacteria","Pseudomonadota","Gammaproteobacteria","Burkholderiales","Methylophilaceae","Methylophilus"
"ASV558","Bacteria","Pseudomonadota","Alphaproteobacteria","Hyphomicrobiales","Xanthobacteraceae","Methylorhabdus"
"ASV559","Bacteria","Pseudomonadota","Alphaproteobacteria","Hyphomicrobiales","Beijerinckiaceae","Methylorosula"
"ASV560","Bacteria","Pseudomonadota","Alphaproteobacteria","Hyphomicrobiales","Beijerinckiaceae","Methylorubrum"
"ASV561","Bacteria","Pseudomonadota","Alphaproteobacteria","Hyphomicrobiales","Beijerinckiaceae","Methylosinus"
"ASV562","Bacteria","Pseudomonadota","Gammaproteobacteria","Burkholderiales","Methylophilaceae","Methylotenera"
"ASV563","Bacteria","Pseudomonadota","Gammaproteobacteria","Methylococcales","Methylomonadaceae","Methylotuvimicrobium"
"ASV564","Bacteria","Pseudomonadota","Gammaproteobacteria","Burkholderiales","Rhodocyclaceae","Methyloversatilis"
"ASV565","Bacteria","Pseudomonadota","Gammaproteobacteria","Methylococcales","Methylomonadaceae","Methylovulum"
"ASV566","Bacteria","Bacteroidota","Bacteroidia","Bacteroidales","MgMjR-022","MgMjR-022"
"ASV567","Bacteria","Pseudomonadota","Alphaproteobacteria","Micavibrionales","Micavibrionaceae","Micavibrionaceae"
"ASV568","Bacteria","Pseudomonadota","Alphaproteobacteria","Micavibrionales","Micavibrionales","Micavibrionales"
"ASV569","Archaea","Micrarchaeota","Micrarchaeia","Micrarchaeales","Micrarchaeales","Micrarchaeales"
"ASV570","Bacteria","Actinomycetota","Actinobacteria","Micrococcales","Microbacteriaceae","Microbacteriaceae"
"ASV571","Bacteria","Actinomycetota","Actinobacteria","Micrococcales","Microbacteriaceae","Microbacterium"
"ASV572","Bacteria","Actinomycetota","Actinobacteria","Micrococcales","Microbacteriaceae","Microcella"
"ASV573","Bacteria","Actinomycetota","Actinobacteria","Micrococcales","Micrococcaceae","Micrococcaceae"
"ASV574","Bacteria","Patescibacteria","Microgenomatia","Microgenomatia","Microgenomatia","Microgenomatia"
"ASV575","Bacteria","Pseudomonadota","Alphaproteobacteria","Micropepsales","Micropepsaceae","Micropepsaceae"
"ASV576","Bacteria","Bacteroidota","Bacteroidia","Cytophagales","Microscillaceae","Microscillaceae"
"ASV577","Bacteria","Actinomycetota","Acidimicrobiia","Microtrichales","Microtrichales","Microtrichales"
"ASV578","Bacteria","Pseudomonadota","Alphaproteobacteria","Rickettsiales","Mitochondria","Mitochondria"
"ASV579","Bacteria","Bacillota","Clostridia","Lachnospirales","Lachnospiraceae","Mobilitalea"
"ASV580","Bacteria","Bacillota","Moorellia","Moorellia","Moorellia","Moorellia"
"ASV581","Bacteria","Pseudomonadota","Gammaproteobacteria","Pseudomonadales","Moraxellaceae","Moraxellaceae"
"ASV582","Bacteria","Pseudomonadota","Alphaproteobacteria","Rhodobacterales","Paracoccaceae","Muriiphilus"
"ASV583","Bacteria","Actinomycetota","Actinobacteria","Mycobacteriales","Mycobacteriaceae","Mycobacterium"
"ASV584","Bacteria","Myxococcota","Myxococcia","Myxococcales","Myxococcaceae","Myxococcaceae"
"ASV585","Bacteria","Myxococcota","Myxococcota","Myxococcota","Myxococcota","Myxococcota"
"ASV586","Bacteria","NKB15","NKB15","NKB15","NKB15","NKB15"
"ASV587","Bacteria","Chloroflexota","NLS2-31","NLS2-31","NLS2-31","NLS2-31"
"ASV588","Bacteria","Pseudomonadota","Alphaproteobacteria","NRL2","NRL2","NRL2"
"ASV589","Bacteria","Bacteroidota","Bacteroidia","Sphingobacteriales","NS11-12 marine group","NS11-12 marine group"
"ASV590","Bacteria","Bacteroidota","Bacteroidia","Flavobacteriales","NS7 marine group","NS7 marine group"
"ASV591","Archaea","Nanoarchaeota","Nanoarchaeia","Nanoarchaeia","Nanoarchaeia","Nanoarchaeia"
"ASV592","Bacteria","Chloroflexota","Dehalococcoidia","Napoli-4B-65","Napoli-4B-65","Napoli-4B-65"
"ASV593","Bacteria","Bacteroidota","Bacteroidia","Chitinophagales","Chitinophagaceae","Nemorincola"
"ASV594","Bacteria","Chlamydiota","Chlamydiia","Chlamydiales","Parachlamydiaceae","Neochlamydia"
"ASV595","Bacteria","Pseudomonadota","Gammaproteobacteria","Salinisphaerales","Nevskiaceae","Nevskia"
"ASV596","Bacteria","Pseudomonadota","Gammaproteobacteria","Salinisphaerales","Nevskiaceae","Nevskiaceae"
"ASV597","Bacteria","Pseudomonadota","Alphaproteobacteria","Hyphomicrobiales","Rhizobiaceae","Nitratireductor"
"ASV598","Archaea","Thermoproteota","Nitrososphaeria","Nitrosopumilales","Nitrosopumilaceae","Nitrosarchaeum"
"ASV599","Bacteria","Pseudomonadota","Gammaproteobacteria","Burkholderiales","Nitrosomonadaceae","Nitrosomonas"
"ASV600","Archaea","Thermoproteota","Nitrososphaeria","Nitrosopumilales","Nitrosopumilaceae","Nitrosopumilaceae"
"ASV601","Archaea","Thermoproteota","Nitrososphaeria","Nitrososphaerales","Nitrososphaeraceae","Nitrososphaeraceae"
"ASV602","Archaea","Thermoproteota","Nitrososphaeria","Nitrososphaeria","Nitrososphaeria","Nitrososphaeria"
"ASV603","Bacteria","Pseudomonadota","Gammaproteobacteria","Burkholderiales","Nitrosomonadaceae","Nitrosospira"
"ASV604","Archaea","Thermoproteota","Nitrososphaeria","Nitrosotaleales","Nitrosotaleaceae","Nitrosotaleaceae"
"ASV605","Bacteria","Nitrospinota","Nitrospinia","Nitrospinales","Nitrospinaceae","Nitrospinaceae"
"ASV606","Bacteria","Nitrospirota","Nitrospiria","Nitrospirales","Nitrospiraceae","Nitrospira"
"ASV607","Bacteria","Actinomycetota","Actinobacteria","Mycobacteriales","Nocardiaceae","Nocardia"
"ASV608","Bacteria","Actinomycetota","Actinobacteria","Propionibacteriales","Nocardioidaceae","Nocardioidaceae"
"ASV609","Bacteria","Actinomycetota","Actinobacteria","Propionibacteriales","Nocardioidaceae","Nocardioides"
"ASV610","Bacteria","Actinomycetota","Actinobacteria","Streptosporangiales","Nocardiopsidaceae","Nocardiopsis"
"ASV611","Bacteria","Pseudomonadota","Alphaproteobacteria","Sphingomonadales","Sphingomonadaceae","Novosphingobium"
"ASV612","Bacteria","Bacteroidota","Bacteroidia","Sphingobacteriales","Sphingobacteriaceae","Nubsella"
"ASV613","Bacteria","Bacteroidota","Bacteroidia","Cytophagales","Microscillaceae","OLB12"
"ASV614","Bacteria","Chloroflexota","OLB14","OLB14","OLB14","OLB14"
"ASV615","Bacteria","Planctomycetota","OM190","OM190","OM190","OM190"
"ASV616","Bacteria","Bdellovibrionota","Bdellovibrionia","Bdellovibrionales","Pseudobdellovibrionaceae","OM27 clade"
"ASV617","Bacteria","Actinomycetota","Coriobacteriia","OPB41","OPB41","OPB41"
"ASV618","Bacteria","Cyanobacteriota","Vampirivibrionia","Obscuribacterales","Obscuribacteraceae","Obscuribacteraceae"
"ASV619","Bacteria","Pseudomonadota","Alphaproteobacteria","Thalassobaculales","Oceanibaculaceae","Oceanibaculum"
"ASV620","Bacteria","Bacteroidota","Bacteroidia","Cytophagales","Microscillaceae","Ohtaekwangia"
"ASV621","Bacteria","Verrucomicrobiota","Verrucomicrobiia","Opitutales","Opitutaceae","Oleiharenicola"
"ASV622","Bacteria","Bdellovibrionota","Oligoflexia","Oligoflexales","Oligoflexaceae","Oligoflexaceae"
"ASV623","Bacteria","Bdellovibrionota","Oligoflexia","Oligoflexia","Oligoflexia","Oligoflexia"
"ASV624","Bacteria","Verrucomicrobiota","Omnitrophia","Omnitrophales","Omnitrophales","Omnitrophales"
"ASV625","Bacteria","Verrucomicrobiota","Verrucomicrobiia","Opitutales","Opitutaceae","Opitutaceae"
"ASV626","Bacteria","Verrucomicrobiota","Verrucomicrobiia","Opitutales","Opitutaceae","Opitutus"
"ASV627","Bacteria","Bacillota","Clostridia","Oscillospirales","Oscillospiraceae","Oscillospiraceae"
"ASV628","Bacteria","Pseudomonadota","Gammaproteobacteria","Burkholderiales","Oxalobacteraceae","Oxalicibacterium"
"ASV629","Bacteria","Pseudomonadota","Gammaproteobacteria","Burkholderiales","Oxalobacteraceae","Oxalobacteraceae"
"ASV630","Bacteria","Chloroflexota","P2-11E","P2-11E","P2-11E","P2-11E"
"ASV631","Bacteria","Myxococcota","Myxococcia","Myxococcales","Myxococcaceae","P3OB-42"
"ASV632","Bacteria","Pseudomonadota","Gammaproteobacteria","Burkholderiales","Nitrosomonadaceae","P3OB-51"
"ASV633","Bacteria","Nitrospinota","P9X2b3D02","P9X2b3D02","P9X2b3D02","P9X2b3D02"
"ASV634","Bacteria","Thermodesulfobacteriota","Desulfuromonadia","PB19","PB19","PB19"
"ASV635","Bacteria","Cloacimonadota","Cloacimonadia","Cloacimonadales","PBS-18","PBS-18"
"ASV636","Bacteria","Ignavibacteriota","Ignavibacteria","Ignavibacteriales","PHOS-HE36","PHOS-HE36"
"ASV637","Bacteria","Verrucomicrobiota","Lentisphaeria","Victivallales","PRD18C08","PRD18C08"
"ASV638","Archaea","Nanoarchaeota","Nanoarchaeia","Pacearchaeales","Pacearchaeales","Pacearchaeales"
"ASV639","Bacteria","Bacillota","Bacilli","Paenibacillales","Paenibacillaceae","Paenibacillus"
"ASV640","Bacteria","Myxococcota","Polyangiia","Polyangiales","Polyangiaceae","Pajaroellobacter"
"ASV641","Bacteria","Bacteroidota","Bacteroidia","Bacteroidales","Paludibacteraceae","Paludibacter"
"ASV642","Bacteria","Bacteroidota","Bacteroidia","Bacteroidales","Paludibacteraceae","Paludibacteraceae"
"ASV643","Bacteria","Acidobacteriota","Acidobacteriae","Bryobacterales","Bryobacteraceae","Paludibaculum"
"ASV644","Bacteria","Bacillota","Clostridia","Oscillospirales","Ruminococcaceae","Paludicola"
"ASV645","Bacteria","Pseudomonadota","Gammaproteobacteria","Salinisphaerales","Nevskiaceae","Panacagrimonas"
"ASV646","Bacteria","Pseudomonadota","Alphaproteobacteria","Sphingomonadales","Sphingomonadaceae","Parablastomonas"
"ASV647","Bacteria","Pseudomonadota","Alphaproteobacteria","Paracaedibacterales","Paracaedibacteraceae","Paracaedibacteraceae"
"ASV648","Bacteria","Chlamydiota","Chlamydiia","Chlamydiales","Parachlamydiaceae","Parachlamydiaceae"
"ASV649","Bacteria","Pseudomonadota","Alphaproteobacteria","Rhodobacterales","Paracoccaceae","Paracoccaceae"
"ASV650","Bacteria","Pseudomonadota","Alphaproteobacteria","Rhodobacterales","Paracoccaceae","Paracoccus"
"ASV651","Bacteria","Pseudomonadota","Gammaproteobacteria","Burkholderiales","Oxalobacteraceae","Paraherbaspirillum"
"ASV652","Bacteria","Pseudomonadota","Alphaproteobacteria","Hyphomicrobiales","Rhizobiaceae","Pararhizobium"
"ASV653","Bacteria","Pseudomonadota","Alphaproteobacteria","Rhodobacterales","Paracoccaceae","Pararhodobacter"
"ASV654","Bacteria","Bacteroidota","Bacteroidia","Chitinophagales","Chitinophagaceae","Parasediminibacterium"
"ASV655","Bacteria","Pseudomonadota","Gammaproteobacteria","Burkholderiales","Rhodocyclaceae","Parazoarcus"
"ASV656","Bacteria","Patescibacteria","Parcubacteria","Parcubacteria","Parcubacteria","Parcubacteria"
"ASV657","Bacteria","Pseudomonadota","Alphaproteobacteria","Parvibaculales","Parvibaculaceae","Parvibaculum"
"ASV658","Bacteria","Patescibacteria","Patescibacteria","Patescibacteria","Patescibacteria","Patescibacteria"
"ASV659","Bacteria","Actinomycetota","Thermoleophilia","Solirubrobacterales","Solirubrobacteraceae","Patulibacter"
"ASV660","Bacteria","Pseudomonadota","Gammaproteobacteria","Burkholderiales","Comamonadaceae","Paucibacter"
"ASV661","Bacteria","Actinomycetota","Actinobacteria","PeM15","PeM15","PeM15"
"ASV662","Bacteria","Bacteroidota","Bacteroidia","Sphingobacteriales","Sphingobacteriaceae","Pedobacter"
"ASV663","Bacteria","Actinomycetota","Actinobacteria","Micrococcales","Intrasporangiaceae","Pedococcus-Phycicoccus"
"ASV664","Bacteria","Pseudomonadota","Alphaproteobacteria","Hyphomicrobiales","Hyphomicrobiaceae","Pedomicrobium"
"ASV665","Bacteria","Chloroflexota","Anaerolineae","Anaerolineales","Anaerolineaceae","Pelolinea"
"ASV666","Bacteria","Bacillota","Negativicutes","Veillonellales-Selenomonadales","Sporomusaceae","Pelosinus"
"ASV667","Bacteria","Thermodesulfobacteriota","Desulfuromonadia","Geobacterales","Geobacteraceae","Pelotalea"
"ASV668","Bacteria","Bacillota","Clostridia","Peptostreptococcales-Tissierellales","Peptostreptococcales-Tissierellales","Peptostreptococcales-Tissierellales"
"ASV669","Bacteria","Bdellovibrionota","Bacteriovoracia","Bacteriovoracales","Bacteriovoracaceae","Peredibacter"
"ASV670","Bacteria","Pseudomonadota","Gammaproteobacteria","Pseudomonadales","Moraxellaceae","Perlucidibaca"
"ASV671","Bacteria","Pseudomonadota","Gammaproteobacteria","Pseudomonadales","Moraxellaceae","Permianibacter"
"ASV672","Bacteria","Bacteroidota","Bacteroidia","Chitinophagales","Saprospiraceae","Phaeodactylibacter"
"ASV673","Bacteria","Myxococcota","Polyangiia","Polyangiales","Phaselicystaceae","Phaselicystis"
"ASV674","Bacteria","Pseudomonadota","Alphaproteobacteria","Caulobacterales","Caulobacteraceae","Phenylobacterium"
"ASV675","Bacteria","Pseudomonadota","Alphaproteobacteria","Hyphomicrobiales","Hyphomicrobiales Incertae Sedis","Phreatobacter"
"ASV676","Bacteria","Planctomycetota","Planctomycetes","Pirellulales","Pirellulaceae","Pir1 lineage"
"ASV677","Bacteria","Planctomycetota","Planctomycetes","Pirellulales","Pirellulaceae","Pir4 lineage"
"ASV678","Bacteria","Planctomycetota","Planctomycetes","Pirellulales","Pirellulaceae","Pirellula"
"ASV679","Bacteria","Planctomycetota","Planctomycetes","Pirellulales","Pirellulaceae","Pirellulaceae"
"ASV680","Bacteria","Planctomycetota","Pla4 lineage","Pla4 lineage","Pla4 lineage","Pla4 lineage"
"ASV681","Bacteria","Planctomycetota","Planctomycetes","Planctomycetales","Planctomycetales","Planctomycetales"
"ASV682","Bacteria","Planctomycetota","Planctomycetota","Planctomycetota","Planctomycetota","Planctomycetota"
"ASV683","Bacteria","Planctomycetota","Planctomycetes","Planctomycetales","Schlesneriaceae","Planctopirus"
"ASV684","Bacteria","Bacteroidota","Bacteroidia","Flavobacteriales","Flavobacteriaceae","Planktosalinus"
"ASV685","Bacteria","Bacillota","Bacilli","Bacillales","Planococcaceae","Planococcus"
"ASV686","Bacteria","Pseudomonadota","Gammaproteobacteria","Burkholderiales","Comamonadaceae","Polaromonas"
"ASV687","Bacteria","Myxococcota","Polyangiia","Polyangiia","Polyangiia","Polyangiia"
"ASV688","Bacteria","Pseudomonadota","Gammaproteobacteria","Salinisphaerales","Nevskiaceae","Polycyclovorans"
"ASV689","Bacteria","Pseudomonadota","Gammaproteobacteria","Burkholderiales","Burkholderiaceae","Polynucleobacter"
"ASV690","Bacteria","Bacteroidota","Bacteroidia","Bacteroidales","Prolixibacteraceae","Prolixibacteraceae"
"ASV691","Bacteria","Actinomycetota","Actinobacteria","Propionibacteriales","Propionibacteriales","Propionibacteriales"
"ASV692","Bacteria","Actinomycetota","Actinobacteria","Propionibacteriales","Propionibacteriaceae","Propionicimonas"
"ASV693","Bacteria","Pseudomonadota","Gammaproteobacteria","Burkholderiales","Rhodocyclaceae","Propionivibrio"
"ASV694","Bacteria","Verrucomicrobiota","Verrucomicrobiia","Verrucomicrobiales","Verrucomicrobiaceae","Prosthecobacter"
"ASV695","Bacteria","Bacillota","Clostridia","Clostridiales","Clostridiaceae","Proteiniclasticum"
"ASV696","Bacteria","Bacteroidota","Bacteroidia","Bacteroidales","Dysgonomonadaceae","Proteiniphilum"
"ASV697","Bacteria","Bacillota","Clostridia","Peptostreptococcales-Tissierellales","Peptostreptococcaceae","Proteocatella"
"ASV698","Bacteria","Actinomycetota","Actinobacteria","Micrococcales","Micrococcaceae","Pseudarthrobacter"
"ASV699","Bacteria","Pseudomonadota","Gammaproteobacteria","Burkholderiales","Rhodocyclaceae","Pseudazoarcus"
"ASV700","Bacteria","Bacillota","Clostridia","Oscillospirales","Oscillospiraceae","Pseudobacteroides"
"ASV701","Bacteria","Bdellovibrionota","Bdellovibrionia","Bdellovibrionales","Pseudobdellovibrionaceae","Pseudobdellovibrio"
"ASV702","Bacteria","Bdellovibrionota","Bdellovibrionia","Bdellovibrionales","Pseudobdellovibrionaceae","Pseudobdellovibrionaceae"
"ASV703","Bacteria","Pseudomonadota","Gammaproteobacteria","Lysobacterales","Rhodanobacteraceae","Pseudofulvimonas"
"ASV704","Bacteria","Pseudomonadota","Gammaproteobacteria","Pseudomonadales","Pseudohongiellaceae","Pseudohongiella"
"ASV705","Bacteria","Pseudomonadota","Alphaproteobacteria","Hyphomicrobiales","Xanthobacteraceae","Pseudolabrys"
"ASV706","Bacteria","Actinomycetota","Actinobacteria","Micrococcales","Microbacteriaceae","Pseudolysinimonas"
"ASV707","Bacteria","Pseudomonadota","Gammaproteobacteria","Lysobacterales","Rhodanobacteraceae","Pseudolysobacter"
"ASV708","Bacteria","Pseudomonadota","Gammaproteobacteria","Burkholderiales","Methylophilaceae","Pseudomethylobacillus"
"ASV709","Bacteria","Pseudomonadota","Gammaproteobacteria","Pseudomonadales","Pseudomonadaceae","Pseudomonadaceae"
"ASV710","Bacteria","Pseudomonadota","Pseudomonadota","Pseudomonadota","Pseudomonadota","Pseudomonadota"
"ASV711","Bacteria","Pseudomonadota","Gammaproteobacteria","Pseudomonadales","Pseudomonadaceae","Pseudomonas"
"ASV712","Bacteria","Actinomycetota","Actinobacteria","Pseudonocardiales","Pseudonocardiaceae","Pseudonocardia"
"ASV713","Bacteria","Pseudomonadota","Alphaproteobacteria","Hyphomicrobiales","Xanthobacteraceae","Pseudorhodoplanes"
"ASV714","Bacteria","Pseudomonadota","Alphaproteobacteria","Hyphomicrobiales","Xanthobacteraceae","Pseudoxanthobacter"
"ASV715","Bacteria","Verrucomicrobiota","Verrucomicrobiia","Opitutales","Puniceicoccaceae","Puniceicoccaceae"
"ASV716","Bacteria","Acidobacteriota","Blastocatellia","Pyrinomonadales","Pyrinomonadaceae","Pyrinomonadaceae"
"ASV717","Bacteria","Chloroflexota","Dehalococcoidia","RBG-13-46-9","RBG-13-46-9","RBG-13-46-9"
"ASV718","Bacteria","Chloroflexota","Anaerolineae","RBG-13-54-9","RBG-13-54-9","RBG-13-54-9"
"ASV719","Bacteria","Spirochaetota","Leptospirae","Leptospirales","Leptospiraceae","RBG-16-49-21"
"ASV720","Bacteria","Actinomycetota","RBG-16-55-12","RBG-16-55-12","RBG-16-55-12","RBG-16-55-12"
"ASV721","Bacteria","RCP2-54","RCP2-54","RCP2-54","RCP2-54","RCP2-54"
"ASV722","Bacteria","Pseudomonadota","Gammaproteobacteria","Burkholderiales","Burkholderiaceae","Ralstonia"
"ASV723","Bacteria","Pseudomonadota","Gammaproteobacteria","Burkholderiales","Comamonadaceae","Ramlibacter"
"ASV724","Bacteria","Spirochaetota","Spirochaetia","Spirochaetales","Spirochaetaceae","Rectinema"
"ASV725","Bacteria","Pseudomonadota","Gammaproteobacteria","Lysobacterales","Lysobacteraceae","Rehaibacterium"
"ASV726","Bacteria","Pseudomonadota","Alphaproteobacteria","Reyranellales","Reyranellaceae","Reyranella"
"ASV727","Bacteria","Pseudomonadota","Alphaproteobacteria","Reyranellales","Reyranellaceae","Reyranellaceae"
"ASV728","Bacteria","Bacteroidota","Bacteroidia","Cytophagales","Spirosomataceae","Rhabdobacter"
"ASV729","Bacteria","Pseudomonadota","Gammaproteobacteria","Enterobacterales","Alteromonadaceae","Rheinheimera"
"ASV730","Bacteria","Pseudomonadota","Gammaproteobacteria","Burkholderiales","Comamonadaceae","Rhizobacter"
"ASV731","Bacteria","Pseudomonadota","Alphaproteobacteria","Hyphomicrobiales","Rhizobiaceae","Rhizobiaceae"
"ASV732","Bacteria","Pseudomonadota","Alphaproteobacteria","Hyphomicrobiales","Rhizobiaceae","Rhizobium"
"ASV733","Bacteria","Pseudomonadota","Alphaproteobacteria","Sphingomonadales","Sphingomonadaceae","Rhizorhabdus"
"ASV734","Bacteria","Pseudomonadota","Alphaproteobacteria","Sphingomonadales","Sphingomonadaceae","Rhizorhapis"
"ASV735","Bacteria","Pseudomonadota","Gammaproteobacteria","Lysobacterales","Rhodanobacteraceae","Rhodanobacteraceae"
"ASV736","Bacteria","Pseudomonadota","Alphaproteobacteria","Hyphomicrobiales","Rhodobiaceae","Rhodobiaceae"
"ASV737","Bacteria","Actinomycetota","Actinobacteria","Mycobacteriales","Nocardiaceae","Rhodococcus"
"ASV738","Bacteria","Pseudomonadota","Gammaproteobacteria","Burkholderiales","Rhodocyclaceae","Rhodocyclaceae"
"ASV739","Bacteria","Pseudomonadota","Gammaproteobacteria","Burkholderiales","Comamonadaceae","Rhodoferax"
"ASV740","Bacteria","Actinomycetota","Actinobacteria","Micrococcales","Microbacteriaceae","Rhodoglobus"
"ASV741","Bacteria","Bacteroidota","Bacteroidia","Cytophagales","Cyclobacteriaceae","Rhodonellum"
"ASV742","Bacteria","Pseudomonadota","Alphaproteobacteria","Hyphomicrobiales","Xanthobacteraceae","Rhodopseudomonas"
"ASV743","Bacteria","Pseudomonadota","Alphaproteobacteria","Rhodospirillales","Rhodospirillaceae","Rhodospirillaceae"
"ASV744","Bacteria","Pseudomonadota","Alphaproteobacteria","Rhodospirillales","Rhodospirillales","Rhodospirillales"
"ASV745","Bacteria","Pseudomonadota","Alphaproteobacteria","Acetobacterales","Acetobacteraceae","Rhodovastum"
"ASV746","Bacteria","Pseudomonadota","Alphaproteobacteria","Rickettsiales","Rickettsiaceae","Rickettsiaceae"
"ASV747","Bacteria","Pseudomonadota","Alphaproteobacteria","Rickettsiales","Rickettsiales","Rickettsiales"
"ASV748","Bacteria","Pseudomonadota","Gammaproteobacteria","Rickettsiellales","Rickettsiellaceae","Rickettsiellaceae"
"ASV749","Bacteria","Bacteroidota","Bacteroidia","Bacteroidales","Rikenellaceae","Rikenellaceae"
"ASV750","Bacteria","Methylomirabilota","Methylomirabilia","Rokubacteriales","Rokubacteriales","Rokubacteriales"
"ASV751","Bacteria","Bacteroidota","Bacteroidia","Bacteroidales","Prolixibacteraceae","Roseimarinus"
"ASV752","Bacteria","Pseudomonadota","Alphaproteobacteria","Acetobacterales","Acetobacteraceae","Roseococcus"
"ASV753","Bacteria","Pseudomonadota","Alphaproteobacteria","Acetobacterales","Acetobacteraceae","Roseomonas"
"ASV754","Bacteria","Elusimicrobiota","Rs-M47","Rs-M47","Rs-M47","Rs-M47"
"ASV755","Bacteria","Planctomycetota","Planctomycetes","Planctomycetales","Rubinisphaeraceae","Rubinisphaeraceae"
"ASV756","Bacteria","Pseudomonadota","Gammaproteobacteria","Burkholderiales","Oxalobacteraceae","Rugamonas"
"ASV757","Bacteria","Pseudomonadota","Gammaproteobacteria","Burkholderiales","Rhodocyclaceae","Rugosibacter"
"ASV758","Bacteria","Bacillota","Clostridia","Oscillospirales","Oscillospiraceae","Ruminiclostridium"
"ASV759","Bacteria","Bacillota","Clostridia","Oscillospirales","Ruminococcaceae","Ruminococcaceae"
"ASV760","Bacteria","Chloroflexota","Dehalococcoidia","S085","S085","S085"
"ASV761","Bacteria","Bacteroidota","Bacteroidia","Sphingobacteriales","S15A-MN91","S15A-MN91"
"ASV762","Bacteria","Chloroflexota","Dehalococcoidia","SAR202 clade","SAR202 clade","SAR202 clade"
"ASV763","Bacteria","Bacteroidota","Bacteroidia","Bacteroidales","SB-5","SB-5"
"ASV764","Archaea","Nanoarchaeota","Nanoarchaeia","Pacearchaeales","Incertae Sedis","SCGC AAA011-D5"
"ASV765","Bacteria","Chloroflexota","Dehalococcoidia","GIF9","AB-539-J10","SCGC-AB-539-J10"
"ASV766","Bacteria","Pseudomonadota","Alphaproteobacteria","Sphingomonadales","Sphingomonadaceae","SD04E11"
"ASV767","Archaea","Halobacteriota","Methanomicrobia","Methanomicrobiales","Methanomicrobiaceae","SDB"
"ASV768","Bacteria","Thermodesulfobacteriota","Desulfobacteria","Desulfobacterales","Desulfosarcinaceae","SEEP-SRB1"
"ASV769","Bacteria","Planctomycetota","Phycisphaerae","MSBL9","SG8-4","SG8-4"
"ASV770","Archaea","Thermoplasmatota","Thermoplasmata","SG8-5","SG8-5","SG8-5"
"ASV771","Bacteria","Planctomycetota","Planctomycetes","Planctomycetales","Rubinisphaeraceae","SH-PL14"
"ASV772","Bacteria","Verrucomicrobiota","Verrucomicrobiia","Pedosphaerales","Pedosphaeraceae","SH3-11"
"ASV773","Bacteria","Chloroflexota","SHA-26","SHA-26","SHA-26","SHA-26"
"ASV774","Bacteria","Cloacimonadota","Cloacimonadia","Cloacimonadales","SHA-4","SHA-4"
"ASV775","Bacteria","Cloacimonadota","Cloacimonadia","Cloacimonadales","SHA-41","SHA-41"
"ASV776","Bacteria","Chloroflexota","Anaerolineae","SJA-15","SJA-15","SJA-15"
"ASV777","Bacteria","Incertae Sedis","Incertae Sedis","SJA-28","SJA-28","SJA-28"
"ASV778","Bacteria","Thermodesulfobacteriota","Desulfuromonadia","Bradymonadales","Incertae Sedis","SKP-2"
"ASV779","Bacteria","Planctomycetota","Phycisphaerae","Phycisphaerales","Phycisphaeraceae","SM1A02"
"ASV780","Bacteria","Ignavibacteriota","Ignavibacteria","Ignavibacteriales","SM1H02","SM1H02"
"ASV781","Bacteria","Pseudomonadota","Alphaproteobacteria","Rickettsiales","SM2D12","SM2D12"
"ASV782","Bacteria","Chloroflexota","Dehalococcoidia","SPG12-343-353-B75","SPG12-343-353-B75","SPG12-343-353-B75"
"ASV783","Bacteria","Ignavibacteriota","Ignavibacteria","Ignavibacteriales","SR-FBR-L83","SR-FBR-L83"
"ASV784","Bacteria","Bacillota","Thermoanaerobacteria","Thermoanaerobacterales","SRB2","SRB2"
"ASV785","Bacteria","Pseudomonadota","Alphaproteobacteria","Caulobacterales","Hyphomonadaceae","SWB02"
"ASV786","Bacteria","Pseudomonadota","Gammaproteobacteria","Burkholderiales","Alcaligenaceae","Saccharedens"
"ASV787","Bacteria","Patescibacteria","Saccharimonadia","Saccharimonadales","Saccharimonadales","Saccharimonadales"
"ASV788","Bacteria","Bacillota","Clostridia","Oscillospirales","Oscillospiraceae","Saccharofermentans"
"ASV789","Bacteria","Pseudomonadota","Alphaproteobacteria","Hyphomicrobiales","Beijerinckiaceae","Salinarimonas"
"ASV790","Bacteria","Myxococcota","Polyangiia","Polyangiales","Sandaracinaceae","Sandaracinus"
"ASV791","Bacteria","Bacteroidota","Bacteroidia","Chitinophagales","Saprospiraceae","Saprospiraceae"
"ASV792","Bacteria","Schekmanbacteria","Schekmanbacteria","Schekmanbacteria","Schekmanbacteria","Schekmanbacteria"
"ASV793","Bacteria","Planctomycetota","Planctomycetes","Planctomycetales","Schlesneriaceae","Schlesneria"
"ASV794","Bacteria","Bacillota","Clostridia","Peptostreptococcales-Tissierellales","Sedimentibacteraceae","Sedimentibacter"
"ASV795","Bacteria","Bacteroidota","Bacteroidia","Chitinophagales","Chitinophagaceae","Sediminibacterium"
"ASV796","Bacteria","Cyanobacteriota","Sericytochromatia","Sericytochromatia","Sericytochromatia","Sericytochromatia"
"ASV797","Bacteria","Chloroflexota","Dehalococcoidia","Sh765B-AG-111","Sh765B-AG-111","Sh765B-AG-111"
"ASV798","Bacteria","Chloroflexota","Dehalococcoidia","Sh765B-TzT-20","Sh765B-TzT-20","Sh765B-TzT-20"
"ASV799","Bacteria","Methylomirabilota","Methylomirabilia","Methylomirabilales","Methylomirabilaceae","Sh765B-TzT-35"
"ASV800","Bacteria","Pseudomonadota","Gammaproteobacteria","Enterobacterales","Shewanellaceae","Shewanella"
"ASV801","Bacteria","Pseudomonadota","Alphaproteobacteria","Hyphomicrobiales","Rhizobiaceae","Shinella"
"ASV802","Bacteria","Pseudomonadota","Gammaproteobacteria","Burkholderiales","Gallionellaceae","Sideroxydans"
"ASV803","Bacteria","Pseudomonadota","Gammaproteobacteria","Lysobacterales","Lysobacteraceae","Silanimonas"
"ASV804","Bacteria","Chlamydiota","Chlamydiia","Chlamydiales","Simkaniaceae","Simkaniaceae"
"ASV805","Bacteria","Pseudomonadota","Gammaproteobacteria","Burkholderiales","Comamonadaceae","Simplicispira"
"ASV806","Bacteria","Actinomycetota","Actinobacteria","Mycobacteriales","Nocardiaceae","Smaragdicoccus"
"ASV807","Bacteria","Thermodesulfobacteriota","Syntrophia","Syntrophales","Smithellaceae","Smithella"
"ASV808","Bacteria","Pseudomonadota","Gammaproteobacteria","Burkholderiales","Oxalobacteraceae","Solimicrobium"
"ASV809","Bacteria","Pseudomonadota","Gammaproteobacteria","Salinisphaerales","Nevskiaceae","Solimonas"
"ASV810","Bacteria","Actinomycetota","Thermoleophilia","Solirubrobacterales","Solirubrobacteraceae","Solirubrobacteraceae"
"ASV811","Bacteria","Spirochaetota","Spirochaetia","Spirochaetales","Spirochaetaceae","Sphaerochaeta"
"ASV812","Bacteria","Pseudomonadota","Alphaproteobacteria","Sphingomonadales","Sphingomonadaceae","Sphingoaurantiacus"
"ASV813","Bacteria","Bacteroidota","Bacteroidia","Sphingobacteriales","Sphingobacteriaceae","Sphingobacteriaceae"
"ASV814","Bacteria","Bacteroidota","Bacteroidia","Sphingobacteriales","Sphingobacteriales","Sphingobacteriales"
"ASV815","Bacteria","Pseudomonadota","Alphaproteobacteria","Sphingomonadales","Sphingomonadaceae","Sphingobium"
"ASV816","Bacteria","Pseudomonadota","Alphaproteobacteria","Sphingomonadales","Sphingomonadaceae","Sphingomonadaceae"
"ASV817","Bacteria","Pseudomonadota","Alphaproteobacteria","Sphingomonadales","Sphingomonadaceae","Sphingomonas"
"ASV818","Bacteria","Pseudomonadota","Alphaproteobacteria","Sphingomonadales","Sphingomonadaceae","Sphingopyxis"
"ASV819","Bacteria","Pseudomonadota","Alphaproteobacteria","Sphingomonadales","Sphingomonadaceae","Sphingorhabdus"
"ASV820","Bacteria","Spirochaetota","Spirochaetia","Spirochaetales","Spirochaetaceae","Spirochaeta 2"
"ASV821","Bacteria","Spirochaetota","Spirochaetia","Spirochaetales","Spirochaetaceae","Spirochaetaceae"
"ASV822","Bacteria","Spirochaetota","Spirochaetota","Spirochaetota","Spirochaetota","Spirochaetota"
"ASV823","Bacteria","Bacillota","Negativicutes","Veillonellales-Selenomonadales","Sporomusaceae","Sporomusaceae"
"ASV824","Bacteria","Pseudomonadota","Gammaproteobacteria","Salinisphaerales","Nevskiaceae","Stagnimonas"
"ASV825","Bacteria","Bacillota","Bacilli","Staphylococcales","Staphylococcaceae","Staphylococcus"
"ASV826","Bacteria","Pseudomonadota","Alphaproteobacteria","Hyphomicrobiales","Stappiaceae","Stappiaceae"
"ASV827","Bacteria","Acidobacteriota","Blastocatellia","Blastocatellales","Blastocatellaceae","Stenotrophobacter"
"ASV828","Bacteria","Pseudomonadota","Gammaproteobacteria","Salinisphaerales","Nevskiaceae","Stenotrophobium"
"ASV829","Bacteria","Pseudomonadota","Gammaproteobacteria","Lysobacterales","Lysobacteraceae","Stenotrophomonas"
"ASV830","Bacteria","Pseudomonadota","Gammaproteobacteria","Burkholderiales","Rhodocyclaceae","Sterolibacterium"
"ASV831","Bacteria","Acidobacteriota","Thermoanaerobaculia","Thermoanaerobaculales","Thermoanaerobaculaceae","Subgroup 10"
"ASV832","Bacteria","Acidobacteriota","Acidobacteriae","Subgroup 13","Subgroup 13","Subgroup 13"
"ASV833","Bacteria","Acidobacteriota","Acidobacteriae","Subgroup 15","Subgroup 15","Subgroup 15"
"ASV834","Bacteria","Acidobacteriota","Vicinamibacteria","Subgroup 17","Subgroup 17","Subgroup 17"
"ASV835","Bacteria","Acidobacteriota","Acidobacteriae","Subgroup 2","Subgroup 2","Subgroup 2"
"ASV836","Bacteria","Acidobacteriota","Subgroup 21","Subgroup 21","Subgroup 21","Subgroup 21"
"ASV837","Bacteria","Acidobacteriota","Subgroup 22","Subgroup 22","Subgroup 22","Subgroup 22"
"ASV838","Bacteria","Acidobacteriota","Subgroup 25","Subgroup 25","Subgroup 25","Subgroup 25"
"ASV839","Bacteria","Acidobacteriota","Subgroup 5","Subgroup 5","Subgroup 5","Subgroup 5"
"ASV840","Bacteria","Acidobacteriota","Holophagae","Subgroup 7","Subgroup 7","Subgroup 7"
"ASV841","Bacteria","Bacteroidota","Bacteroidia","Flavobacteriales","Flavobacteriaceae","Sufflavibacter"
"ASV842","Bacteria","Pseudomonadota","Gammaproteobacteria","Acidiferrobacterales","Acidiferrobacteraceae","Sulfuricaulis"
"ASV843","Bacteria","Pseudomonadota","Gammaproteobacteria","Burkholderiales","Sulfuricellaceae","Sulfuricella"
"ASV844","Bacteria","Pseudomonadota","Gammaproteobacteria","Burkholderiales","Sulfuricellaceae","Sulfuricellaceae"
"ASV845","Bacteria","Campylobacterota","Campylobacteria","Campylobacterales","Sulfurimonadaceae","Sulfuricurvum"
"ASV846","Bacteria","Pseudomonadota","Gammaproteobacteria","Burkholderiales","Sulfuricellaceae","Sulfuriferula"
"ASV847","Bacteria","Pseudomonadota","Gammaproteobacteria","Acidiferrobacterales","Acidiferrobacteraceae","Sulfurifustis"
"ASV848","Bacteria","Campylobacterota","Campylobacteria","Campylobacterales","Sulfurimonadaceae","Sulfurimonas"
"ASV849","Bacteria","Pseudomonadota","Gammaproteobacteria","Burkholderiales","Rhodocyclaceae","Sulfurisoma"
"ASV850","Bacteria","Pseudomonadota","Gammaproteobacteria","Burkholderiales","Rhodocyclaceae","Sulfuritalea"
"ASV851","Bacteria","Sumerlaeota","Sumerlaeia","Sumerlaeales","Sumerlaeaceae","Sumerlaea"
"ASV852","Bacteria","Bacillota","Bacilli","Bacillales","Bacillaceae","Sutcliffiella"
"ASV853","Bacteria","Thermodesulfobacteriota","Desulfobacteria","Desulfobacterales","Desulfosarcinaceae","Sva0081 sediment group"
"ASV854","Bacteria","Sva0485","Sva0485","Sva0485","Sva0485","Sva0485"
"ASV855","Bacteria","Bacillota","Symbiobacteriia","Symbiobacteriales","Symbiobacteraceae","Symbiobacteraceae"
"ASV856","Bacteria","Bacillota","Symbiobacteriia","Symbiobacteriales","Symbiobacteraceae","Symbiobacterium"
"ASV857","Bacteria","Synergistota","Synergistia","Synergistales","Synergistaceae","Synergistaceae"
"ASV858","Bacteria","Thermodesulfobacteriota","Syntrophia","Syntrophales","Syntrophales","Syntrophales"
"ASV859","Bacteria","Bacillota","Desulfitobacteriia","Desulfitobacteriales","Syntrophobotulaceae","Syntrophobotulaceae"
"ASV860","Bacteria","Bacillota","Syntrophomonadia","Syntrophomonadales","Syntrophomonadaceae","Syntrophomonadaceae"
"ASV861","Bacteria","Bacillota","Syntrophomonadia","Syntrophomonadales","Syntrophomonadaceae","Syntrophomonas"
"ASV862","Bacteria","Thermodesulfobacteriota","Syntrophorhabdia","Syntrophorhabdales","Syntrophorhabdaceae","Syntrophorhabdus"
"ASV863","Bacteria","Thermodesulfobacteriota","Syntrophia","Syntrophales","Syntrophaceae","Syntrophus"
"ASV864","Bacteria","TA06","TA06","TA06","TA06","TA06"
"ASV865","Bacteria","Bacillota","Desulfitobacteriia","Desulfitobacteriales","Incertae Sedis","TC1"
"ASV866","Bacteria","Chloroflexota","TK10","TK10","TK10","TK10"
"ASV867","Bacteria","Patescibacteria","Saccharimonadia","Saccharimonadales","Saccharimonadaceae","TM7a"
"ASV868","Bacteria","Pseudomonadota","Gammaproteobacteria","Burkholderiales","TRA3-20","TRA3-20"
"ASV869","Bacteria","Bacillota","TSAC18","TSAC18","TSAC18","TSAC18"
"ASV870","Bacteria","Acidobacteriota","Acidobacteriae","TSBb06","TSBb06","TSBb06"
"ASV871","Bacteria","TX1A-33","TX1A-33","TX1A-33","TX1A-33","TX1A-33"
"ASV872","Bacteria","Pseudomonadota","Alphaproteobacteria","Rhodobacterales","Paracoccaceae","Tabrizicola"
"ASV873","Bacteria","Pseudomonadota","Gammaproteobacteria","Lysobacterales","Rhodanobacteraceae","Tahibacter"
"ASV874","Bacteria","Pseudomonadota","Alphaproteobacteria","Hyphomicrobiales","Xanthobacteraceae","Tardiphaga"
"ASV875","Bacteria","Spirochaetota","Spirochaetia","Spirochaetales","Spirochaetaceae","Teretinema"
"ASV876","Bacteria","Acidobacteriota","Acidobacteriae","Terriglobales","Terriglobales","Terriglobales"
"ASV877","Bacteria","Bacteroidota","Bacteroidia","Chitinophagales","Chitinophagaceae","Terrimonas"
"ASV878","Bacteria","Pseudomonadota","Alphaproteobacteria","Thalassobaculales","Thalassobaculales","Thalassobaculales"
"ASV879","Bacteria","Pseudomonadota","Alphaproteobacteria","Thalassobaculales","Thalassobaculaceae","Thalassobaculum"
"ASV880","Bacteria","Pseudomonadota","Alphaproteobacteria","Rhodospirillales","Thalassospiraceae","Thalassospira"
"ASV881","Bacteria","Bacillota","Clostridia","Thermincolales","Thermincolaceae","Thermincola"
"ASV882","Bacteria","Acidobacteriota","Thermoanaerobaculia","Thermoanaerobaculales","Thermoanaerobaculaceae","Thermoanaerobaculum"
"ASV883","Bacteria","Thermodesulfobacteriota","Thermodesulfobacteriota","Thermodesulfobacteriota","Thermodesulfobacteriota","Thermodesulfobacteriota"
"ASV884","Bacteria","Nitrospirota","Thermodesulfovibrionia","Thermodesulfovibrionia","Thermodesulfovibrionia","Thermodesulfovibrionia"
"ASV885","Bacteria","Chloroflexota","Anaerolineae","Thermoflexales","Thermoflexaceae","Thermoflexus"
"ASV886","Bacteria","Actinomycetota","Thermoleophilia","Thermoleophilia","Thermoleophilia","Thermoleophilia"
"ASV887","Bacteria","Pseudomonadota","Gammaproteobacteria","Lysobacterales","Lysobacteraceae","Thermomonas"
"ASV888","Archaea","Thermoplasmatota","Thermoplasmata","Thermoplasmata","Thermoplasmata","Thermoplasmata"
"ASV889","Archaea","Thermoplasmatota","Thermoplasmata","Thermoplasmatales","Thermoplasmatales","Thermoplasmatales"
"ASV890","Bacteria","Synergistota","Synergistia","Synergistales","Synergistaceae","Thermovirga"
"ASV891","Bacteria","Pseudomonadota","Gammaproteobacteria","Burkholderiales","Hydrogenophilaceae","Thiobacillus"
"ASV892","Bacteria","Bacillota","Clostridia","Peptostreptococcales-Tissierellales","Family XI","Tissierella"
"ASV893","Bacteria","Spirochaetota","Spirochaetia","Spirochaetales","Spirochaetaceae","Treponema"
"ASV894","Bacteria","Thermodesulfobacteriota","Desulfuromonadia","Geobacterales","Geobacteraceae","Trichlorobacter"
"ASV895","Bacteria","Thermodesulfobacteriota","Desulfuromonadia","Desulfuromonadales","Desulfuromonadaceae","Trichloromonas"
"ASV896","Bacteria","Bacillota","Bacilli","Lactobacillales","Carnobacteriaceae","Trichococcus"
"ASV897","Bacteria","Deinococcota","Deinococci","Deinococcales","Trueperaceae","Truepera"
"ASV898","Bacteria","Planctomycetota","Planctomycetes","Isosphaerales","Isosphaeraceae","Tundrisphaera"
"ASV899","Bacteria","Myxococcota","Polyangiia","UASB-TL25","UASB-TL25","UASB-TL25"
"ASV900","Bacteria","Dependentiae","Babeliae","Babeliales","Incertae Sedis","UBA12409"
"ASV901","Bacteria","Dependentiae","Babeliae","Babeliales","Incertae Sedis","UBA12411"
"ASV902","Bacteria","Pseudomonadota","Gammaproteobacteria","Burkholderiales","Methylophilaceae","UBA6140"
"ASV903","Bacteria","Bacillota","Clostridia","Oscillospirales","Oscillospiraceae","UCG-012"
"ASV904",NA,NA,NA,NA,NA,NA
"ASV905","Bacteria","Pseudomonadota","Gammaproteobacteria","Burkholderiales","Oxalobacteraceae","Undibacterium"
"ASV906","Bacteria","Pseudomonadota","Gammaproteobacteria","Gammaproteobacteria Incertae Sedis","Unknown Family","Unknown Family"
"ASV907","Bacteria","Spirochaetota","V2072-189E03","V2072-189E03","V2072-189E03","V2072-189E03"
"ASV908","Bacteria","Cyanobacteriota","Vampirivibrionia","Vampirovibrionales","Vampirovibrionales","Vampirovibrionales"
"ASV909","Bacteria","Pseudomonadota","Gammaproteobacteria","Burkholderiales","Comamonadaceae","Variovorax"
"ASV910","Bacteria","Dependentiae","Babeliae","Babeliales","Vermiphilaceae","Vermiphilaceae"
"ASV911","Bacteria","Verrucomicrobiota","Verrucomicrobiia","Opitutales","Puniceicoccaceae","Verruc-01"
"ASV912","Bacteria","Verrucomicrobiota","Verrucomicrobiia","Verrucomicrobiales","Verrucomicrobiaceae","Verrucomicrobiaceae"
"ASV913","Bacteria","Acidobacteriota","Vicinamibacteria","Vicinamibacterales","Vicinamibacteraceae","Vicinamibacteraceae"
"ASV914","Bacteria","Acidobacteriota","Vicinamibacteria","Vicinamibacterales","Vicinamibacterales","Vicinamibacterales"
"ASV915","Bacteria","Bacteroidota","Bacteroidia","Flavobacteriales","Cryomorphaceae","Vicingus"
"ASV916","Bacteria","Verrucomicrobiota","Lentisphaeria","Victivallales","Victivallales","Victivallales"
"ASV917","Bacteria","Caldisericota","Caldisericia","Caldisericales","WCHB1-02","WCHB1-02"
"ASV918","Bacteria","Bacteroidota","Bacteroidia","Bacteroidales","Prolixibacteraceae","WCHB1-32"
"ASV919","Bacteria","Verrucomicrobiota","Kiritimatiellia","WCHB1-41","WCHB1-41","WCHB1-41"
"ASV920","Bacteria","Actinomycetota","WCHB1-81","WCHB1-81","WCHB1-81","WCHB1-81"
"ASV921","Bacteria","Planctomycetota","Phycisphaerae","Tepidisphaerales","WD2101 soil group","WD2101 soil group"
"ASV922","Bacteria","WOR-1","WOR-1","WOR-1","WOR-1","WOR-1"
"ASV923","Bacteria","WS1","WS1","WS1","WS1","WS1"
"ASV924","Bacteria","WS2","WS2","WS2","WS2","WS2"
"ASV925","Bacteria","WS4","WS4","WS4","WS4","WS4"
"ASV926","Bacteria","Patescibacteria","WWE3","WWE3","WWE3","WWE3"
"ASV927","Bacteria","Patescibacteria","Saccharimonadia","Saccharimonadales","WWH38","WWH38"
"ASV928","Bacteria","Methylomirabilota","Methylomirabilia","Rokubacteriales","WX65","WX65"
"ASV929","Archaea","Nanoarchaeota","Nanoarchaeia","Woesearchaeales","Woesearchaeales","Woesearchaeales"
"ASV930","Bacteria","Pseudomonadota","Alphaproteobacteria","Hyphomicrobiales","Xanthobacteraceae","Xanthobacter"
"ASV931","Bacteria","Pseudomonadota","Alphaproteobacteria","Hyphomicrobiales","Xanthobacteraceae","Xanthobacteraceae"
"ASV932","Bacteria","Pseudomonadota","Gammaproteobacteria","Lysobacterales","Lysobacteraceae","Xanthomonas"
"ASV933","Bacteria","Pseudomonadota","Gammaproteobacteria","Burkholderiales","Comamonadaceae","Xenophilus"
"ASV934","Bacteria","Pseudomonadota","Gammaproteobacteria","Burkholderiales","Comamonadaceae","Xylophilus"
"ASV935","Bacteria","Bacillota","Clostridia","Clostridiales","Clostridiaceae","Youngiibacter"
"ASV936","Bacteria","Pseudomonadota","Alphaproteobacteria","Zavarziniales","Zavarziniales","Zavarziniales"
"ASV937","Bacteria","Pseudomonadota","Alphaproteobacteria","Hyphomicrobiales","Rhizobiaceae","Zhengella"
"ASV938","Bacteria","Zixibacteria","Zixibacteria","Zixibacteria","Zixibacteria","Zixibacteria"
"ASV939","Bacteria","Bacillota","Clostridia","Peptostreptococcales-Tissierellales","Anaerovoracaceae","[Eubacterium] brachy group"
"ASV940","Bacteria","Pseudomonadota","Alphaproteobacteria","Hyphomicrobiales","Beijerinckiaceae","alphaI cluster"
"ASV941","Bacteria","Myxococcota","bacteriap25","bacteriap25","bacteriap25","bacteriap25"
"ASV942","Bacteria","Chlamydiota","Chlamydiia","Chlamydiales","cvE6","cvE6"
"ASV943","Bacteria","Bacteroidota","Bacteroidia","Sphingobacteriales","env.OPS 17","env.OPS 17"
"ASV944","Bacteria","Pseudomonadota","Gammaproteobacteria","eub62A3","eub62A3","eub62A3"
"ASV945","Bacteria","Actinomycetota","Actinobacteria","Frankiales","Sporichthyaceae","hgcI clade"
"ASV946","Bacteria","Myxococcota","Polyangiia","mle1-27","mle1-27","mle1-27"
"ASV947","Bacteria","Planctomycetota","Phycisphaerae","mle1-8","mle1-8","mle1-8"
"ASV948","Bacteria","Pseudomonadota","Gammaproteobacteria","Burkholderiales","Nitrosomonadaceae","oc32"
"ASV949","Bacteria","Fibrobacterota","Fibrobacteria","Fibrobacterales","Fibrobacteraceae","possible genus 04"
"ASV950","Bacteria","Pseudomonadota","Gammaproteobacteria","Burkholderiales","Oxalobacteraceae","s3t2d-1089"
"ASV951","Bacteria","Bacteroidota","Bacteroidia","Sphingobacteriales","s74e-6049","s74e-6049"
"ASV952","Bacteria","Chloroflexota","Dehalococcoidia","t0.6.f","t0.6.f","t0.6.f"
"ASV953","Bacteria","Chloroflexota","Dehalococcoidia","vadinBA26","vadinBA26","vadinBA26"
"ASV954","Bacteria","Verrucomicrobiota","Lentisphaeria","Victivallales","vadinBE97","vadinBE97"
"ASV955","Bacteria","Planctomycetota","vadinHA49","vadinHA49","vadinHA49","vadinHA49"
